id,model_1,model_2,model_3,final_prediction,uncertainty_std
mp-3216667,1.5011,0.3713,0.7757,0.8826999999999999,0.5724497881910693
mp-2089,0.551,0.5636,1.4532,0.8559333333333333,0.5172864712452215
mp-685041,0.4931,0.7383,0.9598,0.7303999999999999,0.23345027307758714
mp-1592,0.0049,0.7599,-0.0422,0.24086666666666667,0.4501125451854606
mp-1078945,-0.0739,0.4832,0.8112,0.4068333333333333,0.44746441571742146
mp-638048,0.144,0.3157,0.2174,0.2257,0.0861503917576699
mp-1080294,1.925,2.4605,1.7354,2.0403000000000002,0.37604929198178266
mp-608468,1.9624,1.9596,2.0196,1.980533333333333,0.0338616794228127
mp-651772,-1.1614,0.4186,1.1755,0.14423333333333335,1.1923645429705352
mp-1023935,0.1427,-0.2127,0.0483,-0.007233333333333335,0.1840930561790241
mp-505682,1.12,0.7331,0.9079,0.9203333333333333,0.19374943440777667
mp-1361,1.0479,1.8979,-0.1671,0.9262333333333334,1.0378623865105303
mp-556815,1.9832,1.9808,2.091,2.018333333333333,0.06294261937140326
mp-1399418,0.1395,0.7423,-0.0651,0.27223333333333327,0.41974670139660814
mp-849084,0.1324,0.0472,0.1655,0.11503333333333332,0.061032149997631034
mp-573,-2.1054,-0.0671,0.0919,-0.6935333333333333,1.225294194605252
mp-685066,-6.2068,-0.165,0.5684,-1.9344666666666666,3.718076515260725
mp-567,1.2988,1.3954,1.6082,1.4341333333333335,0.15829495675268165
mp-203,0.2755,0.8166,-0.3201,0.25733333333333336,0.5685677121797661
mp-542333,0.366,0.0927,0.3654,0.2747,0.15761690899138964
mp-1341,0.3,-0.4582,-0.3928,-0.18366666666666664,0.42014208707689993
mp-1100973,0.258,-0.009,-0.0512,0.06593333333333333,0.1676675679233564
mp-1006886,-0.6785,0.7647,1.6662,0.5841333333333333,1.1827331750370973
mp-1080266,1.4118,1.7421,1.5008,1.5515666666666668,0.1709019114385013
mp-22297,0.5966,-2.3849,0.0948,-0.5645,1.5963530092056706
mp-556280,1.9798,1.9796,2.0921,2.0171666666666668,0.06489424730539158
mp-27793,0.128,-2.7647,-0.8603,-1.1656666666666666,1.4703281685845964
mp-10761,-6.0756,-0.0216,-0.3455,-2.1475666666666666,3.4056294870894765
mp-673800,-0.4042,0.4668,1.1082,0.3902666666666667,0.7590991063974013
mp-1229100,-0.2124,0.5917,0.376,0.25176666666666664,0.4161966402235046
mp-1018707,-0.1873,0.8809,0.9746,0.5560666666666667,0.6454768960492183
mp-561375,1.3534,1.7084,1.6772,1.5796666666666666,0.19657266680119426
mp-684726,1.1797,0.764,0.9527,0.9654666666666666,0.2081438524994993
mp-666176,0.8501,0.1595,0.746,0.5852,0.3723232063678008
mp-401,0.2075,0.7102,0.6916,0.5364333333333334,0.28501639134150397
mp-1224485,1.1717,0.7172,1.1256,1.0048333333333332,0.2501619542083355
mp-1018722,1.1775,0.4034,0.9985,0.8598,0.4052603730936446
mp-807,-0.0233,0.0604,-0.2718,-0.07823333333333334,0.17277865415997815
mp-555583,1.9834,1.9809,2.0921,2.0188,0.0634919679959598
mp-1188133,0.1292,0.6021,-0.5441,0.062399999999999976,0.5760124043803223
mp-936075,0.6317,0.0461,0.8506,0.5094666666666666,0.41594567353602
mp-7564,0.3697,0.3848,0.7266,0.4937,0.20183857411307685
mp-685031,0.9143,0.859,0.754,0.8424333333333333,0.08142397271893169
mp-1217166,0.3266,-0.2102,-0.1601,-0.014566666666666664,0.29651901007074294
mp-600216,-1.6247,0.6872,0.761,-0.05883333333333333,1.3565822582259186
mp-1217665,0.3947,0.9766,1.4157,0.9289999999999999,0.5121616639304429
mp-2076,0.7985,0.6459,1.6433,1.0292333333333332,0.5372430486598532
mp-1217192,0.21,-0.0973,-0.3107,-0.06599999999999999,0.26175731126369706
mp-669509,1.6063,1.5601,1.2174,1.461266666666667,0.2124542852788179
mp-1245121,2.1349,2.1506,1.7268,2.0040999999999998,0.24027711085328127
mp-16328,2.5636,1.325,1.502,1.7968666666666666,0.669882268263113
mp-568865,0.1452,0.7471,1.8756,0.9226333333333333,0.8784531879009452
mp-571270,-0.0897,0.428,-0.479,-0.0469,0.4550122306048487
mp-16479,-1.9101,1.1647,1.2631,0.17256666666666667,1.8043131583329244
mp-1077033,0.8207,0.5714,0.2142,0.5354333333333333,0.304845474516735
mp-1078508,0.1787,0.993,1.2479,0.8065333333333333,0.5584572708214419
mp-1217443,-2.1485,-0.3322,-1.4855,-1.3220666666666665,0.9191133027724782
mp-561196,1.9809,1.98,2.0916,2.0175,0.06417406018010709
mp-406,0.3566,0.2878,0.1428,0.2624,0.10913972695586147
mp-1018150,0.1876,0.4037,-0.0147,0.19219999999999995,0.20923792677237077
mp-975653,0.0802,0.4858,0.9675,0.5111666666666667,0.44419356516425734
mp-862869,-0.4919,1.5496,1.3418,0.7998333333333334,1.1234885238992578
mp-1779,-0.8238,0.4658,-0.3103,-0.22276666666666667,0.6492407899487935
mp-1186638,-0.0551,0.9407,0.2764,0.3873333333333333,0.5070838819498539
mp-11447,-0.6478,0.971,-1.1802,-0.2856666666666667,1.1203886706555601
mp-1213754,0.6355,0.1519,0.4512,0.41286666666666666,0.24406827596665104
mp-985831,1.3903,0.7655,1.6828,1.2795333333333334,0.4685741812491736
mp-2648,0.9987,0.4912,0.8679,0.7859333333333334,0.26349186578210215
mp-555293,0.9994,0.4912,0.8655,0.7853666666666667,0.2634061945614289
mp-849071,0.2838,0.0593,0.2419,0.19499999999999998,0.11937240049525685
mp-32933,0.7573,0.5384,1.3076,0.8677666666666667,0.3963197236239112
mp-1848,-0.9546,0.6994,1.3025,0.34909999999999997,1.1686135674379277
mp-7834,0.5872,0.6871,-0.066,0.4027666666666667,0.40902523557029263
mp-542495,1.1375,0.4412,0.2589,0.6125333333333334,0.46368181259710123
mp-1183005,0.8693,1.0227,1.4174,1.1031333333333333,0.2827641125272678
mp-1080629,1.1534,1.472,1.5597,1.3950333333333333,0.21380557367228142
mp-740,0.1307,0.415,0.0672,0.2043,0.1852132014733291
mp-849053,0.3596,0.1777,0.4977,0.345,0.16049881619501122
mp-581476,1.9842,1.9732,2.0343,1.9972333333333332,0.03256844075686357
mp-581258,1.9851,1.9738,2.0351,1.998,0.03262253822129718
mp-555381,1.981,1.9801,2.0912,2.0174333333333334,0.06388539217484185
mp-541180,0.2303,0.2699,0.3257,0.2753,0.047928697040499645
mp-1098703,1.0376,2.0221,1.3436,1.4677666666666667,0.5038581976442711
mp-673255,0.9541,0.3598,0.3383,0.5507333333333333,0.3494911491487779
mp-1229041,0.0861,-0.0984,-0.434,-0.14876666666666669,0.26368277026255116
mp-1080265,0.9631,1.8226,1.3589,1.3815333333333333,0.4301967728067394
mp-1008926,-0.3865,0.3425,0.0678,0.007933333333333339,0.3681687973380326
mp-1080292,1.0162,1.791,1.6097,1.4723,0.40526266790811116
mp-978093,1.7473,1.4105,1.6991,1.6189666666666664,0.18213888473726123
mp-850068,0.9099,0.7967,0.6246,0.7770666666666667,0.14365974847998772
mp-1095694,0.8769,0.125,-0.4454,0.1855,0.6632228207774519
mp-567724,0.8108,0.7764,0.2,0.5957333333333333,0.3431464604703556
mp-29957,0.327,0.5715,1.6864,0.8616333333333334,0.724655161668868
mp-1072192,-7.6974,-0.5564,-1.4331,-3.2289666666666665,3.8945247544897352
mp-1080852,1.387,1.6237,1.6007,1.5371333333333332,0.13052686824303006
mp-1907,0.3355,0.4857,-0.1454,0.2252666666666667,0.3296746021963678
mp-976920,0.3886,0.6288,0.1888,0.40206666666666674,0.22030890434418063
mp-556392,1.9836,1.9809,2.0918,2.0187666666666666,0.06326312775490424
mp-1232349,0.8395,0.7039,0.6254,0.7229333333333333,0.10831160294877619
mp-1080272,1.4063,1.7506,1.5194,1.5587666666666669,0.1754933711948497
mp-1183249,-1.8774,0.0015,-0.2998,-0.7252333333333333,1.0091141874601373
mp-1172860,-1.546,-1.1324,-0.5642,-1.0808666666666666,0.4929245107857118
mp-20862,-0.481,0.1437,0.0882,-0.08303333333333333,0.34576460682570354
mp-1206986,1.7063,-1.7407,1.7484,0.5713333333333334,2.0023902475125404
mp-1185988,-1.1415,0.0193,-3.3446,-1.488933333333333,1.7086510010336615
mp-1080793,-0.4267,0.5674,-0.3356,-0.06496666666666667,0.5495366260162587
mp-28223,1.3233,1.5953,1.2493,1.3892999999999998,0.1821976948262518
mp-2495,0.8915,1.5267,1.7415,1.3865666666666667,0.4419875714693043
mp-647075,1.9892,1.9759,2.038,2.0010333333333334,0.0326974514807091
mp-29639,-2.3649,-0.8632,-2.7238,-1.9839666666666667,0.9870616714944074
mp-2469,1.1465,1.0753,0.9535,1.0584333333333333,0.09759924863098761
mp-1245280,2.0364,2.0515,1.6156,1.9011666666666664,0.24742320694173645
mp-1018751,1.2084,1.6126,1.6632,1.4947333333333332,0.24925924924329962
mp-1098705,2.0791,2.2366,1.8521,2.0559333333333334,0.19329403336195697
mp-947,1.7641,1.6191,1.0627,1.4819666666666667,0.37026295160781797
mp-11584,1.1647,0.5562,7.337,3.0193,3.751595397960713
mp-1105049,-1.1291,0.0182,-0.2612,-0.4573666666666667,0.5982769787759958
mp-1066480,0.1391,0.5013,0.3039,0.31476666666666664,0.1813443501555351
mp-1028441,1.478,1.5326,1.5147,1.5084333333333333,0.027834211562990832
mp-582060,-0.1458,0.8564,0.4837,0.39810000000000006,0.5065537779940052
mp-1080373,1.1014,1.6405,1.2681,1.3366666666666667,0.2760131216687594
mp-1627,0.506,0.4695,0.2035,0.393,0.16512343867543458
mp-1080298,1.1236,1.6355,1.3395,1.3662,0.2569923539718643
mp-1217121,0.4563,-0.114,-0.0657,0.0922,0.3162433082295971
mp-1545240,1.27,0.5428,1.5378,1.1168666666666667,0.514872424327943
mp-1023937,1.6707,1.1144,1.5024,1.4291666666666665,0.2852889120406423
mp-1209834,-0.3398,0.3884,1.1189,0.38916666666666666,0.7293503022096676
mp-850086,0.2765,0.1752,0.2223,0.22466666666666665,0.050691452270903964
mp-1213756,0.4457,-0.0612,0.257,0.21383333333333332,0.2561921609521519
mp-7819,-2.8397,-0.9735,-1.3233,-1.7121666666666666,0.9920123856753672
mp-656,0.877,1.1384,1.4884,1.1679333333333333,0.30676807743527246
mp-1184373,2.2006,-1.3399,1.1532,0.6713,1.8187786478843433
mp-16228,1.2429,1.1617,1.5957,1.333433333333333,0.2307297408946955
mp-1104504,0.4376,0.4564,0.1893,0.3611,0.14907981083969754
mp-21688,0.2845,0.1017,0.3656,0.2506,0.1351765882096452
mp-974469,0.6169,-0.5707,-0.6427,-0.19883333333333333,0.7073624624853466
mp-1080348,0.4113,1.3661,0.4262,0.7345333333333334,0.5470035130904859
mp-1018028,1.0696,0.5145,0.8657,0.8166000000000001,0.2807883722663744
mp-1023942,0.2371,0.0439,0.2682,0.18306666666666668,0.12152087612148513
mp-1080305,0.7388,1.1414,0.9118,0.9306666666666666,0.20196200962887384
mp-1189318,0.5586,1.0823,0.6275,0.7561333333333332,0.2845616336285223
mp-684963,-1.3021,0.4118,-0.1804,-0.3569,0.8704754390561517
mp-1220109,0.4209,0.4662,-0.0353,0.2839333333333333,0.27739045285181196
mp-13685,0.2933,0.1758,0.1748,0.21463333333333334,0.06812916653925345
mp-1080641,1.197,1.5634,1.5083,1.4229,0.1975654575071259
mp-12117,0.7237,0.7248,1.7109,1.0531333333333335,0.5696429086132235
mp-10027,-1.9295,0.4189,-0.6684,-0.7263333333333333,1.17527139135322
mp-554055,2.1302,0.802,1.1329,1.3550333333333333,0.6914016367736868
mp-1215543,0.5252,0.5807,2.1699,1.0919333333333334,0.9339588659750137
mp-1978391,0.3723,-0.8343,0.7847,0.10756666666666664,0.8413400343103455
mp-1023926,0.2394,0.0014,0.2597,0.1668333333333333,0.14362856029819882
mp-1080312,0.3617,1.0798,0.6412,0.6942333333333334,0.36197555626496847
mp-1245068,2.0191,2.069,1.4203,1.8361333333333334,0.36098548908970474
mp-1071269,0.47,-0.1623,0.7753,0.361,0.4782093579176384
mp-1080371,1.2663,1.544,1.6031,1.4711333333333332,0.1798352672123389
mp-555628,1.9801,1.9796,2.0927,2.0174666666666665,0.06515445750931641
mp-21410,-0.0658,0.0933,0.547,0.1915,0.317983317172458
mp-984597,-0.6647,0.2827,0.4806,0.03286666666666669,0.6121605535587321
mp-1068,0.0065,0.1949,0.5035,0.23496666666666666,0.2509108473807646
mp-1080635,0.9843,1.7442,1.3529,1.3604666666666667,0.3800065043302987
mp-1065583,0.7171,0.5784,0.699,0.6648333333333333,0.07539856320470124
mp-652044,0.5112,1.4539,1.1127,1.0259333333333334,0.47730196242350953
mp-1217429,-0.6595,0.124,-1.0324,-0.5226333333333333,0.5902241975159382
mp-1095493,0.2712,0.683,1.4472,0.8004666666666668,0.5967351282883666
mp-637631,0.8776,0.9571,1.1612,0.9986333333333333,0.14629081766581706
mp-2849,-4.8495,0.0956,0.8569,-1.299,3.0982950327559187
mp-1080306,0.6069,1.2807,1.0942,0.9939333333333332,0.3479104242952966
mp-1383615,1.209,0.2714,1.7284,1.0696,0.7384351833438058
mp-1216778,0.1822,0.4955,-0.0634,0.20476666666666665,0.28013254600873017
mp-1245034,2.09,2.1278,1.6849,1.9675666666666667,0.245525036062177
mp-491,1.1043,0.645,0.9745,0.9079333333333334,0.23677513242174175
mp-1028586,0.2524,0.0831,0.2587,0.1980666666666667,0.09961387118937469
mp-554829,1.9844,1.9812,2.0909,2.0188333333333333,0.06243206975051629
mp-2282,1.0232,0.2645,1.6356,0.9744333333333334,0.6868496511852745
mp-1244989,2.0038,2.0742,1.5751,1.8843666666666665,0.27013597193512257
mp-1099574,1.3547,1.951,1.6207,1.6421333333333334,0.2987272390213744
mp-1523643,0.1171,-0.2037,-0.2937,-0.12676666666666667,0.21593566943266537
mp-1205321,0.9476,0.2681,0.5155,0.5770666666666666,0.3439082775004599
mp-12779,0.3522,0.2886,0.1306,0.2571333333333334,0.11410194272374742
mp-510285,0.2607,-0.3886,-1.4268,-0.5182333333333333,0.8511860333283984
mp-1173507,0.3789,0.91,-0.2527,0.3454,0.5820734575635621
mp-782,-0.1611,0.167,-0.2328,-0.07563333333333333,0.21316290327665677
mp-10648,1.1676,0.1827,0.7649,0.7050666666666667,0.49516868169678635
mp-1205297,1.2375,1.4101,0.8355,1.1610333333333334,0.2948332636140863
mp-1080355,1.0589,1.55,1.5789,1.3959333333333335,0.2922368959138003
mp-1105026,0.2486,1.0986,1.4044,0.9171999999999999,0.598872173339186
mp-1021511,2.0678,0.659,0.8723,1.1997,0.7593236661661482
mp-2018369,0.973,1.2518,1.0644,1.0964,0.14212797050545684
mp-1223103,1.4249,1.7244,1.9357,1.695,0.256665989176595
mp-556853,-0.0457,0.0801,-2.3301,-0.7652333333333332,1.3566732006394662
mp-982385,0.3207,0.8849,1.0884,0.7646666666666667,0.3977220930918138
mp-976809,-0.3913,-1.5115,-1.3041,-1.0689666666666666,0.5959679297859352
mp-1226456,0.0192,0.2772,0.3306,0.209,0.16652603400069313
mp-820,0.3951,0.2158,0.9431,0.518,0.37890583262863614
mp-568488,0.2893,0.3206,0.3497,0.3198666666666667,0.030206676966083732
mp-20901,0.1026,0.7454,0.8132,0.5537333333333333,0.39216090235174306
mp-567525,0.3225,0.2808,0.8523,0.4852,0.3186008945373506
mp-574283,0.4446,0.5929,-1.4943,-0.15226666666666663,1.1645979234625714
mp-685047,0.3337,0.2565,-0.948,-0.11926666666666663,0.7187413744409968
mp-1184509,0.2794,0.5712,-1.3031,-0.1508333333333333,1.0085016922808474
mp-1184307,-0.499,0.0324,1.192,0.2418,0.8647291599107781
mp-556435,0.254,0.1184,0.3063,0.22623333333333337,0.09697857151625473
mp-32594,0.0535,0.6007,0.7041,0.4527666666666666,0.34961878286690107
mp-615366,0.0418,0.1366,0.4845,0.22096666666666667,0.23309681107499802
mp-1080310,0.4183,0.951,0.698,0.6890999999999999,0.26646149815686315
mp-1217358,0.2106,0.2642,0.3411,0.2719666666666667,0.06559575697660126
mp-9983,1.1299,-0.1888,0.6247,0.5219333333333332,0.6653293645506211
mp-1382,1.1282,1.1495,1.6275,1.3017333333333334,0.28232315408647113
mp-1101145,0.4005,-0.4186,-1.0688,-0.3623,0.7362661814860166
mp-1019253,-0.0148,0.984,1.0542,0.6744666666666667,0.5979535210476926
mp-655446,0.6513,0.0256,0.8885,0.5217999999999999,0.4457878306997623
mp-1546645,0.8104,0.8374,0.7939,0.8139,0.021960191255997744
mp-1320,0.45,1.504,1.1512,1.0350666666666666,0.5365111493094373
mp-1120762,0.283,0.7016,1.6016,0.8620666666666666,0.6737868010975974
mp-562100,0.3707,0.4509,0.3592,0.3936,0.0499552800012171
mp-7131,0.8159,1.5433,0.0798,0.8130000000000001,0.7317543098608985
mp-10656,0.2161,0.8949,-0.7287,0.12743333333333332,0.8154235545612681
mp-556989,1.9876,1.9822,2.0906,2.0201333333333333,0.06108562296754711
mp-1245222,2.051,2.0724,1.588,1.9038000000000002,0.27370005480452503
mp-1018665,0.6811,1.4591,1.1183,1.0861666666666667,0.3899941196137877
mp-1008999,0.44,1.0088,1.3905,0.9464333333333332,0.47830927581778443
mp-2901401,0.9031,0.7951,0.994,0.8973999999999999,0.09957243594489389
mp-29131,0.5316,0.0554,-0.553,0.011333333333333306,0.5436411438930403
mp-1224444,0.2765,0.6929,1.2617,0.7437,0.49456065350975914
mp-7368,1.7869,1.9271,1.2367,1.6502333333333332,0.3649265314187684
mp-554074,0.9368,0.4776,1.041,0.8184666666666667,0.29976152744028595
mp-1376600,0.2697,0.0983,0.2257,0.1979,0.08901752636419415
mp-1207193,0.6589,0.1229,0.4149,0.39890000000000003,0.2683579698835121
mp-1216446,0.786,-0.0004,-1.3509,-0.1884333333333333,1.080788047367907
mp-20826,1.6518,-0.112,0.6485,0.7294333333333333,0.8846808822017878
mp-639,-3.7602,0.1613,0.4855,-1.0378,2.3632335326835565
mp-1189032,1.4119,-0.2865,0.943,0.6894666666666667,0.8771259905699599
mp-1019091,0.9944,1.4162,1.0396,1.1500666666666666,0.23158362060675472
mp-1080369,1.4223,1.7457,1.5088,1.5589333333333333,0.1674273076094021
mp-571547,0.523,0.3165,0.9228,0.5874333333333334,0.3082428642050507
mp-1072086,1.4163,0.3341,1.8014,1.1839333333333333,0.7607483311406823
mp-1206966,2.1904,-0.1236,1.6026,1.2231333333333332,1.2027656518762635
mp-21765,1.0427,0.4168,0.1771,0.5455333333333333,0.44692845437869955
mp-1190042,-5.5385,0.3201,0.6069,-1.5371666666666666,3.468222151669834
mp-1411545,0.7025,0.8072,0.2422,0.5839666666666666,0.3005725591821937
mp-2761342,-1.5279,0.7867,0.5567,-0.061500000000000034,1.2751359613782367
mp-1079443,-3.581,-0.1858,-1.3799,-1.7155666666666667,1.7223094505150152
mp-1444174,0.3966,1.3495,0.4312,0.7257666666666666,0.54044587456408
mp-11800,-0.2752,0.6273,0.2395,0.19719999999999996,0.45273450277176797
mp-1220654,0.7219,0.3965,1.2916,0.8033333333333333,0.453072337859346
mp-21165,1.3844,0.6731,0.466,0.8411666666666667,0.48171510598416295
mp-1018809,1.3798,1.5009,1.2468,1.3758333333333332,0.1270964332046078
mp-1393712,1.0736,1.2407,1.0147,1.1096666666666668,0.11723738027324444
mp-1198139,1.9738,1.9645,2.0278,1.9887,0.034179379748614576
mp-1202023,1.9899,1.9704,2.0414,2.0005666666666664,0.036682193682130444
mp-1560,0.5558,0.3849,-0.9788,-0.012700000000000008,0.8410193874103021
mp-1104212,0.2304,0.3045,-0.4646,0.023433333333333306,0.4242700830053108
mp-237,0.1122,0.587,-0.9239,-0.07490000000000004,0.7726315486698689
mp-554820,1.9826,1.9807,2.0901,2.0178,0.06262084317541573
mp-1186355,0.0747,1.0697,0.4938,0.5460666666666667,0.4995549052239737
mp-849086,-0.0358,0.1559,0.3995,0.17320000000000002,0.2181650521967256
mp-684690,0.5188,0.9359,0.8101,0.7549333333333333,0.2139523856687121
mp-2280,-0.0012,0.8775,-0.3878,0.16283333333333333,0.64840282489617
mp-16366,0.4779,-0.0228,0.0626,0.17256666666666667,0.2678518682655272
mp-684749,0.5086,0.4844,2.0525,1.0151666666666668,0.8984385028110347
mp-1341046,0.2296,0.1378,0.0805,0.14930000000000002,0.07521229952607485
mp-1023938,0.1292,-0.0935,0.0355,0.02373333333333334,0.1118153090293692
mp-1080634,1.3096,1.6397,1.552,1.5004333333333335,0.17098492136247953
mp-555782,1.9798,1.9796,2.092,2.0171333333333332,0.06483651234708217
mp-1013525,-0.5292,1.1487,0.215,0.2781666666666667,0.8407316000563636
mp-1080353,0.953,1.3321,0.9231,1.0694,0.22799554820215243
mp-556000,1.984,1.9811,2.0916,2.0189,0.06297674173851808
mp-32672,0.0098,0.6645,0.8495,0.5079333333333333,0.44120161302213456
mp-1018817,0.8528,1.1968,0.9547,1.0014333333333332,0.17669749102161397
mp-639690,-2.9222,0.2206,1.0858,-0.5386,2.109100395903429
mp-1690,1.0248,0.5412,1.5244,1.0301333333333333,0.49162169737851613
mp-1080300,1.6265,1.6441,1.6307,1.6337666666666666,0.009192025529410355
mp-1189525,-1.2066,0.8242,0.8865,0.16803333333333337,1.1908748562856355
mp-505531,0.1041,0.7907,0.1853,0.36003333333333326,0.3751715518710518
mp-556155,1.9802,1.9798,2.0919,2.0173,0.06460580469276729
mp-1188185,1.5411,0.2159,0.3477,0.7015666666666666,0.7300376519970276
mp-2037445,0.2605,0.3435,0.2982,0.30073333333333335,0.041557951505498125
mp-1077948,0.167,0.2562,0.7828,0.40199999999999997,0.33278467512792714
mp-569322,0.3853,0.5889,1.1193,0.6978333333333332,0.3789311986803585
mp-554681,1.9822,1.9805,2.0914,2.0180333333333333,0.06354308249788759
mp-1202035,0.319,0.4559,-0.0426,0.2441,0.2575520724047858
mp-1202959,1.9737,1.9644,2.0277,1.9886,0.034179379748614444
mp-530036,1.2403,0.7823,0.8316,0.9513999999999999,0.25140610573333333
mp-1187074,2.1552,2.5941,5.2953,3.3482,1.700457911857862
mp-945077,0.2969,0.5481,1.5875,0.8108333333333334,0.6842394999803308
mp-20520,-0.3392,0.4093,-0.6844,-0.20476666666666668,0.5591056817215626
mp-1096431,1.3734,1.9192,1.5833,1.6253,0.27531329426673173
mp-865558,1.0795,0.9903,0.5413,0.8703666666666666,0.2884489787351193
mp-1184315,-1.0411,0.7328,-1.0246,-0.4443,1.019431885905086
mp-1215280,0.392,-0.1477,1.0164,0.4202333333333333,0.5825633384734517
mp-556363,1.9812,1.9802,2.0916,2.017666666666667,0.06403009708983223
mp-32850,1.0543,1.5898,0.6567,1.1002666666666665,0.4682452384523877
mp-966,0.867,0.4368,1.2692,0.8576666666666668,0.41627848050714006
mp-685007,0.4654,0.4266,0.1274,0.33979999999999994,0.18496399649661552
mp-1080853,1.5213,1.3638,1.2954,1.3935000000000002,0.11584157284843816
mp-1018075,-0.3254,0.5489,2.0734,0.7656333333333333,1.2139976784711466
mp-571512,0.2934,-0.304,0.1549,0.048100000000000004,0.31269213293589593
mp-1025537,0.1387,0.6983,-0.5758,0.08706666666666667,0.6386174154635413
mp-1080260,1.196,1.6328,2.167,1.6652666666666667,0.4863134928555173
mp-1173644,0.2972,-0.3849,0.91,0.2741,0.6477589906747725
mp-1245238,2.1489,2.1798,1.813,2.0472333333333332,0.20343953237592086
mp-850411,0.26,0.2006,0.3452,0.2686,0.0726825976420766
mp-684525,0.159,-0.7916,-0.0778,-0.23679999999999998,0.4948442583278096
mp-1102510,1.4428,0.9472,1.0822,1.1574,0.25621498785199903
mp-863259,0.9311,1.8325,0.9672,1.2436,0.5103216730651364
mp-2563,0.8801,0.9188,1.0739,0.9575999999999999,0.10256066497444336
mp-555664,1.9821,1.9805,2.0904,2.0176666666666665,0.06299399442274893
mp-1404610,0.3729,0.5448,0.5348,0.4841666666666667,0.09648939492676556
mp-3217104,-3.7792,0.4827,0.8712,-0.8084333333333333,2.5800821698801246
mp-1080857,1.2752,1.6753,1.4815,1.4773333333333334,0.2000825413006676
mp-642890,0.7234,0.5679,0.6974,0.6629,0.08329315698183139
mp-1077978,0.4291,0.7917,0.3948,0.5385333333333333,0.21991849247694778
mp-2022604,0.0346,0.0472,0.149,0.07693333333333334,0.0627287281341917
mp-1028,0.5091,0.0728,-1.2075,-0.20853333333333335,0.8922108625954592
mp-650328,-0.6698,0.4356,-0.1324,-0.12219999999999998,0.5527705853245087
mp-1232230,0.3473,0.8219,0.0786,0.4159333333333333,0.37637298432981786
mp-540922,-1.1824,0.1714,0.2419,-0.25636666666666663,0.8027427130365826
mp-9323,1.2828,1.4852,0.7856,1.1845333333333332,0.36000318517109453
mp-7581,0.4564,0.5629,0.3462,0.45516666666666666,0.10835526444678785
mp-1197413,-1.0969,-0.3107,0.2397,-0.3893,0.6717576646380747
mp-1245070,2.0481,2.1107,1.7209,1.9599,0.20933332271762173
mp-1103820,0.6211,1.0083,1.4551,1.0281666666666667,0.4173547811315133
mp-1080354,1.1102,1.904,1.3451,1.4530999999999998,0.4077715169062203
mp-558378,-0.7064,-0.7274,-0.2778,-0.5705333333333334,0.2537318532099061
mp-556950,1.9798,1.9796,2.0922,2.0172000000000003,0.0649519822638232
mp-568998,-0.0351,0.8967,0.4129,0.42483333333333334,0.4660146063519183
mp-948,0.1247,0.3176,0.0503,0.1642,0.13795836328399957
mp-542583,-0.6744,0.8503,-0.1027,0.02439999999999998,0.7702553667453411
mp-1925,0.5295,0.5704,1.7418,0.9472333333333333,0.6884187267450917
mp-22309,-0.2112,-0.0084,0.072,-0.0492,0.14594190625039813
mp-32586,1.0969,1.1967,0.8961,1.0632333333333335,0.15310183974509692
mp-1188175,0.7487,0.8725,1.1861,0.9357666666666665,0.22545885064315685
mp-673645,0.1764,0.3063,0.3265,0.2697333333333333,0.0814576167913924
mp-1080637,1.1267,1.588,1.4914,1.4020333333333335,0.24328835429040443
mp-1861,1.622,0.4416,0.5799,0.8811666666666667,0.6452962446298084
mp-1193944,0.9613,1.1934,1.1827,1.1124666666666667,0.1310234457390483
mp-554405,1.9818,1.9802,2.0923,2.0181,0.06426406460845742
mp-19736,-0.5338,0.5087,0.4355,0.1368,0.5819087815113294
mp-2142,0.4904,1.6641,1.2122,1.1222333333333332,0.5919995129502501
mp-1218055,1.3704,0.5425,1.6537,1.1888666666666667,0.5774141696679544
mp-22231,-1.5596,0.3957,-0.1528,-0.43890000000000007,1.008558094509186
mp-1080640,0.6639,1.295,1.0312,0.9967,0.31696133833639706
mp-9252,1.6489,2.0027,1.2173,1.6229666666666667,0.3933417004759771
mp-1061769,0.133,0.3567,-0.031,0.1529,0.19461456780004935
mp-554503,1.9869,1.982,2.0905,2.0198,0.06127699405160145
mp-568593,-1.8511,-0.5936,-1.5401,-1.3282666666666667,0.6549668566678266
mp-558544,1.2514,1.0124,1.0337,1.0991666666666666,0.13226739331117607
mp-919,0.551,0.5544,-0.4612,0.2147333333333333,0.5853779064274064
mp-1084851,1.1091,1.6068,1.5159,1.4105999999999999,0.26503280928971795
mp-2392,0.7435,1.238,0.9861,0.9892,0.24726457489903397
mp-523,0.4078,0.1415,0.3197,0.2896666666666667,0.13566658886156654
mp-571400,1.1845,1.7282,0.9224,1.2783666666666667,0.4110190060487876
mp-2047939,0.4553,0.2975,0.2889,0.3472333333333333,0.0936872100840522
mp-1101086,1.1672,1.9216,1.1115,1.4001000000000001,0.45249012143913153
mp-3216704,-0.4862,1.0578,0.3694,0.3136666666666667,0.773507371221072
mp-1087550,1.3492,1.5491,1.5745,1.4909333333333332,0.12339993246891724
mp-1009222,-1.9287,-0.1346,-1.696,-1.2530999999999999,0.975612120670915
mp-570122,-0.3262,0.1512,0.4275,0.08416666666666667,0.3812951918570877
mp-1215359,0.3106,0.4875,1.4427,0.7469333333333333,0.6090089025074539
mp-2204,0.8271,0.6364,0.381,0.6148333333333332,0.22383061303881852
mp-2156,0.1825,-0.4653,-0.0362,-0.10633333333333334,0.3295454799164044
mp-2026078,0.8077,-0.282,-1.6411,-0.37179999999999996,1.226867307413479
mp-608146,1.6217,1.5399,1.1955,1.4523666666666666,0.22618172634705333
mp-849080,0.5887,-0.0101,0.9351,0.5045666666666667,0.4781836188467076
mp-1748,0.8339,1.371,1.3961,1.2003333333333333,0.31758863854573466
mp-1080250,1.0676,1.7375,1.1951,1.3334000000000001,0.35571993196895785
mp-560908,0.6331,0.5552,-0.6403,0.18266666666666664,0.7137735658689899
mp-684691,0.6139,1.0079,0.5698,0.7305333333333333,0.24121650717422582
mp-680343,0.648,-1.3855,1.0401,0.1008666666666667,1.3020752679216872
mp-1018683,1.4809,2.2201,1.0352,1.5787333333333333,0.5984776715411639
mp-9922,1.0169,0.614,1.0237,0.8848666666666668,0.2346020531311125
mp-1062030,0.1804,-0.4795,-0.0402,-0.11309999999999999,0.335935723018556
mp-957,0.987,0.3081,0.1482,0.4810999999999999,0.4453572835376109
mp-8357,-1.6522,0.3734,0.1672,-0.3705333333333333,1.1147339114485273
mp-572758,0.8523,1.3918,0.7433,0.9958,0.34724955003570557
mp-1189023,0.1765,0.3638,0.2657,0.26866666666666666,0.09368523540736468
mp-1021499,-0.2301,0.5948,0.277,0.2139,0.41605433539382813
mp-1071319,0.954,0.8841,0.8512,0.8964333333333333,0.0524980317091349
mp-684844,0.1774,0.4981,-0.3239,0.11719999999999998,0.4142934105196461
mp-569240,-0.2311,0.7186,-0.3961,0.03046666666666668,0.6016243540061633
mp-1072474,1.1688,2.5746,1.1117,1.6183666666666667,0.8286143513923312
mp-569679,0.9189,0.6147,0.5174,0.6836666666666668,0.20944656438655984
mp-2038,1.1437,1.1161,1.5081,1.2559666666666667,0.2187895183351646
mp-1102515,1.1216,2.1087,1.2446,1.4916333333333334,0.537922581170686
mp-2056,-0.239,0.5583,0.5584,0.2925666666666667,0.460350239853672
mp-564,0.7614,-0.1625,-1.6277,-0.3429333333333333,1.2047268749942177
mp-743270,0.7647,0.456,0.3594,0.5267000000000001,0.21169763815404274
mp-557026,1.9793,1.9794,2.0924,2.0170333333333335,0.06526946708326438
mp-9399,0.2672,0.9278,-0.3099,0.29503333333333326,0.6193192580029571
mp-1104577,0.2727,0.3309,0.3953,0.3329666666666667,0.0613261227645555
mp-1187302,0.1546,0.8949,0.2797,0.4430666666666667,0.39626698491463225
mp-20036,1.2573,1.1678,1.3542,1.2597666666666667,0.09322447818750901
mp-1146,0.3581,0.6105,1.3859,0.7848333333333333,0.5356186080909935
mp-1081,0.2345,0.1538,-0.1258,0.08749999999999998,0.18907879309959646
mp-1217469,0.2869,0.0785,-1.3196,-0.3180666666666667,0.873589951483723
mp-570751,0.1088,-0.071,0.089,0.04226666666666667,0.09859012797097552
mp-638586,-2.9838,-0.995,-3.2694,-2.416066666666667,1.2389369206433931
mp-1508,1.4074,1.6533,1.5804,1.5470333333333333,0.12630005278436482
mp-542794,0.286,0.1334,0.3299,0.2497666666666667,0.10313924245084087
mp-1080337,0.7668,1.5554,1.1007,1.1409666666666667,0.39583903715188734
mp-1080867,1.2779,1.6228,1.4539,1.4515333333333331,0.17246217942880498
mp-1239183,1.3988,0.3791,0.8349,0.8709333333333333,0.510804094867429
mp-1080325,0.745,0.8321,1.1217,0.8996,0.19721285455060983
mp-554004,1.9852,1.9814,2.0918,2.0194666666666667,0.06267131188457233
mp-570181,0.5707,-0.2422,0.9314,0.41996666666666665,0.6011444446498141
mp-1080347,1.2657,1.5447,1.1594,1.3232666666666668,0.19899613899101995
mp-1018675,0.3414,1.0411,0.7172,0.6999,0.3501706583938751
mp-1238797,1.3615,0.9396,0.6608,0.9873,0.3527769692029228
mp-1220037,1.4679,1.6931,1.7102,1.6237333333333333,0.1352261932220727
mp-1319,0.226,0.6325,2.0803,0.9795999999999999,0.9746619567829657
mp-1030319,0.1184,-0.0288,0.0325,0.04070000000000001,0.07394180143869906
mp-1196782,1.9915,1.9709,2.043,2.0018,0.037137178137279125
mp-694,0.2026,0.135,-2.3594,-0.6739333333333333,1.460048236646082
mp-29767,0.5262,0.3666,0.359,0.4172666666666667,0.09441553544482674
mp-362,0.2651,-0.2094,0.2202,0.09196666666666668,0.2619549643227502
mp-680087,1.9927,1.9774,2.0409,2.0036666666666667,0.033140056326647044
mp-1217439,0.9164,1.0545,0.9116,0.9608333333333333,0.0811532090143904
mp-1106367,2.6426,1.263,0.542,1.4825333333333333,1.0673688459634434
mp-1080335,0.7083,1.996,1.4322,1.3788333333333334,0.6455066408127288
mp-2826,1.3029,2.1568,1.7977,1.7524666666666666,0.4287433303660051
mp-1245054,2.0771,2.1535,1.5731,1.934566666666667,0.31536146456619174
mp-754,-0.72,0.9737,1.0573,0.437,1.0028628969106395
mp-1080296,1.0493,1.9542,1.3445,1.4493333333333334,0.4614688758013192
mp-8601,0.2507,0.0997,0.0072,0.11919999999999999,0.1229156214644827
mp-1206743,1.0025,0.3474,1.8455,1.0651333333333333,0.7510113869531762
mp-1245310,2.0039,2.0946,1.5622,1.8868999999999998,0.28483186268393484
mp-541441,0.6416,0.2001,-0.03,0.2705666666666666,0.34130016603179864
mp-1405065,0.5727,0.2794,0.3104,0.3875,0.16113512962727897
mp-788,-0.6793,0.0665,-0.3394,-0.31739999999999996,0.3733864084296588
mp-680260,0.2619,-0.3885,-1.4259,-0.5175,0.8512625681891575
mp-1201781,1.9913,1.9709,2.0428,2.001666666666667,0.037054059606652236
mp-1208306,2.7962,0.9028,1.5855,1.7614999999999998,0.9588914902114836
mp-594,-0.0115,-0.3052,0.0844,-0.07743333333333334,0.20299616580943922
mp-12087,0.1524,-0.0233,0.5884,0.23916666666666667,0.3149453338808711
mp-20163,0.7511,0.8736,1.1363,0.9203333333333333,0.19680641080344247
mp-10695,1.9839,1.9812,2.0895,2.0182,0.06176236718261378
mp-1080288,1.2431,1.7493,1.4315,1.4746333333333332,0.25584169584595345
mp-555858,1.9752,1.9689,2.0277,1.9906,0.032283587161280436
mp-2815,1.2802,1.6417,1.0131,1.3116666666666665,0.3154791646580378
mp-1018728,0.9173,1.5589,1.0074,1.1612,0.34735208362697345
mp-1311,0.3451,0.1314,0.2311,0.23586666666666667,0.10692971211657373
mp-8866,0.8835,1.3235,1.1011,1.1026999999999998,0.22000436359308873
mp-1080301,0.7956,1.2491,1.2539,1.0995333333333335,0.26322492916388707
mp-1102845,0.4917,2.1023,0.7411,1.1117000000000001,0.8669004325757371
mp-1101148,-0.6713,0.1556,-1.0409,-0.5188666666666667,0.6126418230363752
mp-1186463,1.2495,0.5552,0.8828,0.8958333333333334,0.3473334468969744
mp-1444811,0.6587,0.7161,0.2253,0.5333666666666667,0.2683328033121059
mp-1021484,0.2483,0.8347,0.4114,0.4981333333333333,0.3026685370720474
mp-571576,0.2788,0.3934,0.0756,0.24926666666666666,0.16094524948979805
mp-1232184,1.565,1.2744,0.4739,1.1044333333333334,0.5650586724698006
mp-1247858,0.3139,2.0469,3.427,1.9292666666666667,1.5598801567214493
mp-1403,1.6039,1.5747,1.4293,1.535966666666667,0.09352268886924359
mp-1103235,0.8718,0.5699,0.6048,0.6821666666666667,0.16515175849300953
mp-1183728,0.0877,1.4768,-0.0422,0.5074333333333333,0.8420049307060697
mp-32838,0.5461,0.7546,-0.6831,0.20586666666666664,0.7768940489753628
mp-1080375,1.3502,1.6434,1.5888,1.5274666666666665,0.15592592258291538
mp-1492,0.4748,1.2465,0.6975,0.8062666666666667,0.3971811467496076
mp-862863,-2.125,1.3204,0.2025,-0.2007,1.7577323374165932
mp-556207,1.9796,1.9794,2.0926,2.0172000000000003,0.0652983920169555
mp-1080366,0.8713,1.8207,1.2757,1.3225666666666667,0.47643200284335785
mp-1080273,1.3053,1.7366,1.4127,1.4848666666666668,0.22452381462404677
mp-554630,1.9874,1.9821,2.091,2.020166666666667,0.061400678606456344
mp-952967,0.9325,-0.035,0.597,0.49816666666666665,0.49126376146967465
mp-1226086,0.3316,-0.0356,0.3437,0.2132333333333333,0.21558089742213557
mp-568251,-1.2406,0.2616,0.213,-0.2553333333333333,0.8536119102574268
mp-1220218,1.8978,1.2779,1.7031,1.6262666666666667,0.3170118662342678
mp-2070,0.1329,1.3219,0.7681,0.7409666666666667,0.5949642118088561
mp-2086,-0.9943,0.9864,0.8231,0.2717333333333334,1.0994530564482201
mp-1226578,0.2196,0.1395,0.1322,0.16376666666666664,0.0484906520200887
mp-1181732,1.9827,0.4813,0.3983,0.9541,0.8917599004216324
mp-14650,0.7807,1.0742,0.887,0.9139666666666667,0.14859664644040035
mp-560025,0.9116,0.75,0.7447,0.8020999999999999,0.09486680135853635
mp-900,0.816,-0.5293,0.3209,0.20253333333333332,0.6804160663398046
mp-1183651,-0.3984,0.9187,0.5772,0.3658333333333334,0.683516644518137
mp-1080332,1.0637,2.3354,1.4268,1.6086333333333334,0.6550593433677083
mp-21991,0.1336,0.1903,0.2643,0.19606666666666664,0.06554054724621493
mp-1245136,2.1145,2.1592,1.7094,1.9943666666666668,0.247798352160246
mp-541594,-0.3359,-0.0874,0.4401,0.005599999999999994,0.3962710562228839
mp-267,-0.945,1.1385,1.1466,0.44670000000000004,1.2052543590462554
mp-1225796,0.1401,0.2253,0.1449,0.1701,0.04786480962042991
mp-1008676,-9.1092,-2.4966,-2.6695,-4.758433333333333,3.7688660819049185
mp-1207735,0.6962,0.4961,7.1323,2.7748666666666666,3.774974032140265
mp-32642,2.0912,0.9087,1.2277,1.4092000000000002,0.6117869318643543
mp-1193776,-2.5446,-0.2194,-1.5817,-1.4485666666666666,1.1683030956619662
mp-1080309,0.7408,0.9005,1.1345,0.9252666666666668,0.1980150583499481
mp-1207893,0.2846,0.3733,-0.5185,0.04646666666666669,0.4912814095132578
mp-1387852,0.5968,1.426,-0.3447,0.5593666666666667,0.8859433183524402
mp-399,-0.5427,0.3482,0.2336,0.01303333333333335,0.48467818532850565
mp-571383,1.3526,0.8034,0.4743,0.8767666666666667,0.44372257473936727
mp-1098707,1.1023,1.6089,1.5951,1.4354333333333333,0.28858443016443786
mp-1187303,0.9029,1.1991,2.0451,1.3823666666666667,0.5927438007548737
mp-555935,0.7585,-1.4317,1.2459,0.1909,1.4261881923505046
mp-2491,0.7309,0.9769,0.7135,0.8071,0.14730824824156996
mp-1104327,0.1078,0.2713,0.268,0.2157,0.09345870745949784
mp-557418,1.9804,1.9798,2.0919,2.0173666666666663,0.06454845724983152
mp-1215925,0.6652,0.7251,1.2611,0.8837999999999999,0.32812112092945195
mp-568889,-1.264,0.1669,0.5368,-0.18676666666666664,0.951067948851886
mp-1811,0.0476,-0.302,0.3228,0.022800000000000004,0.3131374139255799
mp-672292,0.063,0.6253,0.8584,0.5155666666666666,0.40889649464544614
mp-685013,1.0363,1.6193,0.4639,1.0398333333333332,0.5777081039186946
mp-20594,1.2906,1.4838,1.4868,1.4203999999999999,0.11242010496348061
mp-1821,0.2648,0.4147,0.2873,0.32226666666666665,0.08083627486056824
mp-541289,1.5514,1.1676,1.2764,1.3318,0.19780667329491183
mp-662,-1.106,-0.2915,-0.058,-0.4851666666666667,0.5501873165871178
mp-1186391,1.0559,1.3748,2.1881,1.5396,0.5838137459841108
mp-488,0.8963,0.4947,0.4099,0.6003,0.259826403585163
mp-1183040,0.2511,-0.2165,0.4772,0.1706,0.3537868143388049
mp-32833,0.7797,1.2092,0.9404,0.9764333333333334,0.21700544540018657
mp-2189,-0.0188,0.3463,1.2444,0.5239666666666666,0.6500712601963983
mp-1217163,0.3203,-0.3072,-0.2125,-0.06646666666666666,0.33828000729178975
mp-1096,0.8523,1.0942,0.9979,0.9814666666666666,0.12178441334314234
mp-1210578,0.9571,1.0099,0.2542,0.7404000000000001,0.4218883620106153
mp-1103643,0.725,-0.1283,0.0752,0.22396666666666668,0.44567798165641226
mp-1101099,0.3644,-0.4686,-0.1838,-0.09600000000000002,0.42338384475555985
mp-1080350,1.2482,1.9351,1.1686,1.4506333333333334,0.42144395040542854
mp-1218017,1.2716,0.55,1.5421,1.1212333333333333,0.5128578782989819
mp-555599,1.0529,0.8227,1.4475,1.1077000000000001,0.31598424011333226
mp-2099,-0.1938,0.4049,0.4398,0.21696666666666667,0.3561621026068514
mp-20905,1.0049,1.6587,-0.0964,0.8557333333333332,0.8870073411947239
mp-1217101,0.4888,-0.0918,-0.3968,6.666666666667782e-05,0.4498904903788625
mp-1209790,-0.0341,0.7685,1.5132,0.7492000000000001,0.7738305305427022
mp-1180046,2.2345,1.6599,0.9007,1.5983666666666665,0.6690256895914637
mp-560725,1.9804,1.9799,2.0917,2.017333333333333,0.06440390774893498
mp-1244980,2.0382,2.1232,1.7527,1.9713666666666667,0.19408138327344374
mp-1623,0.7487,0.0165,0.9575,0.5742333333333334,0.4941651680696783
mp-1232234,1.1245,0.5183,0.6238,0.7555333333333333,0.32385932645723414
mp-1080073,-1.2412,-0.3963,-1.6332,-1.0902333333333334,0.6321183459869942
mp-1072712,0.9994,0.4912,0.8622,0.7842666666666666,0.2629106565609947
mp-1103125,1.1452,0.9718,1.1493,1.0887666666666667,0.1013168462464823
mp-684800,0.3059,0.7615,0.1046,0.39066666666666666,0.336553774801789
mp-1194185,-4.02,0.1168,0.4276,-1.1585333333333332,2.482970554262239
mp-20438,0.7862,1.0494,-0.206,0.5432,0.6620377934831214
mp-1216920,-5.0456,0.0056,0.6712,-1.4562666666666668,3.126218350232967
mp-1215699,1.4267,0.2378,0.4396,0.7013666666666666,0.636209197774862
mp-581601,1.9856,1.9738,2.0353,1.9982333333333333,0.032638372099927544
mp-1025472,-0.4794,0.1722,-1.1446,-0.4839333333333333,0.6584117050397368
mp-684711,0.3667,0.3598,1.9901,0.9055333333333334,0.9392686214993734
mp-1080346,0.3699,1.4087,0.4344,0.7376666666666667,0.5820260847533668
mp-1407,0.4753,1.2817,-0.9572,0.2666,1.1339466786405787
mp-1209822,1.185,1.584,1.2253,1.3314333333333332,0.2196553284883691
mp-611224,1.0586,-0.3827,1.098,0.5913,0.8437387569621299
mp-20311,-1.6093,0.6211,0.548,-0.1467333333333333,1.267147127737475
mp-1098702,0.8163,1.634,1.1102,1.1868333333333334,0.41420142845399904
mp-32692,1.3604,1.5423,1.5957,1.4994666666666667,0.12335940715378506
mp-1186629,1.2689,1.1681,0.1777,0.8715666666666667,0.6030160639098542
mp-556095,0.4515,0.6187,1.1915,0.7539000000000001,0.3880841145937308
mp-1206914,0.5119,0.1183,-0.2916,0.11286666666666666,0.4017775545414818
mp-1183699,-1.4971,-1.299,0.6166,-0.7265,1.167368455116036
mp-21559,-0.1189,-0.0503,2.0459,0.6255666666666667,1.2305228861477275
mp-13152,0.4941,1.0156,0.5349,0.6815333333333333,0.2900285560653181
mp-1094153,1.3778,2.309,1.6092,1.7653333333333332,0.484836646029705
mp-1080357,1.2,2.1729,1.3124,1.5617666666666665,0.5322324711376912
mp-685220,-1.3831,0.7576,0.4999,-0.04186666666666664,1.1686669599733421
mp-10109,0.3292,2.182,0.9027,1.1379666666666666,0.9485408601285099
mp-2143,-1.5917,0.8,0.0008,-0.2636333333333333,1.2175799617821135
mp-1025571,1.4842,1.4744,1.5217,1.4934333333333332,0.02496524250499755
mp-1080864,1.2695,2.136,1.4255,1.6103333333333332,0.4618745320250223
mp-1226916,1.3328,1.3836,1.251,1.3224666666666667,0.06690122071631681
mp-13456,1.9816,1.9802,2.0918,2.017866666666667,0.06403197118106971
mp-3216237,-0.124,1.1826,0.5147,0.5244333333333334,0.6533543780624214
mp-32654,0.3129,0.5262,0.2202,0.35309999999999997,0.1569108982830702
mp-1220205,0.5504,1.3733,1.225,1.0495666666666665,0.43860431294429075
mp-1244921,2.1658,2.1926,1.6518,2.0033999999999996,0.30478923865517304
mp-555763,1.9784,1.9792,2.0937,2.0171,0.06633875187249161
mp-1211453,1.4787,0.9736,-0.1801,0.7574000000000001,0.8502712449565726
mp-1207280,1.4288,-0.7409,1.4712,0.7197,1.2650943482602395
mp-7818,-2.3577,-0.8639,-2.0281,-1.7499,0.7847968144685603
mp-1105666,-0.5146,0.1534,0.3027,-0.01949999999999998,0.4352190597848398
mp-554999,1.9803,1.9797,2.0921,2.0173666666666663,0.06472166046489632
mp-1008626,0.128,0.0606,-0.0758,0.037599999999999995,0.10382851246165478
mp-9921,0.578,0.8376,0.7918,0.7357999999999999,0.1385642089430023
mp-583070,-0.6814,0.5716,0.3925,0.09423333333333334,0.6776610534281378
mp-12351,0.2314,0.3136,-0.3137,0.07709999999999999,0.34092915686400305
mp-1080320,1.5126,2.0711,1.3328,1.6388333333333334,0.384997225098225
mp-1080358,1.4307,2.1812,1.389,1.666966666666667,0.44582694325638655
mp-1080689,0.3239,0.4004,1.7367,0.8203333333333332,0.7945180698595428
mp-1411,1.3857,0.3507,1.8154,1.1839333333333333,0.7529069420143059
mp-1080341,1.2005,1.4838,1.4047,1.3630000000000002,0.14618101791956445
mp-556468,1.9941,1.9779,2.0422,2.0047333333333333,0.03344283680152337
mp-1023934,0.653,0.4909,0.4878,0.5438999999999999,0.09449608457497062
mp-601823,0.3637,0.1326,0.9879,0.4947333333333333,0.44244979752886465
mp-979273,-2.7693,-0.6963,-2.1987,-1.8881,1.070834497016229
mp-1201158,1.974,1.9648,2.0279,1.9889,0.03408680096459611
mp-1080313,0.707,1.3098,1.0206,1.0124666666666666,0.3014822935651999
mp-1104531,0.0757,0.9719,0.1257,0.3911,0.5036084590234758
mp-554961,1.9844,1.9813,2.0907,2.0188,0.06228651539458601
mp-1008928,1.0917,1.2136,0.3467,0.884,0.4692902833002192
mp-2025704,0.8573,0.8395,0.6817,0.7928333333333333,0.096654918826376
mp-1080854,1.2081,1.5239,1.5564,1.4294666666666667,0.192396630254621
mp-568936,-0.9289,0.2845,0.3648,-0.09319999999999999,0.72485025350068
mp-1050,0.3773,0.652,0.1245,0.38460000000000005,0.26382575689268856
mp-1186975,-3.1282,-0.0139,1.6698,-0.49076666666666674,2.4342868284845425
mp-1217564,-2.9591,0.1985,0.5263,-0.7447666666666666,1.924660305958777
mp-557579,1.025,1.3195,1.3423,1.2289333333333332,0.17697899122023875
mp-1190583,0.3387,0.4825,0.4144,0.4118666666666666,0.07193346462762192
mp-1217188,-1.5004,0.862,0.5768,-0.02053333333333333,1.2895110597948871
mp-1080269,1.2658,1.7804,1.4146,1.4869333333333332,0.26481573467853703
mp-1072088,-0.1313,1.4533,0.291,0.5376666666666666,0.8205928486974118
mp-684708,0.9592,0.4569,0.8639,0.7600000000000001,0.26678217706586027
mp-1173070,0.5313,0.5714,0.1385,0.41373333333333334,0.23920084308658557
mp-1245035,2.0658,2.1308,1.6263,1.940966666666667,0.2744404914245222
mp-1430160,0.4668,1.1216,0.3838,0.6574,0.40414536988563904
mp-1080264,1.4688,2.0737,1.3893,1.6439333333333337,0.37430549466088975
mp-1683,0.49,0.6722,0.9769,0.7130333333333333,0.24600492542494617
mp-27191,0.5299,-1.3099,2.2018,0.4739333333333333,1.756518836600773
mp-32873,0.4224,-0.0196,0.886,0.4296,0.45284293082701427
mp-22652,0.1954,0.1074,0.3593,0.22069999999999998,0.1278415816547965
mp-618991,0.1724,0.2005,0.2117,0.19486666666666666,0.020246563494413894
mp-13568,1.2538,1.7854,1.1858,1.4083333333333332,0.3283145646073798
mp-624307,1.6889,-1.3634,0.512,0.27916666666666673,1.5394129866066912
mp-1009641,0.5589,0.0412,-0.3543,0.08193333333333332,0.45796065697102556
mp-8956,1.0357,1.0286,0.8874,0.9839000000000001,0.08364681703448137
mp-2022276,0.4576,0.3524,1.2047,0.6715666666666668,0.464693580043165
mp-1208223,0.0771,-0.166,-0.1475,-0.0788,0.1353298562771719
mp-10643,1.2458,0.1585,1.1086,0.8376333333333333,0.5921338728136851
mp-1179413,0.9736,-0.3322,1.6501,0.7638333333333334,1.0076605893520563
mp-673636,2.4058,0.7307,3.0906,2.0757,1.2140866978926999
mp-814,0.6374,1.2613,0.7886,0.8957666666666667,0.3254632442125122
mp-9888,0.6242,2.2015,-0.8964,0.6431,1.5490364779436279
mp-754954,-0.3575,0.5926,0.6032,0.27943333333333337,0.5516259088669905
mp-1522,-0.0058,1.6493,0.2843,0.6426,0.883811727688652
mp-1245248,2.119,2.146,1.6942,1.9864000000000004,0.25341247009569207
mp-1080321,0.6615,1.607,1.1965,1.155,0.4741141740129691
mp-1244922,2.101,2.1159,1.7813,1.9993999999999998,0.18902700865220282
mp-1018793,1.1129,0.8511,0.9718,0.9786,0.13103240057329332
mp-862857,-3.8805,-0.2643,1.4795,-0.8884333333333334,2.7339635720567554
mp-1202182,1.9741,1.9646,2.028,1.9889,0.03419312796454872
mp-1628,0.4556,-0.3983,-0.9449,-0.29586666666666667,0.7058466570958124
mp-543011,1.9814,1.9721,2.0322,1.9952333333333332,0.03235001287995622
mp-1161,0.9205,0.7286,1.1144,0.9211666666666667,0.1929008640035947
mp-673637,0.5912,0.2583,-0.0975,0.25066666666666665,0.3444134482469192
mp-22693,0.3939,0.2228,-0.017,0.1999,0.20640496602552952
mp-556395,1.9757,1.9783,2.0925,2.0155,0.06669662660135058
mp-581405,1.993,1.9776,2.0415,2.0040333333333336,0.033348213345445285
mp-1096791,1.1887,1.6171,1.5051,1.4369666666666667,0.2221784267955224
mp-684787,-2.2656,0.4158,-1.2162,-1.022,1.3512075044196579
mp-2780,-1.2762,0.5201,-0.0756,-0.27723333333333333,0.914967443865263
mp-10256,0.7021,-0.5567,-1.6238,-0.49279999999999996,1.1642659103486626
mp-20456,0.3778,0.4632,0.2724,0.3711333333333333,0.09557454333311426
mp-1087553,0.9223,2.1375,1.3194,1.4597333333333333,0.6196352502346307
mp-1077525,-0.3368,0.8852,1.7868,0.7784,1.0658207729257296
mp-2388,0.171,0.4105,0.2057,0.2624,0.12942654287278169
mp-1244936,1.9939,2.0714,1.4902,1.8518333333333334,0.3155718037679117
mp-1077072,-0.1441,1.1378,1.3405,0.7780666666666667,0.8050250575810254
mp-1080249,0.9185,1.7415,1.5263,1.3954333333333333,0.42682175827074864
mp-568098,0.2809,0.5566,0.6402,0.49256666666666665,0.1880141572683646
mp-870701,-0.6502,0.1554,0.2768,-0.07266666666666667,0.5038283967119492
mp-1974598,-1.0166,0.7681,0.4579,0.06980000000000001,0.9535484937851876
mp-1080263,0.7107,0.9537,1.0331,0.8991666666666666,0.16797575221838812
mp-1080863,1.3236,1.4686,1.6141,1.4687666666666666,0.14525007171541543
mp-1018792,0.3209,1.1655,1.0442,0.8435333333333332,0.4566591982357668
mp-1210708,0.0827,0.1061,0.2902,0.15966666666666665,0.1136490357782825
mp-555311,1.9855,1.9815,2.0913,2.019433333333333,0.062270485250504715
mp-1080262,0.9322,2.1279,1.3963,1.4854666666666667,0.6028164258987417
mp-20973,1.5093,1.8424,1.6864,1.6793666666666667,0.16666134324831697
mp-613,-0.8981,-0.6393,-1.8045,-1.1139666666666665,0.6118591123235261
mp-680576,0.4285,0.0086,-0.8418,-0.1349,0.6471937190671739
mp-1978272,-0.8331,0.4821,0.9538,0.20093333333333332,0.9260366749396771
mp-2730,0.3858,-0.0373,0.2665,0.205,0.21815152990524728
mp-1080360,1.4091,1.5909,1.6765,1.5588333333333333,0.13655362804895863
mp-1181164,0.6156,0.4586,0.9596,0.6779333333333334,0.2562505284547396
mp-684923,0.7489,0.4989,0.4627,0.5701666666666667,0.1558422706884539
mp-1076964,-0.1613,1.0561,0.4194,0.43806666666666666,0.6089146272946097
mp-1106110,-1.0195,-0.0341,-0.3843,-0.4793,0.49952181133560125
mp-22642,0.4576,-0.8132,1.422,0.3554666666666666,1.1210946317476207
mp-1662,0.4019,0.373,0.9274,0.5674333333333333,0.31207499632833985
mp-647,0.9991,0.6804,1.3197,0.9997333333333334,0.31965047056641943
mp-1405126,0.1111,0.0838,-0.8623,-0.22246666666666667,0.5542800224916403
mp-1096430,0.8926,1.5999,0.8708,1.1211,0.41479620297201375
mp-1078612,0.2438,0.2953,-0.801,-0.0873,0.6186184850131784
mp-558139,0.0027,0.3263,0.4613,0.26343333333333335,0.23567488905976666
mp-1217357,-0.0695,0.4361,1.1855,0.5173666666666666,0.631434441041454
mp-32755,0.4995,0.4387,-0.4394,0.16626666666666665,0.5254029342641068
mp-1245216,1.9899,2.0597,1.4066,1.8187333333333333,0.3586201658207933
mp-36216,1.0229,1.2032,1.0622,1.0960999999999999,0.09480996783039224
mp-1198191,0.3147,-0.3307,-0.9433,-0.3197666666666667,0.6290712625238363
mp-672271,0.0164,0.6055,-0.5949,0.009000000000000008,0.6002342126203737
mp-504783,0.6003,0.797,1.0743,0.8238666666666666,0.23813937795613171
mp-32868,0.8388,0.7766,0.5557,0.7237,0.14877906438743324
mp-1106290,0.9966,1.0096,0.8728,0.9596666666666668,0.07550902815778611
mp-1080323,0.4602,1.2762,1.1688,0.9683999999999999,0.4433780779425163
mp-2159,0.4944,0.6234,-0.8056,0.10406666666666664,0.7904304734341492
mp-21576,0.0327,0.12,0.7928,0.31516666666666665,0.41593932650488014
mp-27467,0.722,-1.413,0.9257,0.07823333333333331,1.295455928749926
mp-557523,-0.0741,0.09,-0.5871,-0.19039999999999999,0.35321434002599605
mp-1215419,0.6842,-1.3068,2.2338,0.5370666666666667,1.7748797856005158
mp-32630,-1.0045,0.5976,-0.3121,-0.2396666666666666,0.8035023605026518
mp-952567,0.2585,1.1217,0.7381,0.7060999999999998,0.43248879754278025
mp-1766,0.5286,0.3702,1.0892,0.6626666666666666,0.3777838711926878
mp-1245296,2.1384,2.1028,1.6311,1.9574333333333331,0.28317295657130337
mp-18680,1.0754,0.9799,1.2356,1.0969666666666666,0.12920705605087263
mp-673692,0.794,1.0847,0.925,0.9345666666666667,0.14558593109683823
mp-1018940,1.3728,1.3376,1.4106,1.3736666666666668,0.036507716079389844
mp-1080316,0.8171,1.8213,1.2865,1.3083,0.5024548138887714
mp-2793,2.0179,1.9777,1.2916,1.7624000000000002,0.40821990397333635
mp-599,0.9221,0.2746,0.0107,0.4024666666666667,0.468961515834011
mp-684978,0.2242,0.7176,0.7512,0.5643333333333334,0.295042799155196
mp-1205450,0.5144,0.8818,1.0563,0.8174999999999999,0.2766130329539807
mp-1206225,1.3052,-1.2278,0.9395,0.33896666666666664,1.3691247070056596
mp-1102559,-0.0831,0.4336,-0.4615,-0.03700000000000001,0.4493271747846996
mp-850009,-0.0885,0.1163,0.3969,0.14156666666666665,0.2436844133984226
mp-28105,0.1185,-0.0268,0.1094,0.06703333333333333,0.08138933181525287
mp-1025573,0.2484,0.0706,0.2592,0.19273333333333334,0.10590832513704168
mp-849057,-0.3363,0.1922,0.6136,0.1565,0.4759552184817391
mp-673657,0.19,-0.1949,-0.1616,-0.055499999999999994,0.21326019319132203
mp-673644,1.266,0.8353,0.7715,0.9576000000000001,0.2689805383294487
mp-1023936,0.3125,0.276,0.4014,0.3299666666666667,0.06449886303907482
mp-1080639,1.6062,1.8316,1.5863,1.6747000000000003,0.13624320166525733
mp-11675,0.2037,0.4545,0.0536,0.23726666666666665,0.2025468916901302
mp-984712,0.7122,0.7793,0.592,0.6945,0.09489620645737111
mp-33031,0.1607,1.005,-0.269,0.2989,0.6481461486424185
mp-1176,0.4185,0.5447,-1.2658,-0.1008666666666667,1.0108332519923022
mp-2127,0.9931,0.4635,0.4136,0.6234,0.3211402653047419
mp-554986,1.994,1.9775,2.0423,2.0046,0.033675361913422686
mp-1232235,0.4149,0.7487,0.7836,0.6490666666666667,0.2035436644391894
mp-1185504,0.3962,0.4195,1.4438,0.7531666666666667,0.5982194608447082
mp-8732,0.4263,-2.4605,0.163,-0.6237333333333334,1.5961251715743767
mp-2293,-1.1055,-0.1221,0.3309,-0.2989,0.7343397851131314
mp-1077779,1.1193,0.7679,0.854,0.9137333333333334,0.1831571547424051
mp-867800,-1.9239,1.1118,0.959,0.04896666666666664,1.7102599578231763
mp-1080303,1.3468,1.4046,1.3286,1.36,0.03968223784012191
mp-1329763,1.2474,1.2805,2.0735,1.5338,0.4676868289785378
mp-556485,1.969,1.9517,1.8453,1.922,0.06698499832051956
mp-610517,0.6217,0.7899,0.6405,0.6840333333333333,0.09216383961908997
mp-1080326,1.3813,1.7034,1.4374,1.5073666666666667,0.1720715064539546
mp-1094038,-4.536,0.3318,1.2945,-0.9698999999999997,3.1256198953167673
mp-673656,1.0055,0.4345,0.9058,0.7819333333333334,0.3049876445584859
mp-1551,0.38,0.5955,1.1646,0.7133666666666668,0.4053624345364693
mp-1183984,1.2365,-2.2966,-0.4686,-0.5095666666666667,1.766906223695342
mp-1216463,0.0116,0.7773,-0.2978,0.16369999999999998,0.5534535301179314
mp-555079,1.9842,1.9814,2.0905,2.0187000000000004,0.0621963825314624
mp-1192606,0.3274,0.6858,-0.428,0.19506666666666664,0.5685698667123799
mp-29652,0.827,0.7547,0.6605,0.7474,0.08348969996352842
mp-672,1.1373,1.0837,0.9557,1.0589000000000002,0.09330551966523738
mp-568347,-0.2948,0.1069,-0.3622,-0.18336666666666668,0.25362717388587
mp-862866,0.576,1.676,2.0575,1.4364999999999999,0.7692403720554454
mp-1087241,1.6689,1.6858,1.3304,1.5617,0.2004898251782369
mp-1072729,0.7639,1.1591,1.6562,1.1930666666666667,0.4471186904316719
mp-624299,0.2292,0.1811,0.2814,0.23056666666666667,0.05016396448979419
mp-1232213,1.7418,1.4378,0.9172,1.3656,0.41701429232101866
mp-10845,0.7272,1.0558,1.6778,1.1536,0.48278744805555995
mp-1080632,1.1891,1.6436,1.4698,1.4341666666666668,0.2293357000846866
mp-1080278,0.9182,2.1024,1.52,1.5135333333333332,0.5921264842357021
mp-1397283,1.169,0.0117,1.4549,0.8785333333333334,0.7641889317003573
mp-1087497,0.6597,0.5224,-1.4646,-0.09416666666666666,1.1888138892750761
mp-685126,0.174,0.3854,0.7751,0.44483333333333336,0.30492547176864926
mp-1103359,0.7059,0.6224,0.2373,0.5218666666666667,0.24995340232397983
mp-2532,0.2886,0.0326,-1.107,-0.2619333333333333,0.7429584465724401
mp-1011376,1.1158,1.407,0.52,1.0142666666666666,0.452132738621451
mp-581602,1.9851,1.9738,2.0351,1.998,0.03262253822129718
mp-9948,0.6108,-0.0819,-2.0331,-0.5014,1.3709620673089393
mp-573810,-1.2492,0.383,-0.2998,-0.3886666666666667,0.8197207898628248
mp-684876,-0.2612,0.1007,-0.2664,-0.1423,0.21046023377350884
mp-1019276,0.6077,0.6956,-0.068,0.41176666666666667,0.4178081417748263
mp-684965,0.3869,0.2151,1.4886,0.6968666666666667,0.6910210295883428
mp-32640,1.3631,1.598,1.5469,1.5026666666666666,0.12353923803121558
mp-1094151,1.208,1.4761,1.6129,1.4323333333333332,0.2059675783547822
mp-1244890,2.1714,2.1539,1.7045,2.009933333333333,0.2646577097560799
mp-2766207,0.8109,0.8223,0.6365,0.7565666666666666,0.1041368970794374
mp-1103512,0.5391,0.9804,0.6858,0.7351000000000001,0.22474271957062372
mp-1187912,0.3191,-0.0115,-3.7137,-1.1353666666666666,2.239012320942726
mp-1080851,0.7692,1.5452,1.3704,1.2282666666666666,0.40705701484353923
mp-2537,0.1773,0.2717,1.2839,0.5776333333333333,0.6134633594057052
mp-850016,0.0228,0.021,0.6443,0.22936666666666664,0.359343934599338
mp-288,0.587,0.203,0.3326,0.37420000000000003,0.19535076145231683
mp-560588,1.98,1.9795,2.093,2.0175,0.06538539592294289
mp-1232271,-0.0974,1.3339,0.4044,0.5469666666666667,0.7262223236264039
mp-11765,0.3684,0.3127,-0.1136,0.18916666666666668,0.2636785227001497
mp-1168,-1.2484,0.2004,1.2133,0.0551,1.2372654484790238
mp-22555,-0.2381,0.7421,0.0295,0.17783333333333332,0.5066557937429842
mp-1390701,0.134,0.7016,0.3471,0.3942333333333334,0.2867204271295181
mp-21321,-1.2422,-0.3518,-1.0729,-0.8889666666666667,0.4728389190129481
mp-7096,0.1284,0.1887,0.4359,0.251,0.16294179942543902
mp-1120746,0.3366,-0.0334,0.3324,0.21186666666666665,0.21241754478699099
mp-542634,0.6347,-0.3582,1.2922,0.5229,0.8308606802587303
mp-531574,0.8666,0.7839,1.1015,0.9173333333333332,0.16476602602883067
mp-554608,1.9849,1.9814,2.0909,2.019066666666667,0.06223410104864797
mp-978993,1.9279,2.618,5.9152,3.4870333333333328,2.1309750170598742
mp-1674,1.491,1.1901,1.5193,1.4001333333333335,0.18244375388961215
mp-557346,1.9804,1.9798,2.0919,2.0173666666666663,0.06454845724983152
mp-1226930,0.2168,0.1294,0.1321,0.15943333333333332,0.04969932930466299
mp-1025418,0.0354,-0.1046,-1.0118,-0.36033333333333334,0.568512632518692
mp-1080349,0.8757,0.8901,1.0077,0.9245000000000001,0.0724121536760232
mp-1080267,1.2679,1.8408,1.3914,1.5000333333333333,0.30150373684804194
mp-1783,-0.0409,0.0374,1.5438,0.5134333333333333,0.893182133348699
mp-1102002,-1.9589,0.1698,-0.0337,-0.6076,1.1746752019175344
mp-3216731,-0.238,0.5859,0.1352,0.16103333333333333,0.4125570546401229
mp-1099575,1.2718,1.5649,1.65,1.4955666666666667,0.19840399021525074
mp-9561,-0.0408,0.08,-0.6211,-0.19396666666666665,0.37480704813721594
mp-15179,1.6987,2.0761,1.9581,1.9109666666666667,0.19306437613742544
mp-1042111,0.4793,-0.1845,0.0656,0.12013333333333333,0.33524323010813106
mp-850099,0.3084,0.2,0.4655,0.32463333333333333,0.13349233436169033
mp-604908,0.2069,0.8921,0.0443,0.3811,0.44994492996365676
mp-1105994,1.1323,0.9654,1.2116,1.1031000000000002,0.12567056138969063
mp-1232117,-0.9091,-0.056,-0.4708,-0.4786333333333334,0.4266039420039779
mp-1090,-0.3206,0.3619,0.718,0.2531,0.5277789025719007
mp-541155,0.3167,0.4036,0.1183,0.2795333333333333,0.14623625861370132
mp-28246,0.0551,0.0902,-0.1459,-0.00019999999999999649,0.1273945446241714
mp-762,0.2364,0.1492,0.4171,0.2675666666666667,0.136642318969393
mp-1080259,0.4746,1.3993,1.1353,1.0030666666666666,0.4763210716872951
mp-569544,0.2064,0.4381,1.8317,0.8254,0.8791478772083795
mp-414,1.0606,1.1234,0.3494,0.8444666666666668,0.42988860572633614
mp-1232216,1.3223,1.5744,0.7104,1.2023666666666666,0.4443107058504593
mp-2691,0.5396,0.4841,0.5026,0.5087666666666667,0.028259216785561002
mp-1115,1.5536,1.6651,-0.7189,0.8332666666666667,1.3453713551779425
mp-1188532,0.5463,1.2805,1.2451,1.0239666666666667,0.4140499647788094
mp-7459,0.2759,0.047,0.1946,0.1725,0.11603926059743745
mp-1214,-0.0383,0.9347,-0.0716,0.2749333333333333,0.5716172349862565
mp-29790,-0.5263,0.3033,-0.6162,-0.27973333333333333,0.5069185371766683
mp-1188655,0.2115,0.8997,0.9016,0.6709333333333333,0.39788207214366084
mp-685099,1.2929,2.4467,-0.5072,1.0774666666666666,1.4886873222182464
mp-9813,1.511,1.6396,1.5096,1.5534,0.07465467165556351
mp-1042115,1.0122,-0.1433,2.2449,1.0379333333333334,1.1943079432597494
mp-1507,0.0957,0.0848,0.6085,0.263,0.2992614074684539
mp-1080279,0.8256,1.0508,0.9147,0.9303666666666666,0.11341447585442226
mp-1096432,0.8074,1.6237,1.157,1.1960333333333333,0.40954746163702843
mp-10228,-0.0398,0.4937,-0.2603,0.06453333333333335,0.38767651893470845
mp-571233,1.3991,1.4505,1.0295,1.2930333333333333,0.22966900821254335
mp-1080865,1.0134,2.0449,1.3235,1.4606000000000001,0.5292403707201484
mp-1197374,0.4136,-0.7037,1.6487,0.4528666666666667,1.1766914817968785
mp-1098708,0.4164,1.3656,1.2227,1.0015666666666665,0.5117813237441684
mp-540702,-0.232,0.6233,0.1172,0.16949999999999998,0.4300418468009828
mp-557062,1.9846,1.9811,2.0914,2.0190333333333332,0.06269579996565434
mp-16378,1.0754,1.3295,1.725,1.3766333333333332,0.32735485842329176
mp-1096929,0.9523,1.2322,1.5331,1.2392,0.290463267901468
mp-690772,0.1975,-0.0896,0.0093,0.03906666666666667,0.14584630037588658
mp-1217447,-0.0214,-0.0004,-0.8213,-0.28103333333333336,0.4680024608197411
mp-11324,0.8129,0.7776,0.2017,0.5974,0.3431404814358108
mp-404,-2.257,0.1814,-1.1064,-1.0606666666666669,1.2198431429217995
mp-1225731,-0.157,0.4492,0.5806,0.2909333333333333,0.3934459217393584
mp-555096,1.456,1.7127,1.7041,1.6242666666666665,0.14578663633314726
mp-8954,0.5891,0.6091,0.5367,0.5782999999999999,0.03738876836698423
mp-555666,1.9807,1.9799,2.0918,2.017466666666667,0.06437579772968521
mp-10633,1.4551,1.4489,1.6141,1.5060333333333336,0.09363980635036222
mp-723973,2.2842,0.898,1.5564,1.5795333333333332,0.6933894817008209
mp-850083,-0.6712,0.189,0.2357,-0.08216666666666668,0.5106519591006513
mp-1080317,1.3948,1.7872,1.3653,1.5157666666666667,0.235530472196982
mp-1222266,0.8111,1.1708,1.3643,1.1154,0.2807301729419195
mp-1095641,1.3476,1.2693,1.0072,1.2080333333333335,0.1782785554499848
mp-21063,0.1905,1.1191,1.0441,0.7845666666666666,0.5158416940625615
mp-32884,1.1382,1.2343,1.0207,1.1310666666666667,0.10697851809280841
mp-9227,0.2978,0.7868,0.2698,0.4514666666666667,0.2907444467798712
mp-22817,-0.2796,0.1027,0.1986,0.007233333333333332,0.2529905597711767
mp-1782,0.4906,0.5111,0.4056,0.4691,0.05593969967742049
mp-1184385,0.5648,-0.1247,0.8058,0.41529999999999995,0.482928824983558
mp-1205354,0.4751,0.909,0.786,0.7233666666666667,0.2236280468396872
mp-1225322,0.3613,1.2238,0.6527,0.7459333333333333,0.43874355075981836
mp-1229090,0.5312,0.5558,-0.5915,0.16516666666666666,0.655407982353994
mp-1199343,1.9899,1.9705,2.0414,2.0006,0.03664109714514561
mp-32906,1.4874,1.4697,1.4801,1.4790666666666665,0.008895129753597398
mp-559374,0.67,1.7912,1.1538,1.2049999999999998,0.5623508157725032
mp-1254,0.4968,-0.03,0.7142,0.39366666666666666,0.38266927409100054
mp-1087242,1.1008,1.3243,1.5493,1.3248,0.22425041805981094
mp-32891,1.3981,0.5327,0.8052,0.9119999999999999,0.44247482414257194
mp-1098704,0.985,2.1186,1.4637,1.522433333333333,0.5690777129121587
mp-760381,0.6312,0.1849,0.4332,0.4164333333333334,0.2236219205116827
mp-1018679,0.3376,1.0677,0.879,0.7614333333333333,0.37898277445463585
mp-1040452,0.843,1.0811,0.923,0.9490333333333334,0.12116601558743
mp-1008860,-0.2252,0.047,0.4088,0.07686666666666665,0.3180534755875706
mp-1183254,-0.2674,-0.4794,-1.7243,-0.8237,0.7871126158307971
mp-555773,1.9818,1.9803,2.0914,2.0178333333333334,0.0637150165450292
mp-685108,0.0964,0.2638,0.4606,0.2736,0.18229766866309619
mp-7926,0.6063,0.6965,-0.0694,0.41113333333333335,0.4185907587767954
mp-685129,-1.2882,0.65,0.2908,-0.1158,1.0310904325033765
mp-1868,0.6721,0.824,-1.0163,0.15993333333333334,1.0214754247329365
mp-1133,0.8324,0.6668,-1.5509,-0.017233333333333285,1.330772679060302
mp-22745,0.2956,0.7123,0.1829,0.39693333333333336,0.27886811100112063
mp-27840,-0.103,0.2934,0.485,0.22513333333333332,0.2998854003337497
mp-985829,1.128,1.154,1.5174,1.2664666666666669,0.21770313119781576
mp-567584,0.1987,0.1536,2.483,0.9451,1.3320513541151484
mp-1184256,1.1908,-0.6369,1.4399,0.6646,1.133992676343194
mp-15081,0.6633,0.8268,1.205,0.8983666666666666,0.2778507932926112
mp-1245062,2.0532,2.085,1.6149,1.9177,0.26271408412949615
mp-1123,0.192,0.8003,0.8215,0.6046,0.357479272126371
mp-342,0.4311,0.6567,-1.6785,-0.19690000000000007,1.2880519244191984
mp-556161,1.9801,1.9798,2.0926,2.0175,0.06503868079842949
mp-11693,0.8667,0.1033,0.4386,0.4695333333333333,0.3826389203065121
mp-1217445,0.3302,-0.199,-0.1533,-0.00736666666666667,0.293232950626858
mp-1187392,-0.8216,0.2254,-0.4872,-0.36113333333333336,0.5347633619960639
mp-684732,0.2333,0.6351,0.1199,0.32943333333333336,0.27071936268640506
mp-604915,0.5179,1.0286,0.236,0.5941666666666666,0.4017662794876311
mp-1080370,1.4501,1.8621,1.506,1.6060666666666668,0.22348602491729402
mp-1076966,-0.7372,0.3314,0.255,-0.05026666666666666,0.5961269104254003
mp-570170,0.2009,0.3605,0.097,0.21946666666666667,0.13272755303000705
mp-32887,-0.1354,0.9487,0.6191,0.47746666666666665,0.5557546251119583
mp-1223399,1.5414,1.4348,1.5694,1.5152,0.07102196843230967
mp-1187062,1.6061,3.1489,3.1795,2.644833333333333,0.8996995572597183
mp-1186,0.9441,1.1653,1.6504,1.2532666666666668,0.3612734744391475
mp-1245317,2.1165,2.1069,1.7327,1.9853666666666665,0.2188683927234203
mp-1080251,0.3832,1.3071,0.4126,0.7009666666666666,0.5251326530823743
mp-1220048,0.8047,-0.1325,-0.2044,0.15593333333333328,0.5629973741797855
mp-1188005,-1.3427,1.0709,1.8509,0.5263666666666666,1.6649797756529456
mp-1080338,1.2542,1.6323,1.5378,1.4747666666666666,0.19677348229203384
mp-1204382,0.0571,0.6636,0.6679,0.4628666666666667,0.3514108184637083
mp-1245316,2.1012,2.1336,1.639,1.9579333333333333,0.2766790438998467
mp-2418,2.1456,2.5623,0.6815,1.7964666666666667,0.9878120890803743
mp-849059,0.7145,-0.0887,0.9538,0.5265333333333334,0.5460770672106029
mp-685056,0.7609,0.5411,0.6995,0.6671666666666667,0.11341116934999539
mp-673655,0.5945,0.1376,0.2601,0.3307333333333333,0.23649778716371395
mp-634,0.7682,1.5145,0.1712,0.8179666666666666,0.6730313984750884
mp-1226090,-0.3606,0.1336,-0.6429,-0.28996666666666665,0.3930392643659579
mp-28256,0.7094,0.4081,-0.7385,0.12633333333333338,0.763968548654546
mp-18529,1.1032,1.2185,1.4104,1.2440333333333333,0.1551835150179727
mp-556716,1.9831,1.9807,2.0911,2.0183,0.06305806847660335
mp-32581,0.9439,0.3786,0.502,0.6081666666666666,0.29722809983804244
mp-976953,0.5385,1.6281,0.0459,0.7374999999999999,0.8096542224925404
mp-1018692,0.2817,1.2097,1.5605,1.0172999999999999,0.6607538724820309
mp-1101121,-0.4734,0.3635,-0.2838,-0.13123333333333334,0.4388141330145752
mp-2164,0.2497,0.6023,0.2947,0.38223333333333337,0.19190688714408694
mp-1247785,1.3329,1.5638,1.5313,1.476,0.12498907952297279
mp-1232239,0.9931,0.6414,0.8732,0.8359,0.1787923096780172
mp-1188645,1.2216,0.7487,1.153,1.0411,0.25553827501961424
mp-501,0.7441,0.7435,0.0962,0.5279333333333334,0.3738921546827819
mp-684620,0.755,0.4541,0.9796,0.7295666666666666,0.26367158233934374
mp-760,-1.6357,0.213,0.0768,-0.4486333333333333,1.0302830015744864
mp-20077,-1.1234,0.8686,0.5055,0.08356666666666668,1.0609131931187081
mp-1239203,0.7096,0.8147,0.6529,0.7257333333333333,0.08209764511442047
mp-1025874,1.3997,1.5327,1.2429,1.3917666666666666,0.14506279100214964
mp-1080319,1.3384,-0.5316,1.5016,0.7694666666666667,1.1297076672012691
mp-850032,0.239,0.2766,0.3838,0.2998,0.0751361431003748
mp-1184783,-1.3553,-0.4218,-0.6205,-0.7991999999999999,0.4917375621202838
mp-2750,0.3373,0.0932,0.314,0.24816666666666665,0.13470977445357604
mp-1095440,1.3477,0.9452,1.1351,1.1426666666666667,0.2013566570375395
mp-669684,-0.9729,0.8039,0.7482,0.19306666666666664,1.0101407443189951
mp-580226,0.1183,0.255,0.7519,0.37506666666666666,0.33342801821882534
mp-684869,-0.093,0.1402,-0.1404,-0.03106666666666667,0.15020284063004047
mp-684653,0.2013,0.3353,0.2348,0.2571333333333333,0.06973581098211543
mp-1830,1.0711,1.2398,-0.7123,0.5328666666666667,1.0816399323866206
mp-569668,0.0433,0.2914,-0.6746,-0.1133,0.5016788514577827
mp-2350,0.6457,1.5959,1.7717,1.3377666666666668,0.6057587088382084
mp-2234,1.3164,1.2989,1.1189,1.2447333333333332,0.10932558407496999
mp-619905,0.0431,-0.8498,-3.7526,-1.5197666666666667,1.9845594280175471
mp-1215393,0.1928,-0.1983,2.1161,0.7035333333333332,1.2388495644481348
mp-10844,0.1882,0.2992,1.1395,0.5423,0.5201597158565818
mp-1095184,0.7866,0.878,1.2481,0.9709,0.2443734232685707
mp-1186903,0.2148,0.043,0.5425,0.26676666666666665,0.2537724637019023
mp-7007,-0.4898,-0.2067,-0.1206,-0.2723666666666667,0.19316118485175365
mp-1342078,0.2993,0.4105,0.1317,0.2805,0.14034756855749228
mp-1217180,0.5618,0.5357,-0.1396,0.3193,0.3976332606812463
mp-29841,-0.093,0.1214,0.2876,0.10533333333333333,0.1908080012298576
mp-20196,-0.9067,0.4776,-0.0645,-0.1645333333333333,0.6975504450097737
mp-1245197,2.0304,2.122,1.6277,1.9267,0.26296081457129694
mp-1189791,0.3602,-0.0054,2.3431,0.8993000000000001,1.2636592380859644
mp-1186219,0.2865,0.1202,0.1665,0.19106666666666663,0.08582868595832824
mp-570451,0.3351,0.3766,0.438,0.3832333333333333,0.051769714441296015
mp-1025576,0.1204,-0.0488,0.0347,0.03543333333333334,0.08460238373316283
mp-1232267,0.5828,1.3758,1.2573,1.0719666666666667,0.427754115507184
mp-1225805,-0.0085,0.4418,0.1985,0.2106,0.2253937221840928
mp-568808,0.9332,0.9532,0.6012,0.8292,0.1977068537001184
mp-10678,0.8866,0.9221,0.4463,0.7516666666666666,0.26505030340170027
mp-32798,1.2832,1.0429,0.962,1.0960333333333334,0.1670620343864318
mp-38511,0.4779,0.8449,0.4983,0.6070333333333333,0.2062509474725712
mp-1080314,1.0148,2.2556,1.0006,1.4236666666666664,0.7205103839177707
mp-1023128,0.1158,0.4845,1.3846,0.6616333333333334,0.6526833254598537
mp-1216618,0.9942,0.9329,1.2096,1.0455666666666665,0.14532592106480297
mp-1220206,-0.1762,0.2771,1.0362,0.37903333333333333,0.6125938649164986
mp-632475,1.0095,0.4925,-0.1573,0.4482333333333333,0.5846582021432124
mp-18377,1.9847,1.9734,2.0348,1.9976333333333336,0.03267940227931563
mp-7498,0.5269,-0.1904,0.5113,0.2826,0.40970427139584475
mp-21515,0.1134,0.0964,0.6272,0.27899999999999997,0.30166981950470284
mp-1119,-0.0431,0.4,0.5232,0.29336666666666666,0.2978286811798577
mp-1245169,2.0954,2.1373,1.6844,1.9723666666666668,0.2502648663582913
mp-1101826,0.9377,1.3632,0.6823,0.9944000000000001,0.3439729204457816
mp-13682,0.417,0.562,0.8356,0.6048666666666667,0.21256682086660028
mp-982778,0.4143,0.0177,-3.679,-1.0823333333333334,2.257505531185546
mp-571195,0.3692,0.3765,-0.9621,-0.07213333333333331,0.7707423845444945
mp-1208313,2.601,0.797,1.5409,1.6463,0.9066067890767199
mp-556005,1.9762,1.9782,2.0936,2.016,0.06721101100266232
mp-1101969,-3.6532,0.1407,-0.344,-1.2855,2.0647605163795633
mp-684798,0.1916,0.7657,0.1547,0.3706666666666667,0.3426060468429204
mp-1078669,-0.1817,0.885,0.2171,0.3068,0.5389775412760721
mp-1080270,1.0624,1.5598,1.4045,1.3422333333333334,0.25447896442207824
mp-1095479,1.1433,1.3221,1.0736,1.1796666666666666,0.1281794185247122
mp-12884,0.3389,0.3675,1.9289,0.8784333333333333,0.9098432026087426
mp-570,0.5297,0.1651,-1.552,-0.28573333333333334,1.1116684502734318
mp-1208342,0.7685,1.1911,1.2647,1.0747666666666666,0.26777545319415175
mp-1205384,0.372,0.4968,0.1772,0.3486666666666667,0.16107257163568642
mp-1245236,2.122,2.1478,1.7547,2.0081666666666664,0.21988729688941414
mp-567370,1.0429,0.725,0.9869,0.9182666666666667,0.16969974464722487
mp-350,0.0449,0.5266,1.7617,0.7777333333333334,0.885523304794026
mp-974381,0.2355,0.3529,0.3745,0.3209666666666667,0.07480008912650662
mp-569701,-0.2056,0.3123,-0.6943,-0.19586666666666666,0.5033705825068976
mp-1219373,0.3572,0.356,0.2381,0.3171,0.06841863781163726
mp-1101873,0.4214,0.9816,0.7262,0.7097333333333333,0.2804627842216028
mp-1183665,0.9436,0.2147,0.556,0.5714333333333333,0.3646950004227277
mp-604910,-0.7098,0.1083,0.1555,-0.1486666666666667,0.4865284404157
mp-7132,1.894,1.6565,0.8085,1.453,0.5706459059697178
mp-1080642,1.2328,1.5189,1.5827,1.4447999999999999,0.18634808826494575
mp-556225,0.9864,1.2368,1.0641,1.0957666666666668,0.12816833982436268
mp-1013526,-0.0504,0.0785,-0.6074,-0.19310000000000002,0.36453692542731525
mp-1184547,-0.949,0.9167,3.1639,1.0438666666666665,2.0593967862782865
mp-1200836,1.9736,1.9644,2.0276,1.9885333333333335,0.03414400874726542
mp-1413688,0.4773,1.2437,0.2543,0.6584333333333333,0.51897500260931
mp-990083,1.3299,1.4462,1.217,1.3310333333333333,0.11460420294794303
mp-32983,0.7211,0.3445,0.7571,0.6075666666666666,0.22853239011862922
mp-684712,1.5168,1.1081,1.0822,1.2357000000000002,0.2437839412266525
mp-504,1.1437,0.9651,1.5901,1.2329666666666668,0.321920259277563
mp-571486,0.1105,0.7332,0.1556,0.3331,0.34722976542917516
mp-1180929,2.0558,1.9462,1.6649,1.8889666666666667,0.20163690965032502
mp-2288,-0.1655,0.4569,0.5928,0.29473333333333335,0.40432442831633775
mp-1214753,0.6608,1.2879,1.1732,1.0406333333333333,0.3339072376174756
mp-1220657,0.7197,0.3462,0.7842,0.6167,0.2364693426218291
mp-2039388,0.4813,0.7593,1.2416,0.8273999999999999,0.38469758252424724
mp-685069,0.4345,0.5215,0.4339,0.4633,0.050403571302041664
mp-1245213,1.991,2.0657,1.5345,1.8637333333333335,0.2875603646772854
mp-31103,0.4954,1.2363,0.3536,0.6951,0.4740251997520807
mp-1071948,0.2904,0.9022,0.7318,0.6414666666666667,0.31574498148558644
mp-1232236,1.1076,0.455,1.5308,1.0311333333333332,0.5419610441104907
mp-22562,1.2839,0.4624,1.5592,1.1018333333333332,0.5706170023170826
mp-1208221,0.4827,0.4504,0.0609,0.3313333333333333,0.23475830833717756
mp-568220,-0.8364,0.387,-0.1295,-0.19296666666666665,0.6141643943874745
mp-1002210,-1.8326,0.3122,1.124,-0.1321333333333333,1.5275617739827525
mp-20120,-0.2749,0.5541,2.1264,0.8018666666666666,1.2196727689562201
mp-32758,0.4914,0.1516,0.1495,0.26416666666666666,0.19679264044504646
mp-1025470,0.5004,0.3596,1.0186,0.6262,0.3470439165293061
mp-1200463,-0.6578,0.3857,-0.5556,-0.27590000000000003,0.5752365861104455
mp-20123,0.4514,0.356,1.0814,0.6295999999999999,0.3941671219165799
mp-1220475,0.674,0.246,0.795,0.5716666666666667,0.2884516135044721
mp-2578,-0.3313,0.812,-0.2433,0.07913333333333336,0.6362044980455053
mp-679962,0.2704,-0.4437,-1.3729,-0.5154,0.8239929550669715
mp-849083,0.2789,0.1475,0.0935,0.1733,0.09535470622890094
mp-560786,1.2082,1.7605,1.1769,1.3818666666666666,0.32827933735362225
mp-1476,0.3237,0.8137,0.4574,0.5316,0.253286853192186
mp-556448,1.9817,1.9804,2.0911,2.0177333333333336,0.06354072185089915
mp-604914,0.7636,0.1539,-0.1948,0.2409,0.4850869921983066
mp-380,1.2719,1.4804,1.5856,1.4459666666666664,0.1596595231526554
mp-581212,0.3447,0.2437,0.2945,0.2943,0.050500297028829445
mp-684641,1.0979,0.3433,0.5541,0.6651,0.38935336135700693
mp-1215375,0.7461,0.5926,1.6403,0.993,0.5658078560783687
mp-684822,0.2581,0.1206,-0.3877,-0.0030000000000000027,0.34017955552913526
mp-1080856,1.3421,1.4953,1.5349,1.4574333333333334,0.10182520971416324
mp-2423,-2.5658,0.6056,0.7377,-0.4075,1.8703092712169287
mp-975652,-0.0943,0.5731,1.0023,0.4937,0.5525949330205625
mp-9978,0.9039,1.5524,0.957,1.1377666666666666,0.36006319352765476
mp-1080281,0.8126,1.629,1.1067,1.1827666666666667,0.41348136999547314
mp-1537871,1.0702,1.2213,1.0501,1.1138666666666668,0.09358121250194044
mp-541582,0.31,0.9578,0.25,0.5059333333333333,0.3924762583053061
mp-722,1.2393,0.9088,1.2473,1.1318000000000001,0.19316508483677894
mp-983,0.0849,0.7113,0.3724,0.38953333333333334,0.31355127703987007
mp-554115,1.9864,1.9819,2.0905,2.0196,0.06144241206202767
mp-696673,-0.0166,0.36,0.9812,0.44153333333333333,0.5038719810957276
mp-1407236,0.3029,0.3825,0.1297,0.2717,0.12925571554093845
mp-1025799,0.5318,0.5319,0.4184,0.4940333333333333,0.0655004071234167
mp-542621,1.4825,0.5341,1.2698,1.0954666666666666,0.4976542206525866
mp-1080866,0.9536,1.5095,1.4181,1.2937333333333332,0.29808807982429175
mp-1022717,0.6935,0.9284,0.8727,0.8315333333333333,0.1227416935410838
mp-684898,0.2859,0.211,0.3569,0.2846,0.07295868693993883
mp-850131,1.2527,0.3855,-0.0313,0.5356333333333333,0.6550335971027236
mp-2750118,0.3482,0.4547,0.1543,0.31906666666666667,0.1523043116045417
mp-555543,1.9808,1.98,2.0918,2.017533333333333,0.06431806381828782
mp-571651,-0.4157,0.4043,-0.3481,-0.11983333333333335,0.4551694775941521
mp-505536,0.0807,0.6285,-0.2395,0.15656666666666666,0.43894511426069355
mp-1147712,0.6673,0.6744,0.7879,0.7098666666666666,0.06767202770224442
mp-1072244,-1.4228,0.4509,-0.0607,-0.3442,0.9684870210797871
mp-1240,0.6793,0.0544,0.9441,0.5592666666666667,0.45683424054391253
mp-15669,0.4427,0.4706,0.1134,0.34223333333333333,0.19866585849947477
mp-503,0.2125,2.3006,0.879,1.1307,1.0665622672868191
mp-1102447,0.4421,0.8087,0.0539,0.4349,0.37745150681908796
mp-618,-1.6591,-0.794,-1.3968,-1.2832999999999999,0.4435777158514616
mp-684970,0.658,0.0604,0.1063,0.2749,0.3325671511138766
mp-1173629,1.1191,0.6576,0.8683,0.8816666666666667,0.2310401768812804
mp-554713,1.9788,1.9791,2.0929,2.0169333333333337,0.06578923417500275
mp-8628,0.4708,0.2246,0.3558,0.35040000000000004,0.12318879819204342
mp-557054,1.9857,1.9816,2.0917,2.0196666666666663,0.062416370715809195
mp-10652,0.3956,1.6457,-0.8682,0.3910333333333334,1.256956221725058
mp-14787,1.2617,2.0185,1.6592,1.6464666666666667,0.3785606468365846
mp-1025459,0.3323,0.2952,1.5015,0.7096666666666667,0.6859986321657889
mp-2212763,0.8115,0.8522,0.6582,0.7739666666666666,0.10230133593132267
mp-556105,1.9901,1.9758,2.039,2.0016333333333334,0.033140961563197575
mp-1525,0.5036,0.5408,-1.065,-0.00686666666666665,0.9165590942941613
mp-1104180,0.0896,0.4349,0.3003,0.2749333333333333,0.17404201599996863
mp-568789,-1.3364,0.5469,-0.539,-0.44283333333333336,0.9453257339844998
mp-299,0.3547,0.322,0.4804,0.3857,0.08362649101809784
mp-1080636,1.5178,1.6133,1.361,1.4973666666666665,0.12738509855290503
mp-1018727,0.5451,1.1296,0.8026,0.8257666666666666,0.29293784892589986
mp-1225676,1.4462,-0.7799,0.6392,0.43516666666666665,1.1269882445408796
mp-1217116,0.5829,0.0375,1.1896,0.6033333333333334,0.5763217359542614
mp-1217073,1.4101,0.757,2.6707,1.6125999999999998,0.972788060165214
mp-1102261,0.6648,1.6495,0.5803,0.9648666666666665,0.5944132933686236
mp-10281,1.9838,1.9807,2.0913,2.0185999999999997,0.06297912352518094
mp-9946,1.98,1.9798,2.0923,2.0173666666666663,0.06489424730539158
mp-13141,0.9912,1.2888,2.0375,1.4391666666666667,0.5391136460277494
mp-645273,0.2781,0.6364,-0.0394,0.2917,0.3381052055204119
mp-685128,0.1731,0.2129,0.3558,0.24726666666666666,0.09607613300572278
mp-438,1.4806,1.8214,1.4926,1.5981999999999996,0.19338996871606345
mp-1215634,0.2461,0.7038,1.5123,0.8207333333333334,0.6411479262489533
mp-555594,1.9807,1.98,2.0917,2.017466666666667,0.06428890521181185
mp-568761,0.2156,0.712,0.2193,0.38230000000000003,0.2855345688353688
mp-14643,0.6028,0.5398,-0.3722,0.2568,0.5456399912029909
mp-1192175,0.5305,0.377,-0.3026,0.20163333333333333,0.44337230781064046
mp-1096941,1.7296,1.0824,0.5985,1.1368333333333334,0.5675112715473881
mp-672389,-2.2502,0.1474,-1.7922,-1.2983333333333331,1.2728117116578292
mp-1080351,0.9361,1.7451,1.3578,1.3463333333333332,0.404621876983108
mp-1443423,0.6217,-0.7029,-0.0928,-0.057999999999999975,0.662985346746065
mp-1008471,0.0838,0.5092,0.4094,0.33413333333333334,0.22246368992114945
mp-1184749,3.3979,2.0456,1.304,2.249166666666667,1.061689146282156
mp-1106376,0.4527,0.897,-0.6635,0.22873333333333332,0.8039968055492095
mp-1425201,2.0928,0.7808,1.5003,1.4579666666666666,0.657023655078973
mp-7597,-0.1679,0.3461,-0.6979,-0.17323333333333332,0.5220204338273869
mp-32688,0.5394,0.567,0.551,0.5524666666666667,0.013858330827820954
mp-570562,0.1194,0.2036,0.2328,0.1852666666666667,0.05888100995510635
mp-1100266,1.0267,1.6268,1.5671,1.4068666666666667,0.33058439668764367
mp-619501,-1.4524,-0.107,-1.0799,-0.8797666666666667,0.6946692042500037
mp-581425,1.9935,1.9779,2.0417,2.0043666666666664,0.03325918419524652
mp-16380,0.4949,0.5339,0.3225,0.4504333333333333,0.11249645920353821
mp-32727,0.5034,1.3757,0.5757,0.8182666666666666,0.4841030503243429
mp-1080308,1.0931,1.8242,1.4624,1.4599,0.3655564115153775
mp-1080257,1.0117,1.6685,1.4042,1.3614666666666668,0.3304786881681379
mp-553880,1.9835,1.9809,2.0915,2.0186333333333333,0.06311777351375222
mp-510404,0.6493,0.905,0.8566,0.8036333333333333,0.13582975864416952
mp-530018,1.1733,0.4655,1.363,1.0006000000000002,0.4730174732501961
mp-1216498,0.0048,0.0027,-0.3193,-0.10393333333333332,0.1865159599962784
mp-555410,1.9821,1.9805,2.0916,2.0180666666666665,0.06368675948211956
mp-1220359,1.24,1.6802,1.2206,1.3802666666666665,0.2599309395461289
mp-1080327,0.6263,1.2912,1.1287,1.0153999999999999,0.3466275667052463
mp-570325,1.4475,1.7427,1.0154,1.4018666666666668,0.3657910924740148
mp-684911,0.5753,0.8382,-0.6596,0.2513,0.7997394638255637
mp-2562,-0.7789,-0.1779,0.3812,-0.1918666666666667,0.5801760968303791
mp-1189125,0.8485,1.3548,0.7724,0.9918999999999999,0.3165755991860396
mp-975439,-0.7745,-0.9782,1.6537,-0.032999999999999995,1.4642715219521276
mp-1406,-2.4817,0.1826,-1.8428,-1.3806333333333332,1.3909788435965995
mp-1187309,1.5113,1.9889,0.7073,1.4024999999999999,0.6476902963608455
mp-571571,0.136,0.5718,-0.5385,0.056433333333333335,0.5594101029954083
mp-464,0.7715,0.9354,0.7408,0.8159000000000001,0.10462222517228355
mp-1188055,-1.1059,1.4151,1.8069,0.7053666666666666,1.580788415105998
mp-1042098,1.1451,2.5096,2.8749,2.1765333333333334,0.9117302579893535
mp-1237627,-0.435,-0.418,0.9941,0.04703333333333334,0.8202278362341363
mp-556732,1.9786,1.9793,2.0926,2.016833333333333,0.06561679155013095
mp-1080328,0.473,1.4286,1.1013,1.0009666666666668,0.48563661654917806
mp-1193977,1.4952,1.2693,1.3486,1.3710333333333333,0.11460865296012049
mp-1080275,0.9033,1.8204,1.7528,1.4921666666666666,0.511092362820394
mp-1080365,1.3428,1.5063,1.6013,1.4834666666666667,0.13075390370208198
mp-1080274,0.7987,1.6098,1.0938,1.1674333333333333,0.41053282856957163
mp-32861,0.4454,1.3525,-0.8545,0.31446666666666667,1.109310553151521
mp-12406,-1.6394,0.1796,0.6697,-0.2633666666666667,1.216614278780803
mp-616476,0.0711,0.1911,0.5156,0.25926666666666665,0.22995669882248118
mp-1087512,0.5389,0.9096,1.4122,0.9535666666666667,0.43830699667394457
mp-1019266,-0.2141,1.0426,0.4816,0.43670000000000003,0.6295520073830279
mp-1189209,0.6113,0.5847,-0.3824,0.27119999999999994,0.5661904361608381
mp-1018807,0.4233,0.534,0.3326,0.42996666666666666,0.10086537232040209
mp-685003,0.8906,0.8279,0.5018,0.7401,0.20874144293838726
mp-1087554,1.4225,2.1877,1.5375,1.7159000000000002,0.41261686829309335
mp-30527,0.7744,0.8138,0.6833,0.7571666666666667,0.06693506803860985
mp-32633,1.4702,1.9882,0.9164,1.4582666666666668,0.5359996393033613
mp-1206272,1.4403,0.3448,0.4172,0.7341000000000001,0.6126575470848294
mp-209,0.5598,1.2188,0.789,0.8558666666666667,0.33454986673638565
mp-15257,1.1874,0.8037,0.8659,0.9523333333333333,0.2059355805423952
mp-1232276,0.1798,1.3424,0.6345,0.7189,0.5858772994407618
mp-1105684,0.5243,0.5388,-0.6503,0.13759999999999997,0.6823799308303257
mp-1102743,1.3567,1.5048,1.3218,1.3944333333333334,0.09716019418122485
mp-1071078,-0.487,0.1422,0.3043,-0.013499999999999993,0.4179961602694455
mp-13567,1.3626,1.4623,1.5019,1.4422666666666668,0.07177829291180816
mp-1103738,-1.228,-0.0248,0.1795,-0.3577666666666666,0.7605354451525145
mp-2831205,0.587,0.2055,0.4789,0.42379999999999995,0.1966279990235368
mp-684604,0.9068,0.1753,1.552,0.8780333333333333,0.6888006702474478
mp-799,0.1004,0.42,-0.2617,0.08623333333333333,0.34107073068988686
mp-1219856,1.6954,1.8338,2.0932,1.8741333333333337,0.2019437875581552
mp-1101100,0.9756,1.2791,1.3378,1.1975,0.19439940843531392
mp-7951,0.9423,1.61,1.4149,1.3224,0.3433263898974269
mp-1077263,0.1845,-0.4513,-0.0323,-0.0997,0.3232142942383582
mp-1209671,0.0932,0.7592,0.8535,0.5686333333333334,0.4144282366506092
mp-10033,0.8562,0.4409,1.2319,0.843,0.39566517410558133
mp-228,-0.7585,0.0486,-1.1688,-0.6262333333333333,0.6193840031299915
mp-1232181,1.8118,1.3218,0.889,1.3408666666666669,0.46169536854221677
mp-1004526,1.2195,1.6875,1.2675,1.3915,0.2574645606680655
mp-1217172,0.3646,-0.2483,-0.1913,-0.025000000000000005,0.3386050354026059
mp-1232178,0.8607,1.1112,-0.6404,0.44383333333333336,0.9472903479574429
mp-1207855,0.4054,0.0505,-1.058,-0.20070000000000002,0.7633550746539909
mp-10204,-0.8649,-0.8131,0.5036,-0.39146666666666663,0.7755830473478217
mp-1442954,0.2711,0.5467,0.1044,0.3074,0.22337320788312995
mp-1080352,1.0991,1.5038,1.5683,1.3903999999999999,0.2543262275110454
mp-1245004,1.9556,2.0887,1.5376,1.8606333333333334,0.28756182523647544
mp-1244969,2.0748,2.1155,1.6883,1.9595333333333336,0.2357748148834675
mp-32669,1.0542,1.2661,1.0139,1.1114,0.135480958071605
mp-620032,0.4715,0.0021,-0.9435,-0.15663333333333335,0.72073119353427
mp-1190,1.2644,1.4631,1.595,1.4408333333333332,0.1664209822508368
mp-29907,-2.0502,-0.7455,-2.3183,-1.7046666666666666,0.8414094861203628
mp-10014,1.5855,0.5609,1.6305,1.2589666666666666,0.6049620263564758
mp-558552,0.6091,-1.5028,0.9472,0.017833333333333368,1.3277131479854123
mp-1080340,0.1826,1.2917,0.8413,0.7718666666666668,0.5578005408148448
mp-1183733,-0.5247,0.1475,1.3635,0.3287666666666666,0.9570621784050047
mp-849075,-0.9334,0.6311,0.5262,0.07463333333333333,0.8745566896052728
mp-1187016,0.942,2.3988,2.342,1.8942666666666668,0.8251759893097553
mp-1080302,0.4797,1.3943,1.1704,1.0148000000000001,0.4767408205723525
mp-10646,0.5319,1.3416,1.4119,1.0951333333333333,0.48903922473901135
mp-32578,0.8323,0.8438,0.9927,0.8896000000000001,0.08947217444546657
mp-1042106,0.9635,-0.1519,1.6198,0.8104666666666667,0.8957090059463136
mp-1055905,0.8847,-0.1846,0.5741,0.42473333333333335,0.5500758341659207
mp-1181862,0.5492,0.2017,0.561,0.4373,0.2041208710543829
mp-1226722,1.1129,1.3252,1.1336,1.1905666666666666,0.11705436059085253
mp-1364133,0.294,-0.2516,-0.474,-0.14386666666666667,0.39517192882760954
mp-1220085,0.08,0.879,-0.284,0.225,0.5949041939673985
mp-973750,0.7122,0.6494,1.9938,1.1184666666666667,0.758710941883227
mp-1009008,0.3653,0.9303,-0.4262,0.2898,0.6813943425065988
mp-1080120,-0.7956,0.5669,1.2922,0.3545,1.0599823253243423
mp-1080631,1.5038,1.7246,1.6392,1.6225333333333332,0.11133954074511589
mp-1225993,1.2482,1.3609,1.1939,1.2676666666666667,0.08518487737464518
mp-1556,-0.6473,0.1306,-1.0778,-0.5315,0.6124662194766337
mp-685048,0.2313,0.4437,0.2178,0.29760000000000003,0.126706235047846
mp-1184541,-1.8779,0.2086,1.3815,-0.09593333333333327,1.6509020271758506
mp-1105836,0.3072,1.1872,0.669,0.7211333333333334,0.4423103133924568
mp-1634,0.4757,0.5591,0.3128,0.44920000000000004,0.12527014808005937
mp-1232344,1.4486,1.9937,0.7417,1.3946666666666667,0.6277400762523717
mp-1023939,1.3906,1.5497,1.2175,1.3859333333333332,0.1661491598935527
mp-557009,1.9804,1.9798,2.0921,2.0174333333333334,0.06466392605876421
mp-1080248,0.7594,1.8311,1.9911,1.5272,0.6697295200302881
mp-794,0.172,-0.0397,0.1569,0.0964,0.11810762041460322
mp-1080311,1.3507,1.7949,1.4272,1.5242666666666667,0.2374760268602566
mp-1080855,1.3468,1.5414,1.5683,1.4855,0.12086839950954927
mp-1042086,1.1186,0.5304,1.294,0.981,0.3999644484201065
mp-849079,0.4674,-0.491,0.0823,0.019566666666666663,0.4822698864052506
mp-13870,0.7476,0.7485,0.0973,0.5311333333333333,0.3757109571643251
mp-1104233,0.0298,0.6608,-0.2895,0.13370000000000004,0.4835947993930456
mp-973676,0.1874,0.8042,0.8114,0.601,0.35820619760132566
mp-1967,0.3805,0.1605,0.9849,0.5086333333333334,0.42687521986329136
mp-11687,0.1669,-0.0708,-0.5131,-0.139,0.34509191529214356
mp-684971,0.4735,1.0876,2.5631,1.3747333333333334,1.0739838003123385
mp-1080268,0.6297,1.3295,1.1082,1.0224666666666666,0.357690736996827
mp-1019324,0.3525,0.9998,1.6732,1.0085,0.6603929814890525
mp-1220631,0.9708,0.6294,1.2579,0.9527000000000001,0.31464069984666637
mp-1078991,0.1686,1.0041,1.2647,0.8124666666666668,0.5726266701205361
mp-1087552,1.0886,1.5935,1.4885,1.3902,0.26641728547524834
mp-1008650,0.2444,1.0351,1.292,0.8571666666666666,0.5459960103639342
mp-1080374,1.2262,1.5502,1.5447,1.4403666666666666,0.18549415983618822
mp-20560,1.3784,1.0709,0.8926,1.1139666666666665,0.2457467463331577
mp-555283,1.305,0.5261,-5.6679,-1.2789333333333335,3.8208562657254372
mp-1447,0.6764,0.7251,0.9147,0.7720666666666666,0.12590124436769212
mp-1100189,0.9215,1.7565,1.5232,1.4004,0.4308319045753228
mp-1245300,2.0535,2.1206,1.7027,1.9589333333333334,0.22442647645349986
mp-1105821,0.5292,1.3211,0.7014,0.8505666666666666,0.4164906041357155
mp-7475,1.5317,2.0607,1.7689,1.7871,0.2649692057579523
mp-556152,1.9816,1.9803,2.0918,2.0179,0.06400257807307459
mp-542388,1.173,0.6462,7.6611,3.1601,3.906869630535424
mp-1080261,1.4372,1.5684,1.5335,1.5130333333333335,0.06795236076350353
mp-2285,0.5867,0.9506,0.8272,0.7881666666666667,0.18506351162056053
mp-1080293,0.8304,1.5878,1.0921,1.1701,0.3846773843105415
mp-1025522,-0.6048,0.6585,0.6398,0.23116666666666666,0.7240287448253234
mp-1269,1.2522,1.4073,0.9991,1.2195333333333334,0.20605131237954621
mp-1120781,-0.7198,0.1678,-0.0969,-0.21630000000000002,0.45568707464662633
mp-1238498,0.7456,-0.7462,0.7448,0.24806666666666669,0.8610602843781225
mp-569141,0.4256,0.811,4.3113,1.8493000000000002,2.140844760836245
mp-555151,1.9849,1.9814,2.0907,2.019,0.06211867674057453
mp-558229,1.3609,1.5768,1.6507,1.5294666666666668,0.15058666386281802
mp-17173,0.3015,0.5446,0.2757,0.3739333333333333,0.14836355122917935
mp-673650,2.2207,0.793,0.5671,1.1936,0.8966373347123127
mp-32629,1.3476,1.1137,1.4042,1.2884999999999998,0.15400379865444877
mp-1232221,1.4018,1.7035,0.5806,1.2286333333333332,0.5811334815112044
mp-1984,1.5482,0.5187,1.6034,1.2234333333333334,0.6109407199829893
mp-1080329,1.0608,1.6969,1.3993,1.3856666666666666,0.3182690737934388
mp-982779,0.4077,-0.264,0.6116,0.2517666666666667,0.45815416983078233
mp-1080295,0.8434,1.364,1.1831,1.1301666666666668,0.26430577620122747
mp-20587,-1.6928,0.3561,-0.0421,-0.4596,1.0863827548336729
mp-1080372,1.0041,2.1497,1.5197,1.5578333333333336,0.5737512120539123
mp-1207258,1.4104,-1.26,1.5352,0.5618666666666666,1.579016267596168
mp-570205,1.3799,1.1927,1.3521,1.3082333333333334,0.10101570834941127
mp-567832,1.0123,0.2881,0.0875,0.4626333333333333,0.4864773101937369
mp-10764,0.7814,1.3953,0.4813,0.886,0.4658914787801983
mp-12627,0.2832,-0.2515,0.4077,0.14646666666666666,0.35022587473419686
mp-1102324,0.2675,0.5521,1.1833,0.6676333333333334,0.4687039292915447
mp-32787,0.9694,0.4522,0.8631,0.7615666666666666,0.27314048278007663
mp-1270,0.8959,1.0364,0.8609,0.9310666666666667,0.09288478526289078
mp-15837,-0.1417,-1.1915,-0.5494,-0.6275333333333334,0.5292434442988722
mp-849065,0.6599,0.2601,-0.7979,0.04069999999999999,0.7532579106786733
mp-1173590,-0.0931,0.1669,0.2097,0.09449999999999999,0.16386970433853842
mp-685146,0.355,0.2633,0.1179,0.24539999999999998,0.11955923218221166
mp-974355,-0.0823,-0.0613,0.4679,0.10809999999999999,0.31177280189266027
mp-20215,1.0337,1.3119,1.3127,1.2194333333333334,0.16085028235391233
mp-1080858,1.2368,1.8636,1.4353,1.5118999999999998,0.3203439245560933
mp-1237669,0.4008,1.3535,0.4379,0.7307333333333333,0.5396506678707378
mp-1018804,-0.2225,1.4607,0.9653,0.7345,0.8650098496549044
mp-2480,0.1601,1.6249,-0.4863,0.4329,1.0817144909817933
mp-1120759,1.6821,2.1146,0.5016,1.4327666666666665,0.8349057332018586
mp-684674,0.2121,0.1314,0.1119,0.15180000000000002,0.05312372351407609
mp-561,-0.1183,-0.5127,-0.0698,-0.2336,0.24292111888429957
mp-1080307,0.4954,1.4737,1.137,1.0353666666666668,0.4970057578472641
mp-684710,0.3503,0.0986,0.4787,0.3092,0.19335436379869994
mp-1101258,0.1732,-0.4233,-0.0347,-0.09493333333333333,0.3027773164114732
mp-684969,0.2074,0.7127,0.7144,0.5448333333333334,0.2922270749491452
mp-643063,-0.0861,0.4333,-0.4785,-0.043766666666666655,0.45737172336441323
mp-1186431,-1.3363,-0.7292,-1.5458,-1.2037666666666667,0.42412581073701866
mp-1023940,0.5655,0.5208,0.4537,0.5133333333333333,0.05627275835902604
mp-1019107,0.0211,0.7216,0.3888,0.37716666666666665,0.3503948677325816
mp-31381,0.6836,-1.3984,-0.9957,-0.5701666666666667,1.1043051948321774
mp-582680,1.9951,1.9785,2.0433,2.0056333333333334,0.033659669239808794
mp-1407787,0.1313,0.8333,-0.055,0.30319999999999997,0.4684350862179305
mp-1009581,0.1551,0.6092,-0.0762,0.22936666666666664,0.3486831560791736
mp-10188,1.3152,0.5878,0.717,0.8733333333333334,0.38808217342894447
mp-1386044,-0.0891,-0.0108,1.0917,0.33059999999999995,0.6602935937899139
mp-7273,-0.6444,1.1789,1.0686,0.5343666666666667,1.0223305059193595
mp-1106121,0.607,1.3851,-0.1023,0.6299333333333333,0.7439651492733603
mp-1186234,-0.0951,0.4281,-0.4967,-0.05456666666666667,0.46373049644522335
mp-1023925,1.5248,1.4094,1.5093,1.4811666666666667,0.0626330849737847
mp-1185605,-0.0321,0.9145,0.4356,0.43933333333333335,0.4733110429023744
mp-1120748,0.3491,-0.1786,-0.6333,-0.15426666666666666,0.49165183141460317
mp-1103188,-0.0913,0.5454,2.0735,0.8425333333333334,1.112567266880225
mp-7859,0.3902,0.2257,1.7999,0.8052666666666667,0.8652957086067938
mp-2183,0.2113,0.8432,0.3856,0.4800333333333333,0.32636274807847376
mp-1080860,1.089,1.5237,1.6015,1.4047333333333334,0.2761862837530737
mp-1232269,-0.1051,0.9603,1.2305,0.6952333333333334,0.7061530240205258
mp-684922,0.5586,0.2156,1.0325,0.6022333333333333,0.41019422635299646
mp-1610,0.7435,1.0177,0.7929,0.8513666666666667,0.14615120024595532
mp-15622,0.8337,0.6104,0.824,0.7560333333333333,0.1262153846935203
mp-680850,0.4728,-0.2909,-0.875,-0.23103333333333334,0.6758914286579859
mp-1055,0.6307,0.4079,0.5467,0.5284333333333333,0.11251761343600093
mp-1080304,1.0082,1.853,1.3798,1.4136666666666666,0.42341702059947156
mp-976249,0.2548,0.5064,0.5355,0.4322333333333333,0.15434909566736477
mp-1393120,0.2727,0.5049,0.5195,0.4323666666666666,0.13846795056377967
mp-1280,0.5611,0.4939,-0.4525,0.2008333333333334,0.5668000470477516
mp-557175,1.9797,1.9797,2.0922,2.0172000000000003,0.06495190528383293
mp-1066497,-1.0373,0.3606,-1.1583,-0.6116666666666667,0.8441783599058514
mp-879,0.5311,0.5147,-0.4524,0.1978,0.5631494206691506
mp-1103226,0.5618,1.0229,0.7411,0.7752666666666665,0.2324410104377739
mp-1204799,-1.7302,0.4069,0.6139,-0.23646666666666663,1.2977448529404128
mp-32689,1.2995,1.1146,1.0587,1.1576000000000002,0.12602741765187453
mp-30797,0.2101,-1.0797,0.9473,0.02589999999999996,1.0259773291842273
mp-555569,0.2999,0.1972,0.1817,0.22626666666666664,0.0642375539177305
mp-1666,-0.815,0.6847,0.7692,0.21296666666666667,0.8912472515151637
mp-1080280,0.8193,1.0682,0.9155,0.9343333333333333,0.12551423558040473
mp-1080252,1.5376,2.1096,1.6175,1.7549,0.3097661537353621
mp-2779,0.7568,0.1853,0.4481,0.46340000000000003,0.2860570397665473
mp-1206038,-0.6809,-0.0471,-0.0506,-0.25953333333333334,0.3649184338086161
mp-646008,1.0973,1.3143,0.9898,1.1338,0.1653004839678336
mp-20250,0.6995,0.4619,0.7286,0.63,0.14630416945528246
mp-224,1.5111,1.6405,1.5138,1.5551333333333333,0.07394202684085238
mp-1215400,0.7652,0.4576,1.9051,1.0426333333333333,0.7625883577221286
mp-673649,0.5518,0.6211,2.0739,1.0822666666666667,0.8594784019004396
mp-2822,0.795,1.087,0.4894,0.7904666666666667,0.2988257909440437
mp-1094089,0.1986,0.2121,0.0526,0.15443333333333334,0.0884481957607578
mp-2749854,-4.6993,0.111,0.7548,-1.2778333333333334,2.9805108997172503
mp-1193856,0.4768,-0.8199,1.9488,0.5352333333333333,1.3852746165772811
mp-1025482,-0.1179,0.5962,-0.8969,-0.13953333333333337,0.7467850449314939
mp-1103658,1.5069,1.6712,1.601,1.5930333333333333,0.08243920992666864
mp-1094027,0.2578,1.0037,-0.8267,0.14493333333333336,0.9204049127059967
mp-22126,-2.9402,0.2605,0.806,-0.6245666666666666,2.0238603863244453
mp-849098,0.254,0.5869,-0.6009,0.08,0.612718703811137
mp-555037,1.0194,0.5407,1.5102,1.0234333333333334,0.4847625845022833
mp-685077,-3.3495,-0.2445,0.0105,-1.1945,1.870634918951317
mp-1513,0.4006,0.4561,0.4868,0.44783333333333336,0.04369054054750677
mp-1232273,1.1773,1.4203,1.0693,1.2223,0.17977485919894357
mp-1434,1.4191,1.5416,1.2878,1.4161666666666666,0.1269254242984176
mp-1095335,0.1864,0.0097,0.5102,0.2354333333333333,0.2538272312683045
mp-1206927,0.8403,-1.4807,2.2926,0.5507333333333334,1.9032432485978594
mp-1187477,0.3563,0.0688,-0.9454,-0.17343333333333333,0.6838226841318833
mp-755523,1.0405,0.5355,1.5265,1.0341666666666667,0.49553035561238157
mp-1181516,1.1932,0.4239,2.2558,1.2909666666666666,0.9198549577696112
mp-684860,1.3124,1.0584,1.3449,1.2385666666666666,0.156872825350133
mp-1217494,-1.4578,0.7681,0.4781,-0.07053333333333332,1.2101266889600168
mp-1011377,0.9471,1.4162,0.9962,1.1198333333333332,0.2578325102335493
mp-500,0.6142,0.6994,-0.0684,0.4150666666666667,0.4208560007096648
mp-1207843,0.0196,0.7885,-0.231,0.19236666666666666,0.5312544619420465
mp-642301,0.6901,0.4471,8.043,3.0600666666666663,4.317056949280763
mp-2269,-3.3422,0.5363,-0.2028,-1.0029000000000001,2.059322842586854
mp-2014814,0.8879,1.045,0.9586,0.9638333333333334,0.07868064141409452
mp-867290,0.3439,0.5938,-1.5657,-0.20933333333333337,1.181274905910277
mp-553942,-0.3056,0.4389,1.0906,0.40796666666666664,0.6986138155900822
mp-1173504,0.8041,0.5019,0.966,0.7573333333333334,0.2355579405015533
mp-1244986,2.1602,2.1238,1.6064,1.963466666666667,0.30976393162105453
mp-1219986,-0.5644,0.464,0.1617,0.02043333333333334,0.5285535387577434
mp-1080628,1.2904,1.5118,1.6367,1.4796333333333334,0.1753765757828945
mp-29832,-0.1624,0.8454,0.9839,0.5556333333333333,0.6256792016147998
mp-20328,-2.4912,1.0283,0.7881,-0.22493333333333335,1.9663157079506164
mp-1024087,0.9637,1.1776,1.593,1.2447666666666668,0.31998147342203004
mp-684959,0.0686,0.8017,1.0617,0.644,0.5149891940613901
mp-20683,-0.3066,-0.0225,0.3147,-0.004800000000000008,0.3110279569427803
mp-1080356,1.0552,1.5257,1.4573,1.3460666666666665,0.2542089757135522
mp-2207,-0.1671,0.3496,-0.6975,-0.17166666666666666,0.5235649370740303
mp-569388,0.3942,0.596,1.2062,0.7321333333333332,0.42277087569194416
mp-1534,0.621,0.2838,1.3427,0.7491666666666666,0.5409596318888622
mp-1018687,0.5764,1.1391,0.7961,0.8372,0.283592542215059
mp-1080334,1.3462,2.1787,1.3803,1.635066666666667,0.47110890814474454
mp-1101023,2.3711,-0.0172,1.3915,1.2484666666666666,1.2005574219225557
mp-1025572,0.3206,0.386,0.3419,0.3495,0.0333558090892726
mp-862373,1.0473,1.9766,1.0536,1.3591666666666666,0.53472223007215
mp-1200568,1.9702,1.9626,2.0252,1.986,0.03416021077218346
mp-393,-0.5082,-0.1631,-0.8075,-0.4929333333333334,0.32247115116446207
mp-645688,1.0117,1.1782,1.167,1.1189666666666664,0.09306429677020789
mp-1879,1.946,1.2595,0.9011,1.3688666666666667,0.5309659154157951
mp-1186803,-3.7009,0.5261,1.416,-0.5862666666666666,2.7338043279161974
mp-1226371,0.0013,0.2877,0.3664,0.21846666666666667,0.19214432943319804
mp-358,0.4353,-0.155,0.7216,0.3339666666666667,0.44699913124449503
mp-32826,1.1103,0.8076,1.0705,0.9961333333333333,0.16448289678058733
mp-16331,1.0534,1.306,1.7346,1.3646666666666665,0.344368542891672
mp-1190964,-1.7552,-0.1338,-1.2255,-1.0381666666666667,0.8267737437372654
mp-17329,1.3589,1.7172,1.6607,1.5789333333333335,0.19263712864692867
mp-561286,1.9831,1.9808,2.0909,2.018266666666667,0.06291282328216827
mp-1185993,-2.299,-0.1039,-2.7661,-1.7229999999999999,1.4214989307065975
mp-1219395,0.4288,1.0157,0.8024,0.7489666666666667,0.2970761574635927
mp-972,-1.3879,-0.5746,-0.0547,-0.6724,0.6719592175124915
mp-202,-0.2782,0.0867,0.4484,0.08563333333333334,0.3633011744177733
mp-9945,0.6116,0.7511,0.1222,0.4949666666666667,0.33027458778012775
mp-1213750,0.5107,0.1314,0.2976,0.3132333333333333,0.19013264667945204
mp-1247874,1.2777,1.4724,1.8321,1.5274,0.2812624930558641
mp-850049,0.1087,1.4894,0.7992,0.7991,0.6903500054320272
mp-10264,-0.3416,0.87,0.2024,0.2436,0.6068498331547929
mp-1245220,2.0476,2.1294,1.518,1.8983333333333332,0.3319079591292341
mp-1028698,0.3357,0.4033,0.3327,0.3572333333333333,0.039923092732569374
mp-680085,1.9933,1.9777,2.0413,2.0040999999999998,0.03314694556063957
mp-554889,1.9829,1.9805,2.0925,2.0186333333333333,0.06398166404004603
mp-226,-0.2416,1.7614,0.0335,0.5177666666666667,1.0857660444742843
mp-605,-0.8455,0.5933,1.2291,0.3256333333333334,1.0628853999059982
mp-637232,0.6023,0.6937,-0.0676,0.4094666666666666,0.41567167732879434
mp-1210280,0.0753,0.8209,-0.4225,0.1579,0.6258018536246117
mp-1068462,1.0209,1.4117,3.3865,1.9397,1.2681103422021287
mp-684964,0.5352,0.4975,0.653,0.5619,0.08111553488697465
mp-1245122,2.0246,2.0423,1.6333,1.9000666666666668,0.23119615769586946
mp-32736,0.5003,0.6906,0.9405,0.7104666666666667,0.22077142780109327
mp-1097707,-0.363,0.5178,0.0427,0.06583333333333335,0.44085544494009976
mp-964,0.2328,0.075,0.2021,0.16996666666666668,0.08366375160924433
mp-684605,0.8628,0.1221,0.2149,0.3999333333333333,0.40353082079728847
mp-1245117,2.0778,2.0916,1.6675,1.9456333333333333,0.24096934106506857
mp-1424931,-0.4261,0.4746,-0.1709,-0.04079999999999998,0.46423014766385
mp-684829,-1.2845,0.6572,0.2711,-0.11873333333333332,1.0278751107665431
mp-1245246,2.0836,2.1053,1.6338,1.9409,0.2661776286617643
mp-1100827,0.4034,-0.2526,2.1057,0.7521666666666667,1.2172195214230395
mp-1102847,0.9876,0.9568,1.2195,1.0546333333333333,0.1436068359561387
mp-1226350,0.1043,0.1541,0.5081,0.2555,0.2201705702404388
mp-1802,0.6703,0.5029,0.8347,0.6693000000000001,0.1659022603824312
mp-1147746,0.0006,0.7444,0.6584,0.4678,0.4068855858837961
mp-1232280,1.2987,1.4379,1.2368,1.3244666666666667,0.1029963267953442
mp-976881,-0.1787,-1.6998,-1.5056,-1.1280333333333334,0.8278609444425635
mp-14613,1.3149,1.2257,1.3801,1.3069,0.07751025738571642
mp-571144,0.5456,0.8853,-0.643,0.2626333333333333,0.8024822884857542
mp-12383,0.3293,0.5134,0.2343,0.359,0.14190056377618798
mp-19880,-1.1217,0.3905,0.2866,-0.14819999999999994,0.8446747835705765
mp-1237467,1.0577,1.8178,1.2613,1.3789333333333333,0.3934669024623715
mp-999540,-1.136,-0.1235,0.3324,-0.30903333333333327,0.7515760795377493
mp-616559,0.6665,0.0615,-0.7352,-0.0023999999999999946,0.7030313862125929
mp-1080330,-0.2946,0.9428,0.6072,0.4184666666666666,0.6399256936030411
mp-510402,1.4578,1.3245,0.929,1.2371,0.27502078103299754
mp-627,0.1232,0.8796,0.7345,0.5791000000000001,0.4014313266300975
mp-684606,0.6829,0.6182,0.4817,0.5942666666666666,0.10271301443017494
mp-21893,-3.6171,-2.2297,-0.0612,-1.9693333333333334,1.792191201667203
mp-943,0.304,0.2576,0.4084,0.3233333333333333,0.07723660617436096
mp-554462,1.0572,0.4991,0.8146,0.7902999999999999,0.27984240207659733
mp-1008682,-1.7506,0.2226,0.3482,-0.39326666666666665,1.1771614899126344
mp-7135,0.3538,1.1056,0.6435,0.7009666666666666,0.37918019902591604
mp-555280,1.9822,1.9804,2.091,2.017866666666667,0.06334171874312657
mp-974372,1.0829,-0.8817,0.6534,0.28486666666666666,1.0328484416086097
mp-849081,0.2754,0.1814,0.1114,0.1894,0.08229216244576391
mp-1178763,-0.0732,0.0896,-0.5879,-0.1905,0.3536538279165093
mp-1329,0.224,0.3374,0.0365,0.1993,0.1519630547205471
mp-987595,0.2293,0.3423,0.0469,0.2061666666666667,0.14905251870845168
mp-8850,0.9555,1.1351,0.8319,0.9741666666666667,0.15245948095587017
mp-426,-1.3748,0.5126,0.2794,-0.1942666666666667,1.0289994039518844
mp-1188427,0.5427,0.718,-0.6107,0.21666666666666665,0.7218616372500573
mp-684707,-0.1786,1.5031,0.0488,0.45776666666666666,0.9123974042780555
mp-675278,0.7867,0.2573,0.6623,0.5687666666666668,0.2768166420816012
mp-2176,0.4251,0.3863,-0.7702,0.0137333333333333,0.6791833061356362
mp-21042,0.2978,0.1426,1.201,0.5471333333333334,0.5715574978366861
mp-1080363,1.1756,1.4572,1.5838,1.4055333333333333,0.20894710654453524
mp-2832,0.1767,0.3615,0.263,0.2670666666666667,0.09246709324583169
mp-1080359,1.2611,1.7363,1.4353,1.4775666666666665,0.2404030227208745
mp-28919,0.2225,0.3108,2.4238,0.9857,1.246213436775579
mp-861979,0.2375,0.6817,0.6941,0.5377666666666667,0.2601124628566139
mp-1225858,0.3844,0.1237,0.3822,0.2967666666666667,0.1498841663863576
mp-1078538,-0.1937,0.3414,0.7212,0.2896333333333333,0.4596415378676445
mp-1217388,0.2944,0.5142,1.0358,0.6148,0.3808001575629926
mp-554253,1.9853,1.9815,2.0911,2.0193,0.06220964555436716
mp-1078815,0.1247,0.8512,-0.6868,0.09636666666666667,0.7693913720164357
mp-1183234,-4.7987,0.9619,-0.2407,-1.3591666666666669,3.038807965853277
mp-936248,0.9663,0.6853,0.5633,0.7383000000000001,0.20666155907667008
mp-1193639,0.6897,0.8897,0.8977,0.8257,0.11784735890124992
mp-1103177,-1.051,0.3403,0.5404,-0.05676666666666663,0.8668246323988107
mp-1018663,0.8392,0.9657,0.8598,0.8882333333333333,0.06787417280036152
mp-1103932,0.3491,0.8577,0.7537,0.6535000000000001,0.26869782284194266
mp-22700,0.5873,0.3433,-0.3948,0.1786,0.5113459396533818
mp-1103625,0.6716,1.0423,0.9123,0.8754,0.18808463520447385
mp-1077365,0.2254,0.7431,1.8185,0.9289999999999999,0.8126567602622894
mp-2243,0.9821,0.6392,1.3793,1.0002,0.37038184350748077
mp-1025077,0.8207,0.9848,0.9853,0.9302666666666667,0.09488784607805856
mp-9281,0.9122,0.8903,0.8745,0.8923333333333333,0.01893207155419957
mp-1190410,1.3059,1.2732,1.3869,1.322,0.058534861407540675
mp-1217676,0.8365,0.8702,0.829,0.8452333333333334,0.021944551335885933
mp-1104890,0.6181,1.0319,1.5984,1.0828,0.49212816420115607
mp-1186027,0.6837,0.5501,0.5423,0.5920333333333333,0.07948140243688034
mp-2275442,-1.3514,0.1576,0.534,-0.21993333333333331,0.9977884812590959
mp-767469,0.1532,-0.0046,-0.0109,0.0459,0.09297790060008884
mp-1080256,1.266,1.8068,1.4172,1.4966666666666668,0.2790203815733419
mp-1225811,0.4602,0.1092,0.302,0.29046666666666665,0.17578399623780697
mp-33239,-2.2903,-0.0719,1.0256,-0.44553333333333317,1.6892304766766828
mp-1179059,-0.6506,0.0046,-0.0043,-0.21676666666666664,0.37573704014022
mp-1244979,2.123,2.177,1.6742,1.9914000000000003,0.27602695520546555
mp-31053,1.3517,0.7077,1.1502,1.0698666666666667,0.3294299369112244
mp-1080291,1.297,1.8473,1.4947,1.5463333333333331,0.27875979504464654
mp-22422,0.5385,0.5528,-0.4796,0.20389999999999997,0.5919715449242472
mp-9521,0.6885,0.7596,0.731,0.7263666666666667,0.035775736656752925
mp-1080367,1.3004,1.5225,1.5738,1.4655666666666667,0.14532014083854083
mp-32682,-0.0616,0.4665,1.1751,0.5266666666666667,0.6205414920320264
mp-2470,0.6189,0.2018,1.0223,0.6143333333333333,0.4102690621206202
mp-2503,1.0962,0.1389,0.0386,0.4245666666666667,0.5838094923289047
mp-1219396,0.3164,0.4823,0.1733,0.324,0.15464013062591483
mp-9481,0.1286,0.2688,1.1382,0.5118666666666667,0.5469315252692364
mp-1084847,0.2672,0.8263,1.0578,0.7171,0.4064548806448263
mp-1018829,-0.289,0.9618,1.0995,0.5907666666666667,0.7650048126210274
mp-1539,0.1724,0.4219,1.7542,0.7828333333333334,0.8504278119472183
mp-1215426,0.2647,-1.2354,0.9749,0.0013999999999999568,1.128428859077966
mp-1826,1.019,-1.1576,1.3394,0.4002666666666666,1.3586299913270474
mp-685055,1.5178,0.0544,0.3832,0.6518,0.7677853606314723
mp-672690,-1.3433,0.4764,0.8568,-0.003366666666666666,1.175900524420894
mp-680184,0.8833,0.5245,0.069,0.49226666666666663,0.4081058236944596
mp-1820,-0.1853,0.6813,0.4803,0.3254333333333333,0.453582024923093
mp-1232155,-1.1527,0.013,-0.2636,-0.4677666666666667,0.6090789302983098
mp-10187,0.0134,0.3602,0.4588,0.2774666666666667,0.23394207260202968
mp-571033,0.3494,2.1015,-1.0631,0.4626000000000001,1.5853340247405276
mp-1874,0.9992,0.4912,0.8659,0.7854333333333333,0.2633859588765759
mp-1080364,1.4996,1.5082,1.1433,1.3837,0.20823690835200184
mp-10628,0.9634,0.2643,2.1048,1.1108333333333333,0.9290653923881427
mp-1561,0.7825,1.3413,0.6794,0.9344000000000001,0.3561363643325404
mp-1245319,2.1627,2.1614,1.7223,2.0154666666666663,0.2538906129287441
mp-541106,0.1735,0.7758,0.1075,0.3522666666666667,0.36827213217040106
mp-1094152,1.065,1.5354,1.4811,1.3605,0.2573466727976098
mp-556775,1.9809,1.9799,2.0923,2.0177,0.06460742991328461
mp-1080324,1.6726,1.6371,1.1601,1.4899333333333333,0.2861950092739798
mp-2530518,-2.4498,-1.0477,-2.0694,-1.8556333333333335,0.7250815425407914
mp-1225508,0.6353,1.1284,0.9314,0.8983666666666666,0.24820415655933997
mp-2833,0.2219,1.0221,0.4665,0.5701666666666667,0.4100488913938597
mp-1080345,0.7212,0.9591,0.8795,0.8532666666666667,0.12110013762722706
mp-1244974,2.0619,2.0851,1.611,1.9193333333333333,0.26727634263685474
mp-12581,0.1773,0.1744,-0.0714,0.09343333333333333,0.1427572181479218
mp-1208273,0.0382,2.0047,0.1758,0.7395666666666667,1.0977956109100335
mp-568841,0.7581,0.87,0.2567,0.6282666666666666,0.3266140586890487
mp-1080638,1.1982,1.5089,1.5486,1.4185666666666663,0.19187267479590037
mp-1215747,-0.6946,0.3601,0.3426,0.002699999999999999,0.6039429029304012
mp-28910,0.2498,0.4416,0.1109,0.26743333333333336,0.166053676060885
mp-850249,-0.7267,0.1688,0.2581,-0.09993333333333336,0.544629198017636
mp-2550,-0.4141,0.5302,1.2482,0.4547666666666667,0.8337133580154112
mp-1042100,0.2815,0.7592,1.2214,0.7540333333333334,0.46997130054220687
mp-556543,1.9837,1.9809,2.0914,2.018666666666667,0.06300447074083981
mp-1077021,0.4611,0.5424,0.6673,0.5569333333333334,0.10386540970570199
mp-684997,-0.3945,0.7592,-0.3315,0.01106666666666665,0.6486677603622161
mp-1183858,0.9058,1.2764,1.0651,1.0824333333333334,0.18590702873569176
mp-878,1.346,1.3289,1.1603,1.2784000000000002,0.10263435097471017
mp-1245050,2.1234,2.091,1.6749,1.9631,0.2501137141381896
mp-1080633,1.0504,1.9042,1.3525,1.4357,0.43293797477236845
mp-581412,1.9863,1.9742,2.0359,1.9988,0.0326941890861357
mp-674831,0.3691,0.4741,0.4465,0.42989999999999995,0.05443271075373706
mp-10645,2.6184,1.165,1.7142,1.8325333333333333,0.733890300612655
mp-1449,1.346,1.5985,1.8049,1.5831333333333333,0.22983560066563513
mp-9824,0.6228,1.1277,0.8559,0.8687999999999999,0.2526970716094668
mp-557308,1.9828,1.9807,2.0911,2.0181999999999998,0.06314198286401848
mp-849078,0.0527,0.5304,0.3063,0.29646666666666666,0.23900176428916448
mp-1018732,0.2788,1.2105,1.5641,1.0178,0.6639645999599678
mp-1229101,0.0482,0.429,-0.0654,0.13726666666666668,0.25895461635841394
mp-1422029,-0.0122,0.0078,1.2405,0.4120333333333333,0.7175428651539456
mp-862796,-0.6825,1.0419,0.9732,0.4442,0.9763552580900049
mp-32800,-1.8144,1.9565,1.0274,0.3898333333333333,1.9646348625974581
mp-685107,0.4312,0.5647,0.1436,0.3798333333333333,0.21519805606309117
mp-10195,0.7712,0.8847,1.614,1.0899666666666665,0.4573606490870562
mp-20414,-0.1802,0.2677,-0.3501,-0.08753333333333335,0.3191544192602279
mp-1189748,0.4143,-0.3002,0.016,0.043366666666666664,0.3580352822465034
mp-1217915,1.4203,0.3342,1.8019,1.1854666666666667,0.7615089253142955
mp-1018954,0.3106,0.6818,0.8168,0.6030666666666666,0.2621236603844325
mp-1386900,0.4594,1.2589,0.7602,0.8261666666666666,0.40381154432895217
mp-557151,1.994,1.9778,2.0421,2.004633333333333,0.0334428368015235
mp-623012,0.964,-0.8113,0.6812,0.27796666666666664,0.9538712509208638
mp-31257,0.186,0.5472,0.327,0.3534,0.1820414238573188
mp-8591,-1.0356,0.8427,0.3838,0.0636333333333333,0.9792255834757041
mp-977351,-1.2535,1.2531,1.579,0.5262,1.5498554029328027
mp-28500,-1.7488,0.3596,0.7853,-0.2013,1.3569717425208234
mp-1008998,-0.318,0.6525,1.5987,0.6444,0.9583756726879079
mp-15651,-2.8404,0.0222,0.2479,-0.8567666666666666,1.7215795140897017
mp-862867,-0.7654,1.2585,0.2178,0.23696666666666666,1.0120861244643822
mp-1079888,-0.3476,0.7675,-0.1257,0.09806666666666664,0.5902674337394308
mp-666,-2.3829,0.243,-0.3939,-0.8445999999999999,1.3697392343070267
mp-1232237,1.0687,0.9173,1.1714,1.0524666666666667,0.1278254408689183
mp-2330,0.1027,0.3627,-0.347,0.039466666666666685,0.35905064173920276
mp-10629,0.5093,1.142,1.6517,1.101,0.5723025336305965
mp-555779,1.9818,1.9804,2.0912,2.0178,0.06357011876660303
mp-1080299,1.0503,1.7979,1.2034,1.3505333333333336,0.39492100897943294
mp-10000,1.0498,-0.7817,2.335,0.8677,1.5663093659938319
mp-1455,-0.8002,1.7434,0.843,0.5954,1.2897498051947904
mp-557058,1.965,1.9633,1.8277,1.9186666666666667,0.0787840296845327
mp-9092,1.2081,1.0238,0.8607,1.0308666666666666,0.17380777696447683
mp-1197019,0.9895,1.0552,1.0527,1.0324666666666664,0.03723121450252904
mp-9027,0.1785,-0.8621,-0.1068,-0.2634666666666667,0.537699194097716
mp-849092,0.4911,0.5036,0.3964,0.4637,0.05861765945515057
mp-1188216,0.4286,0.6526,-0.4966,0.19486666666666666,0.60921146848474
mp-974,0.6938,0.8156,0.9652,0.8248666666666665,0.13593709329441073
mp-1102900,0.7554,0.8677,0.8435,0.8222,0.05910236881885534
mp-1921,1.1878,0.9538,0.2543,0.7986333333333334,0.48570884625805744
mp-1080361,1.1908,1.5682,1.4839,1.4143000000000001,0.19809293273612763
mp-1009079,-0.5028,-0.0599,0.1093,-0.15113333333333331,0.316084234553597
mp-1025395,-0.147,0.4461,-0.5755,-0.09213333333333333,0.5130052663797257
mp-2000,0.0501,0.9339,-0.3962,0.19593333333333332,0.6769357601230218
mp-685124,-1.5854,-0.1131,0.0544,-0.5480333333333333,0.9022811442856009
mp-1245199,2.0993,2.1269,1.7167,1.9809666666666665,0.2292773284329119
mp-1708,0.2092,-0.0532,3.301,1.1523333333333334,1.8654194631056398
mp-9920,-0.2569,0.7,0.3583,0.2671333333333333,0.4849205330085883
mp-1080859,1.0213,1.7107,1.9153,1.5491000000000001,0.468396114415993
mp-1098706,0.7111,1.0879,1.1632,0.9874,0.24222673262875016
mp-21021,0.3024,0.4068,0.0215,0.24356666666666668,0.19927378988048913
mp-30067,-1.8118,-0.1793,-1.1256,-1.0389,0.8196961205227214
mp-1183684,-0.204,-1.3307,0.6478,-0.2956333333333333,0.9924278630375779
mp-680259,-0.3306,0.0672,0.4585,0.06503333333333333,0.39455446180892867
mp-556784,1.9825,1.9807,2.0904,2.0178666666666665,0.06282215638875607
mp-755263,0.3003,0.3831,0.1129,0.26543333333333335,0.13843328116220224
mp-2194,0.1005,3.4019,-0.677,0.9417999999999999,2.1656859352177547
mp-1207306,0.9594,-0.726,5.1404,1.7912666666666663,3.020374786898694
mp-9429,-0.8258,0.6675,0.4018,0.08116666666666666,0.7966119025807569
mp-10534,1.2223,1.37,1.0905,1.2276,0.13982535535445642
mp-684555,-1.0222,0.7695,0.4622,0.06983333333333332,0.9581288657238823
mp-22536,-3.656,0.228,0.7441,-0.8946333333333333,2.405296073944606
mp-28228,0.1949,0.6322,0.1757,0.33426666666666666,0.2581963658406782
mp-1390196,0.1643,0.3937,0.2797,0.2792333333333334,0.11470071200011503
mp-1181961,0.1351,0.0307,0.1391,0.10163333333333334,0.06146261736481235
mp-1232214,0.9576,1.2527,1.1147,1.1083333333333334,0.14765298281217795
mp-1011375,0.4223,1.243,0.6809,0.7820666666666667,0.4195987885270087
mp-1239169,0.9229,0.247,0.7099,0.6266,0.34556384359478354
mp-556576,1.9912,1.9767,2.0396,2.0025,0.0329373648004816
mp-1079832,0.3242,0.294,0.6524,0.4235333333333333,0.19877870442613646
mp-525,-0.038,0.6553,-0.2026,0.13823333333333332,0.45529303018312645
mp-1102379,0.5723,2.2783,-0.7978,0.6842666666666667,1.5411035667122872
mp-1018107,-0.1902,0.8037,1.5524,0.7219666666666665,0.8741704315139774
mp-1224800,-1.6957,0.1614,0.286,-0.41609999999999997,1.1099159472680802
mp-849060,-0.0669,0.0875,-0.5939,-0.19110000000000002,0.3572754119723326
mp-370,0.4916,0.2125,0.5391,0.41439999999999994,0.17645614185967007
mp-1247786,0.7218,0.8827,0.8861,0.8302,0.0938925449649758
mp-1922,0.0121,0.9836,0.2468,0.4141666666666666,0.5069139604837624
mp-683941,0.6497,-1.8132,-1.0506,-0.7380333333333334,1.260849928950045
mp-1072113,-0.1787,0.3441,-0.6982,-0.1776,0.521150870669905
mp-1274,0.1606,0.5269,-0.012,0.22516666666666665,0.27519073991203513
mp-32645,1.4096,1.0743,1.19,1.2246333333333335,0.1703118414360356
mp-984598,1.2655,0.7281,2.3582,1.4506,0.8306641980969206
mp-1223902,1.0977,0.7979,1.9043,1.2666333333333333,0.572218571293639
mp-1095508,1.4703,0.9897,1.0798,1.1799333333333333,0.255468399872339
mp-1189540,0.1512,0.0936,0.4537,0.23283333333333334,0.19343216726628829
mp-568971,0.4775,1.28,0.876,0.8778333333333334,0.4012531412130419
mp-21335,-1.8992,0.5404,-0.1098,-0.4895333333333333,1.2633527192883756
mp-1078012,0.3504,0.0699,0.443,0.28776666666666667,0.19427584341171533
mp-684619,1.3036,1.1305,1.0804,1.1715,0.11711238192437215
mp-1100925,0.027,0.7904,-0.3119,0.1685,0.5646087229223439
mp-561118,1.9775,1.979,2.0931,2.0165333333333333,0.06631291980702812
mp-685189,0.5068,0.5302,0.3648,0.46726666666666666,0.08950672228013566
mp-1019322,0.2543,0.0947,0.2467,0.19856666666666667,0.09003140192917877
mp-2309,0.7617,0.836,1.0344,0.8773666666666667,0.14097774055975407
mp-1245082,2.1363,2.1161,1.564,1.9387999999999999,0.3247434217963467
mp-1453,0.6005,0.421,0.828,0.6164999999999999,0.20397119894730234
mp-571133,-0.1698,0.3417,-0.7049,-0.17766666666666664,0.5233443448947674
mp-2637,0.4543,1.5289,0.4853,0.8228333333333332,0.6116680908248633
mp-21273,-0.9011,0.5397,0.7315,0.12336666666666667,0.8923820781107906
mp-545,0.4192,0.0451,0.3756,0.2799666666666667,0.20456540111498167
mp-570668,0.9533,1.2782,1.1262,1.1192333333333335,0.1625619984293172
mp-865430,-0.1249,0.4049,3.3283,1.2027666666666665,1.8597287364917856
mp-557762,0.6699,0.2233,-0.4533,0.14663333333333334,0.5655111787872397
mp-28963,-2.0722,1.3206,0.6455,-0.03536666666666669,1.7959558801188114
mp-602,0.1293,0.0284,0.0204,0.05936666666666667,0.06069599108123479
mp-15670,1.2077,0.7914,1.2467,1.0819333333333334,0.2523637520194478
mp-2416214,0.7715,1.3622,0.5213,0.8850000000000001,0.43178685714134474
mp-561258,1.9806,1.9799,2.0918,2.0174333333333334,0.06440437355749487
mp-774873,0.6372,0.4921,0.7653,0.6315333333333334,0.13668812433175506
mp-1344,-0.0079,0.5991,0.8821,0.49110000000000004,0.45472299260099
mp-1011374,0.7208,1.2,1.3536,1.0914666666666666,0.33006601359930005
mp-1217210,0.4808,0.4743,0.0829,0.34600000000000003,0.22787446105257167
mp-32857,0.8187,0.2487,0.4154,0.49426666666666663,0.29306989496250435
mp-2771569,2.0781,0.6542,0.8743,1.2022,0.7664930593293067
mp-558110,0.1815,-0.4703,-0.0378,-0.10886666666666667,0.3316604639285987
mp-555214,1.9749,1.9754,2.1063,2.018866666666667,0.07571990051058791
mp-1105966,0.4198,0.8983,-0.7095,0.20286666666666667,0.8255605752053167
mp-21009,-0.1169,0.384,0.7114,0.32616666666666666,0.41716752430328674
mp-8884,0.424,0.3813,-0.7569,0.016133333333333295,0.6698068552451023
mp-2656,0.897,1.1216,1.2691,1.0959,0.18737654602430898
mp-1226358,-0.1008,0.2851,0.5171,0.2338,0.312127970550542
mp-1215598,0.9565,0.5177,1.95,1.1414,0.7338336528124068
mp-995122,0.6336,0.4938,0.7681,0.6318333333333334,0.1371585335782405
mp-1023924,1.3441,1.754,1.1259,1.4080000000000001,0.3188883974057382
mp-2030,0.3271,1.1327,-0.3369,0.3743,0.7359360841812284
mp-1190691,1.4178,1.6779,1.5967,1.5641333333333334,0.13307307516298456
mp-2065,-0.5066,-0.1287,-0.1296,-0.25496666666666673,0.2179213237233414
mp-379,0.4895,1.4823,1.2891,1.0869666666666666,0.5263614474230928
mp-1547,0.0094,-0.0021,0.0204,0.009233333333333335,0.011250925887825114
mp-1208304,-1.1295,0.2796,-0.6417,-0.49720000000000003,0.7155773123849022
mp-1018706,0.9003,1.3751,0.9899,1.0884333333333334,0.2522704368992398
mp-851357,1.256,0.309,0.6117,0.7255666666666666,0.48365944975088965
mp-1080344,1.442,1.6646,1.5172,1.5412666666666668,0.11323468255500761
mp-1080630,0.6193,1.3713,1.0821,1.0242333333333333,0.37932494425404367
mp-570707,0.8353,1.0883,0.7809,0.9015,0.16404426231965566
mp-1080255,1.3183,1.7588,1.4859,1.521,0.22233773858704234
mp-1025159,0.0999,-0.125,-0.8187,-0.28126666666666666,0.47882245491761694
mp-1080277,0.8998,2.2887,1.3027,1.4970666666666668,0.7145590271862313
mp-1793,0.1157,-1.067,2.111,0.3865666666666668,1.6062215175166012
mp-684731,0.1344,-0.4325,-0.1082,-0.13543333333333335,0.28442950503302805
mp-1217326,-1.963,-0.8577,-1.026,-1.2822333333333333,0.5955364500459509
mp-1008752,0.4267,1.1169,-1.1821,0.12050000000000005,1.1796902474802442
mp-1070,0.542,0.4825,0.4964,0.5069666666666667,0.031125605750464278
mp-1245194,2.0857,2.1672,1.7415,1.9981333333333335,0.22595588802536942
mp-553916,1.981,1.9801,2.0914,2.0175,0.06400085936923042
mp-1079818,0.3465,-0.0237,0.0941,0.13896666666666666,0.18913427329104932
mp-7945,1.3002,0.5733,-5.7263,-1.2842666666666667,3.8640446430305815
mp-16226,1.3279,0.4717,1.6506,1.1500666666666668,0.6092370830254289
mp-10026,0.3327,0.0935,0.709,0.3784,0.3102844340278771
mp-1087555,1.0873,2.3148,1.5425,1.6481999999999999,0.6205388223149298
mp-1186370,1.1467,-0.0563,-1.2357,-0.04843333333333333,1.1912194815957862
mp-645449,0.5288,0.4773,1.1002,0.7021000000000001,0.34572499186492145
mp-1223154,1.2946,1.787,1.6331,1.5715666666666666,0.25190117771327175
mp-32791,0.8783,0.0846,-0.4652,0.1659,0.6754297372784234
mp-1225436,0.3463,0.379,-1.0196,-0.0981,0.7982098784154453
mp-1080362,1.2772,1.5718,1.5238,1.4576,0.1580636580621872
mp-1086673,0.3062,0.8858,0.601,0.5976666666666667,0.2898143773751284
mp-1027525,1.4132,1.5222,1.2664,1.4006,0.12836463687480287
mp-1225835,0.8588,0.493,0.621,0.6576,0.18562618349791069
mp-1220681,-0.4104,-0.3957,0.1808,-0.20843333333333336,0.33716607678313865
mp-32811,0.2868,0.8008,-0.1516,0.312,0.4766998216907575
mp-2872104,0.4754,1.2458,0.6971,0.8061000000000001,0.3965977685262488
mp-1245201,2.0788,2.1353,1.6717,1.9619333333333333,0.25293201326311654
mp-1023933,0.3279,0.3631,0.364,0.35166666666666674,0.020587455727537885
mp-1080297,1.2649,1.5793,1.1973,1.3471666666666666,0.20385498113446557
mp-1191680,0.8062,0.6663,0.5436,0.6720333333333334,0.13139384815634764
mp-1394093,1.1302,0.3538,0.9229,0.8023000000000001,0.40200436564793673
mp-7698,1.1364,1.6525,1.1114,1.3000999999999998,0.3054432353155002
mp-1079673,1.1987,0.8044,0.9156,0.9729,0.20329926217278807
mp-1193566,1.2374,0.9123,1.2821,1.1439333333333332,0.2018415797929984
mp-1027692,0.52,0.5404,0.3988,0.4864,0.0765464564823219
