formula,band_gap,formation_energy_per_atom,energy_above_hull,volume,density,nsites,cbm,vbm
Ag2Bi2S3Cl2,1.6367999999999991,-0.7483002703703701,0.004958104166663,902.3886100216056,5.894385992000153,36.0,4.6206,2.9838
Ag2Bi2SeS3,0.188999999999999,-0.258434457430556,0.055230881736111,188.96003028045283,7.108014722541554,8.0,4.7677,4.578699999999999
Ag2Sn(S2O7)3,2.4602,-1.616673894666667,0.0,2653.4327389864748,3.239771500006885,180.0,2.784399999999999,0.3242
Ag2SnHgS4,0.015699999999999,-0.469528931979166,0.0,410.8585196337488,5.361600318849351,16.0,2.417,2.4013
Ag2W2O7,1.9614,-1.646673068484848,0.032762061136363,327.0583785033833,7.061486275168498,22.0,3.0247,1.0633
Ag2WO4,1.9123999999999999,-1.3470971812797612,0.040094818660714,822.5719406161371,7.486889342065121,56.0,3.20845,1.2960500000000001
Ag2WS4,1.098999999999999,-0.3365074984375,0.092901304910714,699.1869159879776,5.014355634701696,28.0,2.6083,1.5093
Ag3Bi7S12,0.6774999999999991,-0.351237027064392,0.009427595530304,548.8054342214489,6.569616308680433,22.0,5.1324,4.4549
Ag3SbS3,1.4344666666666666,-0.19410661620535433,0.01268271642857,435.2113039073327,5.448914480345986,18.666666666666668,4.2967,2.8622333333333336
Ag4Sn3S8,0.2293,-0.331556197333336,0.007910371833334,1297.6990679139262,5.344248886654139,60.0,4.8255,4.5962
Ag5SbS4,0.5945,-0.164979653625002,0.015285038999998,444.7852730436628,5.893921663282094,20.0,3.7798,3.1853
Ag6SbAsS6,1.441999999999999,-0.178491079419645,0.004927204999997,323.5878658384085,5.317828429409702,14.0,4.3043,2.8623000000000003
Ag6Te4W3O20,2.4678,-1.408657404595959,0.045036119583333,1003.095215981693,6.718062906944417,66.0,4.9119,2.4441
Ag8Sb5As3S16,1.0255,-0.200290888281251,0.015493755703124,718.34658601659,5.107624690147718,32.0,5.176,4.1505
Ag8SnS6,0.535099999999999,-0.204963409791666,0.0,1251.1597547752183,6.232772680959803,60.0,3.2342,2.6991
AgBi(PS3)2,1.183799999999999,-0.338825210782738,0.0,457.3324642244417,4.147865928609672,20.0,4.398,3.2142
AgBi(WO4)2,2.9907,-1.854503409305555,0.01408841765625,337.6116573522881,7.992777992463719,24.0,5.0195,2.0288
AgBi2S3Cl,0.7834000000000001,-0.707342042023809,0.00976725404762,336.52594669837146,6.488452106603947,14.0,5.0518,4.2684
AgBi2WO8,0.1379,-1.396247751805556,0.149225808888886,353.2971309158795,7.874245257448344,24.0,2.7119,2.574
AgBi3PbS6,0.310299999999999,-0.598810868787878,0.020176224545455,565.6213054809639,6.660691535393362,22.0,4.8424,4.5321
AgBi3S5,0.5262,-0.372202277673611,0.0,448.86817991033735,6.622904931039951,18.0,4.8986,4.3724
AgBiPbS3,0.068299999999999,-0.5514059090277761,0.040036299722221,145.92686384687448,7.057910390573253,6.0,5.0797,5.0114
AgBiS2,0.3900749999999995,-0.27628204682291874,0.03246312791666775,181.63079454657446,6.965726575968345,8.0,5.19235,4.802275
AgBiSCl2,1.0752,-0.945593287833334,0.0,251.0431321841321,5.553841211740978,10.0,3.959699999999999,2.8845
AgH4WS4N,1.7101000000000002,-0.59661094560606,0.022874924772727,196.72060021601533,3.697259817031458,11.0,2.8539,1.1438
AgMoH4S4N,1.035999999999999,-0.578132262878787,0.041689485681818,200.268985910678,2.902924702810142,11.0,2.3747,1.3387
AgSb(PbS2)2,0.098099999999999,-0.534248575208331,0.077128788749999,199.43405147142656,6.430269642082305,8.0,5.3443,5.2462
AgSb(S8F3)2,2.7813,-1.14026821361111,0.0,1223.0045445552034,2.326262989380092,48.0,2.8957,0.1144
AgSb3PbS6,0.9576799999999995,-0.4707712044810588,0.08462856771590901,1412.0497942109378,4.665199554162236,52.8,4.42248,3.4647999999999994
AgSbPbS3,0.8204500000000001,-0.5214963715277761,0.0323233458333325,593.7086811461776,5.964646638778376,24.0,5.5059000000000005,4.6854499999999994
AgSbS(OF3)2,2.555399999999999,-2.14160334219697,0.0,751.2637915097439,3.604446754912279,44.0,1.5225,-1.0329
AgSbS2,1.2220399999999993,-0.2027559590312486,0.0473554398749994,397.6692382765853,4.52567947883131,13.6,4.10344,2.8814
AgSbTe6S16(OF5)6,0.8025,-1.7565987455277772,0.135398057568183,1252.7527083645214,2.8819508741476563,60.0,0.7431,-0.0594
Al(MoS2)4,0.1104,-0.93897091767949,0.02527796628205,236.7132923483252,4.680826503204873,13.0,6.1405,6.0301
Al10ZnO16,4.326799999999999,-3.300505136666666,0.020921847037038,258.1503674253176,3.802958944804031,27.0,9.3044,4.9776
Al12ZnS19,0.067299999999999,-1.063253166253255,0.163541517135417,1187.2997795200915,2.792756359787642,64.0,5.3607,5.2934
Al2(WO4)3,4.01154,-2.4753877663823514,0.07891119354411799,913.0302220774353,5.251613594768905,57.8,4.06438,0.05283999999999991
Al2(ZnS2)3,2.7522,-1.083664459845778,0.024000783311688,233.7676566484166,3.143811760900508,11.0,5.2008,2.4486
Al2Ag2Bi2S3Cl8,1.9031999999999991,-1.3475888879901952,0.0,970.2588684538698,3.653851771334378,34.0,3.2333,1.3301
Al2BiS4,2.6364,-1.026826849464285,0.0,690.1283418024673,3.765146959092993,28.0,5.3296,2.6932
Al2CdS4,2.5942999999999996,-1.1367914319642916,0.0104416096428605,215.1725482086531,3.3418478687794027,10.5,5.3763,2.782
Al2Cr3CuS8,0.1357,-1.1090711564285711,0.0,248.05609191194992,3.548046548801847,14.0,5.3672,5.2315
Al2Cu2Bi2S3Cl8,1.2722,-1.349249576911765,0.006024103124988,886.2759979048017,3.667917346704007,34.0,3.8938,2.6216
Al2FeO4,2.8188999999999997,-2.881206051122449,0.022356451734692,982.145459755488,4.114009383936355,98.0,8.411200000000001,5.5923
Al2SiSn2S5O24,2.3465,-2.172949801397059,0.056256442438758,1405.0748557251816,3.062482534959147,102.0,4.0842,1.7377
Al2Zn(SeS)2,2.0670499999999996,-1.169880147098214,0.030812792499998,164.21288421502226,3.453131982520209,7.0,4.5653500000000005,2.4983000000000004
Al2Zn2S5,1.2137999999999998,-1.0215505207027107,0.11832958768518433,270.46853559319715,3.1900776550164873,13.5,5.230183333333334,4.016383333333334
Al2ZnO4,3.4381499999999994,-2.957424306428571,0.0636483221428575,134.33786446007065,4.535053755282174,14.0,7.81165,4.3735
Al2ZnS4,1.6933399999999996,-1.11294268267857,0.0775607853571429,328.22603020081954,2.8984327037758564,16.1,5.64074,3.9473999999999996
Al4(BiS4)3,0.234599999999999,-0.623697197102525,0.190996395307017,2087.6190612086684,3.562370563373002,76.0,2.8436,2.609
Al4InCuS8,1.1498,-1.044429628095243,0.034750933392849,264.3239171316417,3.4100488404894262,14.0,6.7466,5.5968
Al4Zn3Cr2O12,3.5397,-2.7706511228571413,0.002476868809522,425.1764730630902,4.687713991129271,42.0,7.0772,3.5375
Al4Zn4P8H13N3O32,4.306999999999999,-2.226994237474889,0.021552049023439,796.4412960511069,2.469530504613901,64.0,4.3918,0.0848
Al4ZnS7,3.0068,-1.154505132335067,0.055353650555556,615.1660999965585,2.147537361677574,24.0,4.4355,1.4287
Al5(BiS4)3,0.0575,-0.8052837649166631,0.123294675833335,1903.690025413193,4.000697689857456,80.0,4.1333,4.0758
Al5CuS8,1.4217,-1.167115974464285,0.0,245.90102135672277,3.072380860125777,14.0,7.1241,5.7024
Al6Cd4SO12,2.7127,-2.7123131624999983,0.0,357.9746858888572,3.87606053268021,23.0,3.1755,0.4628
Al8Zn3CdS16,2.4821,-1.16911616875,0.010569692678569,524.4134838155487,3.285307612627941,28.0,6.5214,4.0393
Al8Zn3CoO16,3.3987,-2.98165895625,0.005412967142857,1094.4288030511332,4.412225701392249,112.0,7.9841,4.5854
AlAg(WO4)2,1.56915,-2.0751726136805546,0.15369348958332152,212.92611114886336,7.345583855509988,18.0,5.46385,3.8947
AlBi(WO4)2,2.3077,-2.254597890833333,0.075047396249999,314.2264944747329,7.732715557621004,24.0,5.886,3.5783
AlBiSCl4,2.8305,-1.580356138571429,0.0,835.8509015210963,3.256818015369465,28.0,2.8415,0.011
AlCdInS4,0.745499999999999,-0.86805010446428,0.099387859642856,166.95929548160996,3.803964728868889,7.0,4.1724,3.4269
AlCo(WO4)2,0.8236499999999985,-2.2148480966666657,0.091076952812503,202.1894805428858,7.085166541384142,18.0,5.43645,4.6128
AlCr(WO4)2,1.8858999999999995,-2.379713933333333,0.10214148416666699,213.26714128220522,6.53367496366338,18.0,5.21035,3.3244499999999992
AlCu(WO4)2,1.050599999999999,-2.1549509281250003,0.1114975966666535,199.60098516992997,7.25170300708262,18.0,6.047599999999999,4.997
AlCu6H12SClO19,0.005199999999999,-1.1986462129375,0.11685182621875,799.9361505361063,3.287546134673937,80.0,1.2603,1.2551
AlCu6H18SClO19,0.5487000000000001,-1.311933914673912,0.051420229266306,878.0858057177652,3.017827719554467,92.0,1.8904,1.3417
AlCuH28S2ClO22,0.897699999999999,-1.447609973636364,0.006923258749985,524.0742947792694,1.807068354600658,55.0,0.2218,-0.6759000000000001
AlCuS2,1.4649499999999995,-0.9111334595312486,0.0519993943749995,107.16409254352577,3.644979887002457,6.0,6.98365,5.5187
AlCuSeS,1.2404,-0.8500360760937401,0.009697447499998,163.26958566791353,4.099794373196334,8.0,5.5971,4.3567
AlCuSnS4,0.712699999999999,-0.910110392142856,0.0,271.5089317769453,4.128246124787186,14.0,6.2355,5.5228
AlFe(WO4)2,1.89785,-2.2547462193750007,0.09795683895833149,275.7749182566329,6.986641583681692,24.0,5.56935,3.6715
AlGa(CuS2)2,1.1429,-0.8295413326562511,0.001452938124998,151.4645086231851,3.859674066956857,8.0,5.7271,4.5842
AlGaCu2(SeS)2,0.7461000000000001,-0.736743179843749,0.031648694375,165.38331036126056,4.476543572845931,8.0,4.7168,3.9707
AlIn(CuS2)2,0.7319999999999991,-0.7876838114062531,0.006313456249999,162.45337356186482,4.059538012329766,8.0,5.6267,4.8947
AlMo(WO4)2,1.89875,-2.2404148685416665,0.1154952397916645,212.33925015782953,7.1592870933133534,18.0,5.94405,4.0453
AlNi(WO4)2,1.9588,-2.248289101249999,0.043115591666673,259.3206713426957,7.445257730671965,24.0,6.4036,4.4448
AlSb(WO4)2,1.6412,-2.162271753333333,0.169118413749998,143.87146685815156,7.437744210054468,12.0,6.7689,5.1277
AlSn(WO4)2,0.6727,-2.231455463333332,0.145936349166666,212.11724578749747,7.4311995480935344,18.0,6.1562,5.483499999999999
AlSnP(SO6)2,3.1267,-2.267850087429973,0.029203155214474,1394.547188080357,3.092021072138147,102.0,4.2618,1.1351
AlTe(WO4)2,0.258,-2.0751382126388878,0.192741568645834,236.7861197568634,6.649293058815768,18.0,4.66245,4.404450000000001
AlV(WO4)2,1.316999999999999,-2.484224144166666,0.021675599166677,262.42791247879103,7.25900133664498,24.0,5.9723,4.6553
AlW3O8,1.7329499999999993,-2.242066488541666,0.1176214539583315,214.86683204500366,8.050395176447275,18.0,5.6081,3.8751499999999997
AlWO4,2.6164999999999994,-2.6573720899999995,0.0253372699999995,91.9344869129399,7.505334021578149,9.0,6.90535,4.28885
AlZn2Sb(HO)12,2.6138,-1.6127394830357131,0.018938515624999,255.1592885426568,3.147507463829184,28.0,3.1795,0.5657
AlZnB5H16C4(N2O5)2,4.4996,-1.343222935691057,0.035058534939024,3168.466112659616,1.7887419757077692,328.0,4.0265,-0.4731
AlZnB5H20C5(NO2)5,4.5107,-1.206286373528369,0.038524605664893,877.3317013369293,1.728750584831575,94.0,4.0863,-0.4244
AlZnB5H21C6(NO2)5,4.6496,-1.159467276062925,0.040962723214287,890.613121492922,1.7515165392921932,98.0,4.4474,-0.2022
AlZnGaS4,2.7802,-1.028982239107138,0.003774758928573,150.8174939698332,3.197086704335698,7.0,4.955,2.1748
AlZnH10O7F5,0.9899999999999992,-1.748158874062499,0.021785255520832,486.9139666979149,2.110708363781327,48.0,-1.0455,-2.0355
AlZnH16N(OF)6,5.4816,-1.700828806774194,0.003192610564513,1080.4916668758954,2.044060810099233,124.0,3.4162,-2.0654
AlZnH4O2F5,4.82095,-2.3234680128846152,0.057965230961537,262.98076159690174,2.8272896274402113,26.0,3.1231,-1.69785
As2W2O11,3.336,-1.8648419474999984,0.030455083333334,916.3202052191856,5.027113452595484,60.0,2.6651,-0.6709
As2WO7,3.0777,-1.756267006249999,0.071792919625004,712.0941622782304,4.157132187661784,40.0,2.3535,-0.7242000000000001
B2Pb6WO12,2.56,-1.9919247153968231,0.001801913526787,737.2645702789724,7.390485044395767,42.0,5.5628,3.0028
BSbPbS4,2.1522,-0.6995956877380931,0.0,352.5251328192496,4.409238874201632,14.0,5.1875,3.0353
Ba(BiS2)2,1.11855,-1.1729301791269822,0.0050911110317435,2065.714721891375,5.787098917589208,73.5,4.527950000000001,3.4093999999999998
Ba(CuS)2,0.7019999999999995,-1.1234639012499938,0.0031176067499975,242.15639240340462,5.644782790604564,12.5,5.936999999999999,5.234999999999999
Ba(SbS2)2,1.5472,-1.120472408749996,0.0,1539.5412713964795,4.392955633142289,56.0,5.3093,3.7621
Ba10LiW7O30,1.526,-2.7072173973611102,0.065313730078116,752.6253868529204,6.943477795498952,48.0,4.1313,2.6053
Ba10Ru3W(Cl2O9)2,0.060599999999999,-2.593378885277777,0.017132229768509,773.1696557271737,4.91850099351386,36.0,2.6821,2.6215
Ba11W4O23,1.3207499999999994,-2.7528475569736837,0.11328646690786301,1389.9780594108393,6.2456480675655435,76.0,4.3950499999999995,3.0743
Ba13Dy8Zn4Pt4O37,2.1902,-2.83470902891414,0.0,1034.4948278673364,7.575115003411997,66.0,4.8559,2.6657
Ba17Dy16Zn8Pt4O57,2.2327,-2.987297528937907,0.003275962124193,1545.099038279487,7.684345502537533,102.0,4.9215,2.6888
Ba17Er16Zn8Pt4O57,2.249399999999999,-3.003902968480391,0.0,1522.1704061125731,7.883161362406491,102.0,4.8972,2.6478
Ba17Ho16Zn8Pt4O57,2.242199999999999,-2.994306925637253,0.0,1533.3909107070676,7.785128386565732,102.0,4.8698,2.6276
Ba17Tm16Zn8Pt4O57,2.2625,-3.014212638284315,0.0,1509.9731111187884,7.976316180847464,102.0,4.8658,2.6033
Ba17Y16Zn8Pt4O57,2.223799999999999,-2.962589080147059,0.0,1551.248882923806,6.3934160253597785,102.0,4.9234,2.6996
Ba2BiWO6,1.960399999999999,-2.490761532999999,0.078647047249988,652.0884328983368,7.776694237457859,40.0,5.9262,3.965799999999999
Ba2Ca2Zn5Fe3O14,0.2356,-1.9991172801923072,0.184066841826933,824.401076282868,4.324089648708903,52.0,0.9481,0.7125
Ba2CaWO6,3.2129499999999998,-3.030096460125,0.00264011087499925,271.2951796455849,6.372913285854297,17.5,5.303375,2.0904249999999998
Ba2CdS3,2.0892,-1.84960027375,0.0,690.3125667328919,4.649905842641991,24.0,3.9044,1.8152
Ba2Ce2Ti2Fe(Si4O13)2,0.219,-3.340461791382114,0.025105135447157,588.215567363685,3.802972520172354,41.0,3.7109,3.4919
Ba2CoWO6,1.8426999999999991,-2.565399248000001,0.010751375500013,139.77699294262504,7.287421359034614,10.0,4.6578,2.8151
Ba2CuAg3(SnS4)2,0.8773999999999991,-1.011424582812498,0.009401371354162,413.5091470489775,4.641152615385017,16.0,4.3789,3.5015
Ba2Er2Zn8O13,1.392,-2.3750034018,0.052982683333331,376.65693440390726,5.909480147783417,25.0,2.4821,1.0901
Ba2EuWO6,0.0113,-2.961359405999999,0.002885412458338,654.4925456775907,7.169494214831537,40.0,4.7133,4.702
Ba2FeBiS5,0.625,-1.444259630833333,0.015787777283951,986.0179422289716,4.714123325389642,36.0,3.6418,3.0168
Ba2FeO4,1.9953999999999992,-2.392583402142856,0.0,477.32793448863526,5.489534289608774,28.0,3.2775,1.2821
Ba2FeSbS5,0.5309,-1.430873837499999,0.01961390287037,985.1863374088152,4.130059969160887,36.0,3.7282,3.1973
Ba2FeWO6,2.506199999999999,-2.639823302,0.000347599500006,284.644737626344,7.12105752511294,20.0,5.562,3.0558
Ba2GaBiS5,2.391,-1.572790915555555,0.0,1012.5076926285598,4.681831120781826,36.0,4.5697,2.1787
Ba2GaSbS5,2.396699999999999,-1.561313416388888,0.0,1011.0286662432618,4.115668168364566,36.0,4.7555,2.3588
Ba2Ge(Sb2S5)2,1.380199999999999,-1.043002797941175,0.001849298382348,1869.8857670239163,4.102702073293879,68.0,4.7825,3.4023
Ba2InBiS5,1.452899999999999,-1.520311703796295,0.0,508.7964737048264,4.952783993877049,18.0,4.5203,3.0674
Ba2La2MgMn(WO6)2,2.264599999999999,-2.875573709146551,0.132577761516666,289.5956770652925,6.831366948350676,20.0,7.005,4.7404
Ba2La2MgTi3O12,2.1294499999999994,-3.558322355,0.033419315124999,511.3926997083863,5.926731159551079,40.0,6.6457999999999995,4.51635
Ba2La2Mn(WO6)2,1.5055,-2.9368682575226863,0.073534983157902,539.007987382673,7.19089505179997,38.0,7.2613,5.7558
Ba2La2Ni(WO6)2,3.302399999999999,-2.8645880636842103,0.049330127894741,263.2917691281152,7.384244690975433,19.0,7.3972,4.0948
Ba2La2Zn(WO6)2,3.0766,-2.854017015789474,0.107780377105264,255.4522805080751,7.654511287307383,19.0,7.0448,3.9682
Ba2La3Ti2Cr3O15,1.5,-3.274081647666666,0.040803550099999,625.1456084786237,6.285117236267816,50.0,7.0722,5.5722000000000005
Ba2La3Ti3NbO15,2.7971,-3.605261031041667,0.02421279885416,651.6120972448613,5.952288972711102,48.0,6.8726,4.0755
Ba2La4Ti5O18,2.3756,-3.622963055747126,0.080110879655164,371.0541047415628,6.075523598450491,29.0,7.373,4.9974
Ba2La6Mg4Ti3WO24,2.1649,-3.437927848249999,0.0687822435625,1119.1245650088847,5.688036566586414,80.0,6.7195,4.5546
Ba2LaWO6,1.9219,-3.064883092000001,0.012724606583329,668.457160842494,6.889960932143548,40.0,6.0861,4.1642
Ba2Li3Ho3(WO4)8,3.2447,-2.623026266354166,0.059323165416667,647.8434003647934,7.107617294316106,48.0,4.7557,1.511
Ba2Li3Y3(WO4)8,2.875099999999999,-2.6160910177083343,0.056808995624999,655.9863329707044,6.442052123168858,48.0,4.5414,1.6663
Ba2Mg(WO4)2,1.3943499999999995,-2.5550234007692305,0.19338724461538048,232.7750577388742,5.689106615620442,13.0,3.7307499999999996,2.3364
Ba2MgWO6,3.223099999999999,-2.9532242795,0.0,139.68398093544786,6.880619859427777,10.0,5.7878,2.5647
Ba2MnWO6,2.2267,-2.746980555793102,0.0,290.591241413471,6.964970701094756,20.0,5.3963,3.1696
Ba2Na7Ti16Bi7O48,2.4513,-2.908128610162356,0.022475904449993,992.9378735147365,5.739985454365804,80.0,5.6875,3.2362
Ba2NaCe2Ti2FeSi8HO27,0.0072,-3.164957372143091,0.088512080378801,577.0518158513217,3.991642237073669,44.0,4.5486,4.5414
Ba2NaCu3S5,0.4504,-1.218905568534482,0.030687062500001,480.4108587055396,4.483815716208886,22.0,4.6557,4.2053
Ba2NaLaTi4O12,1.78,-3.447405203985631,0.024483822218776,251.13143054511195,5.422095921139744,20.0,5.442,3.662
Ba2NdWO6,1.7938,-3.052404307750001,0.0,653.0273657884571,7.107037212128341,40.0,5.1435,3.3497
Ba2NiWO6,3.3409,-2.563658962499999,0.0,276.35513095564085,7.368892709791446,20.0,6.0194,2.6785
Ba2PrWO6,1.8049,-3.031186916416666,0.00408235514584,661.222590205281,6.985457822933512,40.0,5.1295,3.3246
Ba2PuTiO6,0.233399999999999,-3.401734061208331,0.025549910499995,149.79624749836995,7.344216182813458,10.0,5.8648,5.6314
Ba2PuZnO6,0.6585000000000001,-2.863711808874998,0.0,150.76153623030845,7.49040656884427,10.0,5.0287,4.3702
Ba2ScTi2BiO9,2.1294,-3.175224510444445,0.088037450624993,199.27444331937008,6.402344162813143,15.0,5.655,3.5256
Ba2SmWO6,1.7704,-3.086228743,0.0,641.8071344212732,7.294600278097761,40.0,5.1474,3.377
Ba2SnS3F2,2.4412000000000003,-2.481345934375,0.0,775.50025259962,4.518513170832694,32.0,4.2861,1.8449
Ba2SnS4,2.2291999999999996,-1.701316433303569,0.0025853266964275,1269.4122829943815,4.114158572244252,42.0,4.4058,2.1766
Ba2SnWO6,1.3768500000000001,-2.516407830249999,0.10532002800001,413.9429094798654,6.7465464151739045,25.0,6.013,4.636150000000001
Ba2Sr2CaTi5O15,1.7732,-3.506235291266668,0.022558247899999,313.393274393005,5.1359021641249765,25.0,4.9142,3.141
Ba2Sr6Ti7MnO24,1.0421,-3.395710564281609,0.015814010958333,495.3996480134467,5.277148115986375,40.0,4.2169,3.1748
Ba2SrTi3O9,1.8073,-3.504784299000001,0.007288449999977,195.5672224732036,5.517968938499277,15.0,4.8417,3.0344
Ba2SrWO6,3.24905,-2.9583181439374995,0.00983129006249975,290.4943283376597,6.424746891169086,17.5,5.028575,1.779525
Ba2TbWO6,1.7307000000000001,-3.1370955021666664,0.003612739499999,390.8255678937521,7.577789331232223,25.0,5.22955,3.49885
Ba2Ti(GeO4)2,3.7129,-2.894512731410256,0.0,429.6158792139335,4.605709023800627,26.0,4.3196,0.6067
Ba2Ti(SiO4)2,3.7274,-3.44362643102564,0.0,384.01204802386815,4.382018191751484,26.0,5.1315,1.4041
Ba2Ti11O24,2.574,-3.485564316666666,0.034360011925677,466.2252856378851,4.221204009618479,37.0,4.6257,2.0517
Ba2Ti2Si2O9F2,3.3266,-3.558764211200981,0.001897498492652,1850.1862768850635,4.369383716427951,136.0,4.9475,1.6209
Ba2Ti3Nb4O18,2.5979,-3.304524156666667,0.008893637314814,716.4240145555289,4.996607434706462,54.0,4.1889,1.591
Ba2Ti3Tl2O10,0.753599999999999,-2.7662999692156878,0.165125447132347,262.7294174164805,6.23827350306007,17.0,4.0196,3.266
Ba2Ti4Cr2O13,1.8433,-3.247345544444445,0.007259511666667,548.559041333592,4.710800398186287,42.0,4.5811,2.7378
Ba2Ti4Fe2O13,1.086199999999999,-2.897617218492064,0.19996488142857,275.32154140373746,4.739398763153395,21.0,3.2818,2.195599999999999
Ba2Ti5(Bi2O9)2,1.5882999999999994,-2.8052620949712654,0.08079484750001201,581.6975294783157,7.065943438637431,43.5,5.90615,4.31785
Ba2Ti6N2O11,1.8746749999999999,-3.1884220854761898,0.024675166452400248,277.5560959354121,4.5820114519529955,21.0,4.7863,2.911625
Ba2Ti9O20,2.7396000000000003,-3.515651867903225,0.006569662620966,1532.6309130152902,4.444100582049656,124.0,4.9038,2.1642
Ba2TiMnO6,1.158799999999999,-2.9717277023764384,0.019383723583304,541.3396553466218,5.809227201089389,40.0,3.8101,2.6513
Ba2TiO4,3.4606,-3.3453500662301585,0.05374114781746,714.8217959309236,4.9422818256624375,39.666666666666664,4.5535,1.0929
Ba2TiOF6,3.9,-3.988466961833334,0.010474552249999,322.66182526566257,4.657581619530583,20.0,3.109,-0.791
Ba2Tm2Zn8O13,1.621299999999999,-2.394862740600001,0.039719105833331,370.4040469761602,6.024259718274584,25.0,2.7013,1.08
Ba2UZnO6,1.786299999999999,-3.176747228999998,0.0,153.53428451999207,7.290553875916997,10.0,4.9128,3.1265
Ba2V(CuS2)3,0.682399999999999,-1.308857779999999,0.038517974583332,534.4644392001387,4.403275200205385,24.0,4.4932,3.8108
Ba2V2ZnO8,3.4759,-2.745950435961538,0.0024909946154,832.1545982567941,4.549200978988435,52.0,3.6522,0.1763
Ba2WO3F4,3.9748,-3.354204817999999,0.019580530625004,332.74118090861,5.813770602444996,20.0,3.4181,-0.5567
Ba2WO5,3.1569,-2.869734222187485,0.0,497.1860010873952,7.193970389808469,32.0,5.0143,1.8574
Ba2Y2Zn8O13,1.6886,-2.3680574742,0.039284176083331,375.6590811981369,5.232482965627453,25.0,2.7972,1.1086
Ba2YWO6,1.7928000000000002,-3.12685046075,0.0,619.8072903524679,6.894947026656483,40.0,5.2914,3.4986
Ba2Zn(BO2)6,4.2769,-2.924281693809524,0.00586544196425,552.3190597985699,3.589273087793441,42.0,4.7719000000000005,0.495
Ba2Zn(BO3)2,3.332799999999999,-2.90650200871212,0.0,1389.876294418562,4.374477629746853,88.0,4.1559,0.8231
Ba2Zn2TeP2O11,4.1025,-2.639456902691799,0.0,1119.002556490042,4.576565348237934,72.0,5.441,1.3385
Ba2Zn3(AsO)2,0.1176,-1.413042618333334,0.012264126018519,179.73505159876666,6.03038768190828,9.0,3.3349,3.2173
Ba2Zn3(PO)2,0.414,-1.41142985547619,0.123299475671833,171.1375639238263,5.480490757731043,9.0,3.7605,3.3465
Ba2Zn3(PO3)10,4.945,-2.687640255031746,0.006208655611111,1285.696739564013,3.256252446591757,90.0,5.176,0.231
Ba2ZnAg2(SeO)2,1.318699999999999,-1.655471332002314,0.017617856296297,381.665139679105,6.488903884781094,18.0,3.8026,2.4839
Ba2ZnGe2O7,3.1063,-2.580144032916666,0.0,406.2040698126343,4.883773881701824,24.0,3.8717,0.7654000000000001
Ba2ZnGe2S6O,2.1081,-1.577256675416665,0.0,620.0753115673024,3.715580125434953,24.0,3.5588,1.4507
Ba2ZnMoO6,2.385199999999999,-2.540304109,0.0,139.90959478307295,6.314118688410634,10.0,4.7146,2.3294
Ba2ZnO3,2.6704,-2.534313652916667,0.0,424.971005567963,6.065268212549831,24.0,4.2791,1.6087
Ba2ZnS3,2.0587999999999997,-1.9104492185416648,0.001791400625,653.1613171152597,4.436415546112844,24.0,4.0306,1.9718
Ba2ZnSi2O7,4.0027,-3.146197094999999,0.0,371.1014187351236,4.548273841618857,24.0,5.4075,1.4048
Ba2ZnTeO6,0.444399999999999,-2.367489561666666,0.0,141.04458602176385,6.636046659826348,10.0,3.5705,3.1261
Ba2ZnWO6,3.3679,-2.6546294450000003,0.0,140.91578560646107,7.304839316843029,10.0,5.5476,2.1797
Ba2ZrTiO6,2.2161,-3.5609177323333343,0.004841601999968,142.60745998415732,5.935492495675971,10.0,4.7561,2.54
Ba3CaTiWO9,3.146,-3.169030266555554,0.016886773333324,467.45572887347737,5.880894079123753,30.0,5.1941,2.0481
Ba3Cd(SnS4)2,2.0791,-1.48787850767857,0.004462501964277,1673.8646506646155,4.04090036335375,56.0,4.0631,1.984
Ba3Dy2WO9,2.2084,-3.264355978222221,0.0,484.1512605917683,7.304196225098307,30.0,4.8338,2.6254
Ba3Fe2WO9,1.515899999999999,-2.522751010666667,0.0,427.786929168225,6.610572777330655,30.0,4.292,2.7761
Ba3In2WO9,2.6808999999999994,-2.604986339555555,0.004232211,340.10372867237845,7.100874681692121,22.5,6.2308,3.5499
Ba3La2Ti2Nb2O15,2.3876,-3.460355204236111,0.049812327013889,333.73907784564324,6.027044547396914,24.0,5.981,3.5934
Ba3La2Ti3Cr2O15,1.547199999999999,-3.3461760694,0.027840054999995,636.2776218847339,6.145364882585441,50.0,6.2574,4.7102
Ba3La3Mn2(WO6)3,1.494999999999999,-2.85663138382283,0.117436121729902,407.9987543555088,7.236727454375725,29.0,6.7471,5.2521
Ba3La3Ti4NbO18,2.408299999999999,-3.539705683390805,0.066113689224138,385.91961151605767,6.028500338308067,29.0,6.6101,4.2018
Ba3La7Ti3Cr7O30,1.854099999999999,-3.255805064899999,0.029514669550007,624.8359106322749,6.303400644820496,50.0,7.4835,5.6294
Ba3LaIn(WO6)2,3.0435,-2.79071336008772,0.066439647434206,272.8412401675984,7.457768579664664,19.0,6.4963,3.4528
Ba3LaMgIn(WO6)2,1.843,-2.718723096833333,0.158118428881945,297.1329401800188,6.98389828106953,20.0,6.4516,4.6086
Ba3LaZnReWO12,2.043799999999999,-2.737192260921052,0.061190627039456,263.99914259141025,7.411659485636992,19.0,5.0192,2.9754
Ba3LiTa3Ti5O21,2.264999999999999,-3.450418100515152,0.002260264431814,860.7188270548106,5.930844449998505,66.0,4.2917,2.0267
Ba3LiTi3O8,0.0192,-3.029485180222222,0.151873453666664,222.85493899146115,5.145196478424227,15.0,5.0243,5.0051
Ba3LiTi5(SbO7)3,2.3817,-2.978664770075758,0.0322370421212295,861.192480913983,5.24284609710477,66.0,5.3235,2.9417999999999997
Ba3LiTi5Nb3O21,2.1555999999999997,-3.3408392507575764,0.0133796898485045,868.0964689458161,4.870004817239304,66.0,4.048,1.8923999999999999
Ba3Lu2Zn5O11,2.400299999999999,-2.6729634499206343,0.001684299821428,631.3564773932214,6.653941515896605,42.0,3.8661,1.4658
Ba3MgNb2ZnO9,1.7966000000000002,-2.895056545000001,0.166863057500001,283.3317875616765,4.873234184673095,16.0,3.8717,2.0751
Ba3MgTiWO9,3.0826,-3.126783559555555,0.006125285999993,430.3186936050441,6.266690949904711,30.0,5.508,2.4254
Ba3Na2Ti3Nb2O15,1.6432,-3.197571767510345,0.035724125199992,326.0808561492779,5.231770531009231,25.0,4.0422,2.399
Ba3Na7Ti3Nb7O30,1.1087,-2.999493045993103,0.03956628299999,649.0934643053844,4.724658668504699,50.0,3.2612,2.1525
Ba3Nb2ZnO9,2.7287,-3.071309408333333,0.0,215.30897722068136,6.225391844031455,15.0,4.7989,2.0702
Ba3Sb2S7,1.9021999999999992,-1.516091671041666,0.0,1457.6758543085589,4.009674196276463,48.0,4.2009,2.2987
Ba3Sm2WO9,1.895299999999999,-3.173533566666665,0.025358034333333,508.0585597843996,6.801775034442107,30.0,4.6537,2.7584
Ba3Sn2S7,2.3703,-1.583597970624998,0.0,1429.020892697478,4.061723755049394,48.0,4.5454,2.1751
Ba3SnS4,1.0857,-1.880788701874999,0.055717484375,253.94603579425532,4.308844101672287,8.0,3.6463,2.5606
Ba3SnS5,1.680899999999999,-1.800842197499999,0.042095887777773,533.7380925356209,4.299708338951227,18.0,4.7128,3.0319
Ba3Sr5Ti7MnO24,0.81,-3.38731642378161,0.016785112208332,501.9941651470353,5.372249165023759,40.0,3.9225,3.1125
Ba3Sr5Ti8O24,1.7531999999999992,-3.521579584416666,0.007813589499999,503.88711983446245,5.328764880864356,40.0,4.8972,3.144
Ba3SrCa2(WO6)2,3.328,-3.024318170000001,0.012511488999998,305.85788823845945,6.186100700051556,20.0,5.3026,1.9746
Ba3SrZn2(WO6)2,3.3892,-2.653446005999999,0.010267436999994,277.33546758935944,7.12564441871673,20.0,5.5951,2.2059
Ba3Ta2ZnO9,3.348799999999999,-3.216124539311112,0.0,213.10688841245232,7.66176759167164,15.0,5.5562000000000005,2.2074
Ba3Ta4Ti4O21,2.1932,-3.491660836802084,0.0,862.651596393793,6.403175857705355,64.0,4.1691,1.9759
Ba3Ta4TiO15,2.2231499999999995,-3.458991039789855,0.001481038804347,648.287865817191,7.293117136473558,46.0,4.39605,2.1729
Ba3Tb2WO9,2.3808,-3.259709961222221,0.0,486.2607380530605,7.223680931379778,30.0,4.8305,2.4497
Ba3Ti(FeO4)2,1.6418,-2.7177809027380957,0.026313622142857,417.4187148977449,5.5656450730450295,28.0,4.2687,2.6269
Ba3Ti2O7,2.2712,-3.406048300972221,0.03187073125,177.7591409610289,5.789035589565231,12.0,4.8197,2.548499999999999
Ba3Ti3(BO6)2,2.1313,-3.342956696916667,0.026880787750007,263.9582883371794,4.838951428083637,20.0,4.4196,2.2883
Ba3Ti4Sb4O21,2.4014,-2.850029601979166,0.028600968808578,864.716431733569,5.478604783846095,64.0,5.5259,3.1245
Ba3TiAl10O20,3.2524,-3.450860982450979,0.007033299147058,434.5629613265676,4.010896666027658,34.0,5.9192,2.6668000000000003
Ba3TiFe2O9,0.2463,-2.612005185555555,0.0,407.7128467307327,5.82846405382256,30.0,2.8083,2.5620000000000003
Ba3TiNb4O15,2.37715,-3.2626363781884056,0.018065623731884,665.8973772009213,5.343792497266508,46.0,4.059699999999999,1.68255
Ba3TiO5,2.483,-3.263125456481483,0.008088311666664,322.9147986761036,5.552137691328515,18.0,5.0433,2.5603
Ba3TiZnWO9,3.081699999999999,-2.929323469888889,0.004522152666668,432.8499495938976,6.545418016184849,30.0,5.257,2.1753
Ba3V4ZnO14,3.052499999999999,-2.722127817727273,0.012404569829555,1404.3864888740627,4.280966707517259,88.0,3.2323,0.1798
Ba3W2O9,3.6786,-2.804791172857144,0.00468344446426,421.4360234999805,7.278761768612473,28.0,5.4291,1.7505000000000002
Ba3WCl2O5,3.9374,-2.908011544090908,0.0,486.3327517032713,5.099242728872861,22.0,4.797,0.8596
Ba3WO6,2.877525,-2.8166637169375,0.045675743062499996,318.36218859785714,6.293061847169235,17.5,4.716825,1.8393
Ba3Y2WO9,2.3881,-3.246651754999999,0.0,469.12789627183776,6.496121813850662,30.0,4.8776,2.4895
Ba3Zn2B3O9F,3.381099999999999,-2.905894588055556,0.018336587222231,1066.713479559631,4.5967412289964695,72.0,4.4411000000000005,1.06
Ba3Zn3Te(PO7)2,2.8907,-2.6296831402587992,0.0,344.0831146861626,4.930933670301451,23.0,4.5807,1.69
Ba3Zn5In2O11,1.772599999999999,-2.182818506825396,0.0,624.1079566386512,6.091077638976975,42.0,4.042,2.2694
Ba3Zn6Si4TeO20,2.6456,-2.627077743431373,0.0,469.79305450894,4.822509319491431,34.0,4.6694,2.0238
Ba3ZnB5PO14,4.8405000000000005,-3.017289100228173,0.0,627.2349704703347,4.163878578073667,48.0,5.9096,1.0691
Ba3ZnN2O,0.4216,-1.204289910714286,0.007597668571426,160.02781099612758,5.410370319041467,7.0,3.0655,2.6439
Ba3ZnSb2O9,1.968499999999999,-2.491926767000001,0.0,449.2934044927083,6.393184777789698,30.0,5.0535,3.085
Ba4CaTi5O15,1.714699999999999,-3.476984463666666,0.028055349899998,322.0616628256725,5.510243011770096,25.0,4.7688,3.0541
Ba4Eu4Zn3PtO15,0.061199999999999,-2.564559670185186,0.120384453456787,829.4198635949637,7.161192521755439,54.0,3.2718,3.2106
Ba4Gd2Cd3S10,0.6451,-1.8900743802631568,0.033193046842108,1034.8279492546335,4.883569978204869,38.0,2.7696,2.1245
Ba4La2Ti3Nb2O18,2.1891,-3.46496732310345,0.04211580235632,399.5598073238172,6.003319161592449,29.0,5.7522,3.5631
Ba4LaTi4CrO15,1.334,-3.413997269633333,0.019149781400006,1294.6480535475234,6.011213405098401,100.0,5.4236,4.0896
Ba4LaTiNb3O15,2.53355,-3.3519949238888884,0.038866308715265,344.50207660253005,6.0484296780584454,24.0,5.2689,2.73535
Ba4Li4Ti19O44,2.29885,-3.393022979812206,0.0464214725528075,838.8941319917783,4.336000923755973,71.0,4.58955,2.2907
Ba4Na2CaTi3Si4(SO13)2,2.1206,-3.123070114470443,0.020343354761898,585.5173307610004,3.889383365220682,42.0,4.8329,2.7123
Ba4Na2W2O11,3.6266,-2.713646580934663,0.0,314.19738370817566,6.019429924874545,19.0,5.0615,1.4349
Ba4Nb2WO12,2.7361,-3.103403415789473,0.0,284.8505308412696,6.476315076928309,19.0,4.6344,1.8983
Ba4Nd4Zn3PtO15,2.380099999999999,-2.810163555740741,0.0,839.9949022349105,6.948915818016496,54.0,4.9559,2.5758
Ba4ScReWO12,1.8841,-2.994646916710525,0.0,279.5843018883844,6.867651272485005,19.0,4.0982,2.2141
Ba4ScTi4BiO15,1.8951,-3.290712895333333,0.064155472374988,330.4579555583422,6.204338708602928,25.0,5.2178,3.3227
Ba4Sm2Cd3S10,1.9544,-1.88162114868421,0.014439900263156,1044.778426567885,4.793255796219635,38.0,3.952,1.9976
Ba4Sm4Zn3PtO15,2.4891,-2.831183797037037,0.008123256327171,822.8002675570845,7.192908802570919,54.0,4.993,2.5039
Ba4SnGe2(S4Br)2,1.9955,-1.663234342941176,0.002540355661751,1024.7664184047553,3.9849900887377023,34.0,3.8969,1.9014
Ba4Ta2TiZnO12,1.7586499999999994,-3.2711088465249993,0.014054052374992,417.33055816900116,7.26193500925066,30.0,4.45775,2.6990999999999996
Ba4Tb2Cd3S10,1.9183999999999992,-1.888204646228069,0.016385474210522,1031.4851932782512,4.910184533033706,38.0,3.9955,2.0771
Ba4Ti(CuO3)3,0.2848,-2.39949921637255,0.050578710882352,506.9746119938297,6.104064723357855,34.0,3.5095,3.2247
Ba4Ti11O26,2.4933666666666663,-3.5008465533333335,0.02757187921953133,734.9316383750589,4.490072410349547,54.666666666666664,4.3448,1.8514333333333333
Ba4Ti13O30,2.529499999999999,-3.526742619432624,0.0,1225.1215865279116,4.4770765473904754,94.0,4.4185,1.889
Ba4Ti2PtO10,1.9973,-3.007728040980392,0.0,529.2542507408859,6.2757675690395605,34.0,4.7809,2.7836
Ba4Ti3O10,2.0392499999999996,-3.4303860330882356,0.0235209242646915,367.42727316912953,5.773076585283864,25.5,4.686,2.64675
Ba4Ti3PtO12,0.9918,-3.096477802666668,0.003507633833342,825.2098079301641,6.519646016222661,60.0,4.6565,3.6647
Ba4Ti5PbO15,1.755199999999999,-3.318825024466666,0.0244148957625,325.221843567783,6.310002471912171,25.0,5.1245,3.3693
Ba4TiSi12(SnO12)3,3.2599,-3.165014318184525,0.000866192857142,799.6909868598698,3.875346502568321,56.0,5.2379,1.978
Ba4YCu(WO6)2,0.3197,-2.8144427359999997,0.023916539968745,302.1839997464416,6.9317309882964135,20.0,5.0259,4.7062
Ba4Zn4B14Pb2O31,3.6794,-2.7493214479494945,0.00115051350505,1421.365624938714,4.377132010167375,110.0,4.803033333333333,1.1236333333333335
Ba4Zr3TiO12,1.7076,-3.587298165166667,0.015201847499991,298.2346307563092,5.917780255638519,20.0,3.9902,2.2826
Ba5(SnS4)2,0.8726,-1.766364476166666,0.064972585999998,1776.4984911236036,4.4140558933126535,60.0,4.8554,3.9828
Ba5Dy8Zn4O21,3.3654,-3.24790919127193,0.007140439013157,556.5371449214068,7.710648014330136,38.0,5.7618,2.3964
Ba5Er8Zn4O21,3.361799999999999,-3.269581095921052,0.012862385592099,545.7286575439831,7.979207275516503,38.0,5.754,2.3922
Ba5Fe3W2O15,0.180799999999999,-2.5531686968,0.016550270200013,694.0276545577981,6.995237361843351,50.0,3.8404,3.6596
Ba5Gd8Zn4O21,2.7487999999999992,-3.190955525131579,0.00687308708332,574.030608070572,7.354171243204876,38.0,5.1255,2.3767
Ba5Ho8Zn4O21,3.3644,-3.257222851184209,0.009676076513158,550.9582466562443,7.847322711046532,38.0,5.729,2.3646000000000003
Ba5Li2(WO5)3,2.291499999999999,-2.779990600866666,0.0,720.5008405512312,6.877357091118886,50.0,4.5459,2.2544
Ba5Tm8Zn4O21,3.359,-3.282880889078951,0.016919859013157,539.4491543990742,8.113343124629408,38.0,5.7413,2.3823
Ba5Y8Zn4O21,3.409499999999999,-3.215541759342106,0.012574262039471,560.1669999317523,5.9154044108402655,38.0,5.8363,2.4268
Ba5Zn2B4(O6F)2,3.6391,-3.046180561866667,0.011029426999992,753.8698938862643,4.804881409995186,50.0,4.906,1.2669
Ba6CdAg2(SnS4)4,1.7034,-1.4275910639080451,0.0,1671.786471643709,4.251184060983624,58.0,4.2431,2.5397
Ba6Fe14Cu11S27,0.017999999999999,-0.891555477974137,0.080099237413794,1100.9742824694697,4.781971026077827,58.0,4.7867,4.7687
Ba6Li2Ti16O39,2.315,-3.465604477698412,0.015576935396849,823.0186554844074,4.494637595424239,63.0,4.3749,2.0599
Ba6Lu2(WO6)3,2.9903,-3.116453225632183,0.0,439.0332401427262,7.615227482729538,29.0,5.0805,2.0902
Ba6Nd2Ti4O17,2.6869,-3.478709774942529,0.026612052758618,971.5996769558632,5.386683193025123,58.0,4.6824,1.9955
Ba6Sn7S20,1.3643,-1.3475262210606052,0.0,1899.2235825078344,4.015307072948397,66.0,3.9133,2.549
Ba6Ti17O40,2.5972,-3.5185973574074083,0.009508522698428,1646.0973491053371,4.595319519409856,126.0,4.4669,1.8697
Ba6Ti2Nb10Si8O51,2.5439499999999997,-3.274766608852815,0.001810681168831,1137.9288105529724,4.2164858739191,77.0,3.449,0.90505
Ba6Ti5PtO18,2.0101,-3.234794147555556,0.0,413.8203983540239,6.205127003742556,30.0,5.1326,3.1225
Ba6Ti5S15O,0.696499999999999,-2.103465227191357,0.0,1286.0565566159848,4.029203227292145,54.0,3.9092,3.2127
Ba6Y2Ti4O17,2.6243,-3.529738348735632,0.0,936.647154860532,5.195284338903919,58.0,4.7166,2.0923
Ba6ZnCo5(SiO4)6,3.061,-2.813128769047619,0.0157048789881,652.2600224299492,4.420913537036347,42.0,4.9721,1.9111
Ba6Zr(Zn3S7)2,1.476899999999999,-1.721378306111109,0.007840124930555,1362.055108831859,4.282968990788906,54.0,3.9065,2.4296
Ba7Na3Ti7Nb3O30,1.113999999999999,-3.270762661149425,0.027278752799997,654.7569670146079,5.386780735285235,50.0,3.804,2.69
Ba7Sn3S13,2.0817,-1.754651519239129,0.003655759347823,2751.145488201333,4.187075000065911,92.0,4.4924,2.4107
Ba7Ti2Nb4O21,2.5316,-3.334670470637256,0.001803005588236,497.1417635758372,5.894187731099025,34.0,4.5995,2.0679
Ba8Sb6S17,1.687999999999999,-1.528057044758063,0.0,3726.5831409693865,4.231851222898561,124.0,4.5519,2.8639
Ba8Sn4S15,2.0442,-1.732108828518517,0.0,6502.604306898791,4.197042014707602,216.0,4.6493,2.6051
Ba8Sr3Ca(WO6)4,3.434,-2.98017458925,0.004121628999999,650.8510311620888,6.431659578540043,40.0,5.2037,1.7697
Ba8SrCa3(WO6)4,3.366199999999999,-3.012676367750001,0.003913418999998,629.6639573956439,6.397319593817339,40.0,5.2917,1.9255
Ba8Ti3Co(SiO4)8,0.2311,-3.284521129423077,0.014687733076918,788.6987072875725,4.290448784096927,52.0,2.2006,1.9695
Ba8Ti3Nb4O24,1.9693,-3.337986506923076,0.018461905384624,570.0046679939771,5.820078023724336,39.0,4.2836,2.3143
Ba8Y4Cu(WO8)3,0.1585,-3.04800620575,0.010817920456254,624.2014568277659,6.526395449221529,40.0,4.2196,4.0611
BaAg2SnS4,0.3679,-1.010130186041665,0.0,204.39579007368772,4.874752565136565,8.0,3.9815,3.6136
BaAgSbS3,1.422899999999999,-1.118060334027777,0.0,664.0076507774867,4.632952646874406,24.0,4.6231,3.2002
BaBSbS4,2.3423,-1.210869094523809,0.0,732.6209720150708,3.609817020994163,28.0,4.7099,2.3676
BaBi12Mo4WO34,3.347699999999999,-1.916597251923078,0.018277336346138,1768.2195755094792,7.055797488591342,104.0,5.555,2.2073
BaBiBS4,1.931099999999999,-1.220141967738095,0.005593375436506,362.453843052685,4.447406535935918,14.0,4.5427,2.6116
BaCaCeTiO6,2.1876,-3.436572658333332,0.150885854124997,147.87910774681222,5.180899672667361,10.0,5.2815,3.0939
BaCaEuWO6,0.2630499999999993,-2.9720414923750003,0.07778696585415976,335.91544525280517,6.795885415645366,22.5,5.1594999999999995,4.89645
BaCaMnWO6,1.885199999999999,-2.670369828793103,0.091892590250006,138.5922101398623,6.136665088706775,10.0,5.5717,3.6865
BaCaNbWO6,0.7630999999999991,-2.81802165,0.158354321222232,141.55454715244997,6.453638540550767,10.0,5.2759,4.5128
BaCaSnWO6,2.2319333333333327,-2.562014452833333,0.11111651354166434,350.2967751983194,6.36528551153252,23.333333333333332,5.647033333333333,3.4151000000000002
BaCdGeS4,2.6727,-1.2880203396428551,0.0,1558.1533787323967,3.841994063527975,56.0,4.0118,1.3391
BaCdS2,1.7377999999999991,-1.583339704374998,0.020061930000003,449.8318730756585,4.634532205928844,16.0,3.3821,1.644299999999999
BaCdSnS4,2.196399999999999,-1.280780259285716,0.0,1606.086617582883,4.108386333155849,56.0,3.8211,1.6247
BaCeEuWO6,0.057,-3.0862584675,0.101081219625001,312.0158698085391,7.549144049313218,20.0,4.9934,4.9364
BaCrInWO6,0.1824,-2.233422985666665,0.170293997583339,132.52035601941864,7.317498095336429,10.0,5.4438,5.2614
BaCu2GeS4,0.973599999999999,-1.058076236458333,0.0,530.8754911051351,4.3664497092684,24.0,4.9166,3.943
BaCu2SnS4,0.384299999999999,-1.052913258541665,0.0,567.987043038227,4.485215410128759,24.0,4.564,4.1797
BaCu4S3,0.2413499999999995,-0.8170923009374986,0.0069554856249995,433.7330182929288,5.606049123446635,24.0,5.73865,5.4973
BaCu6(GeS4)2,1.227999999999999,-0.7440582091176461,0.010002475281866,1306.9005748297986,4.677831406462983,68.0,5.6987,4.4707
BaCu6Te6S,0.4671,-0.53413887625,0.036066762142851,338.7029421691547,6.453189990371743,14.0,6.0323,5.5652
BaCuSF,1.6223,-2.261026764375,0.003987369374993,155.32251372898918,5.386858991250138,8.0,5.6051,3.9828
BaDy2ZnO5,3.0569,-3.260596762592592,0.015728242407403,512.593881187532,7.874962426192644,36.0,5.6421,2.5852
BaEr2ZnO5,3.0633,-3.283035360833333,0.022205376018515,501.9217340427268,8.168360362818355,36.0,5.6395,2.5762
BaErCuS3,1.157499999999999,-1.958185137916666,0.0,274.7663079213209,5.612282881480234,12.0,4.9479,3.7904
BaEuDyWO6,0.1035,-3.121935595666667,0.051707143249988,300.6955164815537,8.08057196269844,20.0,5.1554,5.0519
BaEuSnWO6,0.1008499999999995,-2.521435396500001,0.1403050694999935,478.7324377216996,7.1821227401887295,30.0,5.600849999999999,5.5
BaEuYWO6,0.149499999999999,-3.111030098500001,0.055821900958317,299.6130965212131,7.294006379787207,20.0,5.2418,5.0923
BaGd2ZnO5,2.6449,-3.200785198888888,0.014632035185181,529.9549793355868,7.485380962783398,36.0,5.1785,2.5336
BaGdCuS3,1.0862,-1.958406533749999,0.0,285.1600217431145,5.291153949617727,12.0,4.6889,3.6027
BaGdInWO6,1.4674,-2.7024406481666663,0.0895704949583325,388.12101717371786,7.372224899664997,25.0,5.194800000000001,3.7274000000000003
BaHo2ZnO5,3.0589,-3.269829354722221,0.019003241990738,507.1452910431363,8.023228760171397,36.0,5.6087,2.5498000000000003
BaLa(BiS3)2,0.837299999999999,-1.487824404749999,0.0,1051.0347597496454,5.60288284273168,40.0,5.8027,4.9654
BaLa2Ti3O10,2.049933333333333,-3.6817778170833333,0.011492117447917666,438.89433033643417,5.438721625102333,32.0,6.132733333333333,4.0828
BaLa2WO7,3.32315,-3.2906202822727275,0.000273082272727,667.2448606615617,7.077473883032271,44.0,7.3892500000000005,4.0661000000000005
BaLa2ZnO5,2.923999999999999,-3.190330179444444,0.01426323657407,283.02187609561764,6.577619537801509,18.0,7.6431,4.7191
BaLa2ZnS5,1.4565,-2.150266564722222,0.0,442.2446535368493,4.812688562979128,18.0,6.1978,4.7413
BaLa3TiCr3O12,1.883499999999999,-3.2323002555416656,0.038236747249999495,494.8016869534993,6.375664677067714,40.0,7.8264499999999995,5.94295
BaLa4Ti4O15,2.74665,-3.71033596638889,0.036653793541665,616.9379369372373,6.053623715411055,48.0,7.8326,5.08595
BaLa4TiCr4O15,1.809966666666666,-3.161295520866668,0.09445875026665801,515.1181933281538,6.3924992627594355,41.666666666666664,8.004333333333333,6.194366666666667
BaLa5TiCr5O18,1.995000000000001,-3.218606116444446,0.027293000250006,740.2332859358899,6.405377354958606,60.0,8.1095,6.1145
BaLaCuS3,1.0948,-1.966379829583333,0.0,574.9227920374053,5.036857045591344,24.0,6.173,5.0782
BaLaTaZnO6,2.237699999999999,-3.129271671233333,0.120289781833333,136.0606742193928,7.549468719086029,10.0,6.4639,4.2262
BaLaTiCrO6,1.7385999999999995,-3.294108280208333,0.0503423808750155,505.5409743120355,6.202681260776461,40.0,6.7978000000000005,5.059200000000001
BaLaTiFeO6,1.783799999999999,-3.112630032333333,0.059971858499999,255.44109523173364,6.187872059580882,20.0,6.4917,4.7079
BaLaZnRuO6,0.407149999999999,-2.4692236725,0.0430331146666645,132.37934965761565,6.757584537477968,10.0,5.02955,4.622400000000001
BaLi2Ti6O14,2.9428,-3.392609160507246,0.0,1115.9882328136423,3.942498183315851,92.0,4.3754,1.4326
BaMg14ZnO16,4.27445,-2.7613787140625004,0.1928198142708335,344.36707332021365,3.852763519110369,32.0,8.17875,3.9043
BaMg30ZnO32,3.469,-2.9124475128124994,0.083806336354166,648.6028450945672,3.6965676771447074,64.0,7.5799,4.1109
BaMgV2ZnO8,3.175,-2.638737280961538,0.007319765721155,686.5752898320586,4.420387352217177,52.0,4.2045,1.0295
BaMnSnWO6,1.6954,-2.262229163293103,0.107702356999999,141.09747935922212,6.95310426431636,10.0,5.9694,4.274
BaNa2Ti2(Si2O7)2,3.3673,-3.218951309105447,0.013890308478247,608.6797568123911,3.3576040149768263,46.0,5.0586,1.6913
BaNa4Ti2Si10(BO15)2,3.2258,-3.0717648906228003,0.085741699183675,615.4463641288022,2.9924082635844056,49.0,4.69855,1.47275
BaNaBiWO6,2.3605499999999995,-2.2824611336379323,0.054410117687505005,383.28896385686664,6.967941738478341,25.0,5.3495,2.98895
BaNaCeWO6,0.5205999999999991,-2.88655321863793,0.054844622062493,605.9774358015721,6.36036636221212,40.0,4.2566,3.735999999999999
BaNaDyWO6,2.8635,-2.9272165753045973,0.000484317187486,148.33996956101225,6.74618670990183,10.0,4.5707,1.7072
BaNaGdWO6,2.84585,-2.8914825171379315,0.0173630718958235,374.4994401646739,6.588339295734597,25.0,4.401300000000001,1.55545
BaNaLaWO6,2.9811999999999994,-2.8608734853879305,0.056818769437496,392.78872190726423,6.056255467434009,25.0,5.4765999999999995,2.4954
BaNaNdWO6,2.8726999999999996,-2.846459772387931,0.038485300218748,386.8942766747616,6.226155117504895,25.0,4.43405,1.5613499999999996
BaNaPrWO6,2.932066666666666,-2.791348637637931,0.07240638376042167,308.1810597276248,6.355145977346173,20.0,4.7902,1.8581333333333332
BaNaSbWO6,1.394299999999999,-2.24982658413793,0.134893559553559,151.14270093826042,6.173495404237933,10.0,5.6690000000000005,4.2747
BaNaSmWO6,2.87975,-2.8755913733879312,0.024251443015624,379.26394020351216,6.42047081183677,25.0,4.4605,1.58075
BaNaTbWO6,2.8478,-2.9172991638045973,0.008678987218755,150.29358845378667,6.61900015469527,10.0,4.5231,1.6753
BaNaTiNbO6,1.565099999999999,-3.137727508471265,0.030822862999997,129.82647531014644,5.078915732138752,10.0,3.8078,2.2427
BaNaYWO6,2.8552,-2.913068630137931,0.007841522895823,148.89502392942336,5.900285629880719,10.0,4.5923,1.7371
BaNd(SnS3)2,0.3689,-1.475641081499998,0.0,990.4039943731724,4.770871795227237,40.0,4.7025,4.3336
BaNd2Ti3O10,2.0893499999999987,-3.6529849417187497,0.005158881718749501,646.0383644165004,5.624999799576801,48.0,4.6609,2.5715500000000002
BaNd2ZnO5,2.8032999999999992,-3.139614177222223,0.01254502879629,272.43568366812013,6.963317956259685,18.0,5.4822,2.6789
BaNd2ZnS5,1.1433,-2.062655861944444,0.021460911111104,429.77243053205945,5.034831688987039,18.0,4.6836,3.5403
BaNdEuWO6,0.198999999999999,-3.042953516750001,0.082153071791665,313.7881483809753,7.550175261423745,20.0,5.153,4.954
BaPr(SnS3)2,0.3729,-1.4746262046666652,0.0,996.095273353655,4.721378902898131,40.0,4.684,4.3111
BaPr2Ti3O10,1.947299999999999,-3.641620338645833,0.003393474218755,434.4026817679192,5.5254425071905,32.0,4.6331,2.6858
BaPr2ZnS5,1.171999999999999,-2.059574781203702,0.001198959027775,435.5356472022997,4.917357723314304,18.0,4.6808,3.5088
BaPrDyTiO6,2.639,-3.501999767666666,0.191232575249999,145.12473435907526,6.689058929688061,10.0,5.3768,2.7378
BaPrEuWO6,0.235599999999999,-3.022443909166668,0.085586964833328,315.3968703983602,7.476554460994514,20.0,5.1758,4.9402
BaPrInWO6,1.63825,-2.6475006360833326,0.0984622880138855,406.09845253755185,6.867942779705738,25.0,5.1667000000000005,3.52845
BaScCuS3,0.8353,-1.872111682083332,0.0,259.3918326198694,4.379043563948019,12.0,5.2145,4.3792
BaScZn3GaO7,2.312,-2.524743170192308,0.006188101738791,349.32930786651144,5.326101426694419,26.0,3.9495,1.6375000000000002
BaSm2Ti3O10,1.953,-3.6561050765625,0.021568831406241,427.06677130019625,5.767367527480549,32.0,4.5193,2.5663
BaSm2ZnO5,3.440299999999999,-3.187293293888888,0.009535426435181,541.639428011011,7.154918567008559,36.0,5.6,2.1597
BaSmEuWO6,0.0483,-3.0662759705,0.076619216083335,305.8039274512644,7.813744876228672,20.0,5.2434,5.1951
BaSn2S3,1.3764999999999992,-1.2353633533333306,0.024228316249996,840.1374419821906,4.6522155381081145,30.0,5.57075,4.19425
BaSn2S5,1.5453,-1.145194613749999,0.002932469479169,837.0754599924151,4.245772343878512,32.0,4.8045,3.2592
BaSn3S4,1.2542,-1.073913655624999,0.042957555937497,219.74033567182667,4.698206015354312,8.0,5.7795000000000005,4.5253
BaSnHgS4,1.8576000000000001,-1.1409470287499994,0.000247650178571,620.0345101346597,4.700506128276183,21.0,3.71915,1.8615499999999998
BaSnS2,1.638,-1.543447148749999,0.0,478.3870129393772,4.44535321366255,16.0,4.8426,3.2046
BaSnS3,0.8569,-1.394803844999997,0.015674842611113,501.0655834201988,4.669209108430439,20.0,4.7526,3.8957
BaSr3Ti4O12,1.7434,-3.533106272666666,0.0037099405,250.01888749687416,5.204717929046109,20.0,4.8863,3.1429
BaSr3Zr2Ti2O12,2.211999999999999,-3.562411621333333,0.038644404374998,273.419521800828,5.285905561743688,20.0,4.8617,2.6497
BaSr4Ti5O15,1.804799999999999,-3.534173573266666,0.005611855599992,309.64020862244354,5.186542588389321,25.0,4.9624,3.1576
BaSr7Ti7MnO24,0.9921999999999992,-3.407552762281609,0.011394852208319,491.62188966551423,5.149805077868936,40.0,4.1915,3.1993
BaSr7Ti8O24,1.7462,-3.540151233916667,0.004088018499999,496.0586104812866,5.080075426736022,40.0,4.9394,3.1932
BaSrCaWO6,3.323571428571428,-2.9819025388571427,0.05902020814285671,349.0353010818348,5.943148330588127,22.857142857142858,5.264814285714286,1.941242857142857
BaSrCeTiO6,2.1173333333333333,-3.514081486833333,0.059804371999993,344.4246743129545,5.721884048768895,23.333333333333332,5.084366666666667,2.967033333333333
BaSrCeWO6,0.5711499999999996,-3.086537088749999,0.0773448450000055,468.3505083105374,6.860849210840139,30.0,4.8568,4.28565
BaSrDyWO6,1.9515499999999995,-3.1404414816666666,0.0120223676249985,451.6102500253053,7.367924092212867,30.0,5.317,3.36545
BaSrEuWO6,0.20968571428571373,-2.925641958464286,0.08685358516072786,363.60817080103163,6.821867864612033,22.857142857142858,4.834185714285715,4.624499999999999
BaSrLaWO6,2.1451499999999992,-3.0686022413750003,0.0645145037083155,483.35111925476184,6.64830008346191,30.0,6.282,4.136850000000001
BaSrMgWO6,3.2391,-2.9574843515,0.011706230000005,134.64079636844278,6.525302743164759,10.0,5.9005,2.6614
BaSrMnWO6,2.0186,-2.734499136793103,0.022930890000006,140.86036517165792,6.598302685809824,10.0,5.487999999999999,3.4694000000000003
BaSrNbWO6,0.8734000000000001,-2.883098155,0.081602623714289,143.5561340740474,6.913582869859302,10.0,5.212,4.3386
BaSrNdWO6,1.9939,-3.05507479,0.046574045166665995,473.52195313161496,6.8322936351433565,30.0,5.25495,3.26105
BaSrNiWO6,3.3716,-2.568518454999998,0.012065881249999,266.66530258752465,7.017600193528353,20.0,6.1519,2.7803
BaSrPrWO6,2.0112499999999995,-3.0348802744166674,0.049692846208323996,477.66436397727284,6.734366392389468,30.0,5.274,3.26275
BaSrSmWO6,1.8816499999999996,-3.0856413435,0.0337960897083345,464.8911108601458,7.02283362370356,30.0,5.22675,3.3451
BaSrTbWO6,1.9186999999999994,-3.130197127916666,0.0241667205625035,453.26074862253836,7.2964875890837515,30.0,5.321,3.4023000000000003
BaSrTi2O6,1.7175,-3.513404691666667,0.008565442999982,127.02800592752548,5.446902010443873,10.0,4.8383,3.1208
BaSrYWO6,1.949899999999999,-3.12620014925,0.019366382291686,451.21661004215366,6.555310140069159,30.0,5.36525,3.415349999999999
BaSrZnWO6,3.3966,-2.652970814999999,0.019826626000001,136.043976709722,6.95971095948382,10.0,5.6641,2.2675
BaTaNO2,0.3398,-2.6317179504666672,0.032383697611129,70.80942081071547,8.542674057494262,5.0,4.5391,4.1993
BaTb2ZnO5,3.050599999999999,-3.25075140037037,0.012870990046292,518.5397416852841,7.693085921413973,36.0,5.6437,2.5931
BaTbEuWO6,0.146799999999999,-3.113751713666667,0.064453314499999,300.54561441661883,8.045101814360148,20.0,5.2265,5.0797
BaTbInWO6,1.4691999999999994,-2.727017423208333,0.088411312625003,383.59609486625874,7.473388987308352,25.0,5.3408,3.8716
BaTeW2O9,3.4154,-2.267331930128205,0.011390631634611,387.02455738128793,6.664059276805031,26.0,5.1051,1.6897
BaTi(AsO4)2,2.4211,-2.527016124861111,0.0,189.26556511108424,4.062457895340247,12.0,2.8303000000000003,0.4092
BaTi(BO3)2,2.387699999999999,-3.223730964166665,0.002753993562478,125.00872409967428,4.022373827685647,10.0,4.0402,1.6525
BaTi(GeO3)3,2.9973,-2.640770230952382,0.007699597083333,425.73733653796825,4.267867184779134,28.0,3.4301,0.4328
BaTi(IO3)6,2.7339,-1.352691243974359,0.0,437.276663288896,4.688377730488108,26.0,4.8013,2.0674
BaTi(PO4)2,2.592399999999999,-3.190398111051586,0.0,170.7780288650733,3.647595593286182,12.0,3.6418,1.049399999999999
BaTi(S2O7)3,2.7332,-2.103256670632183,0.0,1804.6705170041123,2.626325803727318,116.0,1.7789,-0.9543
BaTi(SiO3)3,3.0747999999999998,-3.3848924025000002,0.0004004102380955,766.8822744858451,3.6076050445526873,56.0,4.82405,1.74925
BaTi2Fe4O11,1.5944999999999996,-2.4495556045370357,0.06865535083334,413.9026435780222,5.0745786359798135,36.0,4.699,3.1045
BaTi2O5,2.2601666666666667,-3.523766322569486,0.008344135763909332,355.8789834564738,4.89478679205548,26.666666666666668,4.4265,2.1663333333333328
BaTi4Bi4O15,1.6025,-2.685265057430557,0.073209088958334,309.5918963075903,7.534344001796595,24.0,6.454,4.8515
BaTi4O9,2.7041999999999997,-3.5136086255952392,0.010130699062498,350.987551179767,4.473580891648695,28.0,4.7386,2.0344
BaTi5O11,2.6235,-3.5131783265686263,0.007793255845589,831.3044139307269,4.415739248770174,68.0,4.7891,2.1656
BaTi6O13,2.6401,-3.50576490425,0.01326925859375,462.19227179220894,4.544975012152147,40.0,5.0106,2.3705
BaTiCu4P4O17,0.2743,-2.402838482848324,0.0,683.9429316497203,4.05585473816672,54.0,2.9838,2.7095
BaTiFe2(SiO5)2,1.544,-2.768919104739582,0.109539266757813,843.668434323179,4.039207218952162,64.0,3.7944,2.2504
BaTiFe3(BiO4)3,2.064299999999999,-2.092950813166666,0.035925644250001,262.3407606407354,7.416278658481751,20.0,6.1370000000000005,4.0727
BaTiNbGaO6,0.6275000000000001,-2.903552660083333,0.145619113250019,132.1368516412425,5.577400052036592,10.0,3.848799999999999,3.2213
BaTiO3,2.000533333333333,-3.488829074944443,0.0034489027221964144,188.07181185829577,5.886534611661009,14.166666666666666,4.87085,2.870316666666666
BaTiOF4,3.34,-3.928887087261905,0.0,413.9303232170338,4.447897027029046,28.0,2.9967,-0.3433
BaTm2ZnO5,3.0578,-3.296926820833334,0.026635475185181,495.6523335604467,8.316578641280678,36.0,5.6306,2.5728
BaUTiO6,1.9643,-3.621842082870369,0.0,574.8657814472051,5.9992017351777465,36.0,4.0357,2.0714
BaV2ZnO7,3.00235,-2.520777409659091,0.025747331590918,654.429303320861,4.228783888915002,44.0,3.17575,0.1734
BaVZnP2O9,2.3917,-2.764601948698979,0.012603547964291,1550.942424880965,3.936787487061383,112.0,4.2245,1.8328
BaWO4,3.8717571428571427,-2.7059735747321425,0.023154902767858,284.23266241823114,6.325506953022143,17.142857142857142,4.369457142857143,0.4977
BaY2ZnO5,3.0989,-3.226324356388889,0.021570728101845,515.8655885600521,5.9298583446920645,36.0,5.7461,2.647199999999999
BaYCuS3,1.1779,-1.950495586249999,0.0,282.7541605797372,4.533441030872233,12.0,4.8822,3.7043
BaYInWO6,1.4550999999999994,-2.719976757166666,0.0840989499583195,382.7996849753644,6.740319115391793,25.0,5.3674,3.9123
BaYZn3GaO7,2.2037,-2.533679460192307,0.0,372.66453179363873,5.38426475254801,26.0,3.5627,1.359
BaZn(SeO3)2,3.9368999999999996,-1.91149378259375,0.0054299798749995,700.3083772997244,4.332180252882456,40.0,4.261150000000001,0.32425
BaZn2(AsO4)2,3.1532,-2.133396847884615,0.0,876.4019436358253,4.137949588080003,52.0,2.7228,-0.4304
BaZn2(BO3)2,3.2287,-2.609507023257576,0.012499575681815,580.791062079664,4.41174279694117,44.0,4.0039,0.7752
BaZn2(PO4)2,4.0373,-2.729195811098901,0.0,800.7069569245283,3.800004758562758,52.0,4.2145,0.1772
BaZn2As3HO11,2.5886,-1.947225000763889,0.010599202812495,1010.5559139879136,4.40317494053613,72.0,3.2975,0.7089000000000001
BaZn2H16O11,3.5073,-1.471080410166666,0.01241339758334,1135.3505218051837,2.6926970286168013,120.0,2.2108,-1.2965
BaZn2Si2O7,3.2750000000000004,-2.8540587824999992,0.001976398333333,349.73650051580944,4.14326603885298,24.0,4.3805,1.1055
BaZnAs2O7,2.8672,-2.148398067954545,0.007739874204538,679.0239274480795,4.5444344782662025,44.0,3.2305,0.3633
BaZnBO3F,3.6218,-2.931747434166666,0.020343859999998,99.34883654139075,4.6890696380147805,7.0,4.396,0.7742
BaZnCO3F2,4.7744,-2.709447530625,0.0,212.4484815897116,4.701312513003451,16.0,5.0964,0.322
BaZnFe6O11,1.0812,-1.811880224736842,0.049926248684124,438.8884416618763,5.4013351772375895,38.0,4.2672,3.186
BaZnGeO4,2.8955,-2.426658605238095,0.040736153333329,695.7780437065912,4.859680118422885,42.0,3.2056,0.3101
BaZnO2,2.2724,-2.365424036666665,0.0,204.24457974584027,5.725287390866139,12.0,3.3519,1.0795
BaZnP2O7,4.3419,-2.8378817703896093,0.0,304.77646340442004,4.104586857499493,22.0,5.4642,1.1223
BaZnSO,2.2367,-2.078282849375,0.0,161.26306331513743,5.165024817928211,8.0,4.5797,2.343
BaZnSiO4,3.5863,-2.942027309761905,0.010555787738097,653.7457242462507,4.493110531875051,42.0,4.6012,1.0149
BaZnSnS4,2.271099999999999,-1.330450353035713,0.0,1563.0598380439326,3.822013019892745,56.0,4.119,1.8479
BaZnTe2O7,1.6684,-1.978848924393938,0.0,327.6420001846207,5.777000620582103,22.0,4.8982,3.2298
BaZnTeCl2O3,3.7929999999999993,-2.130668741614583,0.003289759218749,1420.1089272616978,4.202386946897788,64.0,4.3523,0.5593
BaZr2Ti3Pb4O15,2.240399999999999,-2.917692798599999,0.026762127287492,358.16925338449784,7.103410290006317,25.0,6.0351,3.7947
BaZrTiPbO6,1.5482,-3.156169491333332,0.03252199540625,143.0975120879327,6.725989436996532,10.0,4.9631,3.4149000000000003
Be3Cd4Si3SO12,0.9984,-2.582043845326088,0.0,627.3143452660262,4.155857804622234,46.0,3.96,2.9616
Be3Si3(WO6)2,3.5641,-2.6670425503749997,0.195321732499996,901.584935446582,4.943139379698886,80.0,6.1034,2.5393
Be3Zn4Si3SO12,4.2033,-2.6890353066304358,0.0,550.924939888897,3.598747881078804,46.0,5.1159,0.9126
Be3ZnO4,4.2643,-2.688549454374999,0.086317175624999,65.42621874996784,3.9705787771043273,8.0,6.3174,2.0531
Be3ZnS4,2.7906,-1.201725221874999,0.044981804999999,127.0363210769573,2.884924392026965,8.0,6.2542,3.4636
BeZn3O4,1.5432,-2.077012358124999,0.041875926874999,86.18009943056134,5.187719643290688,8.0,2.7336,1.1904
BeZn3S4,2.9164,-1.081724485624999,0.042931992499998,149.889995075448,3.6946323209323673,8.0,5.2455,2.3291
BeZnO2,2.6575,-2.3983149150000003,0.048562542499999,74.39087356573184,4.750973583385163,8.0,4.2609,1.6034000000000002
BeZnS2,2.9402,-1.127432804999999,0.058248947499999,69.23302303545846,3.323120100024722,4.0,5.7672,2.827
Bi(SO4)2,0.0446,-1.679508841931817,0.069904765189404,1455.8231374810478,3.66006832277429,88.0,-0.4345,-0.4791
Bi(WO4)2,0.190199999999999,-1.8863084309090912,0.109114399715906,167.35403555482347,6.991813184661134,11.0,1.5425,1.3523
Bi14SO24,1.9017499999999996,-1.6438120076282046,0.0614523492307905,657.9849218205036,8.436358478648444,39.0,5.9506,4.04885
Bi14Te13S8,0.6832,-0.321455426607151,0.016378944285705,1167.658697112874,6.884499179313656,35.0,4.8952,4.212
Bi14WO24,2.5439,-1.706017954871795,0.008361312948721,656.6496833304807,8.83451008358695,39.0,6.1647,3.6208
Bi17(WO11)3,1.2992,-1.723059049339624,0.048075014056603,873.9370125405636,8.801428656917425,53.0,6.3325,5.0333
Bi17W3O34,1.1266500000000002,-1.744213882870371,0.04479199462963,880.7080340879647,8.765259277067877,54.0,6.1803,5.053649999999999
Bi19(S9Br)3,1.3293,-0.6773899513775511,0.010675403724491,2559.9212572545434,6.585400519777913,98.0,5.4056,4.0763
Bi19(S9I)3,1.292899999999999,-0.642151824642857,0.011284873367347,2617.463385074171,6.619532321413921,98.0,5.4925,4.1996
Bi2(Pb2S3)3,0.6122499999999995,-0.7380509436764695,0.005394839411765,917.9531316330983,7.054174947634994,34.0,5.5629,4.9506499999999996
Bi2(PbS2)3,0.6958499999999996,-0.7152037449999991,0.006094117727273,587.8643277542101,6.95977815476029,22.0,5.37965,4.6838
Bi2(S2O7)3,4.0708,-1.767422012241378,0.0,767.0793920082801,4.097180989836737,58.0,4.7687,0.6979000000000001
Bi2(SO4)3,3.977233333333333,-1.850414794546575,0.03799872648284817,921.549384595293,4.2824784137195815,56.666666666666664,4.334683333333333,0.35745000000000005
Bi2Pb2S5,0.6956999999999991,-0.6893279347222211,0.017543782777779,1967.3573657821,6.702975597333937,72.0,5.2532,4.5575
Bi2PbS4,1.079699999999999,-0.67864431642857,0.005557744285715,722.0233117195396,6.930993233498214,28.0,5.7209,4.6412
Bi2S2O,0.9401,-1.000889814000002,0.0,219.67965680937897,7.5300394019488035,10.0,5.6551,4.715
Bi2S2O9,3.5416,-1.853890268076924,0.007050878326943,2288.450561458842,5.451579946206769,156.0,5.2982,1.7566000000000002
Bi2S3,1.361799999999999,-0.414615469187504,0.0,517.2810621133061,6.602026285137526,20.0,5.4726,4.1108
Bi2SO2,0.8266,-1.338651716499998,0.0,178.24590085987023,8.981083721992539,10.0,6.2611,5.4345
Bi2Se2S,1.17,-0.404265913687493,0.023323866333335,564.2147526888323,7.156975222391217,20.0,4.972,3.802
Bi2Te2S,0.5943499999999995,-0.3057939065625015,0.0261342259999995,163.7358658140097,7.15265676266655,5.0,5.2924,4.69805
Bi2Te2W3O16,3.0739,-1.916007115797102,0.002091634320649,662.6178003655735,7.42120833769634,46.0,5.848,2.7741
Bi2Te2WO10,2.8648,-1.7721352225555562,0.000490537458335,451.787863423016,7.475896245348414,30.0,6.6564,3.7916
Bi2W2O9,1.9882499999999994,-2.02743303,0.0012144639423115,717.2835549393712,8.611373890349725,52.0,4.7508,2.76255
Bi2WO6,2.0745666666666662,-1.950627318333333,0.0059254588888889995,331.4857970439446,9.314910806269454,24.0,5.7959,3.7213333333333334
Bi2WO8,0.35985,-1.437540907272727,0.163275001363631,160.1734368174652,7.566718686082143,11.0,2.1606500000000004,1.8008
Bi3PbWClO8,0.9145499999999995,-1.8119676975000005,0.045794054285712496,225.96618290308817,8.681880570816222,14.0,5.2280999999999995,4.31355
Bi3Sb(WO6)2,1.404199999999999,-1.949501537777777,0.008214492777778,258.05569502536616,8.41913657635088,18.0,5.4807,4.0765
Bi4(SeS)3,1.261099999999999,-0.403449692812506,0.020896509499994,556.628083702412,6.974727218615763,20.0,5.0638,3.8027
Bi4(TeS)3,0.5334999999999991,-0.340740989718739,0.011858977000009,311.89668236160907,7.000620741099635,10.0,5.1046,4.5711
Bi4PbS7,1.1239,-0.663987993541667,0.003211824583333,317.572817782246,6.627961671616576,12.0,5.1921,4.0682
Bi4S3N2,0.8714999999999995,-0.072617912187496,0.157724015138887,520.6287824338622,7.6366090767120305,22.5,5.8443000000000005,4.9728
Bi5(S2Cl)3,1.4488,-0.55629623245533,0.063772175892871,1428.7196476763556,6.246669823586218,56.0,5.4618,4.013
Bi6As9Se4S10(O4F13)5,2.0161,-2.196588894095394,0.036936205696532,1931.67111360882,3.5413250927873543,114.0,0.4817,-1.5344
Bi6W4O21,2.469799999999999,-1.847010564032258,0.139775481491934,477.2367326367487,8.09060715085699,31.0,5.1953,2.7255000000000003
Bi7(S3Cl)3,0.9447,-0.395958504358547,0.170043341052636,593.7786712406515,5.195472520340554,19.0,3.6577,2.713
BiBPbS4,2.0872,-0.7182401963095231,0.004932426071428,347.8570511753187,5.301123771210548,14.0,5.3059,3.2187
BiH14C4S8N5O,2.8482000000000003,-0.446167505984848,0.051111200258196,2008.8483290379504,2.029126151883734,132.0,3.1918,0.3436
BiH6C3(S2N)3,2.5591,-0.334771695921052,0.068346794240064,664.2986896221784,2.427047687389458,38.0,3.2115,0.6524
BiIrS,0.6889999999999991,-0.419055455833333,0.0,240.53229907895656,11.964283284095847,12.0,8.0811,7.3921
BiPS4,1.5094,-0.367511936329367,0.0,1180.3468529106285,4.144097131236569,48.0,4.5021,2.9927
BiRhS,0.340399999999999,-0.561277465833333,0.0,240.8884546766583,9.483956501092914,12.0,7.0942,6.7538
BiS2,1.066599999999999,-0.327047079375001,0.018465811614589,298.2536256622672,6.082212582499074,12.0,5.7444,4.6778
BiS4N3Cl4,2.0317,-0.265333344869797,0.111241170052084,648.3964500865736,2.668926526866083,24.0,1.9471,-0.0846
BiSBr,2.032,-0.8865928066666711,0.0,343.1261298289098,6.212864259187372,12.0,4.0194,1.9874
BiSCl,1.9636,-0.7342089301041691,0.0,325.1120564496465,5.648961777257308,12.0,4.3085,2.3449
BiSI,1.8668999999999991,-0.695284811666667,0.002774195277778,389.3784591920204,6.27661976939594,12.0,4.5641,2.6972
BiSb8Pb6AuS20,0.121599999999999,-0.586369676249998,0.039423960555556,1851.490036744021,5.855688616641747,72.0,5.3075,5.1859
BiSbS3,1.348399999999999,-0.348625160437501,0.002304086749997,527.799868152903,5.372816125138688,20.0,5.5393,4.1909
BiSbWO6,1.231099999999999,-1.945015348888892,0.013863934999996,248.1987490902372,8.169957610793583,18.0,5.5565,4.3254
BiW2(Br4O)2,1.8201,-1.205330088461539,0.051816175256413,842.0465695795692,4.921751749433483,26.0,1.4815,-0.3386
BiW2(Cl4O)2,1.6948,-1.495319213461538,0.028032010576923,722.3239759116742,4.102511231752439,26.0,1.7739,0.0791
BiWO4,1.3413,-1.860550681666667,0.116030532499999,168.15692274033938,9.02209820403791,12.0,6.7064,5.3651
C3N4,1.3692999999999993,0.11817008023809433,0.11817008023809383,198.67575632878632,2.083901361953128,18.666666666666668,3.8278499999999998,2.4585500000000002
Ca(WO3)2,1.2297,-2.44123913388889,0.055024392777776,240.83335328928771,6.946744292239615,18.0,4.3292,3.0995
Ca10La6Mg3Ti13O48,2.0398,-3.593129332229166,0.013627151968751,953.2748164349268,4.698632774163271,80.0,6.2023,4.1625
Ca10Ta3Ti4Al3(SiO5)10,2.843199999999999,-3.453196465191667,0.006379221420145,949.158570733501,4.018325244504077,80.0,5.5398,2.6966
Ca10TaTi8Al(SiO5)10,2.7784,-3.468271934925,0.002401806937498,953.0035620574076,3.611128259613837,80.0,5.4414,2.6630000000000003
Ca10Ti8NbAl(SiO5)10,2.8619,-3.452857383333334,0.004114985880224,952.1235022910324,3.460918395877231,80.0,5.4917,2.6298
Ca10Ti8NbFeO30,1.9961,-3.429199173433332,0.004009650700011,1161.8728149722058,4.037322062899037,100.0,5.2636,3.2675
Ca14Al12Zn4O35,0.5589000000000001,-3.168846013,0.052972982967031,846.8084004099718,3.346312786761093,65.0,6.7595,6.2006
Ca14La6Mg3Ti17O60,2.1726,-3.586036154816666,0.010586463975,1183.770303921886,4.546527527518751,100.0,6.1318,3.9592
Ca2AgWO6,0.0644,-2.361840363166666,0.085028197999998,139.76770289358453,5.558514506133279,10.0,2.0121,1.9477
Ca2BiWO6,1.1669499999999995,-2.5282936794999995,0.112719620000005,217.94972985162352,6.408673966912893,15.0,5.4085,4.24155
Ca2CoWO6,1.3479499999999995,-2.5548748694999994,0.062059061499996,184.38032794954694,5.620648634509796,15.0,4.8692,3.52125
Ca2CrWO6,1.7351749999999997,-2.7735226854999997,0.029276096194442,210.30470477861536,5.689532833141922,17.5,5.875825,4.14065
Ca2FeCuSO3,0.675999999999999,-2.117465202812499,0.067335609201387,223.95424012574665,4.14641544861254,16.0,5.435,4.759
Ca2FeWO6,2.6944999999999997,-2.5712258557999994,0.1012837732,200.30779654386785,5.5052239869452375,16.0,5.84974,3.15524
Ca2HfTiO6,2.4866,-3.572403279333333,0.116109330750001,127.4914927944669,5.242566140873784,10.0,5.4966,3.01
Ca2IrWO6,1.1277,-2.391784851999999,0.155703282250001,243.3962532155083,7.534752647419312,20.0,6.023,4.8953
Ca2La2MgTi3O12,2.1125499999999997,-3.6011351535,0.0225111063749995,360.5501206619643,4.957390970364999,30.0,6.6414,4.52885
Ca2La4Ti5O18,2.316099999999999,-3.64620037954023,0.07864137982758,353.8256118239201,5.45855466009866,29.0,7.7235,5.4074
Ca2MgWO6,3.6923,-2.9928794245,0.0,241.311489764,5.288938761406692,20.0,6.1674,2.4751
Ca2MnWO6,2.4488,-2.7632875511264356,0.014256731166705333,212.79441646633322,5.387603711937579,16.666666666666668,5.680833333333333,3.2320333333333333
Ca2MoWO6,1.7379999999999995,-2.6494173374999996,0.012607818999998001,192.0899915438806,5.896399774429208,15.0,6.0019,4.2639
Ca2NiWO6,1.6772666666666662,-2.538790696666666,0.069390176333334,217.38131066254257,5.413466797081445,16.666666666666668,4.929133333333334,3.2518666666666665
Ca2Sb2S5,1.6811999999999991,-1.372295938055555,0.0,927.6667855991934,3.465479550415696,36.0,5.2677,3.5865
Ca2SbWO6,1.3834333333333333,-2.5109473153333326,0.13936314299999533,238.15153805257592,5.491860192496184,16.666666666666668,5.836133333333334,4.4527
Ca2Sn3S8,1.1134499999999985,-1.181753173076922,0.049394104423076,326.5444805174029,3.5230475722164707,13.0,4.45205,3.3386
Ca2SnS4,1.5449823529411761,-1.5828910507422955,0.09542619604341794,540.9494875728298,3.0695087933111402,21.41176470588235,4.418588235294117,2.8736058823529413
Ca2SnWO6,1.7615,-2.5967477555,0.08954431233332799,205.4235029361111,5.875566803017376,15.0,6.43985,4.67835
Ca2TaWO6,2.1821,-3.0199643532333322,0.086870265999996,193.18589059125983,6.955933103253603,15.0,6.309950000000001,4.12785
Ca2TeWO6,1.534899999999999,-2.423080994666666,0.176682537066668,163.62135675326758,4.9484140997448645,10.0,4.9563,3.4214
Ca2Ti2SiGeO10,2.7324,-3.259998187604166,0.002698970312501,194.98435916407223,3.718283531596632,16.0,5.1519,2.4195
Ca2Ti3O8,2.6088,-3.5088069099999997,0.0471043599999995,251.08706775593487,3.5274276491421697,19.5,4.48055,1.87175
Ca2Ti5(Bi2O9)2,2.2698,-2.856713074022989,0.045815972758614,737.7152359516341,6.49796821563246,58.0,6.347,4.0772
Ca2Ti6N2O11,2.05868,-3.1521145436666655,0.07176327329761441,262.8531989807733,3.6097199311134553,21.0,4.87852,2.81984
Ca2TiAlSi2O9F,3.17685,-3.5122214019270834,0.013740876874999,277.2044874065172,3.3585601853424034,24.0,5.902950000000001,2.7260999999999997
Ca2TiCrO6,1.1492,-3.089886917833333,0.029853680000003,224.0594646009472,4.091186431721881,20.0,4.3365,3.1873
Ca2TiMnO6,1.411,-3.0330101477514377,0.012789934791669,444.39265919285833,4.16946365891109,40.0,4.6218,3.2108
Ca2TiO4,1.572299999999999,-3.448543979047618,0.036095245357146,89.0983158449353,3.578717564615976,7.0,4.6346,3.0623
Ca2TiSi2SnO10,3.0821,-3.204366553020833,0.006402215260412,197.08422799640007,3.900160965011604,16.0,5.9836,2.9015
Ca2TiSiO6,2.3708,-3.397758357333333,0.104309328666666,104.9546469690704,3.988675560546208,10.0,7.2309,4.8601
Ca2TiWO6,0.3989,-3.082048991833333,0.031877521888885,241.43640918777191,5.610309312157693,20.0,5.4382,5.0393
Ca2VWO6,0.9519499999999994,-2.7910621332499996,0.049394647708335,185.90928460132577,5.509622570030716,15.0,6.00575,5.053800000000001
Ca2W3O8,2.7879,-2.454305197307692,0.065731249871792,380.0206255484384,6.6389223140211495,26.0,5.5899,2.802
Ca2WO5,3.210749999999999,-2.908843610625,0.0390991493749975,421.21049200604864,5.426199791398242,32.0,5.21395,2.0032
Ca2YAs(WO6)2,3.691899999999999,-2.767006752916666,0.0,469.10012540291217,5.689627979084618,36.0,5.3663,1.674399999999999
Ca2Zn3Si3PbO12,3.7221,-2.780898727142857,0.0,1154.5259369331493,4.371426151121936,84.0,5.5913,1.8692
Ca2Zn4As4O17,0.056999999999999,-1.9594191620370367,0.056201484259253,752.8144134430643,4.029810282880568,54.0,0.8994000000000001,0.8424
Ca2ZnAs2(H2O5)2,3.3532,-2.052320823421052,0.002147394229313,421.9217246064756,3.616348695077516,38.0,4.339,0.9858
Ca2ZnFe(SiO3)4,3.2058,-3.021150068749999,0.024782868124998,465.4626105731299,3.608491763047246,40.0,6.928,3.7222
Ca2ZnGe2O7,3.0488,-2.565611808749999,0.026740620972211,340.04457611266724,3.934383507406742,24.0,3.8103,0.7615000000000001
Ca2ZnP2(H2O5)2,4.6954,-2.456841777593985,0.013155608157894,192.8546626948419,3.199061027089322,19.0,6.4176,1.7222
Ca2ZnSi2O7,4.0553,-3.156415355,0.015441342777786,316.2474521523368,3.294659968256685,24.0,5.7927,1.7374
Ca2Zr5Ti2O16,3.14445,-3.712568781241666,0.0007328505749995,1826.763966570663,4.843680620595382,150.0,5.6892,2.5447499999999996
Ca2ZrTi(GeO5)2,3.0146,-3.090354977083333,0.008664042604168,212.32913959033365,4.102063491768373,16.0,4.849,1.8344
Ca2ZrTi(SiO5)2,3.1228,-3.515864087083335,0.014805134322916,201.28777019570583,3.591965052638173,16.0,5.2091,2.0863
Ca2ZrTiO6,2.393299999999999,-3.479441290333334,0.133689823,130.288052455064,4.017820293755293,10.0,5.2406,2.8473
Ca3Al4ZnO10,3.544699999999999,-3.261105067916666,0.004186903345951,949.917494214886,3.171472645312294,72.0,5.6921,2.1474
Ca3Co2(WO6)2,0.9476,-2.361369367368421,0.067174775358851,231.48691112857216,5.7227146961467845,19.0,3.0949,2.1473
Ca3Er2(SnS4)3,0.7532000000000001,-1.611662576249998,0.023875384625011,448.92862319199065,4.422626134489059,20.0,4.8642,4.111
Ca3Fe2(WO6)2,1.7685,-2.462214699473684,0.089120616842107,242.16536365599396,5.428015763900974,19.0,4.1956,2.4271000000000003
Ca3Fe4(WO4)6,2.0851,-2.211236309189188,0.102277465135122,596.6368977333219,5.09497247691797,37.0,4.0331,1.948
Ca3Ge3(WO6)2,2.0729,-2.499558590124999,0.02117783699999,1040.750887157453,5.730003192262139,80.0,5.4531,3.3802
Ca3LaTi2Cr2O12,0.7309000000000001,-3.231124123583333,0.020312150687505,462.5328707766438,4.673293443762222,40.0,4.9454,4.2145
Ca3Mn2(WO6)2,1.734999999999999,-2.589670860308528,0.042408795624991,236.36632139639187,5.548444191327461,19.0,4.2396,2.5046
Ca3Mn2WO9,0.3203,-2.695963664057473,0.029390416791656,717.412353629527,5.165726238527901,60.0,3.6726,3.3523
Ca3MnZnO6,2.2454,-2.666855457993731,0.013457345151518,269.2135579971856,4.152093977115043,22.0,4.8007,2.5553
Ca3Si3(WO6)2,2.481199999999999,-2.99070719425,0.053578934999999,971.063634731766,5.226940717484436,80.0,6.9426,4.4614
Ca3Sn2S7,1.2106,-1.456248371124999,0.1009603423125042,844.7750798022178,3.268746075987959,33.6,4.516640000000001,3.3060400000000003
Ca3Sn4S11,0.4462,-1.124169850138888,0.15045228548611,882.6640209638028,3.566114906723469,36.0,4.6533,4.2071
Ca3Sn5S13,0.4344,-1.019601450880951,0.174281662511904,4155.716728683523,2.258880653934326,105.0,0.6571,0.2227
Ca3SnS5,1.8867666666666665,-1.6958758286728373,0.14269506077160599,753.3100372469244,2.6410031477478495,27.0,4.283633333333333,2.3968666666666665
Ca3Ti(FeO4)2,1.958899999999999,-2.831664266666667,0.017346306071424,347.7713083719217,3.8941965574468433,28.0,4.7519,2.793
Ca3Ti2(GeO4)3,0.0072,-2.900256020833333,0.062388007250007,985.2600690765004,4.219391618738849,80.0,5.8503,5.8431
Ca3Ti2(Si2O7)2,0.0651,-3.340408718985506,0.05334847344203,565.2290490145092,3.245121194477549,46.0,6.4852,6.4201
Ca3Ti2(SiO4)3,0.0693,-3.388590142458334,0.023305927249998,924.5438456002664,3.53621327877946,80.0,6.8655,6.7962
Ca3Ti2AlSi3O14F,3.0113,-3.497703789027777,0.011671613645832,558.8966692889751,3.388221311943553,48.0,5.7221,2.7108
Ca3Ti2O7,2.5302,-3.511848975138888,0.002560221250003,287.2813744077432,3.791381905306774,24.0,5.1814,2.6512
Ca3Ti3Cr2O12,3.090699999999999,-3.278112299124999,0.0,1005.4663437376572,3.698196308822688,80.0,5.2837,2.193
Ca3Ti3Si2GeO15,2.8822,-3.331690765520834,0.002174556562499,1164.9357776760046,3.6071291606215823,96.0,5.1357,2.2535
Ca3Ti4PbO12,1.686499999999999,-3.328509340166667,0.021203474125,235.93619860432088,5.003338167800653,20.0,5.7825,4.096
Ca3TiAl2Si3O13F2,3.1603,-3.521060034513889,0.021489120416666,547.1830569920154,3.352193123328968,48.0,6.0928,2.9325
Ca3TiBe2Si2(As3O10)2,2.1809,-2.6633438811274512,0.0,954.4675294211798,3.52061555487866,68.0,4.3771,2.1962
Ca3TiNiO6,3.1552,-2.981840128484847,0.058222049318183,269.60791377245744,3.976194364913516,22.0,6.1639,3.0087
Ca3W2O7,2.4024,-2.7305517425,0.091590906041664,323.7253915322123,6.154436354968888,24.0,6.1112,3.7088
Ca3W2O9,3.5301,-2.7680991931249994,0.0847518243750005,814.1798658569523,3.8529144997634948,42.0,3.42665,-0.10345
Ca3WCl2O5,3.9325,-2.925349647954545,0.0,766.3757678040632,3.943272293534344,44.0,4.9732,1.0407
Ca3WO6,3.6323499999999997,-3.0687450264999985,0.012326172999997,273.59906266139274,4.858622765208354,20.0,5.3572500000000005,1.7248999999999999
Ca3Zn3(TeO6)2,2.1553500000000003,-2.260370023854166,0.0602042529374995,1065.9208378701778,4.762110647901306,80.0,4.4286,2.27325
Ca3ZnGe5O14,2.4999,-2.48463556021739,0.030460143260859,292.5990561918568,4.385940481225312,23.0,5.2643,2.7644
Ca4Al6WO16,3.9985666666666666,-3.2814883688271603,0.03512743645060667,827.4288350385322,3.040385552936064,54.0,4.7620000000000005,0.7634333333333334
Ca4Ce2TiSi4(BO6)4,1.2601,-3.357529777179488,0.028375832884622,881.1650433600979,3.8744280199219263,78.0,4.3956,3.1355
Ca4MgZnAs4(H2O5)4,3.5302,-2.133286027763159,0.000476587640972,415.37429377052536,3.509031016775416,38.0,4.7063,1.1761
Ca4Sb2S,1.081899999999999,-1.3956291817857132,0.071027154489793,401.3634274212327,3.606825874317061,14.0,5.3062000000000005,4.2243
Ca4Sn3S10,0.9442999999999997,-1.399510193308822,0.10783030051470549,1211.081247355669,3.4396833913004836,51.0,4.33095,3.38665
Ca4Sn5S14,0.8258000000000001,-1.105132370489129,0.19406251103261,4965.040680925777,3.218100350130801,184.0,4.3483,3.5225
Ca4SnS6,2.0626499999999997,-1.804351093636362,0.13619938659090952,565.0238104504557,2.805334299806099,22.0,4.5476,2.48495
Ca4Ti3AlSi4O19F,2.975799999999999,-3.492195948906249,0.008886015703126,749.3914740431775,3.3956728064782062,64.0,5.6171,2.6413
Ca4Ti3O10,2.4425,-3.525216475588235,0.001450944558827,818.0110389635466,3.76687188840509,68.0,5.2097,2.7672
Ca4Ti3Si4SnO20,2.9791,-3.33933064953125,0.004154559817699,387.3416208218968,3.665195734954733,32.0,5.7089,2.7298
Ca4Ti4Si3GeO20,2.969999999999999,-3.368484574010416,0.000964830156251,386.43010119323407,3.560876264829258,32.0,5.2452,2.2752
Ca4Ti5(TeO6)3,0.0468,-2.8565283552222223,0.18967775048611,883.7945981216377,4.02243039769793,60.0,4.4002,4.3534
Ca4TiMn3O10,0.010499999999999501,-2.813451181854246,0.086824536319442,727.007847962019,3.644176962323754,54.0,3.3893,3.3788
Ca4TiMn3O12,0.459299999999999,-2.765539527356321,0.025117017874999,884.4003967328384,4.243241955172646,80.0,3.2702,2.8109
Ca4TiSi4Sn3O20,3.1716,-3.069688478385417,0.008363848828119,400.1257161202576,4.136095052435372,32.0,6.3158,3.1442
Ca4Zn3Fe(SiO3)8,3.0625,-3.026572536499999,0.032114938187496,464.6509682446174,3.648974193033354,40.0,6.8467,3.7842
Ca4ZnCo(Si2O7)2,3.1546,-3.111526386979166,0.017074646944444,1266.6483596329278,3.256387570037589,96.0,5.8976,2.743
Ca4ZnFe3(SiO3)8,3.1671,-3.0144740885,0.0187043105625,447.9129581881405,3.714419442912861,40.0,7.0968,3.9297
Ca4ZrTi3(GeO5)4,2.8582,-3.067235874375001,0.006869968177083,412.5166490482033,4.048271106261413,32.0,4.4524,1.5942
Ca4ZrTi3(SiO5)4,2.9718499999999994,-3.4932194478125007,0.010215988098957001,391.2046274597227,3.5123341336019847,32.0,5.273899999999999,2.3020500000000004
Ca51W12N56O3,1.8087,-1.104791237172132,0.0,1924.9247016244065,4.384366768161133,122.0,5.2704,3.4617
Ca5Dy3Ti5Mn3O24,0.5649000000000001,-3.349115810886495,0.019981384312515,461.7137978683071,5.308476261812952,40.0,4.738,4.1731
Ca5DyTi5Fe(SiO5)6,2.6769,-3.400432430381943,0.00547372644965,570.208864639209,3.804925458191555,48.0,5.4427,2.7658
Ca5Gd3Ti5Mn3O24,0.845299999999999,-3.331826344761495,0.015048822562487,467.2167345981324,5.189975156866212,40.0,4.8236,3.9783
Ca5Ho3Ti5Mn3O24,0.5773,-3.350653072636494,0.022588550937426,461.3901966181842,5.338439519742832,40.0,4.7276,4.1503
Ca5Sn3S11,1.9316,-1.530751275657893,0.071076371118425,1029.932983301411,2.93188054504358,38.0,4.344,2.4124
Ca5TaTi3Al(SiO5)5,2.8624,-3.465145833308333,0.0,921.2409694357888,3.937865434229204,80.0,5.5572,2.6948
Ca5Ti3NbAl(SiO5)5,2.9144,-3.430454232625,0.007288855385429,950.6511578778704,3.508469160357721,80.0,5.5692,2.6548
Ca5TiSn4(BO3)10,3.091999999999999,-2.9132177983,0.005211212999995,565.1894190090734,3.852302405118509,50.0,5.4418,2.3498
Ca5W(N2O)2,2.3489,-1.722604418749998,0.021553693480381,356.3101278599261,4.401777058264871,24.0,5.4368,3.0879
Ca5W3O14,2.4389,-2.858643893409091,0.028785939545452,1181.0198115739142,5.488553929668014,88.0,4.5386,2.0997
Ca5Y3Ti5Mn3O24,0.5861000000000001,-3.337391526011495,0.020469166687488,462.92485954562113,4.5026289025321535,40.0,4.7877,4.2016
Ca5Zr4Ti(GeO5)5,3.1128,-3.118003473208334,0.010911359041669,1086.7622827794894,4.206003565013021,80.0,4.3986,1.2858
Ca6La14Mg7Ti13O60,1.1974,-3.618959881483333,0.031710019474999,1229.283585276989,5.318867724019777,100.0,6.7292000000000005,5.5318000000000005
Ca6La4Ti5Cr5O30,0.1654,-3.304265289433334,0.026188390700003,1179.602362340095,4.998464223130545,100.0,5.0385,4.8731
Ca6Mg2ZnP6(H2O5)6,5.033,-2.566139742155388,0.005767843822701,577.6002081165444,2.968059717225055,57.0,6.8387,1.8057
Ca6Ti5AlSi6O29F,2.4854,-3.485607767951389,0.007180758593751,1128.1441968694437,3.409788879826975,96.0,5.3638,2.8784
Ca6TiAl5Si6(O5F)5,2.863799999999999,-3.533616396319445,0.025519634739583,1082.0671469321298,3.335397666148229,96.0,6.0455,3.1817
Ca7Sn3S13,2.1024,-1.587026506086955,0.153998687826082,2239.081497898816,3.125232877186776,92.0,5.4898,3.3874
Ca8Fe5(WO8)3,0.0891,-2.593736447249999,0.041699398,480.6254177955274,5.304580656757229,40.0,4.3661,4.277
Ca8Ti2Mn6O21,0.038599999999999,-2.79814114633116,0.088424206148649,1892.4852358308945,3.797460638637436,148.0,3.4318,3.3932
Ca8Ti3Mn5O20,0.6657999999999995,-2.927302647386253,0.103813773020832,1230.6202340147254,3.54563519589341,90.0,4.06875,3.40295
Ca8Ti3Mn5O21,0.2912499999999995,-2.919059972051491,0.09480984746621299,1199.2331148013623,3.716320594154077,92.5,3.7776,3.48635
Ca8Ti3Mn5O22,0.1513,-2.925507641964609,0.061691569714914,1866.8755810413984,3.881320102403503,152.0,3.6731,3.5218
Ca8Ti3Mn5O24,0.5853,-2.8908757264288782,0.027352587458334,1771.8895653422662,4.209338379324314,160.0,3.4653,2.88
Ca8TiMn7O20,0.1126,-2.672346497884738,0.097088518055556,1906.7529060203024,3.73794351677916,144.0,3.2975,3.1849
Ca8TiMn7O24,0.4161,-2.623033576346264,0.040051200229169,1758.6044549814878,4.29455111502744,160.0,3.1962,2.7801
Ca8V7ZnBiO28,3.4595,-2.816154769444445,0.008949109710293,1316.1541219966791,3.531606242487253,90.0,4.0892,0.6297
Ca8Zn3Co(Si2O7)4,3.151699999999999,-3.133536617916667,0.016692247934027,632.8162072450931,3.275994341506876,48.0,5.8481000000000005,2.6964
Ca8Zn4Si3Ge5O28,3.2833,-2.7995524986458333,0.010945640295143,642.2463314551943,3.820618289859839,48.0,5.0384,1.7551
Ca8ZnCo3(Si2O7)4,3.1325,-3.088509426874999,0.018463775121529,634.1326979282306,3.235278146784026,48.0,5.9608,2.8283
Ca9(WO3)20,0.3628,-2.424955424157303,0.043856154634831,1164.643645145198,7.125344788165353,89.0,4.2724,3.9096
CaAs2WO7,3.075,-2.143967177727272,0.082225114999996,743.0158878755667,4.342402301413512,44.0,3.7559,0.6809000000000001
CaAsWO5,2.213,-2.2618786684375,0.121490479479163,491.6638192841921,5.117911462948629,32.0,4.2881,2.0751
CaBiWO5,1.6851499999999995,-2.2722557376562493,0.1256146473437525,827.2408736434988,6.099548215480981,48.0,4.55735,2.8722000000000003
CaCd(WO4)2,3.1642,-2.310962862499998,0.044990397083331,160.5779248985156,6.702677073151572,12.0,4.3621,1.1979
CaCdS2,2.2388999999999992,-1.5482983012499991,0.083833876249999,88.3028802064482,4.073528646255397,4.0,4.872,2.633099999999999
CaCu2(WO4)2,1.378899999999999,-1.9497189025,0.131306551826929,812.5843449861867,5.418171573202045,52.0,4.0408,2.6619
CaEu2WO6,0.6178,-2.912938223000002,0.142171767416661,145.35608624499156,7.12673754063186,10.0,5.2868,4.6690000000000005
CaEuMnWO6,0.283999999999999,-2.646220813293102,0.114910687250002,133.421672784898,6.556650577003175,10.0,5.6836,5.3996
CaEuTiSnO6,0.285899999999999,-3.006452671333334,0.120085838750016,128.2844164784978,5.88463238716542,10.0,7.0175,6.7316
CaFeO2,0.9230999999999996,-2.3291470340624993,0.0646223559375,132.77190450909436,4.038326539840002,10.0,4.3942499999999995,3.4711499999999997
CaFeO3,0.0607,-2.2238986135,0.004620416999999,226.6302730514852,4.218090935409315,20.0,2.7383,2.6776
CaGe2WO6,1.8029999999999995,-2.22469729725,0.102790353166657,472.42016521856453,4.859401403607789,30.0,3.3907499999999997,1.5877499999999998
CaHfTiSnO6,2.3192,-3.145945214833333,0.163982156500003,129.89873107497073,6.150591962268691,10.0,6.3487,4.0295
CaHo(WO3)2,2.114899999999999,-2.694899280499999,0.130464831916667,258.0637135413393,8.605449294370558,20.0,6.4289,4.314
CaLa2TiO6,3.1705,-3.681629979333332,0.063117427750002,138.4962271440171,5.5363082119677,10.0,8.1026,4.9321
CaLa2WO6,2.0397,-3.145924291,0.175874782833341,147.19752923479527,6.742954744733206,10.0,8.6364,6.5967
CaLaCrWO6,1.852599999999999,-2.890700132,0.061542932458339,251.71172746271745,6.739692922363421,20.0,7.3994,5.5468
CaLaFeWO6,1.3456999999999995,-2.78680633725,0.0358412779999975,260.2070740579269,6.568788384035021,20.0,6.91545,5.569750000000001
CaLaTiCrO6,2.687699999999999,-3.376717194583332,0.006414756125,474.805001938552,5.24376443368578,40.0,7.4509,4.7632
CaLaTiMnO6,0.2488,-3.261212056376437,0.088569546619055,482.7698458919486,5.197728196719773,40.0,5.6318,5.383
CaMg14ZnO16,3.445099999999999,-2.9371501540624996,0.039927776250000505,319.9260335085612,3.6423405152554955,32.0,7.5585,4.1134
CaMg2TiAl2SiO10,2.3238,-3.377986524313725,0.014424110098032,768.4522340638429,3.2724275607140942,68.0,6.0624,3.7386
CaMg30ZnO32,4.0648,-2.98946428765625,0.0182292625,628.096878744485,3.560137861361855,64.0,7.9726,3.9078
CaMg6TiO8,0.084749999999999,-2.8977767045833325,0.15770213187499899,167.55815205180534,3.585328578721212,16.0,8.1462,8.06145
CaMg6ZnO8,5.397,-2.834595410624999,0.08125127999999951,166.15444669802542,3.79084468807329,16.0,8.6599,3.2629
CaMn3Zn(SiO3)5,2.8848000000000003,-2.900469337951724,0.006823331299999,605.2767520342921,3.5704175707709123,50.0,5.927,3.0422
CaMnSnWO6,1.329799999999999,-2.198747393293102,0.181253979977269,133.57588618462893,6.13568620159696,10.0,6.3602,5.0304
CaMnWO6,0.855699999999999,-2.313512528659004,0.111371464351847,217.40648921202975,5.726205610412711,18.0,2.6683,1.8126
CaMnZnAs2H3O10,1.9694499999999993,-1.9108869328017235,0.0094111279166665,584.1325622496549,4.0309706609179266,54.0,3.8261,1.8566500000000001
CaNd2Ti2Mn2O12,1.3218,-3.059772932501513,0.071006519846486,224.18715585111343,5.378654116291573,19.0,4.0326,2.7108
CaNd2Ti2ZnO9,2.4692,-3.408205343444444,0.034171424500012,730.9684104376975,5.758295035807063,60.0,5.5112,3.042
CaP2(WO5)2,1.8945999999999992,-2.577625835285713,0.057177742388894,380.306710846214,5.4989335186580695,30.0,6.1152,4.2206
CaP2W2O9,2.258899999999999,-2.535977704948979,0.068811857738108,763.6694096230931,5.337770601979329,56.0,6.0134,3.7545
CaP2WO7,0.6886999999999991,-2.556919393116882,0.197196869204546,298.2295550220522,4.430575444089356,22.0,5.695,5.0063
CaP3W3O13,0.9698,-2.425453621696428,0.108442944583348,560.7898101320231,5.28558173888113,40.0,5.0876,4.1178
CaP4WO12,2.0453,-2.546837436587301,0.149902340386926,531.1748981343337,3.3750416374399173,36.0,5.2664,3.2211
CaPr2Ti2ZnO9,2.505,-3.401542441500001,0.025658456666679,737.3732383508792,5.648207725813331,60.0,5.5584,3.0534
CaSb10(S3O5)2,1.7817999999999992,-1.4501757820370371,0.0,1140.4482069419237,4.688631775426656,54.0,6.042,4.2602
CaSb4H6(SO8)2,3.5227,-1.8146211885344807,0.004920148189667,736.4673346381143,3.847868704456945,58.0,5.474,1.9513
CaSi4WO10,2.2125999999999992,-2.9611088878125003,0.148311296979168,896.7735663522755,3.675617502011913,64.0,5.3877,3.1751
CaSiSn3S5O24,0.2194,-2.077651145073531,0.046191798272038,1591.5448101372565,3.031780703642686,102.0,1.6072000000000002,1.3878
CaSn(SO4)3,1.7000000000000002,-2.124230477401961,0.0,1620.3241296758963,2.748415940235057,102.0,1.4124,-0.2876
CaSn2S5,0.8822624999999995,-0.9928855195703111,0.14044332714843388,758.6244859579177,3.3974965173777485,28.0,4.021,3.1387375
CaSn3P2(SO6)4,1.1351,-2.168301205420169,0.023388736734081,1569.688756890277,3.079697748234279,102.0,2.0126,0.8775000000000001
CaSn4S9,0.8926499999999999,-0.8143423077976166,0.137323738898809,994.4358405443313,3.3269831634161395,35.0,3.4913,2.59865
CaSn5S11,0.2957,-0.7614059026470581,0.147515955808823,1665.031411276685,3.934727173252765,68.0,4.4915,4.1958
CaSn6S13,0.413599999999999,-0.7317328661249981,0.147268060562496,944.614421780146,4.110616994065872,40.0,5.0553,4.6417
CaSnS3,0.9483391304347822,-1.2566684566833315,0.13098831006666592,934.1419438902635,3.301816156192637,34.78260869565217,4.182686956521739,3.2343478260869567
CaTi(GeO3)2,1.8575499999999994,-2.6821722783333324,0.080680203500002,405.11386289821866,4.1368191703248005,30.0,4.762449999999999,2.9048999999999996
CaTi(PO3)4,0.175499999999999,-2.800253669550264,0.130445173049602,497.26912123596577,2.697051523382782,36.0,5.5463000000000005,5.3708
CaTi(SO4)3,2.2441,-2.386480012009804,0.0,1560.7197143806463,2.401135333428538,102.0,1.6558000000000002,-0.5883
CaTi2(CuO4)2,0.5975,-2.392578074166666,0.147424327884613,702.9443243151187,3.693626196271578,52.0,1.6508,1.0533
CaTi2(HO3)2,3.1485,-2.931290467310606,0.0,963.1149724514484,3.22515473450759,88.0,4.3869,1.2384
CaTi2(PO5)2,2.5542,-3.173204534063492,0.057690387400011,353.5547139748473,3.360519203022611,30.0,4.8948,2.3406
CaTi2Be3(SiO4)3,0.0005,-3.049631510198413,0.153959015691611,885.2584504384031,3.294581947144686,84.0,6.9701,6.9696
CaTi2CoO7,0.3102,-2.725611933560605,0.146461194886358,1120.0510180208664,3.638087175173772,88.0,1.8264,1.5162
CaTi2FeO6,1.3812,-3.123574121416667,0.019325853499998,437.4384411038195,4.367789050591931,40.0,5.2742,3.893
CaTi2MnO6,1.5799999999999992,-3.23747311970977,0.017872486999987,445.2526907730204,4.277604012269971,40.0,5.3515,3.7715
CaTi2O5,2.83495,-3.515897383958333,0.031040920156249,224.66349095761785,3.213123372544438,16.0,3.6281,0.79315
CaTi2PbO6,2.1159499999999998,-3.1208213996666663,0.0225170717500005,126.94440871891427,5.744767772437175,10.0,6.0293,3.9133500000000003
CaTi3O7,2.8507,-3.4778934443181813,0.058440445568171,630.6977197009498,3.113881918849768,44.0,3.3053,0.4546
CaTi3P2(SO6)4,2.0153,-2.582749950371148,0.014862207892156,1499.8069432766847,2.517276523549782,102.0,1.816,-0.1993
CaTi3SiS5O24,1.615999999999999,-2.509471423651961,0.020490000612746,1510.0025628689625,2.494351211791524,102.0,1.7623000000000002,0.1463
CaTi3V5O16,0.8804666666666661,-2.8356779450666667,0.135307048733337,307.2956214217344,3.763536215444153,25.0,3.4873666666666665,2.6068999999999996
CaTi4(FeO4)3,1.6248,-2.8990401529166663,0.037266230874999,430.2142482567967,4.562848116354589,40.0,5.4298,3.805
CaTi4(PO4)6,2.7105,-3.099354685176871,0.0,467.67964497699535,2.845351799810924,35.0,3.407,0.6965
CaTi4(PdO4)3,0.5335000000000001,-2.598600925166666,0.111972695499996,217.36509682471296,5.674537651361169,20.0,4.8236,4.2901
CaTi4O9,2.6041,-3.435326306309524,0.094947918303569,379.8312738705808,3.2835623619917182,28.0,3.4279,0.8238000000000001
CaTi8Mn(PO4)12,2.6538,-3.043039888290171,0.002587902714289,924.07925366045,2.90678739269845,70.0,3.4185,0.7647
CaTi8Zn2O19,2.6081,-3.263221765388889,0.026248268541662,671.1005578515623,4.245100385535125,60.0,5.0045,2.3964
CaTiAg(PO4)3,0.255499999999999,-2.619693126051586,0.059290136550901,494.5445446547262,3.228289331715965,36.0,1.5732,1.3177
CaTiAs2O7,2.7133000000000003,-2.50232282030303,0.078896878636388,654.8277949962107,3.5479862113976117,44.0,4.0575,1.3442
CaTiAsO5,1.7906,-2.821140971041666,0.075048463253363,441.188656959196,3.656345096763575,32.0,4.4992,2.7086
CaTiBi(PO4)3,1.1153,-2.812786353736773,0.099708731861116,528.7667917049152,3.654417078191419,36.0,3.249,2.1337
CaTiBiO5,0.0076,-2.672959521666667,0.097006499062494,1016.0606671360192,4.928007868198238,64.0,1.6243,1.6167
CaTiCo(PO4)3,1.264,-2.766052407070106,0.049861253816974,468.1419113425338,3.063207689311965,36.0,2.4662,1.2022
CaTiCr(PO4)3,2.4130000000000003,-2.986791975681216,0.0,472.3082237099776,2.987407792559704,36.0,3.7256,1.3126
CaTiFe5O8,2.0571,-2.014490026888888,0.158551950499999,178.14200549246442,4.615650063822729,15.0,5.2457,3.1886
CaTiGeO5,2.82505,-3.048153252604166,0.0010394128124995,301.0019444062021,3.9885205291649823,24.0,4.8216,1.9965499999999994
CaTiMn(PO4)3,1.052799999999999,-2.920439093621829,0.004413609826407,474.6342077873178,2.993352931372423,36.0,2.6247,1.5719
CaTiMo(PO4)3,1.0023,-2.913297633736772,0.0,495.07700241440966,3.14480047706904,36.0,3.4836,2.4813
CaTiNiP2O9,3.0134,-2.919581371079932,0.0,697.0536208800172,3.35970557607978,56.0,4.7676,1.7542
CaTiO2,0.0204,-2.950766035833333,0.156221799999999,208.0213877493366,3.829824766604408,16.0,5.7861,5.7657
CaTiO3,2.3740333333333328,-3.5339074447499996,0.022179712416666834,142.97731440525084,3.919983274178087,12.5,5.433583333333334,3.0595499999999998
CaTiP2O7,0.143399999999999,-2.894883685238094,0.199906471249354,555.62358038217,3.130722369912964,44.0,6.4525,6.3091
CaTiP3WO12,0.7037999999999991,-2.8728153273478823,0.025984342812506,497.2878746666664,3.717848866768187,36.0,3.4078,2.703999999999999
CaTiPO5,0.088999999999999,-3.187188815997023,0.092854437363083,195.21687262315143,3.384004561953374,16.0,5.9552,5.8662
CaTiSb(PO4)3,0.192199999999999,-2.8026595140145503,0.090092772416673,518.1673940224033,3.170150514539994,36.0,3.5094000000000003,3.3172
CaTiSiO5,2.9619999999999997,-3.4761428172916666,5.8833125e-05,375.4070400819945,3.4691564061484987,32.0,5.40635,2.44435
CaTiV(PO4)3,1.3726,-2.991754182070105,0.02006519666668,476.2126931639693,2.955559310380089,36.0,3.6434,2.2708
CaU3Ti8O24,0.0593,-3.58238166574074,0.0,452.8729774044127,5.5773327194584965,36.0,5.6352,5.5759
CaV2Zn2(SiO5)2,1.8276499999999996,-2.641377123529412,0.135138231421569,206.00445876931846,3.945137303551636,17.0,4.79465,2.967
CaVSnWO6,0.457999999999999,-2.260939558500001,0.184738090791666,129.3609854362211,6.284300478106627,10.0,6.7715,6.3135
CaWO3,1.9784,-2.611401141499999,0.053646282333334,255.79037973460856,7.060898434255337,20.0,6.2205,4.2421
CaWO4,3.7488999999999995,-2.661046201944444,0.06501582555555467,200.36842465441282,6.254413227032463,16.0,5.740266666666667,1.9913666666666667
CaZn(CO3)2,3.9421,-2.253446365999999,0.001333238000003,111.63527012922437,3.354312034828785,10.0,5.2896,1.3475
CaZn(GeO3)2,2.4804,-2.3650328105,0.02270866316666,249.712797959917,4.6118114671837525,20.0,4.721,2.2406
CaZn(SiO3)2,4.056599999999999,-3.0329841,0.038457912499993,231.63739222571192,3.694094401343306,20.0,6.7592,2.7026
CaZn2(H5O4)2,3.566,-1.5552071065476185,0.0337184030952365,415.28558088407397,2.4710406774460436,42.0,2.3272500000000003,-1.23875
CaZn2(PO4)2,3.787199999999999,-2.705513512252746,0.0,345.4077675748367,3.469445995097802,26.0,4.6488,0.8616
CaZn2(SiO4)2,0.2294,-2.487365968846153,0.156488273012826,345.4321018810322,3.413664514457898,26.0,1.1492,0.9198
CaZn2H12(BrO)6,3.7922,-1.393759417407407,0.008211502453703,965.1926046873344,2.609577025538234,54.0,1.8364,-1.9558
CaZn2Si2HO7,2.064,-2.454597664711538,0.196345960256412,344.4419122744754,3.278931680808799,26.0,2.907,0.843
CaZn3O4,1.3153,-2.096002005,0.073677177499999,109.65590342140136,4.54753627978619,8.0,1.9051,0.5898
CaZnAsHO5,2.637399999999999,-2.160578759583333,0.0,402.0096889197715,4.319173469421847,36.0,4.3484,1.710999999999999
CaZnO2,1.5973000000000002,-2.411118379999999,0.1373408725,60.43460296937859,3.7776460965323313,4.0,2.0367,0.4394
CaZnSO,2.6853,-2.174105661874999,0.010719636249999,142.4077262992574,3.580958773196182,8.0,4.7406,2.0553
CaZnSi3O8,4.3077,-3.110942861923076,0.006973611666669,701.5200738178311,3.008424385915478,52.0,5.5994,1.2917
CaZnSiH2O5,3.639999999999999,-2.46385951625,0.003359499666673,221.56475709354143,3.231452062808608,20.0,4.6258,0.9858
CaZnSnWO6,2.927,-2.133237551499999,0.189710584416664,128.8646773749686,6.49493071818144,10.0,6.4729,3.5459
CaZrTi2O7,2.9332000000000003,-3.62191468560606,0.0,523.9731452844247,4.297743529692703,44.0,5.3726,2.4394
Cd(GaS2)2,2.1205,-0.8257759216071421,0.0,159.94575929459765,3.9463323764415152,7.0,3.4509,1.3304
Cd(InS2)2,1.050399999999999,-0.7876428866071431,0.0,326.0902033892593,4.789859607424008,14.0,4.3134,3.263
Cd2Cu10Sb4S13,0.3896,-0.327931772890873,0.031726729999997,592.1187659244058,4.947433508433204,29.0,5.2041,4.8145
Cd2GaAg(SeS)2,0.057599999999999,-0.698483738606769,0.098944657500001,211.2937821011824,4.907600824512129,8.0,2.0262,1.9686
Cd2GaAgS4,1.0437,-0.8115381298958321,0.0,387.6232596489914,4.546701253147711,16.0,2.5691,1.525399999999999
Cd2H2SO6,2.7941000000000003,-1.628359586818181,0.001555490454545,387.7425806258547,4.562303371195485,33.0,2.70595,-0.08815
Cd2Hg2S2O11,0.0254,-1.3381478864705891,0.117991778529413,520.1832015183738,5.529725139437246,34.0,-0.0594,-0.0848
Cd2InAgS4,0.1805,-0.642272887656249,0.025835483125,207.06557093714477,4.61730834864954,8.0,2.5087,2.3282
Cd2MoWO8,2.7112,-1.855912433333332,0.046246291388893,158.36513114714973,6.633103868336483,12.0,3.8424,1.1312
Cd2SO6,0.2756,-1.320159852499999,0.195260964444444,270.8707093123959,4.3266152559804905,18.0,-0.012,-0.2876
Cd2Sb6S11,0.365199999999999,-0.25704983294408,0.133217479342103,481.8044566896702,4.508356328470696,19.0,4.6837,4.3185
Cd2SeS,0.7074,-0.8425974399609361,0.008608515000001,112.09403432099552,4.97517166973759,4.0,1.474,0.7666000000000001
Cd2TeS,0.058199999999999,-0.6169086282031271,0.051765568749999,124.2346957849561,5.139109329047404,4.0,1.9424,1.8842
Cd3H14S3(NO8)2,3.312,-1.381384893157895,0.013193011940785,741.4848261742877,3.276548949069579,76.0,3.144,-0.168
Cd3H18S4N2O21,3.6991,-1.417398167656249,0.011535870625004,2011.129042303252,2.7994899546231062,192.0,3.1926,-0.5065000000000001
Cd4CoS5,0.2391,-0.6063728729479201,0.106999741541667,489.1500476450122,4.541503090430362,20.0,2.0405,1.8014
Cd4Ge(SeS)3,1.5844,-0.7821896131392031,0.01284092221591,586.5285560268507,4.843266439027008,22.0,2.7107,1.1263
Cd4GeS6,1.354899999999999,-0.796762149090907,0.013104489488635,544.6408546244373,4.357895985241944,22.0,2.7638,1.4089
Cd4Mo3WO16,2.4773,-1.834932342916666,0.023461022777781,315.9475479790076,6.187556626390714,24.0,3.6475,1.1702
Cd4MoW3O16,2.7918000000000003,-1.94592408375,0.0,316.40840333906385,7.101158149677651,24.0,3.9255,1.1337
Cd4P6SN12,2.9902,-0.5997514267546581,0.0,313.4283723801175,4.427166322783166,23.0,6.2976,3.3074
Cd4SF6,1.4874999999999998,-2.1247980325284095,0.027139098181818,254.77411352750326,5.854836703361333,16.5,1.6564999999999999,0.16899999999999998
Cd4Si(SeS)3,1.1219,-0.821371864502839,0.068379889545455,565.3016734323447,4.763377187441541,22.0,2.7666,1.6447
Cd4SiS6,1.4382,-0.762807941534088,0.006489037272727,533.8727294389162,4.168632513632733,22.0,2.9685,1.5303
Cd5(S2Cl)2,1.6740499999999996,-0.8550965055681776,0.05730473590909049,460.6636666447738,4.132412501635182,16.5,1.7723499999999999,0.0983
Cd5Te4S,0.290499999999999,-0.56127455228125,0.042639129499999,342.783266385838,5.350607190307138,10.0,2.1125,1.822
Cd5TeS4,0.2470999999999995,-0.703167685624998,0.030267026500000002,419.93237998289084,4.8546415939273615,15.0,2.08595,1.83885
CdAg2GeS4,0.7054,-0.5849758605729141,0.00147244265625,547.0757401840118,4.81957052507725,24.0,2.8606499999999997,2.1552499999999997
CdAg2Sn3S8,0.643199999999999,-0.634293034880951,0.0,326.0345050436003,4.791611968330747,14.0,4.3411,3.6979
CdAg4Ge2S7,0.6329,-0.5322799706547601,0.002973598035714,656.4935856956275,4.621826450208731,28.0,2.6295,1.9966
CdAs2S2(OF3)4,3.4985,-2.198542333333333,0.037942461904763,671.4786355760316,3.058370777525006,42.0,0.9239,-2.5746
CdBiS2Br,1.729499999999999,-0.8601711219999991,0.017706848500002,260.22611173907814,5.939888615504158,10.0,4.3445,2.615
CdBiS2Cl,1.916,-0.739189207124999,0.011979506500001,496.0023253265984,5.6374287098609965,20.0,4.6615,2.7455
CdC2(SN)2,3.301599999999999,-0.037342773590562,0.184545337525509,570.73420905426,2.660145753017327,28.0,2.9511000000000003,-0.3505
CdCu2GeS4,0.388499999999999,-0.6501249718749991,0.0,316.66649334072304,4.618779706263253,16.0,4.4544,4.0659
CdCu2SiS4,0.9802999999999992,-0.7558171031249981,0.0,312.7067770102915,4.2040783700915885,16.0,5.3389,4.3586
CdCu2Sn3S8,0.187199999999999,-0.660444638214284,0.017927309285711,299.3629420687261,4.726815341411009,14.0,4.9315,4.7443
CdFe(PS3)2,0.5899999999999991,-0.59800247442857,0.092919839363636,221.1267563366866,3.173442542727434,10.0,4.1247,3.5347
CdGa2(SeS)2,1.6405,-0.922036687812499,0.00385656785714,177.97537795502575,4.421628971812413,7.0,2.8624,1.2219
CdGa4As4S,0.173799999999999,-0.440797775749999,0.009775825499999,242.0519480621983,4.960340489259347,10.0,2.6504,2.4766
CdH10S2(NO2)4,4.3338,-1.070172342699999,0.083608129950003,239.87721474891455,2.565755090922693,25.0,4.4761,0.1423
CdH12C2S2(N3Cl2)2,3.5551,-0.543601461666666,0.121944852645034,693.6810068089432,2.099416820361731,54.0,3.6518,0.0967
CdH12C2S2(N4Cl)2,4.015,-0.363044717407407,0.175186604407393,677.6607896075701,1.93884007732677,54.0,3.6904,-0.3246
CdH16C4S4(N4Cl)2,3.344299999999999,-0.485923666714286,0.03360246308571,1882.461973022971,1.72117513964737,140.0,3.0239,-0.3204
CdH16C4S4(N5O3)2,3.1371,-0.5592520466463411,0.196990425160907,1982.7563402162305,1.812008068952394,164.0,2.757,-0.3801
CdH2(SO4)2,4.3612,-1.665746144423076,0.006209725769218,648.8370494181239,3.138179025035615,52.0,3.909,-0.4522
CdH20C2S2(NO2)6,4.4107,-1.059891513023255,0.04245622061629,403.0017174925905,2.046839305623544,43.0,3.639,-0.7717
CdH2C4(S3N2)2,2.375099999999999,-0.157123689558823,0.190795105525209,1251.9395626391624,2.179955238540254,68.0,3.264,0.8889
CdH2SO5,3.4934,-1.65218316861111,0.0,419.7006791796628,3.584398615942993,36.0,3.3939,-0.0995
CdH4C4(S2N3)2,2.8573,-0.185423508421052,0.169785932979322,588.7214377125955,2.12551279481014,38.0,3.5795,0.7222000000000001
CdH4S2O5,3.3219,-1.297030737083333,0.087881839751985,598.2427909006424,2.893047923925238,48.0,3.225,-0.0969
CdH8C2S2(BrN2)2,3.3531,-0.526542558289473,0.042115083601284,1113.6561195334875,2.5316023337344733,76.0,2.976,-0.3771
CdH8C2S2(N2Cl)2,3.8023,-0.57318698131579,0.040944419537814,587.2285432036821,1.897756402161198,38.0,2.7895000000000003,-1.0128
CdH8C4(S2N3)2,3.277199999999999,-0.317591679565216,0.073936383957409,322.1037156480384,1.9632259377495247,23.0,3.1523,-0.1249
CdH9C3SBrCl2O,3.7859,-0.543498092569443,0.130238251765873,1041.8667402590872,2.272067119976509,72.0,2.7607,-1.0252
CdHg2SO6,1.3352,-1.3807889647500011,0.0,313.64653541813226,6.794201478790207,20.0,1.7179,0.3827
CdHg3C6S6(N3Cl)2,2.0705,-0.145418426979168,0.188251386473212,2294.166742384928,3.28198672763305,96.0,0.9902,-1.0803
CdHg4C6S6(Br2N3)2,1.9085,-0.185136490925925,0.187006835260141,739.7923486211768,3.552938074303383,27.0,0.641,-1.2675
CdHgC4(SN)4,2.2059,-0.062183859464286,0.177096897755101,311.0939989489594,2.910833280525571,14.0,1.5499,-0.656
CdIn2(SeS)2,0.36065,-0.7837696136458315,0.068130682142857,283.9758447808987,4.8660919566191065,10.5,3.6335500000000005,3.2729
CdIn2SeS3,1.2832,-0.842241462596724,0.018445688749999,349.50507189732195,4.9145731800765535,14.0,4.3934,3.1102
CdIn4As4S,0.0099,-0.338181971416666,0.0103115375,291.15516699116034,5.15253818372345,10.0,3.4378,3.4279
CdInGaS4,0.2643,-0.7228359908928591,0.083873413214284,336.4305053774398,4.197485818326552,14.0,3.2508,2.9865
CdPS3,1.7644499999999992,-0.5267923592827375,0.0004015790000005,229.02295617790466,3.474226589205785,10.0,3.52265,1.7582
CdPbS2,0.9252,-0.7454701112499981,0.078957898749999,95.40589974114108,6.6790096176973535,4.0,5.3437,4.4185
CdRe2H16C4S4(NO)8,2.43,-0.8298291465116281,0.092088927112402,1090.38771289815,2.793902594712495,86.0,2.4289,-0.0011
CdRe2H26C6S6(N4O3)3,2.5258000000000003,-0.7372363434274201,0.084192273941529,1612.0180577858584,2.240591439151732,124.0,2.1423,-0.3835
CdRe2H8C2S2(NO2)4,2.776799999999999,-1.089039348518519,0.089464249012352,793.4978000747332,3.202063588351104,54.0,2.034,-0.7428
CdS,0.6825249999999999,-0.7090338139062485,0.06757457499999975,69.62829397984468,5.2211801564953255,3.0,2.470275,1.7877500000000002
CdS2,1.1625,-0.466972191874999,0.050766734062502,256.4655668126394,4.572204074019703,12.0,4.6364,3.4739
CdS2O7,4.2148,-1.771557907499998,0.0,556.5258846650862,3.443696990590733,40.0,3.4337,-0.7811
CdSO3,3.199466666666666,-1.6312635230555548,0.097189747194444,458.9802955705548,4.197199009236747,30.0,4.1927666666666665,0.9933000000000001
CdSO4,2.495833333333333,-1.7624333448611103,0.06198076472222234,161.90775742869434,4.310223696110516,12.0,2.8709333333333333,0.3751
CdSb6(S2I)4,1.5565,-0.6163695210526311,0.002185447763156,592.4360959388665,4.504565298794946,19.0,4.6641,3.1076
CdSbS2Br,1.528499999999999,-0.805227481999999,0.013639586499999,258.1251277424016,4.866044489168799,10.0,4.3485,2.8200000000000003
CdSbS2Cl,1.6373,-0.679851513374998,0.007451008750001,489.065496950059,4.532820729249766,20.0,4.7346,3.0973
CdWO4,3.262699999999999,-1.985844491666664,0.0,151.67047904498918,7.888244011024899,12.0,4.2898,1.0271
Ce(Mo3S4)2,0.338499999999999,-1.081040314166665,0.0,278.7203183825921,5.7925532336017085,15.0,6.9832,6.6447
Ce(WO4)2,1.6104999999999998,-2.562009938560605,0.10239128348484466,904.8903947610967,5.555456545844635,51.333333333333336,1.1781,-0.4323999999999999
Ce2(WO4)3,0.079299999999999,-2.693502823235293,0.082964330147053,522.4269688389957,6.5079650784739975,34.0,4.7467,4.6674
Ce2MgTi4O12,0.041199999999999,-3.533323718333333,0.043146782828944,240.2707367051761,4.754832986743167,19.0,5.8978,5.8566
Ce2WO6,0.720299999999999,-3.180353398333332,0.116652907777773,266.02432602721325,6.991958006675061,18.0,5.0449,4.3246
Ce3AlCdS7,0.046699999999999,-1.856575441848965,0.048656800208334,550.0779253271668,4.734555842880746,24.0,6.579,6.5323
Ce3CuSiS7,0.0071,-1.805704806458332,0.0,521.8013055823599,4.68714142398412,24.0,7.1814,7.1743
CeAg(WO4)2,0.081199999999999,-2.339730888472221,0.102636898402773,337.3152774676898,7.321788062579526,24.0,5.0379,4.9567
CeBiW2O9,0.147699999999999,-2.443704648076923,0.048945990480763,706.8481008639984,8.08854898895095,52.0,6.2531,6.1054
CeCu(WO4)2,0.117499999999999,-2.351124633749999,0.091243153124993,329.0954765622526,7.057385008493042,24.0,5.0332,4.9157
CeTi2O6,1.6768999999999996,-3.6166122576851856,0.031150109166666502,165.22715816051522,4.981723188493334,13.5,4.560499999999999,2.8836
CeZn(BO2)5,0.487499999999999,-2.895303922843137,0.020270162573556,648.8943566510193,4.29480707414646,68.0,7.4337,6.9462
Co3CuH56(SO11)4,1.0868,-1.365792348981481,0.010699540347221,973.9308240656952,1.92497056485831,108.0,0.4154,-0.6714
Co3P6WO24,0.1344,-2.103372088466385,0.057762925625001,483.1000275356516,3.198257033003693,34.0,-0.1468,-0.2812
CoBi2SO7,1.1546499999999993,-1.7460250242045454,0.001924712159092,926.3988192677676,6.6312896730553605,66.0,4.9878,3.83315
CoBi6(SO8)2,1.6456599999999995,-1.7677178518399999,0.0078416285599944,1359.6836916452176,7.178745147201586,90.0,5.7951999999999995,4.14954
CoCuH28(SO11)2,0.7518,-1.350806480185184,0.012973032268517,972.317427100936,1.9360425504832104,108.0,0.3452,-0.4066
CoP2WO8,2.145949999999999,-2.2959740268154754,0.064303499479168,301.1201270480186,4.772469089434175,24.0,4.39645,2.2504999999999997
CoPb2WO6,1.87,-1.752120892999998,0.02872422915625,265.7464586290117,9.412486945075424,20.0,6.7784,4.9084
CoRe2(MoS4)2,0.061399999999999,-0.902974851153846,0.079108871588087,226.38872095889272,6.452859399715976,13.0,6.1878,6.1264
CoSb2S2(OF3)4,3.1386,-2.298663042857144,0.00122336714286,719.2754614491744,3.040746914461174,42.0,1.3082,-1.8304
CoSbS,0.38676666666666604,-0.35225945177083534,0.018266828333332,335.1736851013564,7.057761040245865,20.0,8.404300000000001,8.017533333333333
CoW2O7,2.4277,-1.8559360234999984,0.171391029624992,1338.0208980173647,5.347487646238882,80.0,2.0057,-0.422
CoWO4,0.448,-1.8649676208333328,0.055927394791662,125.67390558041988,8.106772638866817,12.0,6.3601,5.9121
Cr(WO4)2,1.1247,-1.982454211818182,0.16936282795452,164.31561984084968,5.5346508760789135,11.0,0.3539,-0.7708
Cr(WO4)3,1.4946000000000002,-1.947416420624999,0.085073174796875,213.85270555436304,6.177025457095238,16.0,1.8766,0.382
Cr2(WO4)3,3.0183999999999997,-2.172526000514705,0.0788867675735205,881.6873722127341,4.788536894174413,51.0,1.9348,-1.0836000000000001
Cr2CdSe3S,0.6940000000000001,-0.8581666820758911,0.009764044285713,310.3049447859467,5.194500832462983,14.0,3.6827,2.9887
Cr2CdSeS3,0.3704,-0.9362300285491052,0.012641392142857,286.6797566510816,4.536055810448679,14.0,3.8681,3.4977
Cr2CuAgS4,0.7458,-0.7168959827083321,0.089055233541665,140.2188518985492,4.780411606556005,8.0,5.4261,4.6803
Cr2WO6,1.609599999999999,-2.305236911666666,0.0,186.8221519491064,6.823199267633029,18.0,4.7334,3.1238
Cr3WO8,0.409799999999999,-2.143709030833333,0.097143868333333,285.4923681629209,5.44210132846864,24.0,2.3781,1.9683
CrCdInS4,0.8689999999999991,-0.901640823095236,0.024736601428571,303.9233400013769,4.452734216492502,14.0,4.629,3.76
CrCu(PS3)2,0.0876,-0.655135611678569,0.0,871.5265861415346,2.818959629495795,40.0,3.715799999999999,3.6282
CrCu(WO4)2,0.431299999999999,-1.984436133333332,0.071077487708322,272.7646044882772,7.441949491473645,24.0,4.978,4.5467
CrCuS2,0.219699999999999,-0.768421636249998,0.037529580000009,65.26573712121733,4.571350212040583,4.0,5.8133,5.5936
CrFeO4,0.7708,-1.630391092916666,0.129319459583324,301.27250240921074,3.788528620725972,24.0,2.4117,1.6409
CrP6(WO8)3,2.0678,-2.528283801407563,0.0,486.5250312381382,4.004694264689673,34.0,2.9542,0.8864000000000001
CrTe(WO6)2,1.6336,-1.7288320035416662,0.103092544062497,202.715828821468,6.05569331368565,16.0,2.9801,1.3465
CrWO6,0.8983499999999995,-1.6840514137499993,0.1900671705312485,109.73911425025912,5.021188967877391,8.0,1.06685,0.16849999999999998
Cs(SbS2)2,1.4413,-0.615817549464286,0.0,416.9241685242157,4.020155090509941,14.0,4.2095,2.7682
Cs2(WO4)3,0.053799999999999,-1.765429001135903,0.193257899117647,329.9198019740469,5.080087436331423,17.0,-0.6086,-0.6624
Cs2AgSbS4,1.4883,-0.897385242622125,5.7324794643598416e-05,541.8448499294954,3.822779630730347,16.0,2.8862,1.3979
Cs2BiPWO8,3.9277,-2.346228930688709,0.0,967.531329728833,5.612871192931603,52.0,4.5494,0.6217
Cs2CaTm2(WO4)4,2.0277,-2.590103537172414,0.142149029899991,362.4998813094928,7.49009970337389,25.0,4.9221,2.8944
Cs2CdBi2S5,1.7308999999999992,-0.990020083181034,0.0,1277.750319473954,4.972234044340265,40.0,3.7598,2.0289
Cs2CdGe3S8,2.3475,-0.9742906963793092,0.0,1702.0207228498666,3.327523297109289,56.0,3.3309,0.9834
Cs2Cu2Sb2S5,1.104299999999999,-0.676598793784235,0.01400958318182,643.5278516798027,4.111806558295951,22.0,4.489,3.3847
Cs2CuH12(SO7)2,0.825,-1.521074059735817,0.044099126612905,790.8337575524885,2.6508564174727374,62.0,0.4288,-0.39620000000000005
Cs2Hf(WO4)3,2.99715,-2.5970344310727964,0.0008435138889,295.5808152737476,6.673006084993323,18.0,3.6952,0.6980500000000001
Cs2KTiO2F3,3.84,-3.019816612765964,0.06823346807692,198.8311186367723,3.68944611306557,9.0,3.7797,-0.0603
Cs2Li2TiO4,3.955399999999999,-2.526923392701148,0.0,307.12095290714615,4.234139844420553,18.0,4.7029,0.7475
Cs2LiTm2(WO4)4,2.0881,-2.581978674505748,0.073335348775023,343.06909498155625,7.753943108006918,25.0,4.8834,2.7953
Cs2Mg2(WO4)3,4.659,-2.426476608121597,0.021879610394739,1378.482756377579,5.097605282054164,76.0,4.1464,-0.5126000000000001
Cs2MgTi2Cu2(OF5)2,0.5483,-3.021204501104054,0.110893807258776,320.8275716329677,3.803822809227596,19.0,2.5229,1.9746
Cs2MnBi2S5,0.8597999999999991,-0.992738863224138,0.0,1241.6718110148208,4.809265409329641,40.0,3.9007,3.0409
Cs2Mo(SO)2,2.3958500000000003,-1.6082624277586208,0.13061031303571402,649.0999720215649,3.519621697616838,21.0,2.67885,0.28300000000000003
Cs2MoS4,1.735799999999999,-1.175792686607142,0.0,962.6527121610712,3.3810001822702143,28.0,2.2487,0.5129
Cs2Sb4S7,1.641,-0.659070104783652,0.0,1663.5277047087327,3.902200435099737,52.0,3.9826,2.3416
Cs2Sb8S13,1.664,-0.507386843111414,0.0,1423.48201149611,3.865274965304719,46.0,4.4096,2.7456
Cs2Sn(AuS2)2,2.0449,-0.928738233256704,0.0,598.1569911469401,5.034243888905141,18.0,3.3106,1.2657
Cs2Sn2Hg3S8,1.6243,-0.7845301964540231,0.0,458.64733068220806,4.9294054483857135,15.0,2.8111,1.1868
Cs2Sn3(SbS5)2,1.8595,-0.858202121724137,0.0,1049.1490013489135,3.754630639780999,34.0,4.1337,2.2742
Cs2SnS14,1.5134,-0.405286348933821,0.0,1992.2764655826825,2.778619531937065,68.0,3.2715,1.7581
Cs2Ti(GeO3)3,2.9569,-2.433767227509579,0.0,489.0441875084008,4.587919759879522,30.0,3.5943,0.6374000000000001
Cs2Ti(PO4)2,3.4844999999999997,-2.8950932577445685,0.00125458509615,981.9797529477144,3.4065254572429637,52.0,3.3581,-0.1264
Cs2Ti(Si2O5)3,3.3993499999999996,-3.1935472912559866,0.002497074270833,715.7810590704908,3.3509545483246903,48.0,4.4472000000000005,1.04785
Cs2Ti(WO4)3,2.8344,-2.507120126813539,0.0,272.7609705852426,6.436061804368826,18.0,3.7309,0.8965000000000001
Cs2Ti4O9,3.0106,-3.231590101176247,0.0,450.39593132266566,4.433601963673504,30.0,4.4202,1.4096
Cs2TiO3,3.3373,-2.6843120737739463,0.0,238.19115494405503,5.042817815435983,12.0,5.063,1.7257
Cs2TiP4O13,2.691,-2.8246544273107563,0.0,632.742985096832,3.388377840128588,40.0,2.7766,0.0856
Cs2TiV3(PO6)3,2.1004,-2.6880493789471203,0.0,1622.7182520833082,3.46865441920489,108.0,2.3754,0.275
Cs2Tm2Mg(WO4)4,2.10166,-2.559346777052414,0.1336104174199988,356.3085182368191,7.548284081499389,25.0,4.93938,2.83772
Cs2W(OF2)2,3.1768,-2.688816068812262,0.0,170.642500799889,5.426482313035197,9.0,2.7418,-0.435
Cs2W3SeO12,3.2939,-2.112789730925227,0.0,617.500744763008,5.853070206085689,36.0,3.7431,0.4492
Cs2WO4,4.600499999999999,-2.2525679047229095,0.000402445535714,492.5136085205996,5.194839761361209,21.0,3.71535,-0.8851500000000001
Cs2WO8,2.9976000000000003,-1.314754897664576,0.118953507045457,860.2857319902246,4.459931794103396,44.0,3.2773,0.2797
Cs2WS4,2.1616,-1.204560789107144,0.0,971.7505091506088,3.950164671846987,28.0,2.5217,0.3601
Cs2Zn3S4,2.694499999999999,-1.15109476625,0.0,462.9099168800301,4.23500423926336,18.0,4.1597,1.4652
Cs2Zn5P6(HO2)14,4.2843,-2.037329938630317,0.004084791090914,707.5830403920131,2.911863145083028,55.0,3.5653,-0.719
Cs2ZnBi2S5,1.7343000000000002,-0.919062430156248,0.0,1202.4449917747036,5.023996150464736,40.0,4.0239,2.2896
Cs2ZnH12(SO7)2,4.8055,-1.628007154493881,0.0,713.0154727720801,2.941101530312117,62.0,3.9378,-0.8677
Cs2ZnH12(SeO7)2,3.7656,-1.425941396580575,0.0,800.7080621715032,3.008006197361431,62.0,2.3768,-1.3888
Cs2ZnO2,1.979,-1.526711924612068,0.0,956.8627619384324,5.042636176229599,40.0,3.4706,1.4916
Cs2ZnSi5O12,4.2057,-2.998382463715518,0.0,2695.8416295133843,3.270223213446565,160.0,4.9393,0.7336
Cs2Zr(WO4)3,2.9771,-2.555746231628352,0.0,300.2114676768858,6.087383906279506,18.0,3.5883000000000003,0.6112000000000001
Cs2Zr2ZnH12(OF2)6,4.2309,-2.32136887226601,0.082083050857144,1014.5829277133456,2.781492037742904,70.0,2.3675,-1.8634
Cs3Ag2Sb3S8,1.131599999999999,-0.8063513457686771,0.0,1017.9816624685092,4.033168912009277,32.0,3.1891,2.0575
Cs3Ag9(SbS3)4,1.5938999999999992,-0.5829080383559101,0.0,763.6704627540192,4.873632904496218,28.0,4.1632,2.5693
Cs3Bi2(PS4)3,1.9768,-0.938219490769704,0.0,2466.5979915762937,3.485555370997631,80.0,3.8152,1.8384
Cs3Cu2(BiS2)5,0.4676,-0.679966887822925,0.01103926708334,1138.9914483992395,5.514839929785761,40.0,4.3875,3.9199
Cs3CuTeS9,1.328999999999999,-0.827129019330869,0.00447500613095,1826.8449202169145,3.193913475519563,56.0,3.5822000000000003,2.2532
Cs3FeO3,2.1129,-1.547254847352217,0.0,664.007833773884,5.027168253663522,28.0,3.9796,1.8667
Cs3MnZn3(PO3)12,1.2174,-2.55743831204747,0.0,819.8136572017281,3.235839959507928,55.0,1.513,0.2956
Cs3Sb5S9,0.6777000000000001,-0.702253898400733,0.002826611470588,1091.0973351440066,3.945068631533253,34.0,3.886,3.2083
Cs3SbH2S4O,2.197,-1.188032185133228,0.001599313636364,1347.6919557223553,3.286113370635549,44.0,2.733,0.536
Cs3SbS3,2.654,-1.150135861562497,0.0,1118.088725567822,3.663419025616208,28.0,3.7713,1.1173
Cs3SbS4,2.130499999999999,-1.092780222968748,0.0,1193.623436784576,3.610023159282134,32.0,2.8907,0.7602
Cs3SrCu2C7(SN)7,2.8887,-0.5004683289431671,0.05806627597222,1223.7555062986291,2.768132033654675,54.0,3.9627,1.074
Cs3ZnI4NO3,3.2075,-1.421134303455459,0.017528477080439,1796.8625504588372,3.821280963124156,48.0,3.039,-0.1685
Cs4FeO4,2.000199999999999,-1.498143178735633,0.0,860.1687737708805,5.030557408294739,36.0,3.7274,1.7272
Cs4Sb14S23,1.405599999999999,-0.5275845406326211,0.003849648841462,2478.5146929068687,3.984676280289493,82.0,4.4982,3.0926
Cs4ZnO3,1.6802,-1.4158313279525871,0.0,852.3138845340536,5.026767183526895,32.0,3.3205,1.640299999999999
Cs5FeO4,1.0454999999999997,-1.4495282587025866,0.0004572663749995,1058.443593841669,4.922402548187155,40.0,3.4494499999999997,2.40395
Cs6Mo4C10S2O27,0.0756,-1.676655798019002,0.181492582602042,1903.3343943687853,3.136259569884156,98.0,0.0575,-0.0181
Cs6Ti2O7,3.5237,-2.488192721973179,0.0,727.7007195254253,4.5873573398415495,30.0,4.5749,1.0512
Cs6U2(Cu4S5)3,0.517199999999999,-1.061458859298029,0.0,3542.901737359408,4.718850537832789,140.0,3.7009,3.1837
CsAg2BiS3,1.0635,-0.6870099889983571,0.0,787.4198530881331,5.515172547093427,28.0,3.4673,2.4038
CsAgSb4S7,1.456,-0.6540880306786021,0.002356977307687,1478.1981614645667,4.27893726186689,52.0,4.8949,3.4389
CsBa2SnS4Cl,2.553699999999999,-1.835999781072796,0.0,1160.944061605996,3.947624539509467,36.0,4.1015,1.5478
CsBi3S5,1.427899999999999,-0.6585908918402791,0.0,1065.0431895763147,5.738662960947725,36.0,4.5028,3.0749
CsBiS2,1.5773,-0.8667762614062541,0.0,555.053003685522,4.858672445781889,16.0,3.3282,1.7509
CsCdAuS2,2.0699,-0.8536747171249881,0.000593675000001,302.17324014039247,5.565804600358878,10.0,3.5863,1.5164
CsCeCuS3,0.9341,-1.657662942859194,0.0,326.0378586653987,4.408193336069274,12.0,4.1336,3.1995
CsCoW(OF)3,1.7871,-2.366778818295019,0.049884994444427,297.4199104950615,5.367325453851655,18.0,2.8639,1.0768
CsCu(BiS2)2,0.6050999999999991,-0.623689597239607,0.023374031041665,434.7456071518164,5.673369748525559,16.0,4.5774,3.9723
CsCu2AsS3,1.3532,-0.693283755843595,0.0,1369.290719339347,4.182496618018807,56.0,4.636,3.2828
CsCu3S2,1.6845999999999992,-0.6124818376041661,0.0,162.5991758120839,3.959103167334656,6.0,3.5553,1.8707
CsCu5S3,0.5538499999999995,-0.4334832240624995,0.045529426250000504,837.7384637586279,5.3958869935519775,45.0,5.6224,5.06855
CsCuPS3,2.1498,-0.8912720592580041,0.0,1321.5748637653985,3.252991700470434,48.0,4.5744,2.4246
CsCuS4,1.7757,-0.531011361458332,0.0,643.171905702622,3.353355744998353,24.0,4.2556,2.4799
CsCuS6,1.0787,-0.398226909609373,3.1611484368809784e-05,834.9948251663444,3.093127775802843,32.0,3.79,2.7113
CsCuTeS3,1.8105,-0.716174615220305,0.002966275138887,777.0465462530091,3.592246329875687,24.0,3.6006,1.7901
CsDy(WO4)2,3.4395,-2.645444619276818,0.0,343.23023646457324,7.654455742840311,24.0,4.8457,1.4062
CsDy2Cu3S5,1.4902,-1.426628589384467,0.003416240909082,473.1685472980284,5.677290562908933,22.0,5.6249,4.1347
CsEr(WO4)2,3.3334,-2.645976054554597,0.000932152083333,338.97378068947324,7.797197953704046,24.0,4.7679,1.434499999999999
CsEr2Cu3S5,1.531699999999999,-1.424489330672346,0.002629882575746,463.0391562787652,5.869752726216397,22.0,5.7469,4.2152
CsGd(WO4)2,3.0973,-2.631129690804597,0.0,347.1072890827366,7.518727138574484,24.0,4.4537,1.3564
CsGeBiS4,2.0049,-0.933161731736452,0.0,854.2054260848482,4.220610566752284,28.0,3.8542,1.8493
CsHo(WO4)2,3.4351000000000003,-2.644048072054596,0.0,339.5427940099077,7.76135433801747,24.0,4.8516,1.4165
CsK5Zn4Sn5S17,1.6414,-1.08457020151266,0.0,949.8840065482292,3.022004642989998,32.0,2.9872,1.3458
CsLa(WO4)2,3.649499999999999,-2.65771794038793,0.0,363.6143663759611,7.009847829667789,24.0,5.7532,2.1037
CsLa2TaTi2O10,2.3295999999999992,-3.523692033978449,0.024506124488636,238.31108271901584,5.904584697321753,16.0,5.4738,3.1442
CsLa2Ti2NbO10,1.5818999999999992,-3.458847388520116,0.027674372890617,238.857982717096,5.279001386720519,16.0,4.8039000000000005,3.222
CsLiWO4,4.4294,-2.321442898998358,0.0,158.5488051659194,4.060355503808687,7.0,2.7454,-1.6840000000000002
CsLiZnS2,2.5019,-1.3275438255977,0.0,119.2130347431588,3.752316748058588,5.0,3.9509,1.449
CsMg30TiO32,0.434999999999999,-2.890402429109195,0.129276363085937,653.647341586564,3.612232083702036,64.0,7.6887,7.2537
CsMg30WO32,2.31915,-2.814466896713362,0.15715726619140552,659.3941188787787,3.9231816540217377,64.0,7.49325,5.174099999999999
CsNa3TiO4,3.4808,-2.395163036069604,0.0,621.5900108808934,3.35254077098204,36.0,4.0179,0.5371
CsNaTiO3,3.361799999999999,-2.7420402407279703,0.0,196.28779676013696,4.259643459179742,12.0,4.7745,1.4127
CsNbWO6,2.8953,-2.630096228850576,0.0,294.7988284137535,5.696417774420121,18.0,3.5274,0.6321
CsNd(WO4)2,3.505099999999998,-2.63262563226293,0.0,356.5980038107378,7.19747273579505,24.0,4.8434,1.3383
CsNd2Ti2NbO10,1.5761999999999992,-3.403617111957615,0.046441235546875,236.53479559601047,5.405778257110464,16.0,3.635,2.0588
CsP8(WO5)8,0.6382999999999991,-2.416912783101719,0.040961840175452,906.6181822738648,4.563170115460252,57.0,2.4086,1.7703
CsPr2Ti2NbO10,1.5705,-3.402494333728448,0.036197862265623,237.4684395132652,5.337892567145698,16.0,3.6413,2.0708
CsSb(SO4)2,4.089700000000001,-1.972172902054597,0.0,810.2049250316411,3.662842864316863,48.0,4.791,0.7013
CsSbS(O2F)2,4.6564,-2.288091154683907,0.0,648.1283546206555,3.983734448671057,36.0,5.0436,0.3872
CsSbS2,1.736399999999999,-0.854614326406252,0.0,536.8418348763533,3.94434462996929,16.0,3.8276,2.0912
CsSbS6,1.8204,-0.443575371484374,0.0,974.5769848877252,3.04687286618815,32.0,3.5411,1.7207
CsSbS6(O3F)6,2.6292,-1.934096300770474,0.0,475.2246065920912,2.966714864757008,32.0,0.9108,-1.7184
CsSbSI2,0.12059999999999967,-0.9364028593477007,0.129316907583332,1138.9128615002076,4.350576087467705,27.5,2.42225,2.30165
CsSbWO6,1.4203000000000001,-2.1730036096839083,0.000338488611111,286.3665039160745,6.198786659835915,18.0,4.52405,3.10375
CsSc(WO4)2,4.1693999999999996,-2.5955025166379304,0.001587107916666,250.66758586295765,4.462982471743548,12.0,2.59785,-1.57155
CsSiBiS4,2.4826,-1.099223499950739,0.0,843.3134639081819,3.924199764110301,28.0,4.3917,1.9091
CsSm(WO4)2,3.4736,-2.638217751221264,0.0,350.53781650456034,7.379867860995786,24.0,4.7792,1.3056
CsSm2Ti2NbO10,1.4476,-3.400208304145116,0.063571378307287,233.9915260148172,5.551367749187819,16.0,3.4839,2.036299999999999
CsSnPS4,2.1236,-0.9168598063282892,0.0,808.1199126804063,3.376880878482484,28.0,4.7579,2.6343
CsSnS3,1.6557,-0.8394699596875,0.0,322.2707978105111,3.584270415288076,10.0,3.5011,1.8454
CsTaWO6,3.1466,-2.763755162998724,0.0,292.08657341028453,6.750361591420676,18.0,3.8946,0.748
CsTb(WO4)2,3.4158,-2.646164072193487,0.0,344.16315625999863,7.599212510411957,24.0,4.8234,1.4076
CsTi2(OF)3,2.8299000000000003,-3.454162931257983,0.03898822205918,281.4973248013424,3.936168138104133,18.0,3.1359,0.306
CsTi2P3(O5F2)2,2.7218,-3.12325255226252,0.0,650.5806111798257,2.8461678751131423,40.0,2.1442,-0.5776
CsTi3AlO8,2.5328,-3.275140202281167,0.077797856923071,158.78179487102562,4.512448640528659,13.0,5.3991,2.8663
CsTi3P5O19,2.63245,-3.002712906531051,0.0034340498214315,623.1461561379142,2.9366038227683973,42.0,3.0040000000000004,0.37155
CsTiAlO4,3.8816,-3.219980293998358,0.0,270.5433778588714,3.335909649737067,14.0,4.1687,0.2871
CsTiAsO5,3.0409,-2.5401097066235643,0.0,1034.318367186435,4.31146249489368,64.0,3.6838,0.6429
CsTiCoOF5,2.3885,-3.114244638109834,0.0,585.270946421461,3.980010810705595,36.0,2.4761,0.0876
CsTiH10C4O13,0.5586,-1.592254346051328,0.073322924051719,624.928220316519,2.374906595045386,58.0,2.4209,1.8623
CsTiH24(SO10)2,0.1522,-1.525441788395593,0.028051935720942,1933.2017927343368,2.023983295129571,192.0,1.9207,1.7685
CsTiMnOF5,2.0467,-3.327212825102171,0.0,303.504926293459,3.793757668887023,18.0,2.4343,0.3876
CsTiNb(O2F)2,2.5366,-3.253095403109833,0.01926096299035,295.9604725496913,4.215563538597492,18.0,2.9209,0.3843
CsTiNiOF5,3.1176,-3.110899164498724,0.0,570.891850111243,4.077465701487626,36.0,2.8368,-0.2808
CsTiP2O7,0.166399999999999,-2.87141152793402,0.028173175551937,668.6670732656153,3.523543640602169,44.0,4.4571,4.2907
CsTiZnOF5,3.1519,-3.205446717554279,0.0,292.73336959673594,4.052148215931473,18.0,2.3364000000000003,-0.8155
CsTm(WO4)2,4.0633,-2.650077052471265,0.0035153400000005,294.6736206691826,6.553960946364693,18.0,3.8457999999999997,-0.21750000000000003
CsVWO6,1.787,-2.308930576628352,0.006761679305554,268.9896103526824,5.724862899741416,18.0,2.8969,1.1099
CsY(WO4)2,3.4186,-2.635020870804597,0.0,343.8838710819165,6.929166886569789,24.0,4.8348,1.4162
CsZn2B3O7,3.5131,-2.500648523499116,0.0,1187.5074098753653,3.424413626885145,78.0,2.974,-0.5391
CsZn2P2HO8,3.9656,-2.372955266442205,0.0,406.999300643742,3.710100389998668,28.0,3.7939,-0.1717
CsZn4(BO3)3,2.825999999999999,-2.327153736303246,0.006494925784305,467.29465435543386,4.05789540994131,34.0,3.2114,0.3854
CsZnAgC4(SN)4,2.8679,-0.301684750254789,0.091074949833332,1408.040953448151,2.5403256345146312,60.0,2.9337,0.0658
CsZnB(PO4)2,4.9295,-2.6588697244698123,0.0,389.3748843362254,3.403754700041394,26.0,5.0225,0.093
CsZnPO4,3.9398666666666666,-2.5023007843640035,0.005334986071428666,629.3531341760217,4.10079540410614,37.333333333333336,4.191233333333333,0.2513666666666667
Cu(PtS2)2,0.1401,-0.429427245892859,0.0,250.6207121711608,7.711976830434304,14.0,5.6111,5.471
Cu10Hg2Sb4S13,0.025999999999999,-0.416553189396551,0.019692715852495,590.2835378028437,5.458931794384935,29.0,4.8937,4.8677
Cu2(ReS2)3,0.710399999999999,-0.646991443863635,0.091158071363635,902.9115865652744,6.459654999202946,44.0,4.3316,3.6212
Cu2(SO4)3,0.15366666666666634,-1.449604439999999,0.012819544264706,561.9905796121452,3.2689166382706047,45.333333333333336,0.649,0.49533333333333335
Cu2AgBiPbS4,0.5293,-0.488174187129629,0.018939597129628,789.5910180929059,6.556432964282767,36.0,5.4217,4.8924
Cu2AgH(SO5)2,0.342999999999999,-1.300769066119791,0.036810361210937,186.4704350029464,4.097169466535134,16.0,1.7097,1.3667
Cu2AgPS4,1.0718,-0.326520030528271,0.000573781458335,300.53738178527715,4.356026992918339,16.0,5.6561,4.5843
Cu2As4S3Cl2,1.4078,-0.322008147553661,0.028605897405302,518.7429485562719,3.802114119502067,22.0,4.1992,2.7914
Cu2As9P3S9I2,2.0858,-0.387808171457142,0.0,2882.325428095936,3.310797807583767,100.0,3.7877,1.7019000000000002
Cu2Bi4Pb2S9,0.567299999999999,-0.6148252997058811,0.007212329558823,1609.224057965404,6.876496151067066,68.0,6.0543,5.487
Cu2Bi8Pb2S15,0.601399999999999,-0.6253703775,0.00457801074074,2631.602683538512,6.8004298257106335,108.0,5.9623,5.3609
Cu2Bi8Pb3Se3S13,0.3505,-0.635833396018319,0.009379111551726,763.5466091644774,6.685812105929822,29.0,4.9236,4.5731
Cu2Bi8Pb6S19,0.6053999999999995,-0.6608485930714271,0.004817995857143,905.9227343688683,6.692942713386371,35.0,5.5017,4.8963
Cu2BiTeSO10,0.083099999999999,-1.287158923444444,0.163310169486106,825.6290215225553,5.275335912433474,60.0,2.4637,2.3806
Cu2GeS3,0.068449999999999,-0.572166395833331,0.001126124583333,164.20418463698996,4.487426610459565,9.0,5.179,5.11055
Cu2H10C6S3N4,2.7276999999999996,-0.1435820852999995,0.185325678166665,1256.4754083763528,1.910787694142173,100.0,4.0883,1.3605999999999998
Cu2H26C6S7N12O5,2.516199999999999,-0.4510341425,0.171525553697805,1309.3351825210125,1.770183821189379,116.0,3.8103,1.2941
Cu2H6Pb5C(SO7)3,0.5598000000000001,-1.616814959999999,0.013227558947368,986.958655444246,5.4288029745054684,76.0,3.6008,3.041
Cu2Hg2SF6,0.4967,-1.58618360159091,0.0,337.8824553223064,6.628027029062678,22.0,1.4838,0.9871
Cu2HgGeS4,0.0456,-0.5297745340624991,0.003674008125,315.86892937765714,5.55756504845802,16.0,4.1805,4.1349
Cu2S,0.5553999999999999,-0.1675945215763876,0.0444797541527778,530.4052400156927,5.123466721402512,34.2,5.01302,4.45762
Cu2SO4,1.4563999999999995,-1.2594704496428561,0.034050042142856,187.9380849518253,3.943393711673525,14.0,4.5558499999999995,3.09945
Cu2SeS3,0.634599999999999,-0.034292619381943,0.150897659333333,236.52336372782383,4.243918599434403,12.0,5.0104,4.3758
Cu2Si2Pb7(S2O13)2,0.3836,-1.9028966760975607,0.041223939471548,576.0057639803498,6.278583561640552,41.0,3.750099999999999,3.3665
Cu2SiHgS4,0.401099999999999,-0.633011808437499,0.0,307.65878399004623,5.224921990751516,16.0,4.7478,4.3467
Cu2SiPbS4,1.343199999999999,-0.716490147083331,0.010070055416666,486.6689556112087,5.022239821722829,24.0,6.6155,5.272299999999999
Cu2SiS3,0.8934500000000001,-0.5248243934515903,0.01524110656249925,267.4080502315261,3.8970438452999288,15.0,6.43525,5.5418
Cu2SnS3,0.0261999999999995,-0.409266390781251,0.0010785739583325,366.8464694378986,4.6684676948726205,18.0,5.3797999999999995,5.3536
Cu2W2O7,1.0255,-1.6681697854545452,0.100957593409091,296.07342194825867,6.806160645051181,22.0,4.1871,3.1616
Cu2WO4,1.199933333333333,-1.4285064005952375,0.09963056244047401,381.26949339636303,6.5427287144045465,28.0,4.295933333333333,3.096
Cu2WS4,1.5032,-0.534816259464284,0.0025954116666674996,157.70055696564108,4.626279553026034,7.0,3.7452,2.242
Cu3Ag2Bi7Pb3S16,0.3064,-0.591569599946236,0.0,1487.6498819187275,6.705953467270903,62.0,5.6113,5.3049
Cu3Ag3(PS4)2,0.9971999999999992,-0.304462018965772,0.004889542499999,306.1209928128112,4.516997280551946,16.0,5.0661,4.0689
Cu3Bi2S4Br,0.8068000000000001,-0.560269797,0.008109281374999,890.3491284106409,6.09318971296875,40.0,5.4084,4.6016
Cu3Bi2S4Cl,0.8113,-0.418212242749999,0.004629944312497,878.5735976294241,5.838800159515357,40.0,5.4515,4.6402
Cu3Bi7(PbS5)3,0.6997,-0.6172918947321421,0.006652792499999,2672.90964537268,6.848823407605675,112.0,6.1076,5.4079
Cu3BiS3,0.7058,-0.275765569598212,0.013633727589283,547.0079912425584,6.020515485147204,28.0,6.1426,5.4368
Cu3H8S4(NO8)2,0.417999999999999,-1.319305894924243,0.009060520369309,1439.517214150425,2.8190889896277542,132.0,1.4136,0.9956
Cu3MoH24C8S3I3N2O,1.9696,-0.314149937611111,0.137654296439814,2808.406623272294,2.194279466723643,180.0,2.0065,0.0369
Cu3P(SeS)2,0.4206,-0.263728169486611,0.019428255937496,305.7374313978395,4.819283558374248,16.0,5.2407,4.8201
Cu3P4(SBr)3,1.482299999999999,-0.49954658142857,0.006114148173075,1249.525228070098,3.457572799401172,52.0,4.2269,2.7446
Cu3P4(SI)3,1.6135000000000002,-0.395738584890109,0.005899150136217,1409.5034868083922,3.729595484468689,52.0,4.6593,3.0458
Cu3P4S4I3,1.626,-0.442706928707482,0.0,2257.0591752912483,3.635167371976242,84.0,4.7268,3.1008
Cu3P8(S2Cl)3,1.872599999999999,-0.5457013773571421,0.0,1959.53398833034,2.498780575791424,80.0,4.1632,2.2906
Cu3PS4,1.0202,-0.362578313028272,0.0,273.49698499786626,4.248498235589031,16.0,6.4133,5.3931
Cu3SO8,0.041899999999999,-1.070074541041667,0.039428036770833,598.2896174805551,3.893419137966083,48.0,0.9649,0.923
Cu3SbS3,0.9588999999999996,-0.2624095941105795,0.023758008083789,811.8759895651704,5.007845238399151,42.0,6.25905,5.30015
Cu3TeS3Cl,0.7672999999999991,-0.244692978285076,0.066061056207109,162.98372585084005,4.583606581678579,8.0,5.5168,4.7495
Cu3WO6,0.0001,-1.35775522925,0.084265978875001,975.7268867049864,6.405408166405527,80.0,3.0693,3.0692
Cu4Bi4S9,0.7186999999999996,-0.330566646488971,0.0202194431862755,1475.5917427558793,6.206060518790784,68.0,5.96055,5.2418499999999995
Cu4GeS4,0.6528,-0.462387100694443,0.021437537430554,1280.0282583779017,4.722925486299657,72.0,5.4425,4.7897
Cu4H18C6S3I4,2.6151,-0.267547791785714,0.012167538823259,2200.3001566496296,2.862390897619902,140.0,4.0198,1.4047
Cu4H6SO10,0.1787,-1.216632803690476,0.040106049523811,792.3727332203566,3.7913787069634193,84.0,2.4415,2.2628
Cu4SnS4,0.0014,-0.316626001111111,0.027628733958332,670.8679151224817,4.961845851464949,36.0,5.522299999999999,5.5209
Cu6As4S9,0.3558,-0.259026208963816,0.031751506491225,720.7573019066266,4.467443702232592,38.0,5.2545,4.8987
Cu6GeWS8,0.8154,-0.641373546874999,0.0,617.8851845520105,4.806654282864693,32.0,4.8718,4.0564
Cu6Hg3(AsS3)4,0.272899999999999,-0.4192335259,0.001560356399999,526.1603551327568,5.262596197581782,25.0,4.3779,4.105
Cu6Hg3(SbS3)4,0.186099999999999,-0.4518013059,0.0,556.725417138744,5.532489377147434,25.0,4.8145,4.6284
Cu6PS5Br,0.818399999999999,-0.468166617472527,0.001486129471153,455.7425488650151,4.754730393842211,26.0,5.8835,5.0651
Cu6SnWS8,0.0212,-0.416558725482387,0.019820934149317,304.3510327577056,5.130527256545049,16.0,4.7824,4.7612
Cu7H9(SN)4,0.7182000000000001,-0.287839268802083,0.0748078909375,576.6408472153383,3.675505328422239,48.0,4.2988,3.5806
Cu7P12S9Cl7,1.5235999999999992,-0.5765261288061211,0.015708614252488,1531.7776097968392,2.934037295792542,70.0,4.7642,3.2406
Cu7PS6,0.8837,-0.25727557998937,0.040801002767857,895.1194749888779,4.95821437271567,56.0,6.6049,5.7212
Cu8GeS6,0.6152999999999991,-0.367151567666666,0.045098764624999,481.4074388613533,5.3354289500299,30.0,6.3343,5.719
Cu8SiS6,0.8296999999999991,-0.322508141499999,0.032167812020833,466.9824320613852,5.183377455314574,30.0,6.8627,6.033
CuAg3S2,0.1828,-0.112988973298608,0.038793099027779,452.508303002634,6.624135392223518,24.0,3.8252,3.6424
CuAg64Hg3(As4S15)4,1.227599999999999,-0.293557251765045,0.007491726209488,3214.111199074721,5.523672383798107,144.0,3.6894,2.4618
CuAgS,0.489433333333333,-0.15919378538194565,0.025996493333333665,148.5674979222587,6.045794158072828,8.0,4.620633333333333,4.1312
CuAs12P4S12Br,2.2876,-0.401774388785713,0.0,3624.094299380137,2.842974636437143,120.0,3.0965,0.8089000000000001
CuAs12P4S12Cl,2.2937,-0.412492535452381,0.0,3616.324870399678,2.767438779329119,120.0,3.0604,0.7667
CuAs2S4(O2F3)4,0.7932999999999991,-1.984851546666666,0.031109933209878,902.2472243447676,2.567885898569805,54.0,-0.9209,-1.7142
CuAs4S3Cl,1.6696,-0.263227873452932,0.004229784768519,946.5163254902184,3.472811679477479,36.0,3.8192,2.1496
CuAs7PS7Br,1.822499999999999,-0.41775022497899,0.0,1895.4917576065436,3.235520211808913,68.0,3.4334,1.6109
CuAs7PS7Cl,1.8362,-0.438877462478991,0.001823087703878,1858.5846185397836,3.140912362355521,68.0,3.5404,1.7042000000000002
CuAsPb2SO9,0.672399999999999,-1.632068392857142,0.021961670892854,401.96713996016985,6.022442990873777,28.0,3.437,2.7646
CuAsPbS3,0.7903000000000001,-0.554877909166665,0.0,560.6012349255601,5.235308548450686,24.0,5.2374,4.4471
CuBP4H24C8(SF)4,3.1191,-0.610716915603002,0.0,2508.12429532525,1.384460313015079,184.0,3.2011,0.082
CuBS2,1.742499999999999,-0.592209918541666,0.0,112.25620366222348,4.097111183417321,8.0,7.9737,6.2312
CuBi(WO4)2,1.25285,-1.8614180525000006,0.048282722031249004,168.37210439353183,7.576335099822824,12.0,4.98875,3.7359
CuBi3PbS6,0.6149666666666661,-0.6075928789393934,0.019299079696967997,534.2105749880194,6.777042152648505,22.0,5.824333333333333,5.209366666666667
CuBi5PbS9,0.6023000000000001,-0.628352296874999,0.003697386718748,1584.9716305155928,6.722875077738398,64.0,5.8249,5.2226
CuBi5S8,0.252,-0.388733632857127,0.006675434642858,349.9686891632912,6.476529926370952,14.0,5.2853,5.0333
CuBiPbS3,0.6137,-0.6030350574999991,0.009381230416667,546.0729465857206,7.005217819124041,24.0,6.2803,5.6666
CuBiPtS3,0.474899999999999,-0.457303506406252,0.0,483.62144535687486,7.74341916925691,24.0,5.9563,5.4814
CuBiS2,0.464,-0.347393063281248,0.0,351.083774685468,6.369204668848578,16.0,5.5484,5.0844
CuBiSCl2,0.6432000000000001,-0.6645855136875011,0.0370041118125,224.36654562707707,5.558120087502725,10.0,5.1805,4.5373
CuC2S2(OF)6,0.2434,-1.685296834411764,0.177453711323527,234.38435950321585,2.5624183159118923,17.0,-0.1053,-0.3487
CuCSN,2.2464333333333326,0.028593890755208667,0.16748659979166666,246.5430803092197,2.935410128410505,14.666666666666666,4.736366666666666,2.4899333333333336
CuH12C3S3BrN6,2.7521,-0.420276259471152,0.023257326522435,2780.749923798466,1.7762382996309571,208.0,3.2431,0.491
CuH12C3S3IN6,2.7447,-0.395186128557692,0.022200426065702,2999.4840946952486,1.854866794878092,208.0,3.2251,0.4804
CuH12C3S3N6Cl,2.7683,-0.437138275240383,0.022482214951924,2678.7575881020152,1.623429293963271,208.0,3.4013,0.633
CuH12C3SN6O7,0.6535000000000001,-0.8750415245000001,0.07153693161574,1116.356135722261,2.021608029071338,120.0,1.01,0.3565
CuH12C5S4N,1.49795,-0.200985314972826,0.11149907042831,2234.0326482312344,1.654596830350304,184.0,3.0295,1.5315499999999997
CuH12C6(S2N)2,0.091299999999999,-0.1858203622,0.134956057053334,1430.712677431036,1.411237388537488,100.0,0.98,0.8887
CuH14C3S3N6ClO,2.7848,-0.518234119568966,0.033930804295986,1574.518576096818,1.456983175521133,116.0,2.7583,-0.0265
CuH20C2S3(NO)8,0.665,-0.7070208604761911,0.17211271863095,1630.2541353277477,1.808870196180029,168.0,1.4474,0.7824
CuH20S2(NO7)2,0.479399999999999,-1.244384119743589,0.007667869123927,702.6115518088503,1.8899478853492064,78.0,0.6797000000000001,0.2003
CuH24C9S3IN6,2.6997,-0.256267619034091,0.100637431967803,1061.568386399735,1.573531288594992,88.0,3.0484,0.3487
CuH2CS2N,1.7084,-0.300376712499999,0.083785626922983,390.3748801564215,2.649364553052732,28.0,4.3516,2.6432
CuH2PbSO6,0.2467,-1.537511169545453,0.025163145909093,264.1967125118104,5.038538965264353,22.0,3.5309,3.2842
CuH2SO5,0.0072,-1.449014392777778,0.0,185.09721909067943,3.186988906155021,18.0,1.706799999999999,1.6996
CuH32W6(Cl6O11)2,1.0639,-1.226552555753425,0.137227536301368,1032.919820006979,3.177073045310772,73.0,0.3779,-0.686
CuH36S8I2(N3O4)3,2.6872,-0.8246716286029401,0.069334124387254,1474.3308018824623,2.090894944245007,136.0,4.3399,1.6527
CuH36S8N11O18,1.6715,-0.819370954797297,0.192739589066736,1470.0496882986783,1.803747013005606,148.0,3.275,1.6035
CuH4C2S2N2Cl,1.015599999999999,-0.3850210209375,0.114490489391922,1252.1465850384432,2.3254963593201943,96.0,2.8261000000000003,1.8105
CuH5Pb4SO11,0.443,-1.444932398920453,0.041758351824503,2423.919427691875,6.058396473154781,176.0,2.9099,2.4669
CuH6Pb4(SO7)2,1.148299999999999,-1.56695427861111,0.016880295092594,345.3100847533412,5.705755482188276,27.0,3.9482,2.7999
CuH6SO7,0.7626000000000001,-1.376461625166666,0.0058547923333385,273.5586121148498,2.5938385623360505,30.0,1.22285,0.46025
CuH8C2S2N4Cl,2.7072000000000003,-0.459682140069444,0.032965179048016,1894.0271118757887,1.762150195484938,144.0,3.3259,0.6187
CuH8S3O10,0.8415,-1.270412721363636,0.116273829356065,1040.4766317866035,2.092588076674072,88.0,0.4984,-0.3431
CuH9C4S4N,0.019199999999999,-0.176750911513158,0.1517900904198,1001.7964865496252,1.743270193514491,76.0,0.719,0.6998000000000001
CuHgSBr,0.498666666666666,-0.536086827083334,0.030843093749999332,654.6872371334895,6.347420103378464,26.666666666666668,2.7020666666666666,2.2034
CuHgSCl,0.565799999999999,-0.627555351093751,0.018477767239582,560.5293423524972,5.886671831047273,24.0,2.94415,2.37835
CuHgSI,0.4529,-0.423170259375001,0.020994675208333,434.7994117528873,6.463515296809632,16.0,3.5191,3.0662
CuNiSbS3,0.0911,-0.5527390520833321,0.0,455.9470745923718,4.955891794621884,24.0,6.0928,6.0017
CuP4S3Br,1.836749999999999,-0.445811678591267,0.0002580820833325,889.8539341741467,2.7136084728541947,36.0,4.0687,2.2319500000000003
CuP4S3I,1.731399999999999,-0.389578175119045,0.0,987.0250966749436,2.762720303091585,36.0,4.0401,2.3087
CuPPb2SO9,0.6040000000000001,-1.8994435972959192,0.021170628616067,383.1039980148568,5.937995929615089,28.0,3.7837,3.1797
CuPS3,1.1555,-0.301248878782739,0.0,420.37823665904114,3.013374958658294,20.0,4.8404,3.6849
CuSb6(SO8)2,0.423,-1.752400725,0.0,386.17265275257193,4.791163882395749,25.0,3.9618,3.5388
CuSbPbS3,0.7698,-0.587382019166665,0.003149455416667,576.0745317553351,5.634736879714322,24.0,5.852,5.0822
CuSbS2,0.722699999999999,-0.304567238906249,0.0,334.6434953908593,4.95091915212826,16.0,6.4501,5.7274
CuSiH18C7S3I,3.0379,-0.212632069758065,0.106742260247214,1767.1060085884717,1.567217249449889,124.0,3.2928,0.2549
CuTeSBr,1.2396,-0.474978506041666,0.094468436296297,439.5218097569504,4.580744691152379,16.0,4.0941,2.8545
CuTeSCl,1.22,-0.263375289538908,0.080347361372549,416.2618272066586,4.127418360749958,16.0,4.2698,3.0498
CuWO4,0.49145,-1.598646182708333,0.1761925358333355,472.76716136263303,5.375011861634121,30.0,0.5935,0.10204999999999999
Dy(CuS)3,1.3966,-1.008076848348214,0.0,242.7222939096408,6.148054951147953,14.0,6.7805,5.3839
Dy10Ti6O27,2.1860999999999997,-3.7490864199806175,0.11120894093025101,831.5919484085584,7.024702812446441,64.5,4.8705,2.6844
Dy14Ti10O41,2.336299999999999,-3.74859832602564,0.08744708296154,813.7743103973595,6.957517972259837,65.0,5.2978,2.9615
Dy2(WO4)3,3.9072,-2.743790955784312,0.04031862705882,478.967372319192,7.408885657370932,34.0,4.6506,0.7434000000000001
Dy2CdS4,1.0877,-1.941305193333331,0.0,354.90423888750905,5.293364752627914,14.0,2.8326,1.7449
Dy2Cu(SO6)2,0.305799999999999,-2.122843359607841,0.178024657769603,450.84274512727046,4.748874142871906,34.0,1.0308,0.725
Dy2CuTe2(SO7)2,0.878699999999999,-2.283538695793649,0.010645019444468,289.79157676411444,5.3397085311363,21.0,3.9282,3.0495
Dy2MgTiO6,3.2053,-3.699462831166665,0.0161383775,231.67476379364095,7.069612427377326,20.0,5.9566,2.7513
Dy2MgW2(ClO4)2,2.4472,-2.6624941852222213,0.190225032666669,253.9980172018577,5.98770349632752,15.0,4.3917,1.9445
Dy2Sn3(PbS4)3,0.5906,-1.135363671666664,0.010333284749993,937.1035826352568,5.980504892315283,40.0,5.4936,4.9030000000000005
Dy2SnS5,0.171599999999999,-1.721246515104164,0.022871413124999,335.8946783443564,5.972251302328996,16.0,5.4563,5.2847
Dy2Ti12(CuO4)9,0.0872,-2.719789795480226,0.057957629194898,619.4182276631082,5.488401053251757,59.0,4.5243,4.4371
Dy2Ti2O7,2.54995,-3.7367266825473813,0.05192109313455175,660.5582186454201,6.746153378916588,55.0,5.349075,2.799125
Dy2TiO5,2.9495,-3.788697712953869,0.09622650537946385,466.8200786223596,6.859419776565114,34.285714285714285,4.801814285714286,1.8523142857142858
Dy2W2O9,3.1769,-2.8947232221794863,0.071924507211537,331.2398326131139,8.38867021741711,26.0,5.3933,2.2164
Dy2WO6,3.4084,-3.298009762627313,0.01343224357638875,586.2452661443765,8.623523419128496,45.0,5.4059,1.9975
Dy2ZnS4,2.3573999999999997,-1.965204210178571,0.009661849132655,668.7085247869412,5.15184182770074,28.0,4.401,2.0436
Dy2ZnTe2(SO7)2,3.9594,-2.376287267698412,0.000255357539692,294.7895723275217,5.259670912840843,21.0,6.0101,2.0507
Dy3BWO9,3.788599999999999,-3.384105871011903,0.00325270678571,343.77080849821624,7.981172395019196,28.0,5.7214,1.9328
Dy3CuGeS7,1.8098,-1.72139590895833,0.0,491.98697692889584,5.725237986080818,24.0,6.079,4.2692
Dy3CuSiS7,1.800599999999999,-1.810544322708331,0.0,482.8228936522818,5.527437883272189,24.0,6.3759,4.5753
Dy3CuSnS7,1.490999999999999,-1.702203746041664,0.009169516249997,515.896814534787,5.75647012134566,24.0,5.9944,4.5034
Dy3Mg2MoS8,0.4982,-1.82346250392857,0.111588851517855,332.4692246231506,4.43802039145496,14.0,3.9927,3.4945
Dy3Mg2WS8,0.0535,-1.763944084642855,0.16332966660714,329.86779976707675,4.915504282345343,14.0,4.0567,4.0032
Dy4Bi2S9,1.0944,-1.6790832018541662,0.045610716666669,1361.997057735474,6.615571696689076,60.0,5.6307,4.5363
Dy4CdS7,1.1671,-2.071692383263886,0.046118686666676,274.0326856538095,5.980051403683692,12.0,4.4927,3.3256
Dy4GaSbS9,2.0092,-1.836028762777775,0.002743115083341,1322.594630234067,5.6752750057133685,60.0,5.9628,3.9536
Dy4MgTi2O10,0.136649999999999,-3.5193515999019596,0.18636331441174,239.9553063140889,6.442029581972169,17.0,5.317,5.180350000000001
DyCu(WO4)2,1.3202500000000001,-2.3801784934722203,0.037605741927084005,162.50745251952424,7.374722653361267,12.0,4.50145,3.1812
DyCuPbS3,1.5979,-1.3492028631944422,0.0,262.76939111118264,6.691475443483314,12.0,6.4223,4.8244
DyCuS2,1.6255499999999996,-1.5932894332812546,0.000278749999994,331.63988493767977,5.8120002256394105,16.0,5.59345,3.9679
DyMgCu(WO4)2,1.7058499999999994,-2.42139625551282,0.1424865649038395,167.265011099944,7.411358529561872,13.0,5.519299999999999,3.81345
DyTiClO3,3.1574,-3.538176204166665,0.0,183.05404151886907,5.330629092150365,12.0,4.5576,1.4002
DyTl(WO4)2,2.917099999999999,-2.506151887499999,0.0,332.95372487398,8.603670597288037,24.0,5.2136,2.2965
DyWBrO4,2.651,-2.665898297023808,0.03594441916667,516.8517782730967,6.300184022525317,28.0,3.7347,1.0837
DyWClO4,3.4164,-2.754722916666664,0.021287906190478,254.91321461356185,5.807880206957862,14.0,3.655,0.2386
DyWO4,1.69955,-2.952779811527776,0.039968324374996,150.3336453763922,9.072423432085298,12.0,5.6471,3.9475499999999997
DyZnPO,1.2613,-2.053910819077379,0.0,133.39878131915347,6.843429365676406,8.0,5.7994,4.5381
Er(CuS)3,1.3272499999999996,-1.0007159752529746,0.000934623571428,239.6901026154111,6.291788567536624,14.0,6.774,5.44675
Er10W2O21,3.078999999999999,-3.664397379166666,0.0,1774.5523275365051,8.894340693745859,132.0,5.0367,1.9577
Er14Ti10O41,1.113,-3.672647751820512,0.173579292923077,801.7722374423349,7.199656206878132,65.0,4.1844,3.0714
Er18Ti14O55,2.3658,-3.763499655766282,0.069400429655173,1061.5613215095516,7.134144418893034,87.0,5.2807,2.9149000000000003
Er2(WO4)3,4.366899999999999,-2.7592350486029398,0.0344360472794085,960.2600367937343,6.26070740250011,51.0,3.5633,-0.8035999999999999
Er20Cu6(Pb3S14)3,1.3189,-1.7569074757792191,0.012743983160179,1776.8198923968555,6.483941814149094,77.0,5.356899999999999,4.038
Er2CdS4,1.1223499999999995,-1.9334927437142837,0.0191397612857145,1061.4467972988562,5.442505117126792,42.0,2.98545,1.8630999999999995
Er2CuTe2(SO7)2,0.8785000000000001,-2.283921263730158,0.017043508809547,286.0180364996491,5.4654160439165125,21.0,3.9807,3.1022
Er2MgTiO6,3.235299999999999,-3.712251910833333,0.015870763750001,228.9309201253828,7.292421705126962,20.0,6.1057,2.8704
Er2MgTl2(WO4)4,1.9798999999999993,-2.4574684622666663,0.0827722033166665,343.623681065533,8.500079421501656,25.0,5.493125,3.5132250000000003
Er2Sn3(PbS4)3,0.5288,-1.129093213999998,0.018097683749994,933.4264558560284,6.037928908988861,40.0,5.4858,4.957
Er2Ti12(CuO4)9,0.079299999999999,-2.71751210101695,0.061144632627097,617.0606579987538,5.534983667606203,59.0,4.5419,4.4626
Er2Ti2O7,2.6986,-3.779598183333331,0.013926795000006,252.71561332971007,7.125983581419237,22.0,5.6143,2.9157
Er2TiO5,2.9531999999999994,-3.8340241359375002,0.06655191479166683,385.0624287573898,7.234405123471859,29.333333333333332,4.781983333333334,1.8287833333333332
Er2TlCu3S5,1.428799999999999,-1.323273260530303,0.0,440.5475411348594,6.708263223152692,22.0,6.2644,4.8356
Er2WO6,3.549666666666667,-3.321814088981482,0.0076885529629636675,611.8606159970187,8.985900986102235,48.0,5.327833333333333,1.7781666666666667
Er2ZnS4,2.3854,-1.961039766845238,0.004152219251704,652.0589896308805,5.380342342748782,28.0,4.477,2.0916
Er2ZnTe2(SO7)2,3.9585999999999992,-2.377382144206348,0.005941538333328,292.96873618672566,5.346308176779189,21.0,5.965,2.0064
Er3CuGeS7,1.7469,-1.705177416458331,0.0,484.8613138377833,5.9071686681035525,24.0,6.2207,4.4738
Er3CuSiS7,1.875999999999999,-1.7299277624739582,0.0,469.3960673502417,5.786560166823306,24.0,6.5047,4.6287
Er3CuSnS7,1.6421,-1.6841397852083322,0.027856271458333,504.1448329475948,5.984708032082978,24.0,6.2634,4.6213
Er3Tl2Cu5S8,1.2826,-1.250816894259258,0.0,363.1453691866651,6.789451244166353,18.0,6.2152,4.9326
Er4CdS7,1.181299999999999,-2.068842918541665,0.055990946111121,267.85239812330974,6.236044851097834,12.0,4.55,3.3687
Er4MgTi2O10,0.1654,-3.5537791395098037,0.174609671617623,242.175550763091,6.50753615066902,17.0,5.1025,4.9371
ErAg(WO4)2,3.1912,-2.378641556805554,0.004806469427087,315.2898746384799,8.119179211172975,24.0,4.8693,1.6781
ErBiW2O9,2.61515,-2.488759372211538,0.015139997980769,552.3800836983166,8.007616105071197,39.0,4.66785,2.0527
ErCu(WO4)2,1.2567999999999997,-2.3849300637499997,0.03962691005208433,207.99378996155806,7.668613504679183,16.0,4.772633333333333,3.515833333333333
ErCuPbS3,1.5553,-1.352142200416665,0.0,260.2578767330662,6.81677712699453,12.0,6.3988,4.8435
ErCuS2,1.6870999999999996,-1.585484605364575,0.002921318124995,325.72377380927037,6.0152419886190405,16.0,5.65745,3.97035
ErTiClO3,3.1421,-3.542939039722222,0.0,181.0323889224917,5.477462988220477,12.0,4.5327,1.3906
ErTl(WO4)2,2.9076999999999997,-2.5078555927777773,0.0,316.2429403008877,9.108279796067926,24.0,5.2489,2.3412
ErWBrO4,2.7085,-2.669785819285713,0.043667305595242,491.3343540463598,6.691718806317241,28.0,3.7045,0.996
ErWClO4,3.5688999999999997,-2.754475379999999,0.033145851547622,250.52407937365615,5.972720978450388,14.0,3.7497,0.1808
ErZnAsO,1.1517,-2.000947915625,0.000575866692706,137.45407710300134,7.81835195211237,8.0,5.339,4.1873000000000005
Eu(BiS2)2,0.167699999999999,-0.9931693569642852,0.008328316011915,692.6976859040233,6.694771238297124,28.0,5.7026,5.5349
Eu(SbS2)2,0.139499999999999,-1.036312138214285,0.041402616785709,658.2244893344063,5.285111003856964,28.0,6.3448,6.2053
Eu2CuH4(SO6)2,0.195799999999999,-2.023437850238095,0.0,489.06041220621097,4.26205727219835,42.0,1.6868,1.491
Eu2HfTiO6,0.003499999999999,-3.622099957333334,0.016994092500002,131.9969446429671,7.87870305784651,10.0,5.2871,5.2836
Eu2MgAg2(WO4)4,0.19374999999999998,-2.2487995311333338,0.10680758541666749,366.7885509916607,6.953046731513406,25.0,3.81065,3.6169000000000002
Eu2MgTi2(ClO3)2,0.250399999999999,-3.172647440128206,0.13877626692307,201.4183461021053,4.871262925876279,13.0,5.1103,4.8599
Eu2MgWO6,0.278599999999999,-2.9310433685,0.019029377999999,128.33004326246063,7.868173096762199,10.0,5.8182,5.5396
Eu2MnWO6,0.387599999999999,-2.674874771793104,0.069843946999998,135.3510803148088,7.835847038595068,10.0,5.6525,5.2649
Eu2NiWO6,0.442999999999999,-2.516327713,0.082602808124994,127.02171604689435,8.398770767260256,10.0,6.2364,5.7934
Eu2Ti12(CuO4)9,0.0262,-2.65164861881356,0.06845592389827,616.4851156460749,5.457755083627649,59.0,4.5877,4.5615
Eu2VWO6,0.3942,-2.733905529000002,0.080634846749999,129.93122752175051,8.111629227662617,10.0,6.0151,5.6209
Eu2ZnWO6,0.4695,-2.612324040000001,0.079442018499994,124.77540128325111,8.639345420740776,10.0,5.7189,5.2494
Eu2ZrTiO6,0.0034,-3.537095413333334,0.062261016749999,133.11375292200592,6.723994399913413,10.0,5.1897,5.1863
Eu3BWO9,0.184399999999999,-2.922402567083334,0.048838674255952,373.308395204404,7.06847604624692,28.0,1.9949,1.8105
Eu6MgWO12,0.0177,-3.14332548225,0.054297169500001,297.7751466871172,7.315914123327476,20.0,3.1198,3.1021
EuCuSF,0.0733,-2.249085525625,0.007735684414062,132.6533689347949,6.6738681977643335,8.0,5.9115,5.8382000000000005
EuDyCuS3,0.0621,-1.9240625094444432,0.0,511.1959238438944,6.161519615852921,24.0,5.3068,5.2447
EuDyTi2O7,0.000799999999999,-3.585377973030303,0.048682073750009,269.2897270611983,6.440076379439802,22.0,2.9003,2.8995
EuGdTi2O7,0.0037,-3.566448391060606,0.043795826022726,272.576696231153,6.298450212403368,22.0,2.7909,2.7872
EuLuCuS3,0.1897,-1.91560955236111,0.0,246.1904508568313,6.565143902273583,12.0,5.4936,5.3039
EuMgSnWO6,0.232599999999999,-2.479769923500001,0.091438793067315,129.1353222949654,7.391497622959189,10.0,6.7006,6.468
EuMnSnWO6,0.153299999999999,-2.230546700793104,0.133383158045454,135.47662122096835,7.420991066015125,10.0,6.2283,6.075
EuNiSnWO6,0.213999999999999,-2.062424404999999,0.174785435812497,127.94502387264572,7.906573298451285,10.0,6.9037,6.6897
EuTmCuS3,0.234099999999999,-1.922079287916668,0.0,250.615473326108,6.369280990932468,12.0,5.4208,5.1867
EuZnSnWO6,0.189799999999999,-2.161283258,0.148684273374998,131.11288394914388,7.800592853815493,10.0,6.2672,6.0774
Fe(AsO2)2,2.5252,-1.4988049775,0.097801600602038,429.0659979415446,4.17487108049317,28.0,4.633,2.1078
Fe(BO2)2,4.0261,-2.33142286172619,0.136696660654765,474.0069788386917,3.964625084912653,56.0,7.5385,3.5124
Fe(Bi5O8)5,0.767999999999999,-1.603436871969698,0.028678691212128,1112.7349901093382,8.834934643096869,66.0,4.9265,4.1585
Fe(GeO3)2,0.067399999999999,-1.731321365,0.180641119722221,478.21468802574896,4.126863557953449,36.0,0.0991,0.0317
Fe(HO)2,2.310399999999999,-1.360140903,0.000468648,178.6155399660433,3.341601949764105,20.0,3.3339,1.0235
Fe(PO3)4,0.364,-2.350186585798317,0.049620188431374,533.5234568211902,2.313963551369623,34.0,-0.6638000000000001,-1.0278
Fe(PO3)5,0.5524,-2.283289912057823,0.067585094444444,635.2901361112079,2.356129591719396,42.0,-0.4837,-1.0361
Fe(SbO2)2,1.1490500000000001,-1.6438697099999984,0.063968859642856,442.6224359366196,5.455817745818738,28.0,6.03225,4.8832
Fe(SbO3)2,0.5366000000000001,-1.8695318752777768,0.0,412.2278093005656,6.370390694791666,36.0,5.4203,4.8837
Fe(SbS2)2,0.1989,-0.495418450714285,0.13879751985714,563.5422193986235,5.040176184936673,28.0,7.0448,6.8459
Fe(SeO3)2,0.324,-1.222069072465278,0.095075053333335,544.7826958504195,3.776705170282717,36.0,0.648,0.324
Fe(SeO3)3,0.6845,-1.143366281117789,0.082752411730758,840.7028806386957,3.450398344770684,52.0,0.418,-0.2665
Fe(Si2O5)2,1.182,-2.727587684833334,0.175192615777779,848.4968904761861,2.569048290135834,60.0,1.3929,0.2109
Fe(TeO3)2,0.3005,-1.396129417453704,0.170891931527775,1052.7805931368405,5.136174818037912,72.0,3.4101,3.1096
Fe2(WO4)3,2.6012500000000003,-1.947869927242646,0.1007056047426465,1438.2785573124793,5.026920664739373,85.0,1.4341,-1.16715
Fe2CuRh3S8,0.048499999999999,-0.688937804285713,0.06111957154762,224.5871249517432,5.474861990673631,14.0,6.1027,6.0542
Fe2Ni3P6WO24,0.9977999999999992,-2.202097734940476,0.10123929309029,444.5459367221758,3.890147135104916,36.0,2.7712,1.7734
Fe3Co2P6WO24,0.0077,-2.269151468829364,0.075975240740711,452.6507419361691,3.8118033193443033,36.0,2.3039,2.2962
Fe3Ni2P6WO24,2.5303,-2.3062119535515877,0.029165925763887,449.169321109001,3.839574836560314,36.0,4.0044,1.4741
Fe3P6WO24,0.078699999999999,-2.262247221701681,0.041359631017163,488.4489109235225,3.131737672399778,34.0,-0.3085,-0.3872
Fe4Bi2O9,1.6319999999999997,-1.6709240395,0.014379267500002499,630.7569066632561,6.244163420624048,45.0,4.21755,2.58555
Fe5(BiO4)3,1.7527,-1.574656109375,0.107923691875001,1008.3861198829616,7.233482829176737,80.0,6.0866,4.3339
Fe5P6WO24,2.3383,-2.358283379940477,0.021115365416646,456.6500794042199,3.755960068961598,36.0,3.7462,1.4079000000000002
FeAg2Sn3S8,0.8741000000000001,-0.639291724166665,0.0,300.12824798046347,4.892244543772462,14.0,5.567,4.6929
FeAsO4,1.557999999999999,-1.699692442916665,0.0,300.7565582959569,4.301333473258373,24.0,2.256,0.6980000000000001
FeBO3,1.517599999999999,-2.178420955583333,0.091941376250002,402.110928972674,3.787766300929518,40.0,3.7009,2.1833
FeBi25O39,2.1799,-1.6180704589230765,0.026170761384617998,1105.2917277979404,8.870445654864126,65.0,6.36055,4.18065
FeBi4S7,0.353799999999999,-0.543611483541666,0.118792587083334,282.54551454655564,6.560109711022675,12.0,5.8567,5.5029
FeBiO3,1.5177999999999996,-1.6484011969999997,0.026008087000001002,203.25582906457834,8.09544032464527,16.0,6.1440600000000005,4.62626
FeBiSbS4,0.1598,-0.488263354642857,0.179117044321428,585.9109717451134,5.836524258372933,28.0,6.5067,6.3469
FeCo3O8,0.1944,-1.047219747291667,0.112748779583334,531.9672618432468,4.502957192423528,48.0,1.1152,0.9208
FeCu2SiS4,0.0213,-0.6649741893750001,0.04933633125,289.4424370956356,3.892945702896789,16.0,5.3308,5.3095
FeCu2Sn3S8,0.652999999999999,-0.667444031071427,0.01248592767857,276.7543547242139,4.773559193659573,14.0,6.2615,5.6085
FeHO2,1.378433333333333,-1.4299073172743046,0.11921219116319366,537.9513832018532,3.3560410747526563,48.0,2.3679666666666668,0.9895333333333333
FeMoO4,1.7750999999999995,-1.8708613804166665,0.0047697818750085,322.2508982406832,4.448104597530945,24.0,3.005,1.2299
FeO,1.3415,-1.3747778585416663,0.08949305726190428,122.05531874184655,5.601986912857477,11.428571428571429,5.791242857142857,4.449742857142857
FeO2,1.1543,-1.2427507216666671,0.179825405833333,153.9825826946548,3.789209379553044,12.0,0.8162,-0.3381
FeOF,1.165985714285714,-2.032844775753968,0.09277131609788428,191.8303445438182,4.260808024870877,16.285714285714285,2.3581428571428575,1.192157142857143
FeP2O7,0.22383333333333266,-2.220192737178571,0.09653581029167467,541.8329329129457,2.8219981556964258,40.0,0.3161666666666667,0.09233333333333332
FeP4O11,3.6428999999999996,-2.4768216317857137,0.00013814984375,867.4764273748722,2.7271395967394882,64.0,5.273149999999999,1.63025
FeP6(WO8)3,2.0933,-2.480630746701681,0.0,488.7134775793289,3.999839048276441,34.0,2.9496,0.8563000000000001
FePO4,2.188283333333333,-2.305136363458995,0.04644959689814667,514.4875426907022,2.8720993229908554,34.0,1.8861333333333334,-0.30215000000000003
FePb2WO6,2.3575,-1.714655161,0.108127609406248,128.95670972835248,9.658585973957866,10.0,7.5783,5.2208
FeSbO4,1.4272,-1.8058337441666672,0.028567729166666,154.80421156083295,5.183199498864777,12.0,4.6689,3.2417
FeSbS,0.547,-0.5932567766666671,0.0,196.96372428336025,7.070646686049397,12.0,8.7734,8.2264
FeSiO3,0.7031000000000001,-2.5771062312499997,0.015693276416671,457.98957997841615,3.826685495614563,40.0,4.0362,3.3331
FeWClO4,1.244,-1.817837299285713,0.07392136232143,257.8593048649655,4.3678696254124905,14.0,0.2049,-1.0391
FeWO4,2.401,-2.022696756666667,0.0,132.54622556038296,7.609071009222092,12.0,5.2539,2.8529
Ga(MoS2)3,0.946399999999999,-1.021349624749999,0.07274495298837,732.6860198757105,4.985410971359581,40.0,6.717,5.7706
Ga(MoS2)4,0.119799999999999,-1.0766599675,0.042478091529515,237.28295873753785,4.9686995019616855,13.0,5.878,5.7582
Ga(W3O10)4,0.0802999999999995,-1.9010715929716975,0.19013219547169852,2958.455147640241,1.637775179456411,53.0,-6.59915,-6.67945
Ga2(WO4)3,4.2839,-2.116957999558823,0.096883801838234,1161.5714538672828,5.0489793863883214,68.0,2.8906,-1.3933
Ga2BiS4,2.5288999999999997,-0.702496671607144,0.0,696.8594756177176,4.543563902982043,28.0,4.5363,2.0074
Ga2CuAgS4,0.717699999999999,-0.6463600932812491,0.013073337499999,164.36635259348813,4.436286597151719,8.0,4.0497,3.332
Ga2Ge(MoS2)8,0.024399999999999,-0.89936493222222,0.183268952819766,560.9229279620058,4.418783529868672,27.0,4.586,4.5616
Ga2Sb2H16C4S7N2,2.7559,-0.430534099166666,0.02159534062121,2166.5466630030746,2.144832957474785,132.0,3.0686,0.3127
Ga2SiSn2S5O24,1.956999999999999,-1.981913591053922,0.052731640575985,1455.0112256978512,3.250050804391708,102.0,3.1567,1.1997
Ga2Sn2S5,1.839799999999999,-0.6698857326736101,0.0,871.3852533744441,4.094752066420875,36.0,5.1336,3.2938
Ga2SnGeS6,0.9682,-0.785777391749999,0.042417203562499,1001.2131333086816,3.470872537307552,40.0,3.4434,2.4752
Ga2WO6,2.738275,-2.1692918250694433,0.06497770506944525,358.28771341564203,6.866904169844703,31.5,4.832000000000001,2.093725
Ga3Sb7(S4Cl7)2,2.0643,-0.8110931738281241,0.0,1871.4905822257497,3.21968033891111,64.0,3.0846,1.0203
GaCu(WO4)2,0.9748999999999992,-1.9462747543749992,0.072638159791655,270.2972221072396,7.727688850587791,24.0,5.5276,4.5527
GaCuS2,0.44475,-0.6112840226562455,0.0875716649999995,109.87558126279407,4.508449733247358,6.0,4.98275,4.538
GaCuSeS,0.4579,-0.6239748623437541,0.012278428749997,162.85978408167193,4.981705373409405,8.0,4.3277,3.8698
GaFeO3,2.1227,-1.951375469,0.036668541999999,436.1442573479584,5.286571144947953,40.0,4.7167,2.594
GaN,1.6482999999999994,-0.6666837881249996,0.00336561875,34.30803503018086,6.077843749092558,3.0,5.0375,3.3892
GaSnP(SO6)2,2.6845,-2.078670494537816,0.023821735900732,1443.5944516212064,3.281955319809101,102.0,3.3274,0.6429
Gd(CuS)3,0.9673,-0.9921145540625,9.49391964155666e-05,247.3839103035505,5.961722970649835,14.0,5.948,4.9807
Gd2(WO4)3,3.515,-2.727777986764705,0.028919440882347998,1005.4797674389897,5.87683148454409,51.0,2.51555,-0.99945
Gd2CdS4,1.4199,-1.811448284464286,0.078185488214284,303.4532154411424,6.075949024321322,14.0,5.0034,3.5835
Gd2CuTe2(SO7)2,0.0112,-2.266357448492062,0.0,294.7479483526755,5.19076350844969,21.0,3.4659,3.4547
Gd2MgTl2(WO4)4,1.8167999999999995,-2.4382934080666665,0.07975317011666799,352.6982388747076,8.187207454417134,25.0,5.0710999999999995,3.2542999999999997
Gd2Ti12(CuO4)9,0.082899999999999,-2.714581798644068,0.054285147161008,616.8223126233651,5.483232243213965,59.0,4.5661000000000005,4.4832
Gd2Ti2O7,2.408899999999999,-3.700774554924241,0.040241561363641,1075.630949974811,6.449669263704337,88.0,5.2867,2.8778
Gd2TiO5,3.0132666666666665,-3.7918749757291668,0.03650138968749933,448.02345952862356,6.561311001822912,32.0,4.7542333333333335,1.7409666666666668
Gd2TiZnO6,2.7632,-3.369564110833333,0.051316803999998,239.30693684501472,7.268861853094758,20.0,5.3387,2.5755
Gd2W2O9,2.3984499999999995,-2.8808609337980777,0.04994013110576925,599.0652206467396,8.027287319715184,45.5,4.4412,2.04275
Gd2W4O15,3.0868,-2.5725504044444443,0.07636858109126966,861.2702901097309,6.528353452882871,56.0,3.036,-0.05079999999999999
Gd2ZnTe2(SO7)2,0.3121,-2.35949664563492,0.0,301.7456485282181,5.080638233751336,21.0,2.4825,2.1704
Gd3AlCdS7,1.4117,-1.8148823141406272,0.043722142604167,525.1104497280068,5.284763834042195,24.0,5.0003,3.5886
Gd3AlZnS7,1.367299999999999,-1.847556420420382,0.039176074092264,512.7871707147024,5.107357494013152,24.0,4.9403,3.573
Gd3BWO9,3.2389,-3.338328356369049,0.006823297797613,356.4791368221226,7.549914787143497,28.0,5.0487,1.8098
Gd3CuGeS7,1.133,-1.743606352708332,0.059795381015623,505.0500670694466,5.473587132485934,24.0,5.3526,4.2196
Gd3CuSiS7,1.1604,-1.833644232291665,0.044831684166666,496.2223315240244,5.272770704718167,24.0,5.5138,4.3534
Gd3CuSnS7,1.245099999999999,-1.725559871874999,0.084897129374995,527.8469498585787,5.527052147882351,24.0,5.5493,4.3042
Gd3W(ClO2)3,2.5504,-3.083050970384614,0.004701464038459,392.6826460120859,7.255995996654845,26.0,5.2464,2.696
Gd4GaSbS9,1.5642,-1.844906339999998,0.089770244916669,1355.1917146481294,5.435838255531562,60.0,5.1147,3.5505
Gd4Ti(SeO)4,0.3285,-2.977144272516025,0.0,260.57637197615765,6.733915499892208,13.0,3.2316,2.9031
Gd6MgWO12,2.0717,-3.450033932249998,0.118851147416684,279.5546811660856,7.981132882317668,20.0,5.1889,3.1172
Gd6WO12,2.7937000000000003,-3.617686128421053,0.0,268.22828800099927,8.167683105215966,19.0,4.8583,2.0646
Gd7Ti8O26,0.3123,-3.653333336504066,0.0611928159756,545.1148567140018,5.786811483875344,41.0,4.5167,4.2044
GdAg(WO4)2,2.8117,-2.360401465555556,0.0,325.70233852137,7.757556596287999,24.0,4.2582,1.4465
GdCu(WO4)2,0.141499999999999,-2.356497663749999,0.041869628385422,315.3226922159802,7.546100848833788,24.0,3.3337,3.1922
GdCuS2,0.9113,-1.57731090640625,0.0,302.8460745312874,6.249125134903366,16.0,5.8825,4.9712
GdTi2CdO6F,1.5985,-3.171233815606061,0.141041069772722,269.3584554430232,5.923007199442623,22.0,4.3,2.7015
GdTiCdSbO7,2.52365,-2.783020075757575,0.000515036818182,417.7478960513727,6.57648486360994,33.0,5.5466,3.02295
GdTiClO3,2.9895,-3.511843787222206,0.0,183.19504540406828,5.231350754290659,12.0,4.354,1.3645
GdTiNbBi2O9,2.6544,-2.860998744880954,0.006734410714276,378.4636190661206,7.546449849846827,28.0,5.9302,3.2758
GdTl(WO4)2,2.9492000000000003,-2.487807592361111,0.0,339.2641482630862,8.392246947793044,24.0,4.9995,2.0503
GdWBrO4,0.6918000000000001,-2.657839921071428,0.015364337976192,512.8568312043838,6.281265645865158,28.0,1.8007,1.1089
GdWClO4,2.5471,-2.736214926428571,0.009864430714285,261.5258734284606,5.594359495933487,14.0,2.5447,-0.0024
GdWO5,0.084999999999999,-2.590571221071429,0.130886910624994,433.0177686040981,6.459147542064874,28.0,0.2311,0.1461
GdY(WO4)3,3.2727,-2.723052532647059,0.038448109558837,488.9376522328429,6.722261821356586,34.0,3.8846,0.6119
GdZnAsO,0.6654999999999991,-1.983100411874999,0.0,144.50539189616975,7.206815381374429,8.0,4.5565,3.891
GdZnPO,0.5757,-2.029670577410714,0.0,137.04801368802816,6.533983624629969,8.0,4.8571,4.2814
Ge2WO6,1.2751000000000001,-2.0086774202777775,0.1079818636111125,380.48669865810376,5.573302191796767,27.0,3.71265,2.43755
Ge3(WO6)2,2.899899999999999,-2.027191629411764,0.145560477794114,949.0469236453488,5.442189169518451,68.0,2.7087,-0.1912
Ge3N2,1.2842,0.047318293500001,0.182132991500001,356.0364592497593,4.588092122276554,20.0,3.4921,2.2079
Ge3N4,1.8763749999999995,-0.14950241910714376,0.04309000660714225,206.80435038000707,5.605792896757034,17.5,6.602075,4.7257
GeBiH8C2S4N,2.431899999999999,-0.396640713823529,0.02499399058088,525.3418654148358,2.882539551225853,34.0,3.4465,1.0146
GeSb2H16C4(S3N)2,2.489899999999999,-0.356000306290321,0.034058024189516,1743.9814363124033,2.28796245844099,124.0,3.6988,1.2089
GeWO4,1.0688,-1.954579286249999,0.142081807916666,330.4169572489336,6.442351859917148,24.0,2.9811,1.9123
H(WO3)4,0.590499999999999,-1.911220199485293,0.185665257536763,232.15987781740648,6.640162336233376,17.0,1.6078,1.0173
H12WC2(S2N)2,2.2426,-0.444261411904761,0.039809610119045,1136.1932123381096,2.199431361095408,84.0,2.1256,-0.117
H12WN3(OF)3,3.6626,-1.1106462622727271,0.158687652102273,240.30711684612317,2.369800239160795,22.0,2.0806,-1.581999999999999
H13(C5N)2,3.1208,-0.0748816567,0.147835189899998,2009.398164251424,1.065863895893059,200.0,2.5916,-0.5292
H2CN2,4.7829999999999995,-0.1530128335,0.16322541399999402,440.8656757748503,1.2673154069335535,40.0,3.3459,-1.4371
H2CN5,4.117199999999999,-0.035850256875,0.161798647812497,338.8019478670691,1.647983993719992,32.0,3.9827,-0.1345
H2W2O7,1.8499500000000002,-1.8290263545454535,0.113418539318182,282.97855164300665,5.653210487485346,22.0,1.89635,0.046400000000000004
H2WO4,1.4761,-1.754318643928571,0.046174414107142,314.1768205843161,5.282267020136411,28.0,1.5368,0.0607
H2WO5,2.231299999999999,-1.4730275498437495,0.102403875937499,343.56595472790286,5.142322186421742,32.0,3.2112,0.9799
H3C3N5,3.483,-0.263409605568176,0.0,850.2779834544045,1.70435784237802,88.0,2.6454,-0.8376
H48PtW6C8(NO)24,2.9817,-0.8235882727027031,0.143610244144143,1108.45260952026,3.239930555173032,111.0,2.9093,-0.0724
H5(C2N3)6,0.0475499999999995,-0.106605129321428,0.054296865499999,958.9747924105718,1.3897271220057186,70.0,-1.1324,-1.1799499999999998
H5CN3,4.36855,-0.32540431861111097,0.037130461527774994,771.029951903559,1.2320750629004946,90.0,3.3484,-1.0201500000000001
H8CN6,3.7216,-0.133594049666666,0.196034937333331,478.8591059595519,1.444149727172598,60.0,4.7019,0.9803
H8W(S2N)2,2.1658,-0.593711712833331,0.0,849.5006386643046,2.722358766710397,60.0,2.6237,0.4579
H8W3Se(NO6)2,3.11325,-1.4668450723978355,0.056286743110976,588.4462352462631,4.845492635443801,52.0,3.23085,0.11760000000000001
H9C6N11,3.9327,-0.300212524663455,0.0,1385.219225635374,1.691750985378592,156.0,4.0768,0.1441
H9CN9,3.2882,-0.1262471340789475,0.163488413267543,537.2161437823181,1.3549843897795084,57.0,2.6279000000000003,-0.6603
HC2N3,2.52656,-0.1212086919444445,0.0243647796898111,815.8759678345248,1.6619937826334479,72.0,2.40068,-0.12588000000000002
HCN,3.616,-0.092074158958334,0.171457713958329,545.2214861017541,1.31694393019489,48.0,3.1572,-0.4588
Hf(WO4)2,3.949799999999999,-2.618656246818181,0.07100902363636,804.3603731147151,5.567045266575041,44.0,2.5265,-1.4233
Hf3Ti2(PbO3)5,2.673199999999999,-2.871380471266666,0.020780778587496,347.5481034966252,9.11232653339724,25.0,7.0261,4.3529
Hf3ZnP2(SO6)4,4.2221,-2.6458090039986,0.005790361813724,1552.2141756520164,3.77123182853617,102.0,4.0465,-0.1756
Hf3ZnSiS5O24,3.1986,-2.549857063946079,0.003967516372549,1568.7520926946038,3.725768682939312,102.0,3.6278,0.4292
Hf4Ti(PbO3)5,2.8592,-2.9294113643333333,0.016607040249997,706.9439244273462,9.573252651861342,50.0,7.1051,4.2459
HfCrCuS4,0.45893999999999957,-1.1826870636785698,0.10502411274999901,378.07822078389205,5.397385647672606,20.3,5.33384,4.8749
HfMg14TiO16,0.0823499999999995,-2.870180400885416,0.167800942200522,323.05964110050536,4.2282852950027205,32.0,9.165849999999999,9.0835
HfMg14ZnO16,0.0522999999999995,-2.8472545081249994,0.188123300703125,327.39494109987425,4.261271004738177,32.0,8.366,8.3137
HfMg30ZnO32,0.5997499999999996,-2.9403828807031243,0.09646060871093701,642.5646052440954,3.8376690858995497,64.0,8.7944,8.19465
HfSiSn(SO6)2,2.3525,-2.461208021470589,0.030822200477969,1579.3832684072534,3.667702001563354,102.0,2.7147,0.3622
HfSnP2SO12,2.7902,-2.657066617752101,0.000585388498778,1542.0783728670967,3.7680389326149033,102.0,3.1091,0.3189
HfSnS3,1.1981,-1.287100282687501,0.0,492.4676860327046,5.305913745266324,20.0,4.8574,3.6593
HfTi(PbO3)2,2.2028,-2.839151304333333,0.026081368156246,137.27730379594215,8.911945160060315,10.0,6.8303,4.6275
HfTi(SnO3)2,1.8075,-2.721022644333333,0.189218264499993,132.13708894039243,7.034554844498059,10.0,7.0643,5.2568
HfTi4(PbO3)5,2.077499999999999,-2.7707306267333323,0.0137163136624985,343.3155785393992,7.962286449016162,25.0,6.56705,4.48955
HfTiO4,2.7345499999999996,-3.7191727674305546,0.044760478958333,206.64211551161515,7.004784637965111,18.0,5.2589500000000005,2.5244
HfTiP2SO12,2.6443,-2.931338183242296,0.001111271813725,1496.9401193126232,3.410147049756309,102.0,2.5006,-0.1437
HfTiSi(SO6)2,2.238699999999999,-2.754268448921569,0.012755486642152,1541.5337714301377,3.299883437183997,102.0,2.0336,-0.2051
HfTlCuS3,0.7967000000000001,-1.249015790138887,0.0,256.9905352757109,7.012182314645516,12.0,5.6044,4.8077000000000005
HfZn(SO4)3,4.8209,-2.247044126029412,0.0,1508.6224387073846,3.5140041492922123,102.0,4.239,-0.5819
Hg(BiS2)2,1.1861,-0.582541794642855,0.0,366.4148000992756,6.768877831478459,14.0,4.4222,3.2361
Hg(SbS2)4,1.258,-0.521505182884605,0.0,1309.9120165734464,4.787490884560441,52.0,5.3545,4.0965
Hg2W2O7,2.17935,-1.7015016687500002,0.017119635909097,432.5394265896932,8.470492293398536,27.5,2.716675,0.537325
Hg2WO4,1.9051999999999991,-1.448770275000004,0.0,229.9181427462662,9.374806762425225,14.0,2.3745,0.4693
Hg3Bi2(SCl4)2,2.7814,-1.099962459500002,0.0,429.1832321729204,5.290891542721745,15.0,3.0966,0.3152
Hg3SbAsS3,1.6587,-0.308421774375001,0.005372001328122,878.7502269122514,6.7623112215672165,32.0,3.8295,2.1708
Hg4BiS2Cl5,2.3713,-0.920902356666668,0.0,735.669620296984,5.655299646526143,24.0,2.2482,-0.1231
HgWO4,2.0278,-1.6073953408333335,0.0648642243750005,407.8342790510208,8.916921976241458,30.0,3.14405,1.11625
Ho(CuS)3,1.4907,-1.005112281205354,0.0,241.40541429194997,6.215027479124213,14.0,6.6855,5.1948
Ho10Ti6O27,2.0996499999999996,-3.7467394599999975,0.1183396566860655,832.2615835744784,7.113426684760854,64.5,4.77595,2.6762999999999995
Ho2(WO4)3,4.36365,-2.7555010742647035,0.031774976470584,971.0586641887994,6.167995565740474,51.0,3.51615,-0.8474999999999999
Ho20Cu6(Pb3S14)3,1.2996,-1.7535547827922051,0.012629655173161,1795.5467751417582,6.373245004073038,77.0,5.2777,3.9781
Ho2CdS4,1.2122499999999998,-1.8612916327499973,0.0832932543928565,670.1104467658258,5.389180872986813,26.25,3.343375,2.131125
Ho2CuTe2(SO7)2,0.8660000000000001,-2.282444884206348,0.015440217936527,287.7921944654124,5.40485067774971,21.0,3.9501,3.0841
Ho2MgAg2(WO4)4,2.17786,-2.3505905273733316,0.15971670112666478,334.95778761302483,7.740251811443372,25.0,4.72778,2.54992
Ho2MgTiO6,3.226199999999999,-3.703829085833332,0.016240227,230.97460719562065,7.160931560938913,20.0,6.0745,2.8483
Ho2MgW2(ClO4)2,2.4305,-2.661276716333332,0.187601244333323,252.1006989647398,6.064783257432955,15.0,4.3665,1.936
Ho2Sn3(PbS4)3,0.6225,-1.133203089499998,0.012181611166663,937.6343835597612,5.994335557997869,40.0,5.4656,4.8431
Ho2Ti12(CuO4)9,0.0765,-2.7180944230508493,0.060110244533898,615.9240376240458,5.532641571943712,59.0,4.5685,4.492
Ho2Ti2O7,2.89325,-3.786437361628852,0.004662898750033,381.919027306477,7.00967155529618,33.0,5.549250000000001,2.6559999999999997
Ho2TiO5,2.94786,-3.822031905479166,0.0684774430624994,424.5802573127811,7.071090430828443,32.0,4.77264,1.8247799999999998
Ho2WO6,3.5087499999999996,-3.2993568574305545,0.01806625479166625,581.9349317752886,8.77360297155893,45.0,5.459075,1.950325
Ho2ZnS4,2.3423,-1.979258615357138,0.012971924404761,661.1212666221696,5.259800061702519,28.0,4.4017,2.0594
Ho2ZnTe2(SO7)2,3.9851,-2.375763820396824,0.004480191746043,292.40902983735526,5.33009333691045,21.0,6.0446,2.0595
Ho3CuGeS7,1.759199999999999,-1.710859635624995,0.0,483.30240969501546,5.878216867549206,24.0,6.0033,4.2441
Ho3CuSiS7,1.822499999999999,-1.799584653124997,0.0,479.2007486968816,5.619747899881113,24.0,6.4006,4.5781
Ho3CuSnS7,1.460899999999999,-1.691742650624997,0.018849972291662,510.19861921763817,5.868221382064917,24.0,5.9718,4.5109
Ho4CdS7,1.1961,-2.067291051874997,0.051912746527785,272.10362380552726,6.081771674233091,12.0,4.4733,3.2772
Ho4GaSbS9,2.0122,-1.828893578499997,0.004670778527772,1314.6753105406992,5.758576621792559,60.0,5.9405,3.9283
Ho4Mg(WO4)6,0.981399999999999,-2.7370264375714277,0.083673228071434,456.5521700292945,7.896395415498855,35.0,4.518,3.5366
Ho4MgTi2O10,0.1138,-3.534712548333332,0.180252328750006,230.3234406637081,6.775249147232982,17.0,5.3769,5.2631
Ho5Cu(WO4)8,0.8681000000000001,-2.673524001413042,0.017947988301637,593.832401117265,8.0279198987292,46.0,4.6018,3.7337
Ho6MgWO12,2.91645,-3.534306393499997,0.1141611332708385,268.6735306631264,8.590223925409312,20.0,6.06395,3.1475
Ho6WO12,3.4002,-3.656475647368419,0.034703429342107,283.33961095349093,8.002144412638698,19.0,5.212,1.8118
HoCu(WO4)2,1.1338,-2.382025211666665,0.038001938489591,305.2060979456737,7.879802515032392,24.0,5.1843,4.0505
HoCuPbS3,1.599599999999999,-1.348984452916664,0.0,265.0440594958999,6.664500296123132,12.0,6.2809,4.6813
HoCuS2,1.6335499999999996,-1.591117856406255,0.0005557568749945,328.1971627212383,5.922219621828507,16.0,5.60655,3.973
HoMg(WO3)2,2.007,-2.550618318499999,0.169708550000006,246.05514143638615,8.812540244206199,20.0,6.6112,4.6042000000000005
HoTaTiO6,3.334,-3.655337607018518,0.004848713888881,432.4636230153672,7.521881758922349,36.0,5.4508,2.1168
HoTiClO3,3.122999999999999,-3.539191923055554,0.0,181.89222047273543,5.409052015571705,12.0,4.4891,1.3661
HoTl(WO4)2,2.9276,-2.506112064027777,0.0,330.89672244910344,8.681547022595037,24.0,5.2336,2.306
HoWBrO4,2.6863,-2.665364907857142,0.040322805059528,512.2649932003958,6.388107569605422,28.0,3.7495,1.0632
HoWClO4,3.4026,-2.753375935714283,0.026479883869049,251.6263054733389,5.915823043439742,14.0,3.65,0.2474
HoZn(CoO3)2,0.074899999999999,-1.879291302499999,0.151670395240132,211.29126198909265,6.981973132038256,20.0,2.7121,2.6372
HoZn(MoO3)2,1.2034,-2.362216990499999,0.064169167062496,244.2305452755224,7.046763516131665,20.0,5.4828,4.2794
HoZn(SbO3)2,1.5293,-2.246099211999998,0.154505558375003,299.9523145261436,6.309454133603593,20.0,5.3213,3.792
HoZn(WO3)2,0.9625,-2.273552041499999,0.188468139000002,253.1203145502133,9.105869024715588,20.0,5.2141,4.2516
In10(Sn2S7)3,0.670199999999999,-0.640856757576016,0.014650600506755,1713.5664553529405,4.91078963001736,74.0,6.2855,5.6153
In10SnS14,0.9308999999999992,-0.691784061324995,0.020325013250023,610.3654983895931,4.667945580131203,25.0,5.6027000000000005,4.6718
In14Sn5S26,0.6484999999999991,-0.583335399374995,0.099889702083334,1037.6240057007424,4.856503505521086,45.0,6.076,5.4275
In2(WO4)3,4.29035,-2.075546275710783,0.057433972352941495,1967.995542970762,4.896383744335969,102.0,2.9747500000000002,-1.3155999999999999
In2Bi4Pb4S13,1.200399999999999,-0.740109845362318,0.0,2383.798806499057,6.439876046022363,92.0,5.8184000000000005,4.618
In2Cu2SiS6,0.4584,-0.604181742443175,0.054753994545455,467.1610270661624,4.103377232247195,22.0,5.1845,4.7261
In2CuAg(SnS4)2,0.388599999999999,-0.697559239642856,0.009463794285713,311.9655998045581,4.763878428439574,14.0,4.9567,4.5681
In2CuAgS4,0.0448,-0.6947142281249981,0.005571902499999,187.91387584454915,4.677356908847744,8.0,4.2327,4.1879
In2GaBiS6,1.849899999999999,-0.6783089225208241,0.001301971291677,486.9347250646963,4.779238300002442,20.0,5.3177,3.4678
In2Sb2H16C4S7N2,2.6056,-0.403115014419191,0.030908276687873,1044.524022636204,2.5111613743180152,66.0,3.7134,1.1078
In2SiSn2S5O24,1.3587999999999991,-1.969880211593138,0.054667479987725,1570.3335767733436,3.297485665668617,102.0,2.5736,1.2148
In2Sn3S7,0.5283999999999991,-0.5487070521614631,0.037241445729165,556.7280603521167,4.833252422120717,24.0,6.169,5.6406
In2WO6,2.71645,-2.0438393373842585,0.037691703125,691.7796982280602,7.3286630512617,54.0,6.3981,3.68165
In4Bi2S9,1.630799999999999,-0.6317526160208331,0.0021538435,728.730557964153,5.31303643103956,30.0,5.8472,4.2164
In4Bi3S10,1.0139,-0.5913392163112791,0.008638588088235,1621.987658214985,5.761206118011645,68.0,6.1062,5.0923
In4SnS4,1.176,-0.642703380833334,0.0,1968.069882096279,4.767076381351161,72.0,4.9348,3.7588
In4SnS8,0.2407,-0.6676139742307671,0.0137266975,319.1231478597889,4.342283477238289,13.0,4.1416,3.9009
In5(BiS4)3,1.3405499999999995,-0.5702563744374951,0.0499443981875035,957.1442621469592,5.502412862915977,40.0,5.96875,4.6282
In5CuS8,0.294699999999999,-0.699669817142855,0.009970630892857,302.38722674841455,4.910197383668338,14.0,5.786,5.4913
In6Sn8S19,0.5061,-0.5787556264299171,0.017270076098499,771.8238457844676,4.83607487212094,33.0,6.1922,5.6861
In6WO12,1.767999999999999,-2.020597898947368,0.014899640065788,235.40146566374383,7.510759073728435,19.0,6.4622,4.6942
In9Ga3(BiS6)4,1.7826,-0.674168031499991,0.000869597187506,995.7240031155076,4.749545225054126,40.0,5.1852,3.4026
InAg(WO4)2,2.3704,-1.902841799861112,0.021870958124988,302.9491526053027,7.875032218304937,24.0,5.0388,2.6684
InAgSnS4,0.9214999999999992,-0.6941361497619031,0.0,327.2584589094085,4.766156209192377,14.0,4.8058,3.8843
InBi2S4Br,1.627,-0.7909075052083331,0.00273909359375,204.52044212785515,6.015850800610107,8.0,5.4286,3.8016
InBi2S4Cl,1.5805,-0.842193859583332,0.0,193.0865795780102,5.98980957658576,8.0,5.8177,4.2372
InBiS3,1.379999999999999,-0.5640077746874991,0.015075937249999,254.96692474459127,5.47063466457686,10.0,5.2029,3.8229
InCo3SnS2,0.196699999999999,-0.497913288095237,0.0,111.22495706900288,7.083440408508427,7.0,7.7164,7.5197
InCu(WO4)2,0.6250999999999991,-1.915357530972221,0.041210092291668,293.85145740574984,7.617919842230529,24.0,5.5779,4.9528
InCuGeS4,1.1346,-0.70224098595238,0.0,160.36757471353764,3.927119866219554,7.0,4.857,3.7224
InCuS2,0.0436,-0.5427530701562481,0.082108611250001,80.26869019113978,5.01653583056159,4.0,5.7312,5.6876
InCuSeS,0.188399999999999,-0.583769869843747,0.006548173749999,187.2329014226653,5.13309077937662,8.0,4.648,4.4596
InCuSnS4,0.375,-0.5585588987499971,0.001634802857143,296.70222180240256,4.760892716358655,14.0,5.5853,5.2103
InSb2S4Br,1.5308000000000002,-0.7346905439583311,0.0,413.6061588860393,4.548765447983686,16.0,5.2438,3.713
InSb2S4Cl,1.552499999999998,-0.7862124902083311,0.0,408.72293024780345,4.241925353843078,16.0,5.5229,3.9704
InSbS3,1.476099999999999,-0.522175905687501,0.0,490.59485125450334,4.505408610764415,20.0,5.6895,4.2134
InSnP(SO6)2,0.1572,-2.059949830273109,0.032444860116415,1551.7440307914767,3.342757853400194,102.0,0.9071,0.7499
K(WO3)3,0.5068,-2.228646656711538,0.007036018942306,381.4597217405138,6.395712835485779,26.0,2.4464,1.9396
K10Ge18WO4,1.7087999999999992,-0.599101347878787,0.017109104387851,4025.002400531351,3.211898311199041,132.0,2.3743,0.6655
K10Zn4Sn4S17,2.1377,-1.184043788285713,0.0,1028.1992020550306,2.701186557855463,35.0,3.047,0.9093
K12Mo4S11Cl4O5,2.3966,-1.545740604291666,0.145935223929395,1015.0807464638674,2.335143368847111,36.0,2.1259,-0.2707
K19Ti3Sb29O88,1.5470000000000002,-2.078727263293165,0.017807375881315,2151.6305955243865,4.495844743436502,139.0,3.8129,2.2659
K2Ag3Sb3S7,1.8381999999999992,-0.538951603553234,0.01241284225926,805.0869069974683,4.090203384845975,30.0,4.3641,2.5259
K2Ag6Sn3S10,0.7928000000000001,-0.6607841430714191,0.0,2077.30486728115,4.483471513893376,84.0,3.0758,2.283
K2AgSbS4,1.2564,-0.7550770369713521,0.013353713244795,906.2751893003614,3.196096970543685,32.0,3.0928,1.8364
K2BaNa2Ti4(SiO4)8,0.5992000000000001,-2.7020103963386117,0.194565214642861,708.0278398717566,2.790055474892122,49.0,1.0473,0.4481
K2Be2Zn2Si3O11,3.504699999999999,-2.809918850974998,0.003314014750007,505.3622269307084,3.202305800754202,40.0,4.5809,1.0762
K2BiPWO8,4.0734,-2.3549107591648357,0.001339677820514,904.802814549552,4.624726114855787,52.0,4.3234,0.25
K2Cd(AuS)4,2.032899999999999,-0.751294832227271,0.0,574.9169770871415,6.393183400980291,22.0,3.5353,1.5024000000000002
K2Cd2(SO4)3,3.777799999999999,-2.000760837276315,0.002274568355263,1142.4433488793202,3.4374809699771696,76.0,3.7145,-0.0633
K2Cd3S4,1.9018,-1.009371341805555,0.0,954.7885720764292,3.782273258427136,36.0,2.4891,0.5873
K2CdSnS4,1.4957,-1.090346006187498,0.0,951.7439816019258,3.053824194384999,32.0,2.7014,1.2057
K2Ce(CuS2)2,0.5588999999999991,-1.407019940499998,0.0,205.19351855678445,3.833155054299625,9.0,4.2902000000000005,3.7313
K2CoP2WO10,2.685399999999999,-2.432804767892857,0.0,948.8340562217384,3.800561115981495,64.0,3.6969,1.0115
K2Cu(PS3)3,1.9627,-0.83818765572857,0.0,1617.8343042651254,2.148242782260948,60.0,3.7767,1.814
K2Cu(SO5)2,0.047799999999999,-1.539641226133333,0.153481040874998,1000.4528771276728,2.429043071807108,60.0,-1.0234,-1.0712
K2Cu3S3O13,0.1405,-1.747348909261904,0.0,1264.0463263369898,3.011044975450619,84.0,1.263199999999999,1.1227
K2Cu5TeS3O19,0.0676,-1.462655032788888,0.08135960595833,823.3548436134419,3.725870771793339,60.0,1.6806,1.613
K2CuH12(SO7)2,0.609499999999999,-1.557527835790321,0.006046982580642,675.1753140203566,2.173927177592557,62.0,0.6567000000000001,0.0472
K2CuS(ClO2)2,0.731,-1.889739489699999,0.0,807.2698829939392,2.540052682236949,40.0,0.8541000000000001,0.1231
K2CuSbS3,1.2062,-0.956065839214284,0.001834850000001,752.9292507698065,3.1731635680328782,28.0,3.4764,2.2702
K2Dy4Cu4S9,0.9910666666666663,-1.6534568497543838,0.0013187238596453334,407.82294216835777,5.175010557325302,19.0,4.705766666666666,3.7147
K2ErTi(PO4)3,2.5650999999999997,-3.096632968908521,0.008703782171063,1085.765358097498,3.5373558372750957,76.0,3.2777,0.7126
K2FeO4,1.6197,-1.4058890452857131,0.022963576071427,521.517516831859,2.5222687077967123,28.0,0.4309,-1.1888
K2Ho4Cu4S9,1.0263499999999994,-1.6527959832631556,0.0009583589473695,401.48177754594667,5.29708742185122,19.0,4.793050000000001,3.7667
K2HoPWO8,4.5636,-2.856260825126373,0.0,852.5575242827414,4.564944393176467,52.0,4.4505,-0.1131
K2La2Sb2S9,1.1627,-1.437881932466665,0.0,800.1674206959846,3.686092510301465,30.0,5.0377,3.875
K2La2Ti3O10,1.733499999999999,-3.431758464970588,0.000859938676471,229.90248601795105,4.7641754774807765,17.0,5.5907,3.8572
K2Li2TiO4,4.2118,-2.540023648833333,0.019962809999998,530.6177014406911,2.552916346725156,36.0,4.0221,-0.1897
K2Mg3Zn2(Si2O5)6,4.388999999999999,-3.090634864479592,0.0,1336.534988816616,2.730686187529395,98.0,5.4029,1.0139
K2MgNb2(CuS2)4,0.450499999999999,-0.9551529058529412,0.1840641332843,415.5478376651162,3.192896416368581,17.0,3.7778,3.3273
K2MgP2WO10,3.457099999999999,-2.681302489767856,0.0,942.118297227135,3.583515941807493,64.0,3.8827,0.4256
K2MgZn4P4(HO8)2,0.9447333333333328,-2.219716705536945,0.1722225305478867,440.22628190903555,2.8174042882636265,29.0,3.572866666666666,2.628133333333333
K2Mn2Zn4Si4O15,0.9687,-2.5511933320504463,0.003870896898159,771.6566936432478,3.451849948968664,54.0,3.3941,2.4254
K2Mo(SO)2,2.29045,-1.580651108142856,0.1352659313690475,530.6076838076804,2.543152414386202,21.0,2.3636,0.07314999999999999
K2Mo(SO5)2,2.8802000000000003,-2.0723019968,0.0,984.8369896206236,2.686037555280334,60.0,2.1004,-0.7798
K2MoH2S2O9,2.9943,-1.8188748652812512,0.133127055820309,916.921482285018,2.783693548759598,64.0,4.3674,1.3731
K2MoS4,1.412799999999999,-1.108780208749999,0.0,795.2196995838813,2.52579943967571,28.0,2.0309,0.6181
K2MoSO3,3.1004,-1.888405173142856,0.071670824434524,301.91526174196474,2.79620643346388,14.0,2.9853,-0.1151
K2Na2Mo3WO12,0.5184000000000001,-2.100243410362931,0.052926974500007,509.3392713562187,5.136932507848801,40.0,3.9457,3.4273
K2Na4Li2Ti4Mn3Fe(SiO3)16,1.7582,-3.033449140297629,0.006681588606941,979.1224006021891,3.075605519502979,80.0,4.9204,3.1622
K2NaCa2TiSi7HO20,3.4517,-3.136823860013608,0.0,882.4147001109932,2.810689577676237,68.0,4.5872,1.1355
K2NaCa2TiSi7O20,0.328,-3.144404161794323,0.022039043977274,914.4991903169076,2.708418311926963,66.0,1.3363,1.0083
K2NaTi2Fe7Si8H4O31,1.466999999999999,-2.558069298409927,0.006261062393946,674.9349986560552,3.229216954806962,55.0,3.8364,2.3694
K2NaTiOF5,3.964,-3.319039354921264,0.0,152.04173195441945,2.840105275520685,10.0,2.6176,-1.3464
K2NaZn(BO2)5,4.2359,-2.645673866011192,0.0,1021.9220719618766,2.474062799944443,76.0,3.8046,-0.4313
K2NaZn2H5(C2O7)2,4.095000000000001,-1.795891473647474,0.0,620.5226609463477,2.7246214825261923,56.0,4.1637,0.0687
K2NbCuS4,1.9582,-1.293870691812499,0.0,437.9212728762132,2.7522049109512032,16.0,3.1925,1.2343
K2Nd2Ti3O10,2.2681,-3.379147885264707,0.020410649117634,227.7941946565688,4.8860719249969655,17.0,4.6154,2.3473
K2NiP2WO10,3.4701,-2.430548347111607,0.0,937.3923867583018,3.845251054575535,64.0,3.8945,0.4244
K2P2WO9,4.0913,-2.551688799377551,0.0,905.7970362628567,3.431660393793164,56.0,3.4813,-0.61
K2Sb4S7,1.5478,-0.6407888023798151,0.000873026250003,753.9321781820372,3.478598713024405,26.0,4.333,2.7852
K2SbSO4F3,4.932799999999999,-2.45447916790909,0.0,764.1365013503017,3.068531432159952,44.0,4.7665,-0.1663
K2Sc2P2WO12,3.721799999999999,-2.96927733980451,0.00422749864035,1179.778668792301,3.411154863809411,76.0,4.2357,0.5139
K2Sn(AsS3)2,1.0089,-0.8667852744999991,0.0,294.9866986309344,3.034925657373443,11.0,3.0529,2.044
K2Sn(AuS2)2,1.6433,-0.8999656099444431,0.0,522.2477198864116,4.572899649961282,18.0,3.0387,1.3954
K2Sn(S2O7)3,3.4436,-1.897640833983333,0.0,980.1764573561126,2.45743999938238,60.0,2.3871,-1.0565
K2Sn2Hg3S8,1.7526000000000002,-0.7854912078,0.0,896.5918122658569,4.348283674180082,30.0,2.9234,1.1708
K2Sn2S5,1.406299999999999,-1.028475990222223,0.0,483.4962558094525,3.269186103197366,18.0,3.4873,2.081
K2Sn3(SbS5)2,1.816599999999999,-0.83944356967647,0.0,982.7928967245504,3.374144476813362,34.0,4.1518,2.3352
K2SnS3,2.2443,-1.164566427,0.0,364.2159657987095,2.67262669946739,12.0,2.907,0.6627000000000001
K2SrTi10O22,2.6409,-3.411967056509522,0.005957928214302,453.6017167473249,3.647876426467441,35.0,4.0989,1.458
K2Ta4O11,3.3655,-3.200980261990259,0.0,422.95470228614414,7.679198323579201,34.0,4.9058,1.5403
K2Te(WO4)3,2.8728999999999996,-2.145548038467592,0.0002838956249995,1139.7634175539865,5.532279475521455,72.0,3.54335,0.67045
K2Th(CuS2)2,1.126,-1.4406986949444431,0.012697431388888,209.501642391138,4.48291829008372,9.0,4.9507,3.8247
K2Ti(CuS2)2,1.6735,-1.273278239203703,0.0,398.5077399150707,3.178635900751431,18.0,4.4393,2.7658
K2Ti(GeO3)3,2.8409,-2.377613964855555,0.069619517611113,1332.845163878797,3.647716419172154,90.0,2.8898,0.0489
K2Ti(Si2O5)3,3.383966666666666,-3.1883499390763888,0.0027429881250006665,547.5575382731037,2.6967512623286987,40.0,4.3746,0.9906333333333333
K2Ti(SiO3)3,3.2962999999999996,-3.139133571855556,0.0029163053333325,430.1682639250343,2.740342712752799,30.0,4.2168,0.9205000000000001
K2Ti(TeO4)3,1.520099999999999,-1.986309178768518,0.0,267.87813914792315,4.344510664358402,18.0,3.5161,1.996
K2Ti2O5,3.2005999999999992,-3.057675286240742,0.0,140.618085361089,2.998595086863957,9.0,3.3564,0.1558
K2Ti4O9,3.0211,-3.258138655522222,0.002382728333326,400.1781887743609,3.432957023281483,30.0,3.9344,0.9133
K2Ti6O13,2.7535,-3.347455425690477,0.0,267.29211015758693,3.562162097742717,21.0,3.981,1.2275
K2Ti8O17,2.7826,-3.372458896524693,0.010685423888872,356.04792864998063,3.41914188467676,27.0,3.6241,0.8415
K2TiAl(PO4)3,2.9115,-2.985116810619047,0.0,953.8062241488692,3.049879036698906,76.0,4.5191,1.6076
K2TiCr(PO4)3,2.53955,-2.838224759599309,0.0061758712828945,1475.0790187747534,3.126182569361213,114.0,3.90465,1.3651
K2TiGe(PO5)2,3.228399999999999,-2.7678868206011917,0.000240342734374,868.3943190805359,3.217421607807739,64.0,4.236,1.0076
K2TiH2O3F4,2.5197000000000003,-2.589494819819445,0.005942616041662,663.2715070931911,2.524300982547448,48.0,2.1912,-0.3285
K2TiO3,3.4121,-2.761319902138887,0.0,190.45055999352945,3.03529082731535,12.0,3.9502,0.5381
K2TiO3F4,0.129699999999999,-2.640622786033333,0.089901239,648.4852110414758,2.561210493003101,40.0,-0.2227,-0.3524
K2TiOF4,3.031599999999999,-3.413155031291666,0.0,2006.0830797144065,2.887948384162979,128.0,2.0645,-0.9671
K2TiPCO7,0.135299999999999,-2.558234092706348,0.112380524270834,379.653812477666,2.458472940037145,24.0,3.0927,2.9574
K2TiSi3(HO5)2,3.1248,-2.834718550574074,0.0,952.691246044839,2.595881845343617,72.0,3.6737,0.5489
K2TiSi3O10,0.7994000000000001,-2.795934390645834,0.14973736921875,937.255553760094,2.624347340470252,64.0,1.1846,0.3852
K2TiZnO4,3.6582,-2.522992791916666,0.0,1015.160635519494,3.3430630196572,64.0,3.5047,-0.1535
K2U(WO5)2,2.0582,-2.655209157466665,0.0,970.169398506774,5.777663598940295,60.0,2.6084,0.5502
K2U2WO10,1.9063999999999992,-3.025775993049999,0.002546960999994,2196.1524501408217,5.43244948801416,120.0,2.6439,0.7375
K2VCuS4,1.2285499999999994,-1.2590938693124991,0.0051898549999995,409.4803583902864,2.6030074719081773,16.0,2.74625,1.5177
K2W2O7,2.4361,-2.283939672227272,0.0,320.9374642914357,5.772893584880375,22.0,2.9199,0.4838
K2W3O10,1.7366,-2.2581741993,0.005346990166666,1376.0619816395892,5.717817889477539,90.0,2.2843,0.5477000000000001
K2W4O13,1.9062,-2.251699962605264,0.0,862.8399975130764,5.897924397550806,57.0,2.3047,0.3985
K2WO4,4.52935,-2.247694650642857,0.008662033571428,400.25156253874536,4.10177719029259,21.0,3.11805,-1.4112999999999993
K2WO8,2.6972,-1.309973076621212,0.125890267878787,1077.3191031328042,3.607081908598506,66.0,2.6788,-0.0184
K2WS4,1.9435,-1.134914741964286,0.0,804.9928283657441,3.220415034886207,28.0,2.2322,0.2887
K2Y4Sn2S11,1.7939,-1.742267925631578,0.0,2144.479112222627,3.171525001571357,76.0,3.4213,1.6274000000000002
K2YTi(PO4)3,2.5749,-3.087821092921678,0.005935697763169,1645.8356051955311,3.0278281627837833,114.0,3.29935,0.72445
K2Zn(GeO3)2,2.872499999999999,-2.114221985409091,0.0,356.82183306670873,3.582244906587079,22.0,2.4812,-0.3913
K2Zn(PO3)4,4.849699999999999,-2.592679571214285,0.006197255921053,545.2609334326855,2.7986850862292023,38.0,4.9514,0.1017
K2Zn(SO4)2,4.5647,-2.113569017461537,0.0,795.511249134019,2.8031991244259613,52.0,4.333,-0.2317
K2Zn(Si2O5)2,4.2665,-2.946104038647059,0.0,997.203413675506,2.770497039027837,68.0,4.5495,0.283
K2Zn(SiO3)2,3.9235,-2.734427540409092,0.0,327.36281788504044,3.000601134353356,22.0,4.5102,0.5867
K2Zn2(MoO4)3,3.6629,-2.043182530236842,0.0,1278.4147132103458,3.578884992561264,76.0,2.9487,-0.7142000000000001
K2Zn2(SO4)3,4.4939,-2.023256349052632,0.011214968421062,970.2506446294942,3.403755570902228,76.0,4.9262,0.4323
K2Zn2O3,1.4031,-1.655289340642857,0.006239237499999,207.94774285999776,4.104683120350914,14.0,1.9274,0.5243
K2Zn2Si8O19,4.2227,-2.99216316966129,0.008270049784945,433.88379275174486,2.823240773207796,31.0,5.0659,0.8432000000000001
K2Zn3(P2O7)2,4.207899999999999,-2.5314932842639752,0.0,1360.6052146896518,3.037973005520904,92.0,4.1163,-0.0916
K2Zn3(SeO3)4,4.126,-1.630016071613095,0.0,717.7176583788006,3.619716742742592,42.0,3.9425,-0.1835
K2Zn3O4,1.4102,-1.708242246055554,0.0,261.7476124595242,4.293919767100468,18.0,2.0234,0.6132000000000001
K2Zn3P4(HO3)4,5.052899999999999,-2.067547075622857,0.0,1522.404067832461,2.593083233829037,100.0,4.129,-0.9239
K2Zn3S4,2.49915,-1.1259875719444445,0.0020743801388875,615.6407878661711,3.2601709391614606,27.0,3.5593,1.0601500000000001
K2Zn6O7,0.7753000000000001,-1.728900458966665,0.012404533666667,400.7164422545479,4.832244726606037,30.0,1.90005,1.12475
K2ZnCr2(H2O5)2,2.695999999999999,-1.707506785763158,0.001676729342108,493.1650170197312,2.771960615712618,38.0,1.5784,-1.1176
K2ZnCr4(HO4)4,2.5866,-1.67501230961111,0.006171720300917,384.77968739417287,2.63944776338261,27.0,0.9216,-1.665
K2ZnGeO4,3.0302,-2.044669127593749,0.0,1020.3452683917542,3.648606377976184,64.0,2.9332000000000003,-0.097
K2ZnH12(SO7)2,5.0087,-1.628747323693547,0.000815615241939,677.1527668600951,2.176715809912842,62.0,3.8717,-1.137
K2ZnH12(SeO7)2,3.6817,-1.424782442393144,0.0,720.0189521460779,2.479730632286451,62.0,2.2219,-1.4598
K2ZnH4(I2O7)2,3.1176,-1.238685679979999,0.0,368.30862812089794,3.964131208257614,25.0,4.221,1.1034
K2ZnO2,1.9785,-1.5774439758999992,0.0,167.76202198412008,3.4763287067969992,10.0,2.5089,0.5304
K2ZnP2O7,4.129,-2.595199219273809,0.0,732.6420057650478,2.8789088788769,48.0,4.1715,0.0425
K2ZnP4(HO2)8,5.0611,-2.108493468808756,0.01005234677419,370.4856468760164,2.382459708321905,31.0,4.4279,-0.6332
K2ZnS2,2.804299999999999,-1.252977908624998,0.0,261.8029094266517,2.635211962151513,10.0,3.3082000000000003,0.5039
K2ZnSi3O8,3.2442,-2.839284471035714,0.023660943303568,216.20954061564905,2.733066020593664,14.0,4.3304,1.0862
K2ZnSiO4,3.7041,-2.466005657124999,0.0,961.7463681194748,3.255496932493109,64.0,4.3991,0.6950000000000001
K2Zr2ZnH12(OF2)6,5.1227,-2.4082747468428423,0.0,762.0027291741869,2.885780442836404,70.0,2.9884,-2.1343
K3Ag9(SbS3)4,1.625299999999999,-0.454317721498016,0.006626980912704,716.1581685061146,4.544440484270988,28.0,4.1437,2.518399999999999
K3Ba7Ti10(O9F)3,0.290999999999999,-3.381346201301667,0.063459992949999,651.2830860768236,5.21716248800692,50.0,3.948,3.657
K3Bi(PS4)2,2.1148,-1.017656257038264,0.0,1503.0872964504783,2.8491243314749983,56.0,3.7932,1.6784
K3Bi3(PS4)4,2.3129,-0.832183550204669,0.010051497067313,6119.89470758357,2.99807595849354,208.0,3.8961,1.5832000000000002
K3Bi7(SO6)4,3.1702999999999992,-1.949275281822368,0.0,2520.2021355068287,5.5146646751555295,152.0,5.1941,2.0238
K3Cu2(BiS2)5,0.5758000000000001,-0.8383718468374891,0.0,1025.1201631985014,5.21571330710694,40.0,4.3662,3.7904
K3CuP2S7,2.3196,-1.014379339502746,0.0,1378.04073541174,2.252113277136547,52.0,3.9751,1.6555
K3HWS4O,2.5955,-1.187640731799999,0.155135092604165,531.1211695868496,2.791334261876134,20.0,2.5162,-0.0793
K3LiTi7O16,2.9242,-3.243218656237653,0.003254682361124,367.1516826933135,3.23510920906641,27.0,3.8168,0.8926000000000001
K3MgSbS4,1.901533333333333,-1.141213770009258,0.15181318268518532,290.8556397674492,2.238629826452845,9.0,3.0247333333333333,1.1232
K3MoHS4O,2.1188,-1.1760195038,0.1478307744375,525.3242680324746,2.266436223147445,20.0,2.1155,-0.0033
K3Na(WO4)2,4.7838,-2.23836434879495,0.007632874285734,520.2185538882584,4.059971332572283,28.0,3.491,-1.2928
K3NaTi2(SiO4)3,2.6024000000000003,-2.975829658085523,0.066809195011904,1622.3487817150096,3.145960912269665,126.0,4.3187,1.7163
K3Nb2Cu3S8,1.8542,-1.196502549796875,0.0,833.3484339007555,2.989974872639653,32.0,3.4474,1.5932
K3Nb7O19,2.1353999999999997,-2.9638058351896546,0.0032855380028729998,1359.3357104668685,3.934699863507375,87.0,2.22825,0.09285
K3NbO8,2.3512,-1.685816469312499,0.001290267500002,180.96990938157543,3.103214612560229,12.0,2.8348,0.4836
K3P(W3O10)4,3.2441,-2.227268613953443,0.029337441082624,1726.3533073474473,5.760342402882346,112.0,2.9415,-0.3026
K3Sb7(SO3)3,1.8464,-1.588929315647726,0.007282793409096,1056.296456243084,3.803719350424796,44.0,4.6386,2.7922
K3SbS3,2.6955,-1.151684633526786,0.0,855.3135285803156,2.603468961599469,28.0,3.5669,0.8714000000000001
K3SbS4,2.1596,-1.0526524378124995,0.0039842425000005,352.8731152526918,2.5982940696296897,12.0,2.8770499999999997,0.71745
K3Sn2P5S18,1.318299999999999,-0.80187052964158,0.0,1497.7534941759095,2.409738315743884,56.0,3.1264,1.8081
K3Sn2S3BrO12,3.4126,-2.020369124249999,0.010793510019841,723.5896741746689,3.317484496497929,42.0,4.5932,1.1806
K3Sn2S3ClO12,3.9145,-2.048092998535714,0.005600877440477,717.1370589963451,3.14148077210588,42.0,4.9527,1.0382
K3Ta2Cu3S8,2.313,-1.223357986963542,0.0,816.1702956181317,3.769404859454156,32.0,3.9224,1.6094
K3TaNbCu3S8,1.9736,-1.209867136817707,6.313156250126184e-05,832.5002737707223,3.34424343834841,32.0,3.507,1.533399999999999
K3TaO8,3.04,-1.7564790782569442,0.022069399166668,180.21599919980704,3.927424982251117,12.0,3.3938,0.3538
K3Th2Cu3S7,1.424499999999999,-1.551446760616665,0.008231557500002,718.2321593686903,4.607611653384328,30.0,5.1034,3.6789
K3Ti3(PO4)5,2.6389,-2.978975377982719,0.001680608508057,1737.7076800335042,2.812316783426459,124.0,3.392,0.7531
K3TiFeH4S4O19,2.4305,-2.043687683127603,0.008519335781248,817.6841548788847,2.669615564141969,64.0,2.4394,0.0089
K3TiO4F3,2.5471,-2.434443654098484,0.124338824448051,359.3563854629806,2.644567307577887,22.0,2.7692,0.2221
K3W2(O2F3)2,1.3463,-2.673083131116668,0.0,501.185824693983,4.393084452103004,30.0,1.1753,-0.171
K3WS3ClO,2.776399999999999,-1.501829202138887,0.161618833124999,1031.2345630557718,2.8905956733659157,36.0,2.5235000000000003,-0.2529
K3Zn(BO2)5,4.3815,-2.648206880135965,0.0,1057.1249060562006,2.492888726630068,76.0,3.8288,-0.5527000000000001
K3ZnNCl4O3,3.3316,-1.760378148479166,0.0,1067.960196092998,2.403958090578852,48.0,2.4165,-0.9151
K3ZnPCO7,4.061,-2.296817968568681,0.030521990544872,380.5981907156465,2.946612763022948,26.0,4.471,0.41
K4BaTi6S20O,1.1228,-1.5663243589531244,0.0006483559960925,1466.704505793373,2.803862639952907,64.0,3.87445,2.7516499999999997
K4Ca(WO4)3,2.4664,-2.34307488595,0.060847979750001,276.3354629200447,5.648497436720823,20.0,3.681499999999999,1.2151
K4H6W2S2O9,4.039,-1.676746811586956,0.049536519408208,797.8040050754573,3.07314925986956,46.0,2.8932,-1.1458
K4Li3Nb18P12(WO42)2,0.8404,-2.877668525485482,0.002820694960499,1785.5711754685965,3.657453792359318,123.0,2.4998,1.6594
K4Li5Ti8(PO5)8,0.0114,-2.992316805684249,0.043815345472903,887.1946066600016,2.736013588060149,65.0,3.4947,3.4833
K4Mg(WO4)3,4.6083,-2.344874842449999,0.004847733749999,753.268008042617,4.074747513224073,40.0,3.334699999999999,-1.2736
K4MgMo2(SO3)2,1.663,-1.850473041933333,0.175589523523809,333.54592925895923,2.652038959740253,15.0,2.9003,1.2373
K4MgNb2(CuS4)2,0.0148,-1.133605603764705,0.192378730441181,457.2816876893194,2.723941310940718,17.0,3.1006,3.0858
K4MgTi2O6,0.604699999999999,-2.415682423897436,0.187121709826921,243.2965532674132,2.541886564004919,13.0,3.2117,2.607
K4MgZn4H16(Br3O2)4,1.5892999999999997,-1.3434060753111108,0.0962611105277775,960.1403754656346,2.6726483795313722,45.0,2.08295,0.49365
K4Mo2H6S2O9,3.371699999999999,-1.6498430441956522,0.064425477910629,800.8703039980818,2.332369227048436,46.0,2.3455,-1.0262
K4MoS3O14,2.7304,-2.145927878818181,0.0,1469.4868685001638,2.5878189582526723,88.0,2.0978,-0.6326
K4MoWO8,4.4095,-2.229603135642856,0.00069268428572,272.0541249583171,3.443519441158082,14.0,3.2709,-1.1386
K4Na4Mo3W5O24,0.193099999999999,-2.163457768362931,0.013751252937502,515.470406732801,5.9253170939053375,40.0,3.8487,3.6556
K4Na4Mo5(WO8)3,0.593,-2.126276935112931,0.03601475225,514.2806502425321,5.371391755076118,40.0,3.8832,3.2902
K4Nb6O17,2.6581,-2.9229413715370383,0.0,1767.044971879869,3.705609702472035,108.0,2.3668,-0.2913
K4Ti2H2O5F8,2.6604,-2.765905523246032,0.017451118690481,634.0607062559699,2.546233741738657,42.0,2.2195,-0.4409
K4Ti2PO4F9,3.061499999999999,-3.357076941640476,0.0,1306.2725231370164,2.63436311603719,80.0,1.7521,-1.3094
K4Ti3Co(PO4)6,1.4530999999999992,-2.86126431518045,0.002810555471488,1002.8725370598952,3.075634929334246,76.0,3.6552,2.2021
K4Ti3Mn(PO4)6,1.2569,-2.839669269862847,0.070213325953945,1013.3818789913556,3.030645863141402,76.0,3.589,2.3321
K4Ti3Ni(PO4)6,2.308099999999999,-2.844651223733083,0.01367145062501,990.3392651279504,3.113754584215249,76.0,3.8261,1.518
K4TiO4,3.2205333333333326,-2.3474970955370353,0.030198502499999332,461.06958717757396,2.571957851974604,24.0,3.1539,-0.06663333333333334
K4TiSn3(PO5)4,3.3035,-2.641559012997024,0.0,950.9064754707196,3.50746367779177,64.0,4.5297,1.2262
K4W2Cl10O,1.184,-1.8255250661176472,0.01090432102941,487.2561499008067,3.048750778588118,17.0,1.6087,0.4247
K4WO5,3.3802,-2.078901624233332,0.0,1070.4520788843113,3.911293244210028,60.0,3.5931,0.2129
K4WS3O14,3.4401,-2.171600656772726,0.007167021874999,1443.1917109199096,3.039521000455684,88.0,3.0125,-0.4276
K4Zn(WO4)3,4.31,-2.2044483937,0.020533176749998,758.0443858780336,4.229154120621338,40.0,3.1192,-1.1908
K4ZnO3,1.694599999999999,-1.487419703312499,0.0,614.5834668899363,2.915887774537482,32.0,1.9725,0.2779
K5Li3Ti8(AsO5)8,3.056899999999999,-2.552959109420573,0.008487034687499,961.285092136641,3.176025500080717,64.0,2.9246,-0.1323
K5Na3Cu8(S2O9)4,0.271899999999999,-1.8012154540064662,0.003239148138891,1705.537790939069,3.12594485734201,120.0,2.033,1.761099999999999
K5RbZn4Sn5S17,1.5614,-1.075155528007811,0.0,964.7430930712457,2.893808542329515,32.0,2.5509,0.9895
K5Zn4Sn5H4S17N,1.5343,-0.950599953576387,0.0,968.6846769967138,2.766444865099282,36.0,2.706,1.1717
K6Mg(SbS4)2,0.8594333333333329,-1.0935217671666653,0.12251457789216268,541.8041611995513,2.3263287029087145,17.0,2.208066666666667,1.3486333333333331
K6Na2MnH24(WO6)6,1.8851,-1.770014516589196,0.007529464644438,934.3515188890262,3.623227517436476,75.0,0.9756,-0.9095
K6Na3Ti2Al2Si8Cl3O26,3.2034,-3.033737014486092,0.005076078399963,772.1513198097208,2.581252835841531,50.0,4.0047,0.8013
K6Sb2H18S8O9,2.250299999999999,-1.203441113046511,0.020531710290691,1410.0672293154162,2.112122227297128,86.0,2.0856,-0.1647
K6Sn2S7,2.0416,-1.224611323566665,0.0,1912.1496278216048,2.419281403682395,60.0,2.5604,0.5188
K6Ti2O7,3.4514,-2.5437789395111103,0.0001557994999995,585.832994294334,2.5083789299945765,30.0,3.0815,-0.3699
K6Ti2S6O,2.5171,-1.765899656844443,0.0,1780.728038061054,2.009412544022465,60.0,2.5541,0.037
K6U2(Cu4S5)3,0.555399999999999,-1.044244286957141,0.0,3300.70091582682,3.93247783694494,140.0,3.3745,2.8191
K6Zn4Sn5S17,1.5896,-1.069322186749999,0.0,968.1485509730036,2.804098022876617,32.0,2.6973000000000003,1.1077
K6ZnS4,1.9713999999999992,-1.266701478522727,0.0,634.0548290806395,2.243151334550573,22.0,2.2903,0.3189
K7Bi2P6(W2O17)2,0.2834,-2.431596407709567,0.010656248401469,1660.892134344018,4.312745157923574,106.0,0.6643,0.3809
K7RbTi8(PO5)8,3.0963,-3.04758549612593,7.713349608007292e-05,902.2013238923048,2.999821440842235,64.0,3.6932,0.5969
K8Cu9S8(ClO18)2,0.046699999999999,-1.767616892825397,0.00951858496032,962.2613898746268,3.085666646109368,63.0,1.5493,1.5026000000000002
K8MgTi2O8,0.3797,-2.151294387350876,0.176897161342102,405.93692015630256,2.294111398626851,19.0,3.178,2.7983
K8Ti5P2(O4F11)2,3.11,-3.413051621810053,0.0,2843.132606639233,2.710071924315754,180.0,1.8582,-1.2518
K9Bi(PS4)4,2.1005,-1.139530151794046,0.0,1657.507283821219,2.399982140829972,60.0,3.4838,1.3833
KAg2SbS3,1.688299999999999,-0.537853720947412,0.007809438055563,726.0927770122515,4.32498871764894,28.0,4.1221,2.4338
KAg2SbS4,0.569599999999999,-0.47151298855123,0.00594227557638,213.800709573496,3.921085921459203,8.0,2.7011000000000003,2.1315
KAsW2O9,2.3938,-2.095903530365385,0.0,814.7567653968985,5.100860551924955,52.0,2.1305,-0.2633
KBa2Zn3B9O19,3.6287,-2.762903461316177,0.007249001139695,850.921154580687,3.55660281661499,68.0,4.6509,1.0222
KBa4Ti5O14F,1.1399,-3.417522567156666,0.043107554900007,326.742486825656,5.441567076472163,25.0,4.2379,3.098
KBa6Zn4(GaO3)7,2.457999999999999,-2.471919121916666,0.0,1249.232989987344,5.180725663052623,78.0,3.352,0.894
KBaBiWO6,2.38565,-2.3260221560999996,0.0220281759999935,397.2985987821253,6.950632213798986,25.0,5.32355,2.9379
KBaCeWO6,0.5378000000000001,-2.928468507725,0.010766387384615,625.3574919048049,6.334351036765413,40.0,4.2159,3.6781
KBaGdWO6,2.7963,-2.9375946584749997,0.00028720625,385.23900081373046,6.6088630355947995,25.0,4.3291,1.5328
KBaLaWO6,2.9217,-2.909092598100001,0.001044110875,406.5526294481623,6.058112983924952,25.0,5.38415,2.46245
KBaNa2Ti3Fe(Si2O9)2,2.650699999999999,-3.084584238666954,0.004915829124993,394.0139634350408,3.465017795266011,30.0,4.6224,1.9717
KBaNdWO6,2.80415,-2.8929567930999998,0.0001694363750005,398.6352686884199,6.2468061209832815,25.0,4.36365,1.5595
KBaPrWO6,2.8086,-2.873912908016667,0.0002192498749995,401.67991994734314,6.146620749141696,25.0,4.38365,1.5750499999999996
KBi(PS3)2,2.2272,-0.81036056915357,0.0,514.2889233176055,3.244408851988575,20.0,4.4926,2.2654
KBi(WO4)2,2.7107,-2.152997771020833,0.0,346.5239280636538,7.128121938287872,24.0,4.7176,2.0069
KBi3S5,1.422699999999999,-0.6277094283680541,0.011796308333348,1212.1805061007378,4.52807326498068,36.0,3.2137,1.791
KBiP2S7,2.3782,-0.7979409535487001,0.0,1151.0827790937833,3.084146401755438,44.0,4.4617,2.0835
KBiS(ClO2)2,4.2054,-1.930319004138889,0.0,750.9067944185588,3.671306539025324,36.0,4.0226,-0.1828
KBiS2,1.4158,-0.9206185710937512,0.0,108.9948255442475,4.756507849741324,4.0,3.786299999999999,2.3705
KCaBiWO6,2.135299999999999,-2.207533469725001,0.176319221999996,154.30411253557875,6.112440664157719,10.0,5.3603,3.225
KCaDyWO6,2.8505000000000003,-2.8783435038916663,0.102628999624993,145.33763671632929,5.958485576370652,10.0,4.5631,1.7126
KCaEr2CuS5,1.3723,-2.016900431974998,0.0,458.5010550995067,4.618100989664169,20.0,4.6252,3.2529
KCaGdWO6,2.8078000000000003,-2.834556823724999,0.127792356249971,148.87762348211973,5.758248700694466,10.0,4.3753,1.5675
KCaInWO6,3.432,-2.359078096391665,0.111667983250005,136.68384987121158,5.756454687556644,10.0,6.2379,2.8059000000000003
KCaLaWO6,2.691733333333333,-2.807410714308333,0.156725528666644,307.69297874395966,5.413215413779503,20.0,5.383866666666667,2.692133333333333
KCaNdWO6,2.8385,-2.796090935849999,0.1365773972083255,378.3932413735387,5.472279738850615,25.0,4.432650000000001,1.59415
KCaPrWO6,2.8230000000000004,-2.763892283808333,0.15170033470832633,303.0788503789075,5.498153613259238,20.0,4.585533333333333,1.7625333333333335
KCaSmWO6,2.8322000000000003,-2.812806633224999,0.137650297874995,151.4291374428555,5.585670512907148,10.0,4.421,1.5888
KCaTbWO6,2.8457,-2.866703820391667,0.111446776541662,146.50357186431154,5.870548787030186,10.0,4.5506,1.7049
KCaTiBiO6,0.6149,-2.416488118058333,0.147847998500001,134.47967943871595,5.334532745769671,10.0,3.559,2.9441
KCaYWO6,2.8432999999999997,-2.863551791724999,0.110861952249983,145.5327863065307,5.110781355915319,10.0,4.5965,1.7532
KCd4Ga5S12,1.9747,-1.00185828703409,0.005421799374996,542.0617855583998,3.743866078492269,22.0,3.1755,1.2008
KCeMgWO6,0.1377,-2.743557708225,0.142943144416674,127.2146430697994,6.309266005434661,10.0,5.3146,5.1769
KCeMnWO6,0.1443,-2.491905383518101,0.193447588416665,134.13199450985206,6.363123086211287,10.0,4.7599,4.6156
KCeTi2O6,0.029399999999999,-3.341069330391666,0.071432667540019,120.52753460150376,5.110601224315857,10.0,5.7766,5.7472
KCrSnS4,0.102999999999999,-1.052219424607147,0.0,172.649084469169,3.251503736337137,7.0,2.9629000000000003,2.8599
KCu(BiS2)2,0.721399999999999,-0.78785236340625,0.0,407.447380678243,5.28885887404528,16.0,4.5283,3.8069
KCu2AsS3,1.1692,-0.6722343421071421,0.0,588.6755170829217,3.805908475074844,28.0,4.9949,3.8257
KCu2BiS3,0.6686000000000001,-0.6907289724642851,0.032820213660713,655.0900951371739,4.779319152070868,28.0,4.5273,3.8587
KCu2H3(SO5)2,0.5186000000000001,-1.589814590333333,0.005437447361106,200.2298338147905,3.2620179630531743,18.0,2.0357,1.5171
KCu2SbS3,0.9539,-0.6965487631785701,0.001910299752747,622.7383577244839,4.097311623659423,28.0,5.2139,4.26
KCu3S2,0.4727,-0.6254775112083331,0.005858932499998,212.8836098399082,4.584443789488176,12.0,5.115,4.6423
KCu4AsS4,1.2885,-0.570816937974999,0.001837889799995,395.1801754056408,4.172262438318803,20.0,5.2251,3.9366
KCu7S4,0.194199999999999,-0.452950580604166,0.016819276093745,196.520250286826,5.172745823747068,12.0,5.5835,5.3893
KCuS,1.8615,-0.921985167416667,0.0,351.6022171810362,2.544808244700729,12.0,2.6781,0.8166
KDySnWO6,2.522599999999999,-2.4822156423916653,0.12799806258333,147.3800626040445,6.761862509451725,10.0,4.9463,2.4237
KDyTiO4,2.268699999999999,-3.392538036035713,0.010841475357141,384.47864873041567,5.415306083690483,28.0,4.0562,1.7875
KEr(WO4)2,3.2910999999999992,-2.6854459251875,0.0,326.9749107467598,7.130531144487308,24.0,4.2878,0.9967
KEuBiWO6,0.416699999999999,-2.2651734949750004,0.1282909769999995,382.7056494585295,7.32546235802463,25.0,5.224600000000001,4.8079
KEuDyWO6,0.3304,-2.918474499391667,0.059729896166663,146.62307397438198,7.173381771189853,10.0,4.4341,4.1037
KEuSbWO6,0.457499999999999,-2.2400087577249996,0.16940745158332898,373.3624850938701,6.586080201839289,25.0,5.55405,5.096550000000001
KEuYWO6,0.3611,-2.903951260225001,0.063406321979158,147.09529998597375,6.319558306921245,10.0,4.4713,4.1102
KGd(WO4)2,3.2041999999999993,-2.6606186012291664,0.0001751947916665,335.30973234023134,6.854232238245045,24.0,4.1826,0.9783999999999999
KGd2CuS4,0.8971,-1.913766812156248,0.009135925312502,377.5099730059538,4.798099186785418,16.0,3.9992,3.1021
KGdHfTiO6,0.8886000000000001,-3.393466040058333,0.182236036249994,128.82082321504944,6.686220560195965,10.0,3.4405,2.5519
KGdSnWO6,2.23215,-2.446878362225,0.1456790053333325,225.93932133117954,6.5602346662155195,15.0,4.596550000000001,2.3644
KGdTiO4,2.1484,-3.364131046154763,0.006935406428567,393.776741664456,5.198880554669147,28.0,3.8993,1.7509
KGeBiS4,1.804799999999999,-0.9072318346071412,0.0,751.5577912305343,3.968007145268704,28.0,4.058,2.2532
KH8WN2(OF)3,3.7674499999999993,-1.4558523792916667,0.071955055925921,288.3164812788903,3.148423195842491,27.0,2.9839,-0.78355
KHfCuS3,0.757,-1.5218820332916652,0.0,260.54574531585934,4.8096739623457765,12.0,4.4809,3.7239
KHfInWO6,0.5172999999999991,-2.532502573391666,0.117163085333331,134.70347742555197,7.547339838739859,10.0,4.9856,4.4683
KHgSbS3,1.8396,-0.770323153291666,0.011415043749999,705.8413930428226,4.306545837113519,24.0,3.4987,1.6591
KHo(WO4)2,3.340999999999999,-2.6804663364374983,0.0,327.1046129070982,7.104060794698998,24.0,4.3671,1.0261
KHo2CuS4,1.036,-1.902475528406248,0.0,357.95228633809575,5.202772132429334,16.0,4.3567,3.3207
KIn(WO3)4,0.320199999999999,-2.012550225773148,0.140279280243055,240.16111064888855,7.476187869077592,18.0,3.7217,3.4015
KIn(WO4)2,4.3176,-2.135792368243054,0.062234141249919,457.0586431557936,4.720059796412674,24.0,3.2185,-1.0991
KLa(WO4)2,4.020549999999998,-2.6512339008124997,0.030604802291667,273.1154157848503,6.111804412326562,18.0,5.3027999999999995,1.28225
KLaHfTiO6,2.3179,-3.503953114558334,0.095198121749999,130.9414274442515,6.345299911994303,10.0,6.163,3.8451
KLaMgWO6,2.781499999999999,-2.820778298725,0.063001175500004,127.65802276604713,6.271606540740167,10.0,6.6789000000000005,3.8974
KLaMnWO6,1.8091499999999998,-2.6305298530181025,0.0559320059999995,203.77594577537542,6.279893751726165,15.0,6.19845,4.3892999999999995
KLaNbWO6,0.4343,-2.729330924225,0.195309600749997,138.30071993739205,6.612663784282363,10.0,6.0231,5.5888
KLaNiWO6,2.8449,-2.409012613225,0.110722086999995,127.03794392647588,6.751716421762774,10.0,6.9317,4.0868
KLaTiO4,2.3433499999999996,-3.3860633575833337,6.48067857145e-05,304.6265469774513,4.7361383759612385,21.0,5.75855,3.4152
KLaTiSnO6,2.674,-2.915216722058333,0.120237745500005,129.71794577507848,5.639895068224432,10.0,7.5589,4.8849
KLaVWO6,0.5106,-2.643391949225001,0.106236448125002,130.01106106564407,6.498307393848695,10.0,6.6698,6.1592
KLaZnWO6,2.773999999999999,-2.506611432225,0.1276860305,130.26423404916517,6.670101695167441,10.0,6.2406,3.4666
KLaZrTiO6,2.2346999999999992,-3.418630780558334,0.107456922000009,133.4755737969286,5.139172706581663,10.0,5.9124,3.6777
KLi(WO3)3,1.0924,-2.208757912184524,0.034680705370893,398.3011933895491,6.183156070713895,28.0,2.7843,1.6919
KLi3Ca7Ti2(Si6O19)2,0.0121,-3.236774455458994,0.02959904620106,1648.4005761023736,2.7827508246045163,126.0,1.5009,1.4888
KLi3Ca7Ti2Si12(O18F)2,3.5105,-3.356045146093916,0.0,1592.955497097838,2.8921133821495038,126.0,4.9751,1.4646
KLi3TiO4,4.6824,-2.651131889231481,0.0,443.576527267041,2.572338079280836,36.0,4.5571,-0.1253
KLiH2WO5,5.1568,-1.995080728808333,0.004747120666667,1110.9217703351087,3.729581421747184,80.0,3.5778,-1.579
KLiTi2(PO5)2,3.12605,-3.025285754705357,0.025503096380201,889.493083623815,2.716009101781332,64.0,3.25775,0.13169999999999998
KLiWO4,4.1934499999999995,-2.2530513960952367,0.055272820297619,910.2313183401557,3.4890190284323443,49.0,2.3095,-1.88395
KLiZn3O4,1.643,-1.813121743398147,0.0,116.5442192108784,4.3636928033218645,9.0,2.2351,0.5921000000000001
KLiZnO2,2.258,-1.809552719116666,0.0,133.94125970775025,3.556775769620358,10.0,2.7759,0.5179
KLiZnP2O7,4.5237,-2.61301376269742,0.0,678.6921208654957,2.79304224323734,48.0,4.4716000000000005,-0.0521
KLiZnS2,2.5442,-1.320778135116665,0.0,105.644498076425,2.759771040667913,5.0,3.586999999999999,1.0428
KLu(WO4)2,3.2486,-2.690631258243055,0.0,324.5064494194987,7.263657344909467,24.0,4.2149,0.9663
KMg14TiO16,0.3737499999999995,-2.8631259653307293,0.1451419329687495,327.454645983105,3.46467840766341,32.0,7.1559,6.78215
KMg14WO16,1.6236499999999996,-2.7244082794453126,0.180901256640625,333.15484696901297,4.083132463534929,32.0,7.067500000000001,5.44385
KMg30TiO32,0.6947000000000001,-2.965429619071614,0.057858915078124,635.5532099962114,3.4699776880400712,64.0,7.8935,7.1988
KMg30WO32,2.7378,-2.8934407215976563,0.078368631445313,641.2964588588306,3.7910104088233387,64.0,7.7462,5.0084
KMgAg2SbS4,1.4378,-0.7563272061759241,0.128585970555548,255.14933367706826,3.456631293555166,9.0,2.9596666666666667,1.5218666666666663
KMn2Zn3(Si2O5)6,0.0024499999999998833,-2.887576857825252,0.06370481051793,1331.2959424715796,2.8992936616045824,96.0,2.0347,2.03225
KMoP3WO12,2.490499999999999,-2.542481697426588,0.002334371527776,1072.7063488838571,3.738659125535506,72.0,4.0562,1.5657
KNa2LiTi2Fe2(SiO3)8,2.0557,-3.001443728000215,0.0,969.3908861771384,3.111141651106303,80.0,5.2166,3.1609
KNa2LiTi2MnFe(SiO3)8,2.1473,-3.025248564698491,0.00198649723794,970.7442157830994,3.1037015155838352,80.0,5.2352,3.0879
KNa2Zn3(PO4)3,3.8996,-2.493450898520818,0.003038879980164,2305.328410284972,3.262801569738664,168.0,4.1921,0.2925
KNa3WO5,3.5954,-2.117101610638792,0.003885975083332,309.8932017960606,3.985644904680984,20.0,3.867,0.2716
KNaCu3S3O13,0.156499999999999,-1.7307985233871102,0.0,1189.3474092440454,3.11019718262188,84.0,1.5492,1.3927
KNaMg3Zn2(Si2O5)6,4.285,-3.086494195074068,0.0,1325.4333522922536,2.713195603354769,98.0,5.3456,1.0606
KNaMoWO6,0.209299999999999,-2.151015016112931,0.020397973750001,514.1452907454079,5.656697203713594,40.0,3.8568,3.6475
KNaTi2(PO5)2,3.0614,-3.021760561848856,0.002060699740614,881.1125806299509,2.8628000397541813,64.0,3.7163,0.6549
KNaTi4(BiO6)2,1.16815,-2.8199010373481324,0.034537647515625,254.4747772750885,5.63546419086839,20.0,4.3339,3.16575
KNaTi4(PO4)6,2.4827,-3.021249765272771,0.004929120694443,483.4180969403359,2.828321298110173,36.0,3.3021000000000003,0.8194
KNaTiH2O3F4,2.6546000000000003,-2.554518929330221,0.022647883593756,641.379832993797,2.443640192849472,48.0,2.1938,-0.4608
KNaTiO3,3.542,-2.786374037827107,0.0,177.68018732515765,2.952355896120697,12.0,4.157,0.615
KNaTiSi3(HO5)2,3.3986,-2.8068306619145917,0.011591248634263,926.2277205551982,2.554532194461822,72.0,3.9366,0.538
KNaW(OF2)2,3.1664,-2.651414223181034,0.063085091284721,319.4976544187681,3.678892654363238,18.0,1.5207000000000002,-1.6457000000000002
KNaZnO2,1.7792,-1.6271173957258611,0.0,157.3862898158647,3.365593308167173,10.0,2.3428,0.5636
KNaZnP2O7,4.4030000000000005,-2.582073273784585,0.0,710.6602574885147,2.81739998272408,48.0,4.4212,0.0182
KNb(CuS2)2,1.7079,-1.082700341531248,0.0,378.5739193948344,3.398125792060315,16.0,4.0372,2.3293
KNb13O33,1.5036,-2.730564718776596,0.003306540106358,686.7150857066196,4.291775177604086,47.0,1.966,0.4624
KNb3O8,2.4752,-2.986958873937498,0.0,369.6846837346525,4.004976877188869,24.0,2.0857,-0.3895
KNb5O13,2.4171,-3.000114529986843,0.00425091265046,1085.3389741184735,4.355051551806382,76.0,2.8043,0.3872
KNbO3,1.8099999999999996,-2.8498092324500006,0.002318448,66.10706087266098,4.521657597736387,5.0,3.0126749999999998,1.2026750000000002
KNbW2O9,1.7707000000000002,-2.466136721198718,0.00628125137821,583.3789741977004,5.496536409823046,39.0,2.4158,0.6451
KNbWO6,3.0076,-2.5928013627500004,0.0047532169444445,294.97935609873446,4.637049761212148,18.0,2.74785,-0.25975
KNd(WO4)2,3.8022,-2.654838397895833,0.0,335.7621768301119,6.716252409498987,24.0,4.5999,0.7977000000000001
KNd2CuS4,0.9129,-1.874289024031248,0.0,398.3728420150508,4.32993654146924,16.0,3.8889,2.976
KNdEuWO6,0.34365,-2.832646934225,0.1048237299583295,384.74479716642963,6.599510735122917,25.0,4.3212,3.97755
KNdHfTiO6,2.2033,-3.436459322808333,0.128941203750002,129.85725573210897,6.466516944696738,10.0,4.9066,2.7033
KNdMnWO6,2.6477,-2.651206464268102,0.002017938999999,269.6481388207338,6.381277310621236,20.0,5.3229,2.6752
KNdSnWO6,2.13585,-2.3963455539749994,0.184976310833329,235.33815576544868,6.15929033071923,15.0,4.4054,2.2695499999999997
KNdTiO4,2.360699999999999,-3.349002095797618,0.0,399.9627583863219,4.902449128808791,28.0,4.1873000000000005,1.8266
KNdTiSnO6,2.8321,-2.849120785308332,0.16294945875,128.4027413405537,5.76667687505432,10.0,6.5871,3.755
KNdZrTiO6,2.1104,-3.348764825808334,0.140485095250024,132.3647454522289,5.249249262133376,10.0,4.6759,2.5655
KNiBiWO6,1.3429,-1.730307628724999,0.183483020500002,126.58164703841504,7.695320402601572,10.0,4.8513,3.5084
KP2W7O25,0.5797,-2.30208368290102,0.021317802000011,511.2028870810552,5.807666282562005,35.0,2.4306,1.8509
KP2WO8,3.5193,-2.555455280544642,0.0,733.6075765967016,3.738266027133584,48.0,4.0344,0.5151
KP4(WO4)8,1.246599999999999,-2.364912453684921,0.010981054888908,667.2155765182172,5.340116572700728,45.0,2.78,1.533399999999999
KPWCO7,2.864,-2.258123517444805,0.01204179372727,369.2431815591862,3.399106970882299,22.0,2.6053,-0.2587
KPr(WO4)2,3.8769,-2.650703597409722,0.0,354.0244190685118,6.33851726438725,24.0,4.6258,0.7489
KPrEuWO6,0.355849999999999,-2.8112732602666677,0.1051152178541615,389.0738594080125,6.484245844830204,25.0,4.3279,3.97205
KPrMgWO6,2.9739,-2.762086675391667,0.067196951,127.30576004358277,6.315076304407866,10.0,5.7366,2.7627
KPrMnWO6,1.322299999999999,-2.511125722684769,0.117010023,134.15441392103156,6.37185860407437,10.0,5.172,3.8497
KPrNiWO6,3.102099999999999,-2.349893803891666,0.1153450485,126.25733213721298,6.819793003134001,10.0,6.0603,2.9582
KPrVWO6,0.4008,-2.577525444891667,0.12980896056945,129.55877113504718,6.546654696417635,10.0,5.5265,5.1257
KPrZnWO6,3.106,-2.446087947891667,0.133713666999997,129.4716964252802,6.736610475809654,10.0,5.4692,2.3632
KRb2W(OF)3,3.5105999999999997,-2.594251217224999,0.016283420125001,190.92688412259156,4.338774292825836,10.0,3.0864,-0.4242
KRb5Zn4Sn5S17,1.516299999999999,-1.075971276789054,0.0,972.8732896044876,3.186206571811617,32.0,2.3966,0.8803000000000001
KRbTi4(PO4)6,2.5755,-3.027754263498346,0.000946833611109,487.25890240110266,3.018947222994249,36.0,3.3715,0.796
KSb(PS3)2,2.2731,-0.77477469415357,0.0,527.1175663596453,2.615920735871572,20.0,4.3616,2.0885
KSb(SO4)2,4.2351,-1.960993307270832,0.0,732.4164460364341,3.201145440068631,48.0,4.8682,0.6331
KSb2P(SO6)2,4.109999999999999,-2.100616849271825,0.0,543.2011056420179,3.483180631804847,36.0,5.5760000000000005,1.466
KSb5S8,1.591599999999999,-0.460628250446427,0.0,1511.7222250925602,3.973803903309034,56.0,5.0508,3.4592
KSbS2,1.601,-0.8528676698437501,0.0,238.9857669027302,3.126561606741884,8.0,3.6191,2.0181
KSbWO6,2.8241,-2.149047612472221,0.0,281.6619638406832,5.196234207949289,18.0,3.9056,1.0815
KSc(WO4)2,3.6307,-2.6015137631041663,0.0214973712499995,275.27964161809325,5.100705384033887,18.0,3.47425,-0.15644999999999998
KSiBiS4,2.0549,-0.91117355607143,0.0,727.5168453239022,3.692352626031423,28.0,4.2379,2.183
KSm(WO4)2,4.17045,-2.6368382564374997,0.023514246666664,577.9731423152198,6.110913829402692,36.0,4.31935,0.14890000000000003
KSm2CuS4,1.013,-1.890096092156249,0.0,386.512471471751,4.567940152318723,16.0,3.9791,2.9661
KSmEuWO6,0.3028999999999995,-2.8663366847250007,0.0866098941041615,378.1060678300971,6.789884496664391,25.0,4.30545,4.002549999999999
KSmSnWO6,2.21285,-2.429470679474999,0.1652556005833275,230.12972969338722,6.36509168575768,15.0,4.543850000000001,2.331
KSmTiO4,2.337099999999999,-3.366103771869047,0.002026104821426,395.0990681802013,5.065650490301798,28.0,4.0855,1.7484000000000002
KSmTiSnO6,2.8282,-2.827884178058333,0.197590481249999,127.67534271273055,5.879101486968375,10.0,6.541,3.7128
KSnAsS5,1.8064,-0.8015104105937491,0.0,867.7988521539961,3.008453007968412,32.0,3.6056,1.7992
KSnAuS3,1.6528,-0.8508673041249981,0.001469148333332,1344.878680659583,4.454546546706895,48.0,3.6437,1.9909
KSnPS4,2.1224,-0.914654936341835,0.0,762.3232821782804,2.7624014221478213,28.0,4.5616,2.4392
KSnS4,1.4139,-0.9000278957916661,0.0,1323.4851387479437,2.871373913969228,48.0,3.6931,2.2792
KSnSO4F,3.8899,-2.194504198718749,0.007326489404759,279.5980618588049,3.241153640530869,16.0,4.8423,0.9524
KSrBiWO6,2.2269,-2.2971947481,0.067302505374997,384.49471659,6.611306799110894,25.0,5.3017,3.0747999999999998
KSrCeWO6,0.6406000000000001,-2.915984618724999,0.055201795249999,604.8757066011652,6.003005536567997,40.0,4.2971,3.6565
KSrDyWO6,2.8841,-2.948991591891666,0.008265893958329,147.15702471016624,6.421287480114856,10.0,4.5517,1.6676000000000002
KSrGdWO6,2.8412499999999987,-2.914266974975,0.024367187333311002,372.36949856350975,6.260675487246637,25.0,4.3803,1.53905
KSrLaWO6,2.9589999999999996,-2.874017814599999,0.06640341070832399,393.1572087041393,5.71448670881951,25.0,5.4383,2.4793000000000003
KSrNdWO6,2.841899999999999,-2.862922398725,0.0460309166666715,386.1960464007042,5.887385900873577,25.0,4.38775,1.54585
KSrPrWO6,2.8457999999999997,-2.8419218018916665,0.0499557989583255,390.08288787072,5.787078144037663,25.0,4.4009,1.5551
KSrSbWO6,1.2693499999999995,-2.2717739545999995,0.1318217469583285,373.1582988795367,5.863820257057807,25.0,5.6101,4.34075
KSrSmWO6,2.8577500000000002,-2.8958152406000006,0.0309266728333285,378.18526252360437,6.084263544096925,25.0,4.4177,1.55995
KSrTbWO6,2.887399999999999,-2.9388034203916678,0.015632158875002,148.48795768694018,6.323756680576316,10.0,4.5482,1.6608
KSrYWO6,2.8822,-2.934650456725001,0.016048269583315,147.4882030745241,5.578287497464497,10.0,4.5907,1.7085
KTa5O13,3.1991,-3.291708990864036,0.0,1028.2945625818863,7.440119267870425,76.0,3.9266,0.7275
KTaO3,2.0995,-3.071587857916669,0.0,63.7546200303669,6.981426041917768,5.0,3.696,1.5965
KTaTiO5,3.019,-3.237144989739583,0.000961405520834,470.5834113466965,4.910657125839153,32.0,3.4053,0.3863
KTaW2O9,1.4278,-2.558135053814169,0.0,560.023234872055,6.50893140876888,39.0,2.3692,0.9414
KTaWO6,3.2588,-2.721223896620371,0.0,294.74955794033195,5.632405752213796,18.0,2.9422,-0.3166
KTb2CuS4,0.9798999999999992,-1.907721698197915,0.0,371.38476829907904,4.907197027306531,16.0,4.2783,3.2984
KTbEuWO6,0.4137,-2.907371293891667,0.070905465062502,148.72877385731505,7.031910591238918,10.0,4.392,3.9783
KTbSnWO6,2.2902,-2.476586348641666,0.13329106083332698,222.67905059556557,6.674538209048613,15.0,4.80555,2.5153499999999998
KThCuS3,2.0422,-1.719101605791665,0.0,305.8895164931984,4.678085717980999,12.0,5.0044,2.9622
KTi2(PO4)3,2.6294500000000003,-3.0253784847414016,0.006858624027777,731.714352361774,2.85959053394199,54.0,3.30715,0.6777
KTi2BiO6,1.377,-2.7314645183916677,0.127870336125005,121.27592797804178,6.021971586384544,10.0,5.2304,3.8534
KTi3AlO8,2.5699,-3.32467413901923,0.039513837255242,151.98280995652738,3.689392597165542,13.0,5.0502,2.4803
KTi3FeO8,2.3423,-2.996779545942307,0.035221250384621,157.29842350456136,3.869416778893405,13.0,4.4639,2.1216
KTi3NbO9,2.5119,-3.2707827376607157,0.009050324732132,371.9371022768625,3.746669278385905,28.0,3.6417,1.1298
KTiAsO5,3.083599999999999,-2.5627845675729173,0.0,974.4995787292684,3.297345011110812,64.0,3.2011,0.1175
KTiH2S2O9,0.218599999999999,-2.09056649253889,0.05827355592105,378.9105384397468,2.604075128837393,30.0,3.2915,3.0729
KTiNbO5,2.7073,-3.107562951322917,0.001103318906249,468.6296977428337,3.683267171536168,32.0,3.1396,0.4323
KTiO2F,0.8895000000000001,-3.142258649116666,0.147664058785714,62.85411883484247,3.644822814102245,5.0,3.3256,2.4361
KTiP2O7,0.1442,-2.878113699079004,0.038412551847393,624.3259759943402,2.775786878159802,44.0,4.2422,4.098
KTiPCO7,2.6473,-2.667902996838745,0.031905859204547,356.10270338837995,2.25642801286637,22.0,1.6953,-0.952
KTiPO5,2.8924999999999996,-3.0420338021376487,0.006932118046875,862.2542992262051,3.049530487903067,64.0,3.67685,0.7843500000000001
KV(CuS2)2,1.076,-1.068431111531248,0.0,362.5696333713816,3.163732008388126,16.0,3.5729,2.4969
KV5Zn(H8O11)2,2.4984,-1.7306118608277772,0.025202495277782,923.508144489252,2.615586290568125,90.0,1.5001,-0.9983
KY(WO4)2,3.4953,-2.663045768937499,0.0,330.21510364728573,6.272541227023353,24.0,4.5137,1.0184
KY2CuS4,1.011499999999999,-1.897284443406249,0.0,368.91599320845177,3.679368190258968,16.0,4.3544,3.3429
KYMnWO6,2.8095,-2.651699235518103,0.019553592875,263.86495338759977,5.824660882909607,20.0,5.3512,2.5417
KYSnWO6,2.31045,-2.471789549224999,0.1264633723333285,221.5208836360688,5.921796923570519,15.0,4.86575,2.5553
KZn(BO2)3,4.4661,-2.63292252315909,0.0,282.26793790297774,2.740661892161743,22.0,3.9946,-0.4715
KZn(PO3)3,4.4907,-2.5603488140127557,0.007531146964279,388.1325732202231,2.9214066415103863,28.0,4.9687,0.478
KZn2(PO4)2,0.028599999999999,-2.341197496656592,0.054091867532052,417.82225977756417,2.86035487022003,26.0,-0.8203,-0.8489
KZn2BCl2O3,3.708199999999999,-2.212177890157408,0.0,196.59776045528884,2.530801013102654,9.0,2.2399,-1.4683000000000002
KZn2CdB2O6F,2.7164,-2.352167853121795,0.0,346.17263447461244,4.019226136353197,26.0,2.7496,0.0332
KZn2P2HO8,3.9897,-2.37575792162755,0.0,414.9772030612328,2.888031858843651,28.0,3.3889,-0.6008
KZn4(BO3)3,2.8200000000000003,-2.324909601161765,0.010828188823538,454.1286945621525,3.489521739237472,34.0,2.8006,-0.0194
KZn4(PO4)3,3.4541,-2.436645855933927,0.0,1138.5007410483902,3.4167462143194243,80.0,3.5199,0.0658
KZn4(SbO4)3,1.6514,-1.9203241388624992,0.0,261.2016218398333,5.45461509363759,20.0,3.9462,2.2948
KZn4SbO7,0.8601000000000001,-1.877066480557691,0.013151116923077,340.53376071920104,5.212650222324323,26.0,2.5007,1.6406
KZnB(PO4)2,4.9062,-2.649027670054029,0.0,707.9433944474983,2.864058679481963,52.0,4.989,0.0828
KZnH4Br3O2,3.9926,-1.403057544977272,0.016317888551136,868.2445907299023,2.908948719477162,44.0,2.3853,-1.6073
KZnH5(SO5)2,4.7491,-1.712699428342105,0.011877484671047,214.86924444711872,2.578655369302288,19.0,4.4187,-0.3304
KZnP2H5O9,4.48615,-2.0347202882103175,0.0107530104166665,619.8155294924165,2.519719820654045,54.0,4.10355,-0.3826
KZnPO4,3.92295,-2.5104639907763593,0.0034229251488095,1479.1746851452767,3.201478605955161,98.0,3.8155,-0.10745
KZrCuS3,0.592499999999999,-1.507553859125,0.0,259.6770138447838,3.70969639788617,12.0,4.0817,3.4892
KZrInWO6,0.489899999999999,-2.471966453391667,0.115841219583336,138.40835138323283,6.29835057417174,10.0,4.598,4.1081
La10MgTi7O30,2.3331,-3.7491637095486112,0.038984884739576,603.8956456026291,6.127487506698033,48.0,8.3406,6.0075
La12Mn11O36,0.041599999999999,-2.992629364021042,0.19200576896894,1484.4621532361084,6.369747599183707,118.0,6.7745,6.7329
La12Si4SnS28,1.4132,-2.013809270111111,0.0,1091.5113772147936,4.253214092032797,45.0,6.6336,5.2204
La12Sn5S28,1.3636,-1.842010232027754,0.011015860999993,1132.1652581364056,4.632162684784133,45.0,6.5701,5.2065
La15(NiO4)8,0.047699999999999,-2.9596377066363653,0.050262137954547,758.6270438522998,6.709139916246143,55.0,6.8984000000000005,6.8507
La2(WO4)3,4.0757,-2.760625001764706,0.019065637499995,517.4349279559344,6.555212562150232,34.0,5.4809,1.4052
La20Ti11(S22O3)2,0.285099999999999,-2.39365276909465,0.0,3451.331457316513,4.629916579885634,162.0,7.0923,6.8072
La24Ni16O55,0.0527,-2.78490514163158,0.088253270078967,1230.9165106992489,6.95125418568791,95.0,7.6645,7.6118
La2CdS4,1.997399999999999,-1.938104688571428,0.090265652142856,332.51451349667013,5.178477821270673,14.0,7.1472,5.1498
La2CoO4,0.3608,-3.082190103214286,0.049710881071428,395.78680616490857,6.725310659368461,28.0,7.2767,6.9159
La2Cu2SeSO2,1.6117,-2.333242023730468,0.001393555625,141.93405140766197,6.410397986819283,8.0,8.6088,6.9971
La2CuBiS5,1.0575,-1.5784127148958351,0.0,820.9318868882153,5.749965850173201,36.0,7.5256,6.4681
La2CuS4,1.6332,-1.887795424464284,0.0,619.7423913699287,5.033170466092383,28.0,8.0571,6.4239
La2CuSbS5,1.440999999999999,-1.59567004361111,0.016064858055553,386.6855083102354,5.354478897597157,18.0,8.3135,6.8725000000000005
La2Fe2O5,1.260999999999999,-2.738956553333333,0.092086434722224,259.8077443786794,6.001512179112708,18.0,7.9769,6.7159
La2InCuS5,0.8944999999999991,-1.709838627129629,0.0,781.434946943568,5.240217315238577,36.0,7.5573,6.6628
La2MgFe2(WO6)2,1.2873999999999999,-2.5690816489473676,0.118313087499999,245.8647291425716,6.574782937466685,19.0,5.9472000000000005,4.659800000000001
La2MgMnZnO6,1.9793999999999994,-2.8559863993573673,0.16999987135606048,160.0567117265764,5.378874927570173,11.0,6.43825,4.45885
La2MgTiO6,3.064,-3.683122239833333,0.008083122749999,250.43416824993585,5.914257803890335,20.0,8.724,5.66
La2MgWO6,2.215399999999999,-3.111161335500001,0.130280969583326,131.39121537231463,7.35478846687726,10.0,9.2137,6.9983
La2MgZnCoO6,2.2862,-2.702398248636364,0.168667519999998,146.8123627650845,5.909285495786345,11.0,7.4519,5.1657
La2MgZnNiO6,2.8024999999999998,-2.675934156818181,0.188011902954556,145.20849307227,5.971813070828982,11.0,7.93,5.1275
La2Mn2O5,0.0461,-2.939940837318008,0.116717347499999,269.52459928476827,5.762795712901854,18.0,7.5436,7.4975
La2MnZnO6,1.5789,-2.9006005837931053,0.071048355741663,488.6385748736852,6.717133713287497,40.0,7.2604,5.6815
La2Ni2O5,1.24335,-2.5724056197222227,0.122259468888887,241.12474709119198,6.548183279066121,18.0,8.44125,7.1979
La2NiO4,2.161799999999999,-2.921008153571429,0.195536874642857,197.83218033074425,6.723366405882317,14.0,8.6808,6.519
La2SbS5Br,1.8640999999999992,-1.738829275833333,0.0,896.4705815210842,4.740424580919051,36.0,6.9112,5.0471
La2SiSn2S5O24,1.160899999999999,-2.319540240612746,0.070305898713216,1755.0058529519767,3.087249857496528,102.0,1.7988,0.6379
La2Sn3(PbS4)3,0.5616000000000001,-1.167141193749999,0.01669200225001,980.9566108060748,5.553389360195678,40.0,5.7594,5.1978
La2SnS3O2,1.6742,-2.493058701250001,0.0,662.7600667866743,5.258671234163624,32.0,7.1162,5.442
La2Te6WO18,2.6468,-2.096294097592592,0.01113610412038,852.7612733764672,5.901101577439169,54.0,6.7019,4.0551
La2Ti2CoO8,2.2232,-3.327805923205129,0.069714573461546,706.6665572661738,5.268045354547804,52.0,6.2139,3.9907
La2Ti2CrO9,0.8577,-3.359480408154763,0.053507445297634,706.1498828060863,5.357141326897248,56.0,5.1809,4.3232
La2Ti2O7,2.8771750000000003,-3.7692671535037885,0.014742315965909,559.4709016516024,5.738665319444147,44.0,7.67645,4.799275
La2Ti2SiO9,2.6015,-3.677706238333333,0.003933558303565,357.226695054321,5.072586719743403,28.0,6.8322,4.2307
La2Ti2SiS5O24,2.0577,-2.605716603161766,0.05912324977941,1702.6164553649978,2.767690950015221,102.0,2.0432,-0.0145
La2Ti2ZnO8,2.2095,-3.403120878205129,0.074256228653835,177.2566181798017,5.311176560924309,13.0,6.023,3.8135
La2Ti3(AgO5)2,1.6497000000000002,-3.063526957254903,0.059718459999997,218.43262233998405,6.059928150982231,17.0,5.9634,4.3137
La2Ti3(BiO6)2,2.1077500000000002,-3.1691319494736847,0.020202370921058997,247.36323402874999,6.923514532488822,19.0,7.35095,5.2432
La2Ti3CoO10,1.447,-3.368034806250001,0.053840857499999,201.25270690231105,5.283447690750743,16.0,6.1643,4.7173
La2Ti3O9,2.548014285714285,-3.655096935612245,0.06977953010203586,458.4384138162151,4.781148628817311,32.0,5.947028571428571,3.3990142857142858
La2Ti3ZnO10,1.733299999999999,-3.433637573750001,0.049491722812501,203.0621742892621,5.289323235555106,16.0,5.9654,4.2321
La2TiCoO6,0.5484,-3.324110930583335,0.013798827249997,504.10583542498415,6.332539966707742,40.0,7.4165,6.8681
La2TiMnO6,2.213199999999999,-3.465758080876438,0.024299401000009,521.5773380164424,6.069538894674526,40.0,8.3743,6.1611
La2TiNiO6,2.8034,-3.316128182333334,0.011032406249999,498.0557307459923,6.406266201652535,40.0,9.0458,6.2424
La2TiO5,3.288599999999999,-3.8544294107291672,0.0,494.5099793500919,5.448942301192295,32.0,7.4201,4.1315
La2TiZnO6,2.9660999999999995,-3.3901640385833343,0.051559312499999,190.30888393819117,6.3830567409929015,15.0,8.527000000000001,5.5609
La2VZnO6,1.701799999999999,-3.075442359000001,0.038912548375005,124.153491986402,6.555806277357209,10.0,7.9407,6.2389
La2W2O9,3.4485,-2.944704858076923,0.016164252788462,351.23445286637786,7.464937286118325,26.0,6.889,3.4405
La2WO6,3.47055,-3.267332086174769,0.035763026603010124,726.3539919641089,6.841575166327463,48.375,7.4584375,3.9878875
La2Zn(SeO)2,2.4958,-2.773947109776785,0.0,1198.6164064689565,5.90879751626913,56.0,6.9887,4.4929
La2Zn2O5,1.854099999999999,-2.8553027550000003,0.093946250277777,510.9208721343043,6.352314078966513,36.0,7.6832,5.8291
La2ZnCoO6,0.578199999999999,-2.645467374750001,0.00833544525,478.2851197451941,6.9180221564644295,40.0,6.3739,5.7957
La2ZnCrO6,0.9615,-2.895180879999999,0.081728542583342,123.14533054414748,6.6236977319045724,10.0,7.4726,6.5111
La2ZnGa2S6O,2.5848,-1.8481179275,0.010437172500003,542.7896785329477,4.228246905335691,24.0,6.1439,3.5591
La2ZnMoO6,1.5064000000000002,-2.876989743,0.057770143249994,132.45830581234327,6.70888853559429,10.0,7.886,6.3796
La2ZnNiO6,1.098799999999999,-2.538450849999999,0.024903564625,116.53272801330274,7.09499030020361,10.0,7.2588,6.16
La2ZnO4,3.2744,-3.2478440160714293,0.032362101428572,490.3168981109131,5.516437523405826,28.0,6.7008,3.4264
La2ZnSnO6,2.9267000000000003,-2.907802132499999,0.078860508624999,134.6631102711447,6.879823895272628,10.0,8.8505,5.9238
La2ZnWO6,2.117,-2.866188211,0.125772082583328,133.34179783897852,7.75907787378261,10.0,8.5221,6.4051
La3AgSnS7,1.952299999999999,-1.7935577528472222,0.0,577.1323219020185,4.99342030501125,24.0,7.3134,5.3611
La3AlCdS7,2.1917,-1.983620872708333,0.026884680916666,565.8563096709547,4.58122285985843,24.0,7.207,5.0153
La3AlZnS7,1.9545,-2.010336966458333,0.033306168416666,548.404216290962,4.442373844825584,24.0,7.2683,5.3138
La3BWO9,3.794799999999999,-3.388183151369047,0.0,380.2761736229459,6.596827327258112,28.0,7.9548,4.16
La3BeBiS7,1.618599999999999,-1.798163709791667,0.112455267500001,578.3291915451736,4.933783022503962,24.0,7.0202,5.4016
La3BeSbS7,1.3986,-1.798695719374999,0.098672728541654,573.9572792945899,4.466682584121775,24.0,7.1899,5.7913
La3CoW(SO2)3,1.1312,-2.642234344107144,0.111716329305552,430.8462795424821,6.56498453502,28.0,7.8543,6.7231000000000005
La3CuGeS7,1.7961,-1.850407739791665,0.0,550.7093232937094,4.687889939090625,24.0,7.1826,5.3865
La3CuS3O2,0.967,-2.74157057611111,0.0,697.9508796848467,5.790466558200168,36.0,8.3117,7.3447
La3CuSiS7,1.5012999999999992,-1.940521206875,0.0,544.4353668320568,4.470127895084109,24.0,7.3123,5.811
La3CuSnS7,1.869399999999999,-1.835891927291665,0.0,566.9715489844135,4.823287465706129,24.0,7.5202,5.6508
La3Fe5O12,1.9344,-2.5266957703750013,0.039771420875,1072.0046253665878,5.501653292853652,80.0,6.0382,4.1038
La3FeO6,2.0848,-3.3584037165,0.006023645250003,315.6763683242629,5.981521265828472,20.0,6.9253,4.8405000000000005
La3MnW(SO2)3,0.3421,-2.7144057861022173,0.135424916476184,444.5941878886836,6.332136212199688,28.0,6.6749,6.3328
La3TaTi2O11,2.689299999999999,-3.745536042588234,0.01335251235295,454.535220704212,6.352242025098666,34.0,7.2132,4.5239
La3Ti2N3O4,1.0051,-2.8080224738888875,0.0615759527777785,161.1535301620666,6.373121216287647,12.0,8.517700000000001,7.5126
La3Ti3CrO12,0.3308,-3.552151340921053,0.045355273223684,959.8936705005729,5.565541644092312,76.0,5.4021,5.0713
La3Ti5Al15O37,1.4069,-3.409431416027777,0.123571113270825,1286.757842372613,4.2656973253594455,120.0,7.2656,5.8587
La3TiCl5O4,3.341999999999999,-3.350265015833334,0.005161196923072,1024.7372830901743,4.575162410697976,52.0,6.8656,3.5236
La3W(ClO2)3,3.612400000000001,-3.211033771153846,0.0,419.6447275569339,6.354262736965425,26.0,8.13,4.5176
La3YTi4O14,2.875599999999999,-3.735552778106061,0.041445128920456,282.9038584635217,5.406403505323022,22.0,7.1865,4.3109
La3Zn3Ge2SbO14,2.9042,-2.653723902826086,0.009284787391315,323.276747421403,5.670663440156094,23.0,6.477,3.5728
La4(CoO3)3,0.5629999999999991,-2.835500040781252,0.063892213749998,896.8405875700745,6.490888725147638,64.0,8.2777,7.7147
La4Bi2S9,1.1427,-1.803025003020832,0.011001241166667,1502.940977989844,5.578073316074159,60.0,6.8955,5.7528
La4Cd4In2S13,1.156899999999999,-1.525100331449275,0.049382896847828,2124.8074850959506,5.16336701863756,92.0,6.1247,4.9678
La4CoO8,0.6178999999999994,-3.1938646505769235,0.0422197791346145,271.8393222493464,6.801378767145116,19.5,7.28965,6.67175
La4Cu4Se3SO4,1.5626,-2.321739771533203,0.002649407812499,288.76276036516634,6.57141001124283,16.0,8.451,6.8884
La4Cu4SeS3O4,1.6142999999999992,-2.3413110421777352,0.003570937187499,276.8627633694465,6.291335512522653,16.0,8.8264,7.2121
La4Fe(SbS5)2,0.0799,-1.6897623055882351,0.044061217588232,1528.231586541861,5.109673126945966,68.0,7.5381,7.4582
La4FeO8,0.713499999999999,-3.246115302884616,0.08727669067308,741.2396530875476,6.626227655223765,52.0,6.9927,6.2792
La4InSbS9,2.2196,-1.90842676436111,0.0,3058.8233614247547,4.693793145334563,120.0,7.3297,5.1101
La4Mn(Cu3S5)2,1.038699999999999,-1.431046472981322,0.0,405.2297474671834,5.378267924423869,21.0,7.8076,6.7689
La4Mn4O11,0.226199999999999,-2.963196855090745,0.134833232775688,522.6736695110585,6.045006382279943,38.0,6.9406,6.7144
La4MnO8,1.3281499999999995,-3.333717255225465,0.167385496147435,740.4414383727549,6.625235064892193,52.0,7.79225,6.4641
La4NiO8,0.7965,-3.098433913846155,0.088596126057691,181.02776366819583,6.809096718699372,13.0,7.508,6.7115
La4Ti3(SO2)4,0.6467,-3.263928574210528,0.0,614.809717179527,5.161299943008752,38.0,6.4782,5.8315
La4Ti3O12,2.4583999999999997,-3.7483218389473683,0.0653381321052645,246.34367765376493,6.012931559957614,19.0,7.96545,5.50705
La4Ti5(TeO8)3,1.589,-3.077641947407407,0.010471963402778,504.69573212188817,5.13841159128815,36.0,6.4747,4.8857
La4Ti9O24,2.8512,-3.668481502837838,0.003654716283778,1875.343276494908,4.853767665557815,148.0,6.3951,3.5439
La4Zn3O9,2.0294,-2.996251845,0.097790896874998,916.057575643052,6.495587769380742,64.0,8.2853,6.2559000000000005
La4ZnCu2MoO12,0.359999999999999,-2.751361338499999,0.016772712999989,612.216830460321,5.620266697076147,40.0,4.9113,4.5513
La5Ti2AgS5O7,1.5072,-3.061508407541667,0.0,1447.929354340019,5.369263426740999,80.0,7.1837,5.6765
La5Ti2CuS5O7,1.2107,-3.078613080958334,0.0,1414.7445478633897,5.287116433555758,80.0,7.4558,6.2451
La5Ti4GaO17,2.4092,-3.63746459984568,0.027790281462955,690.3774739240944,5.9059208113222965,54.0,7.7225,5.3133
La5Ti6S3(ClO5)3,1.7667499999999996,-3.350038804765626,0.0271252542131415,981.720212585431,4.818217710617105,64.0,6.8809000000000005,5.11415
La6Cd(SiS7)2,1.946899999999999,-2.003563805869564,0.0,545.3795800179767,4.417688953866145,23.0,7.1495,5.2026
La6MgWO12,2.42195,-3.4422853707499996,0.125303116791678,320.0995695113153,6.401419001884472,20.0,8.68435,6.2623999999999995
La6Sb4(SO4)3,1.957899999999999,-2.881236617700001,0.0,922.6833055470552,5.790163945422656,50.0,8.3455,6.3876
La6Ti2S8O5,1.4046,-2.916625972698413,0.001533316279755,840.0492802989506,5.003795559054769,42.0,7.2533,5.8487
La6WO12,3.4959,-3.623329485263157,0.0,303.7773113230934,6.610213235347765,19.0,8.1684,4.6725
La6Zn(SiS7)2,1.9847,-2.011831341956521,0.0,538.2193600433737,4.331447105346356,23.0,7.2188,5.2341
La7Nb3(W2O15)2,3.292399999999999,-3.197089119886364,0.008139685738639,601.8131175855867,6.805356160706357,44.0,7.0505,3.758099999999999
La7Ta3(W2O15)2,3.5412,-3.269058061522727,0.0,599.5583123372078,7.562469846137401,44.0,7.3943,3.8531
La8Sb2S15,1.935799999999999,-2.112946303799999,0.0,2564.341926855344,4.754928966575054,100.0,7.2292,5.2934
La8Ti2Ga2O19,2.6223,-3.59110047827957,0.046829807983883,504.7707637822946,5.429344162574162,31.0,6.6871,4.0648
LaBWO6,3.8287,-2.909348835462962,0.026527069254386,236.44055003631289,6.03356168555354,18.0,6.3158,2.4871
LaBiS2O,0.8679999999999991,-2.095540906,0.005335713999999,233.10848198158652,6.097899749460756,10.0,5.6141,4.7461
LaCeSb2(SBr)4,0.433199999999999,-1.603971059166665,0.01067698091667,1396.2549760057634,4.6163949924271765,48.0,4.9186,4.4854
LaCeSbS5Br,0.309499999999999,-1.672766481666665,0.035407632361111,895.9064920756068,4.752384035385688,36.0,6.5798,6.2703
LaCoO3,0.8686571428571427,-2.5639702709999996,0.03595586699999986,157.6865803871013,7.0545931162687525,13.571428571428571,7.006285714285714,6.137628571428571
LaCrWO6,0.7814000000000001,-2.721358199999999,0.082807812222123,237.4613687082955,6.583629106233408,18.0,5.3936,4.6122
LaCu(WO4)2,1.4387,-2.392477915416666,0.022176234947924,340.6100698075841,6.807001387981593,24.0,5.5368,4.0981
LaCuPbS3,1.434499999999999,-1.390063838333332,0.016353161666656,541.2593497884817,6.20758108263596,24.0,7.4965,6.062
LaCuS2,1.234599999999999,-1.686310688906248,0.0,330.76607768599985,5.353256881280149,16.0,7.8683,6.6337
LaCuSO,1.668499999999999,-2.355128379375,0.0,135.84241264338414,6.124617206709288,8.0,8.9835,7.315
LaCuTeS,0.5769000000000001,-1.561600344791656,0.0,378.7423888627738,6.350580899062273,16.0,7.7892,7.2123
LaFe12O19,0.4881999999999996,-1.7840554159374995,0.0879743221874925,723.1929101807027,5.111344928256232,64.0,4.569599999999999,4.0814
LaFeO3,1.3687749999999992,-2.7867937698750023,0.06613203412500525,183.00053270653277,6.303867577577099,13.75,6.957725,5.5889500000000005
LaFeWO6,1.7784,-2.532645078333333,0.079952433124997,240.9604925543854,6.5410726030330135,18.0,4.8333,3.0549
LaMgCrWO6,2.162099999999999,-2.692706408999999,0.172594026500005,121.31524296296632,6.77605032354948,10.0,7.8203,5.6582
LaMgFeWO6,2.5265999999999997,-2.622371057499999,0.087860406499991,246.8273602656667,6.712622452004254,20.0,7.4323,4.9057
LaMgTiFeO6,2.5232,-3.028232238583333,0.114559864875008,458.7078746936032,5.255117645790269,40.0,7.1171,4.5939
LaMnO3,0.5877,-2.9619029498362073,0.173361850773809,249.42897220712433,6.440168401023961,20.0,7.419525,6.831825
LaMnZnFeO6,1.3325,-2.256264304793103,0.178071562616666,223.86896745876075,6.098545177100434,20.0,5.6166,4.2841000000000005
LaNiO3,0.355999999999999,-2.451816146499999,0.020568577999998,232.95169096396123,7.002714214091489,20.0,7.1162,6.7602
LaP3H3WO9,3.3974,-2.180419757510504,0.198303039649859,490.8744546187999,3.806923371762324,34.0,4.8937,1.4963
LaSb(SBr)2,2.1637,-1.663592407083333,0.0,1413.515368490898,4.554336014635855,48.0,5.3724,3.2087
LaSnP(SO6)2,1.7712,-2.423080437331933,0.034612700802703,1684.8417643140383,3.221129586200629,102.0,2.4298,0.6586000000000001
LaTaTiO6,3.1549499999999995,-3.6489764329907506,0.0049715051388985,347.90189759479284,6.571027846482918,27.0,6.2874,3.1324500000000004
LaTaZnFeO6,3.4267,-2.805843499233333,0.076340327750003,517.3204893101474,6.896164200893676,40.0,6.6881,3.2614
LaTi2Al9O19,2.9322,-3.496087226747312,0.001771357701606,1225.1407990838616,4.236731137753964,124.0,8.3842,5.452
LaTi2GaO6,0.24215,-3.175876274916666,0.14682862462499602,121.70854404728932,5.462327803660858,10.0,6.14425,5.9021
LaTi2TlO6,0.237,-3.1405498425,0.143124897875008,125.2644266528757,7.092358596162634,10.0,7.1125,6.8755
LaTi3(BiO4)3,2.253599999999999,-2.869449423421053,0.000761478947369,499.7557531557707,7.319515267108986,38.0,7.0314,4.7778
LaTi6(PO4)9,2.421299999999999,-3.09402606522665,0.0,1385.8487646374267,3.069456157208374,104.0,3.5378,1.1165
LaTi6Bi7O24,2.4667,-2.707786648815789,0.002862544539478,504.3531813259266,7.483509886604077,38.0,6.9667,4.5
LaTiAgO4,1.4657,-2.950561660714286,0.090224463392857,191.1339587914792,6.231575611977413,14.0,5.479,4.0133
LaTiAlPbO6,2.1813500000000006,-3.187917605333333,0.053884740400018005,295.7530238448286,7.263709223255909,25.0,8.838550000000001,6.6572
LaTiCrO6,0.1022,-2.851319267592592,0.171316580000002,223.5982829853746,4.972223430271487,18.0,3.8048,3.7026
LaTiI5O16,2.8734,-1.5441004226449282,0.0,1461.203247840001,4.896989371807511,92.0,5.7686,2.8952
LaTiNO2,1.0071166666666664,-3.020162299416667,0.05942550600001367,187.5978591532756,6.1855027033134435,15.0,8.443716666666667,7.436599999999999
LaTiNbBi2O9,1.7236,-2.840082874166667,0.040088895714289,758.3932827559482,7.371196890536433,56.0,6.6464,4.9228000000000005
LaTiNbO6,1.3995499999999996,-3.523832573009261,0.0176477837500035,355.4750914114435,5.233361338421591,27.0,4.43525,3.0357000000000003
LaTiP(SO6)2,2.0876,-2.680262175567227,0.052228411372548,1646.725181504575,2.867065065595121,102.0,2.2541,0.1665
LaTiSbO6,2.7433,-3.076790906481482,0.0,125.7439563436964,5.342093661873452,9.0,6.3295,3.5862
LaTl(WO4)2,2.600999999999999,-2.380905389444445,0.083891842182543,384.1876645103272,7.252353869458408,24.0,5.5543,2.9533
LaVZnFeO6,1.565999999999999,-2.4264667495,0.162751435000013,236.7053579081613,5.711751459866783,20.0,6.0165,4.4505
LaWClO4,2.9076999999999997,-2.798301488571428,0.024094886547622,466.3593539468104,6.013157553863046,28.0,5.4891,2.5814
LaY3Ti4O14,2.8136,-3.740304071742424,0.022670710397726,270.8248651872756,5.034396551710504,22.0,6.2473,3.4337
LaZn(BO2)5,4.731199999999999,-2.935606226078432,0.004692114852925,653.7302542912272,4.250737250804088,68.0,7.6212,2.89
LaZnAsO,0.5760000000000001,-2.060511224375001,0.0,154.89931395845508,6.329918696896234,8.0,6.4762,5.9002
LaZnCrFeO6,0.868599999999999,-2.2860955825,0.155351165000002,226.26095779310648,5.990890323327362,20.0,5.2199,4.3513
LaZnCrWO6,1.9409,-2.440694418499999,0.174571834124995,244.6243686734319,7.278857735655433,20.0,6.9869,5.046
LaZnFeAgO6,0.1311,-1.767167328166667,0.111146169666665,511.5048406101748,6.025593776657649,40.0,3.1962,3.0651
LaZnFeMoO6,1.703199999999999,-2.312481552,0.078627729000007,256.9059174141674,5.84434069514442,20.0,6.0762,4.373
LaZnFeWO6,0.423299999999999,-2.3682712905,0.083110359750007,259.3553188529229,6.914716396822023,20.0,6.0562,5.6329
LaZnPO,0.6563000000000001,-2.066136894910714,0.0,146.62733461290037,5.691611744713422,8.0,6.8531,6.1968
Li10Sn(PS6)2,2.3927,-1.1858407340047599,0.0291989084,1013.0008183296347,2.081380533021449,50.0,3.8435,1.4507999999999996
Li10Ti11Nb6O42,2.1891,-3.115917543478262,0.036060421630434,766.2960261783034,3.955497118481497,69.0,3.8213,1.6322
Li10Ti2Fe3Co3O16,1.5034,-2.115063275588235,0.096587141801468,307.6176458889689,4.132048895276752,34.0,4.7602,3.2568
Li10Ti2Fe3Ni3O16,1.5521999999999991,-2.1096567491176472,0.09408986735294,303.7967685153034,4.180085894833188,34.0,5.1469,3.5947
Li10Ti2Mn3Ni3O16,0.428799999999999,-2.182809819523326,0.096795579191176,305.37347237717114,4.143707947153941,34.0,4.592,4.1632
Li10Ti3Co3(NiO8)2,0.9617,-2.224143112156863,0.103235129044116,308.2537503015664,4.111233459137518,34.0,4.4512,3.4895
Li10Ti3Mn5O16,0.895699999999999,-2.438016854499662,0.119431080441176,332.43593891798645,3.714787880140721,34.0,4.3644,3.4687
Li10Ti4O13,3.9675,-2.8064369426543223,0.084047580000006,645.2622344505404,2.413212001869399,54.0,3.7495,-0.218
Li10Zn(PS4)4,2.6063499999999995,-1.1219945858410127,0.006683750591400417,949.4716237600684,2.025089454306135,46.5,4.11565,1.5092999999999999
Li10Zn3(GeO4)4,3.1798,-2.189281498434343,0.056054511060604,376.4239778669821,3.5847652267111236,33.0,3.18225,0.0024499999999999973
Li10Zn4O9,2.5347,-1.991919412536232,0.0,431.4634690797935,3.656501794710325,46.0,2.7763,0.2416
Li10Zn7(PS4)8,2.6602666666666663,-0.9733745060609847,0.006266565219301666,2073.9280312639876,2.4035581308647154,95.0,4.3792,1.7189333333333334
Li11Fe(WO4)7,2.8156,-2.251534366312056,0.045894301742016,578.6166651326496,5.358167035413997,47.0,2.5641,-0.2515
Li11Ti12(NiO8)4,0.051199999999999,-2.8551456790960463,0.077146982627114,598.0467910384135,3.880330083556402,59.0,5.0908,5.0396
Li11Ti8Fe5O32,0.152399999999999,-2.573792318630952,0.036575794415811,593.8495604072237,3.496663608672365,56.0,1.64,1.4876
Li12Nb14ZnO42,3.2562999999999986,-2.874930762608696,0.0070132611956815,781.7965565205482,4.505788186591831,69.0,4.1425,0.8862000000000001
Li15Ti11Nb5O42,2.2729,-3.056304059817351,0.027142125479443,758.3012900545623,3.86974952663067,73.0,3.9923,1.7194
Li17(WO3)19,0.274099999999999,-2.103150165824373,0.148762869408599,1173.7099698840295,6.398931761104445,93.0,3.8373,3.5632
Li24Ti11CrO36,1.4619399999999991,-2.9182770285370383,0.0032073284652686003,654.7169363272002,3.3506676956131556,72.0,3.4165599999999996,1.9546199999999998
Li24Ti5Cr7O36,1.2002999999999997,-2.5424622836419752,0.016201795374225333,642.3618711503069,3.479147458811076,72.0,3.280066666666667,2.0797666666666665
Li24Ti7Cr5O36,1.2885111111111107,-2.6653943014351853,0.014209870243044554,646.2094962157473,3.437212775865707,72.0,3.3184666666666667,2.0299555555555555
Li24TiCr11O36,0.9213499999999998,-2.2952131710879633,0.021570722604162998,634.8683886865871,3.563474850725281,72.0,3.1226000000000003,2.20125
Li2Bi2(SO4)3,1.8644,-1.891518465745614,0.107117004690787,574.7108247932704,4.160836681221455,38.0,4.2845,2.4201
Li2BiS3,1.0633,-0.981744473194443,0.070807944166665,254.07097162197377,4.170545527539531,12.0,4.2262,3.1629
Li2CdGeS4,2.2131,-1.099162789583332,0.0,350.5641099724573,3.099671320379832,16.0,3.0925,0.8794000000000001
Li2CdSnS4,1.9176,-1.103938108333332,0.0,374.1396937644697,3.313296097401023,16.0,3.2725,1.3549
Li2Co(WO4)2,2.6607000000000003,-2.151807988205127,0.000224318846145,286.0083844912752,6.601208643330264,26.0,4.7112,2.0505
Li2Co3WO8,0.5286999999999991,-1.70973547547619,0.11161877142857,291.31817282649274,5.728779258901401,28.0,3.1866,2.6579
Li2Cr3WO8,2.242766666666667,-2.33643167720238,0.017495728273809668,410.9553857241647,5.212830330684972,37.333333333333336,4.797633333333334,2.554866666666667
Li2Cu(WO4)2,0.423699999999999,-2.065498311282051,0.020318934711537,147.33705715893427,6.459069233118357,13.0,2.5258000000000003,2.1021
Li2Cu2(SO4)3,0.150099999999999,-1.781498495219298,0.023142097499997,450.6151292053809,3.162964972121783,38.0,1.8549,1.7048
Li2Cu4S3,0.43977999999999984,-0.6465081632407402,0.0609475816898144,394.1019500481087,4.351255105065989,25.2,5.28942,4.84964
Li2CuCSO7,0.120399999999999,-1.870488594097222,0.077065098958328,275.4034881905409,2.81575984624645,24.0,1.89,1.7696
Li2Fe(WO4)2,3.45015,-2.1290899901282048,0.07112327346153151,256.3453693069333,5.342798592641071,19.5,3.6174,0.16725
Li2Fe2(WO4)3,3.4384,-2.093523409429824,0.050632009868419,1228.4423753421968,4.699119117203171,76.0,3.4581,0.0197
Li2Fe3WO8,1.2274999999999998,-1.9487376211904757,0.04876862357142275,469.5154169622062,5.286497193570825,42.0,4.01775,2.79025
Li2FeO2,3.0906999999999996,-1.8359628330833329,0.04403746275,185.34659275983392,3.645552588268841,20.0,5.0225,1.9318
Li2FeO3,1.0267,-1.87444594736111,0.003513325416666,202.76082812708395,3.856510067137291,24.0,2.3455,1.3188
Li2FeWO6,0.0854,-1.985671309666666,0.087760717249996,206.669066797012,5.61732523352077,20.0,1.525399999999999,1.44
Li2La2Ti3O10,1.7706,-3.480496879215687,0.020434331617655,201.08803448135612,4.915751863582342,17.0,6.0785,4.3079
Li2Mg11(WO4)12,3.4975999999999994,-2.439350203652968,0.102847854383559,1517.189413465145,5.347015843880847,109.5,4.25815,0.7605500000000001
Li2Mg2(WO4)3,4.2352,-2.434332988771929,0.050644252631582,994.9743599320798,5.380651048569666,76.0,4.7215,0.4863
Li2Mg3Ti6O16,3.3173500000000002,-3.2995545601543195,0.015595291296307,608.8246731906615,3.436533400256465,54.0,5.04985,1.7325
Li2MgTi3O8,2.8550499999999994,-3.2175177444940464,0.0191972229464285,377.19823264643514,3.4086239308023973,35.0,4.6556999999999995,1.80065
Li2MgTi9O20,2.7058,-3.385399147864584,0.003944842109373,371.05783306126057,3.530794056762673,32.0,4.3324,1.6266
Li2Mn3WO8,1.072099999999999,-2.140387585211413,0.061002169821428,659.9675569544459,4.936887800472142,56.0,3.2880000000000003,2.2159
Li2Mn3ZnO8,1.5525,-2.018102850389983,0.0,572.2723984492344,4.318832392663504,56.0,3.0231,1.4706
Li2MnSnS4,0.587699999999999,-1.094861296668461,0.0003945176562495,525.3287058061707,2.994059498650768,24.0,3.2952500000000002,2.7075500000000003
Li2MnWO6,1.1277,-2.145863094959769,0.05531437375,199.9077705646885,5.792247556050137,20.0,2.8619,1.7342
Li2Mo3S4,1.354,-1.144519545740736,0.0,295.8116216570478,4.82718491013998,18.0,6.8985,5.5445
Li2Nb2W2O13,0.3811,-2.323819299035089,0.124710246710526,293.9029107713653,4.380790665365271,19.0,-0.4614,-0.8425
Li2Nb4ZnO12,2.9937500000000004,-2.810875785350877,0.024821849342155,452.4107585702029,4.72447376527333,38.0,3.84825,0.8545
Li2Ni3WO8,0.425749999999999,-1.6443089886904765,0.055251180714283005,599.9660910833936,5.555380156278791,56.0,2.7315500000000004,2.3058
Li2P2WO8,3.0587666666666666,-2.5634286641758233,0.035846509743590334,262.450727596444,4.074486706317411,21.666666666666668,4.413433333333334,1.3546666666666667
Li2P4WO13,3.0138,-2.563859008761904,0.049664851666662,549.2871108382184,3.202102612583125,40.0,3.8701,0.8563000000000001
Li2P5WO15,2.8394500000000003,-2.52778090032091,0.0473794758333315,615.5765856888897,3.201392293754128,46.0,5.3614,2.52195
Li2P8W3O29,2.1807,-2.482790629138321,0.025524795158704,1252.6737790147372,3.386034757188013,84.0,2.0048,-0.1759
Li2PWCO7,3.820599999999999,-2.236596615109126,0.10118961425596,293.4279584254977,3.991956922386409,24.0,5.3654,1.5448
Li2PWO6,2.849,-2.482848292880953,0.055696321875001,473.4225188111938,4.555457319383158,40.0,4.7918,1.9428
Li2SbS2,1.4659,-1.032703557083332,0.07330859625,832.2842401437613,3.188614604602055,40.0,4.6902,3.2243
Li2SbSO4F3,4.4629,-2.37296680560606,0.074505297272722,584.1255415506897,3.282837528988142,44.0,5.1581,0.6952
Li2Si2WO7,2.8366,-2.727875745138888,0.043225131666665,276.4590768341586,4.395389389192402,24.0,5.7346,2.898
Li2SiSnS4,1.9189,-1.135290066458332,0.016868490312502,161.79144449128904,2.965496773110087,8.0,5.4302,3.5113
Li2Sn(SO4)2,3.7469,-2.040846587628204,0.051549445384615,1476.552732983096,2.921429538693697,104.0,5.617,1.8701
Li2Sn2(SO4)3,3.9455999999999998,-1.978463590811403,0.033294960855259,1747.2034311895573,3.055293782983477,114.0,5.0916999999999994,1.1461
Li2SnCSO7,3.906099999999999,-2.003946511180555,0.103020305781253,332.4121783577496,2.883991923638944,24.0,5.1922,1.2861
Li2SnS3,1.419099999999999,-1.132332549027777,0.000665134791666,434.65480917125126,3.496197381591901,24.0,4.9773,3.5582000000000003
Li2Ta2W2O13,0.358199999999999,-2.44617683454386,0.12121645776315,288.30030551249746,5.480118467743072,19.0,-0.2723,-0.6305000000000001
Li2TeWO6,3.640099999999999,-2.088061287333333,0.007115902499999,510.8354423236782,5.478207694399647,40.0,5.4136,1.7735
Li2Ti(BO3)2,2.88545,-2.879909305246212,0.08130911892045051,362.85904399587287,2.427210125287723,33.0,3.0386,0.15315
Li2Ti(CoO3)2,0.9104,-2.109930225454545,0.116382912954527,228.98153266268992,3.997389127312157,22.0,2.9222,2.0118
Li2Ti(FeO3)2,1.817699999999999,-2.32336962030303,0.079101578333326,345.2085884996657,3.888153619550785,33.0,3.9863,2.1686
Li2Ti(IO3)6,2.7776,-1.31082131962963,0.0,408.0769193734314,4.521532185604665,27.0,4.9617,2.1841
Li2Ti(NiO3)2,0.3679,-2.005218391212121,0.068551415707363,323.07697743318425,4.242342833055224,33.0,3.0878,2.7199
Li2Ti(PO3)5,0.209999999999999,-2.70641130992236,0.054280653517596,628.2793336284275,2.4156567752821747,46.0,3.57265,3.3626500000000004
Li2Ti(TeO4)3,1.7438,-1.9230497118055556,0.016727312361114,330.32988936327104,4.795597225170216,27.0,4.4724,2.7286
Li2Ti2(PO4)3,0.0393,-2.971238104329575,0.002306927161646,925.4418659005152,2.831653267013464,76.0,3.8974,3.8581
Li2Ti2AsPO10,3.139,-2.799276135654762,0.003430575468736,370.3522278433018,3.367288091932845,32.0,4.3577,1.2187
Li2Ti2CoO6,2.3535,-2.7384801909848493,0.088402309431817,483.234365326073,3.63623390151917,44.0,4.2184,1.8649
Li2Ti2Fe3O10,0.2025,-2.344333659607843,0.082365917179268,193.4280845048189,3.7527970776693103,17.0,1.6611,1.4586
Li2Ti2FeO6,1.9776999999999991,-2.772240358030303,0.095058767727271,244.036901163296,3.558152270267903,22.0,4.1815,2.2038
Li2Ti2Mn3O10,1.1342500000000002,-2.542093706595672,0.060734483970586006,379.5881353696977,3.800868618799099,34.0,3.1155,1.9812500000000002
Li2Ti2Mn5O12,0.774099999999999,-2.424784506808977,0.092314298229183,470.7419636781461,4.065781761110568,42.0,3.4141,2.64
Li2Ti2MnCr2(PO4)6,2.3886000000000003,-2.8003572157870678,0.013007263648644,682.9665088413659,3.0573143643202547,55.5,3.8228999999999997,1.4343
Li2Ti2MnNiO8,1.0697,-2.5948171279474552,0.027664237619045,296.9255911462525,3.928608050433286,28.0,3.4897,2.42
Li2Ti2NiO6,2.8456,-2.7209006378030303,0.085946157954541,475.8825014668637,3.689062783995025,44.0,4.6862,1.8406
Li2Ti2O5,3.7773333333333334,-3.1161681564814816,0.041153263055555,416.67228684586416,2.5088455447625986,30.0,2.910833333333333,-0.8664999999999999
Li2Ti2V3O10,1.0568799999999992,-2.8152293694901953,0.0525844187941086,349.1397111413028,3.6161837740778218,30.6,3.7907399999999996,2.73386
Li2Ti2V5O12,0.893799999999999,-2.677723758968254,0.102527962023803,456.1838656549865,4.050055335516961,42.0,4.7508,3.857
Li2Ti2VO6,0.6693,-2.919510712348485,0.08410830659091251,414.469627817655,3.6120242339729676,38.5,4.527100000000001,3.8578
Li2Ti3CoO8,2.0199999999999996,-2.9415043121547613,0.0410689947500004,539.5398558651726,3.8174179341903285,50.4,4.35234,2.33234
Li2Ti3FeO8,1.1121666666666663,-2.9733286950000006,0.03127535779762,612.1216580007708,3.7039513291145583,56.0,4.311933333333333,3.1997666666666666
Li2Ti3MnO8,1.6106599999999998,-3.0628315498284073,0.027508525499999,558.9954774203865,3.6350284840022034,50.4,4.2358400000000005,2.62518
Li2Ti3Ni(PO4)6,0.0168,-2.75101111262566,0.042389944606482,460.6021701639844,2.833662937079814,36.0,0.5995,0.5827
Li2Ti3NiO8,2.38056,-2.9155460490833347,0.042849329428572,599.9843624316001,3.8103696731939394,56.0,4.56658,2.18602
Li2Ti3O7,2.8140666666666667,-3.2011116831944437,0.043893244444444666,267.87420050164695,3.342336637762182,24.0,4.1078,1.2937333333333332
Li2Ti3Sn(PO4)6,2.5053,-2.893720924431216,0.002175978819444,460.9689137327288,3.047605088813549,36.0,3.7111,1.2058
Li2Ti3SnO8,1.218599999999999,-2.94809631547619,0.066151108571434,678.0690808658117,3.959303352996017,56.0,5.2993,4.0807
Li2Ti3V3O12,1.0266,-2.868105422083334,0.09574461575003,466.268124827642,3.577723746924474,40.0,3.6501,2.6235
Li2Ti3VO8,0.367833333333333,-3.068869400535714,0.04284313976190066,407.02965197767935,3.6631019446906787,37.333333333333336,4.284133333333333,3.9163
Li2Ti3ZnO8,2.7727500000000003,-3.0375773414583325,0.018086572410714,376.72049418516207,3.8660902194144784,35.0,4.3856,1.6128500000000001
Li2Ti4Co(AsO5)4,2.7336,-2.459493442741936,0.010862801612897,770.3020086024243,3.8110925411668752,62.0,4.041,1.3074
Li2Ti4Co(PO5)4,2.379849999999999,-2.935275425034562,0.039063500725810996,524.9448711799936,3.3516410020996745,46.5,4.21275,1.8329
Li2Ti4Ni(PO5)4,2.9723,-2.958637994039939,0.008306633172039333,470.02302380728867,3.3341565123116546,41.333333333333336,4.678333333333334,1.7060333333333333
Li2Ti4O9,2.8917,-3.284199176666667,0.013415855833333,301.83505766867813,3.843823580245087,30.0,4.9061,2.0144
Li2Ti6O13,2.8381,-3.338314180079365,0.019426686547614,261.0434574710113,3.238314900384543,21.0,3.5227,0.6846
Li2Ti6PbO14,2.632399999999999,-3.205108132572463,0.0,1095.1236162498722,4.44140633358603,92.0,4.8870000000000005,2.2546
Li2Ti6Zn3O16,2.9008499999999993,-3.018660890339506,0.0007243065740665,606.2006982572732,4.126976231291591,54.0,4.4053,1.50445
Li2Ti7Nb6O30,2.2555499999999995,-3.158949081555555,0.06781850483332999,559.0618287114905,4.118079295745719,45.0,3.2941,1.03855
Li2Ti7O15,1.536099999999999,-3.297761216458334,0.078768973333332,257.52758202877726,3.7975008007191073,24.0,4.082,2.5459
Li2TiCo2O5,1.2901999999999998,-2.1929039676999995,0.1050011328000002,185.53100641240562,4.647242306654005,20.0,4.95488,3.6646799999999997
Li2TiCo3O8,0.057966666666666666,-1.9338289634523795,0.06989633556547933,572.1798168751569,4.26244687144641,56.0,1.9534000000000002,1.8954333333333333
Li2TiCoO4,0.8313333333333327,-2.5090080430208332,0.045415546041663334,198.42379167150625,4.134684890941474,21.333333333333332,4.3659,3.5345666666666666
Li2TiCr(PO4)3,2.3773,-2.8404775579699244,0.000408987763158,889.964546543554,2.976270792074576,76.0,3.5582000000000003,1.1809
Li2TiCr2O6,2.2356,-2.6303632045454552,0.082309894772729,233.24890944361857,3.7267099000364894,22.0,4.5167,2.2811
Li2TiCr3O8,0.7336249999999996,-2.5409731938392857,0.043146671498016,334.3224072043049,3.864851381079708,31.5,2.8035125,2.0698875
Li2TiCrO4,0.3064,-2.6598656915625,0.07442001395833,305.6178555412061,3.862977136990861,32.0,5.4462,5.1398
Li2TiCuO4,0.107899999999999,-2.384689698750001,0.087474839375,153.62517822615428,4.0921385536888994,16.0,3.9388,3.8309
Li2TiFe(PO4)3,2.4363,-2.756205675206767,0.0003129850000035,915.6140787354112,2.919936627613393,76.0,3.45025,1.01395
Li2TiFe2O5,1.3879374999999996,-2.3237804589374997,0.057999938062499125,187.64616604601957,4.489171768528824,20.0,5.1300875,3.74215
Li2TiFe3O8,0.1872749999999995,-2.1458518551339276,0.04745864485927225,377.66135770014625,3.91903372547141,35.0,2.02965,1.842375
Li2TiFeO4,1.1939235294117643,-2.5602734633639703,0.04657218601102441,288.7591541309558,3.9309789557449077,30.11764705882353,4.617841176470588,3.4239176470588237
Li2TiGeO5,3.4593,-2.7158954927777783,0.00153696861111,201.886286168223,3.526701442568233,18.0,4.3436,0.8843000000000001
Li2TiMn2NiO8,0.7694000000000001,-2.260828330418719,0.025739022202376,292.71714428435376,4.065316241023503,28.0,3.3413,2.5719000000000003
Li2TiMn2O5,0.660099999999999,-2.5191847053362064,0.0830158432500055,202.49373228989276,4.126898398659199,20.0,4.6723,4.0122
Li2TiMn2O6,1.33555,-2.4626965379571573,0.0792421563825695,486.68141754686906,3.6546595695834445,44.0,3.3878000000000004,2.05225
Li2TiMn3O8,0.8264333333333331,-2.3703543535249043,0.03849656674603733,453.5970393822927,3.9123223711433357,42.0,3.219866666666667,2.3934333333333333
Li2TiMnO4,0.4844499999999995,-2.66452264442888,0.0800855996875065,315.5339360333019,3.8035263452622363,32.0,4.411099999999999,3.92665
Li2TiNi2O5,1.2574499999999995,-2.2175828383749994,0.058823923624993,180.24917361316173,4.774544014438285,20.0,5.33835,4.0809
Li2TiNi3O8,0.7121999999999991,-1.765857367321428,0.040506672401864,548.9525636476313,4.426362115364363,56.0,3.381,2.6688
Li2TiNiO4,1.7715499999999995,-2.5060963775,0.034890749999985995,220.65455990488942,4.161693207516398,24.0,5.16295,3.3914
Li2TiO3,1.9779,-2.938223923152778,0.0437304801805558,193.23911887935247,3.4315896536083814,21.6,4.426959999999999,2.4490600000000002
Li2TiP3O10,0.148899999999999,-2.747393434308036,0.102773658577381,976.403595390013,2.140558851826366,64.0,3.0745,2.9256
Li2TiPCO7,0.251199999999999,-2.573216753303571,0.130067195416671,280.8755531200451,2.562611109643796,24.0,4.0961,3.8449
Li2TiS2O,2.3009999999999997,-2.010395815416666,0.027613073564813,413.3112365181755,2.280069885265178,24.0,3.643,1.342
Li2TiSiO5,3.215299999999999,-3.102775733333333,0.0,188.40023243956935,2.993752574904439,18.0,5.0775,1.8622
Li2TiSn3(PO4)6,2.7489,-2.644312324801586,0.006984568402752,480.7406046707812,3.411665936956147,36.0,4.2624,1.5135
Li2TiTeO6,2.4255,-2.418253728166667,0.0,217.91718893133836,4.348690312115743,20.0,5.0613,2.6358
Li2TiV2O6,1.2133333333333327,-2.7228077266666673,0.055779990265137004,232.93672577909356,3.7029898017314498,22.0,4.358133333333334,3.1448
Li2TiV3O8,0.9516692307692303,-2.697745046346154,0.03287409972528954,347.7658455381256,3.765212078671422,32.30769230769231,3.9181538461538463,2.9664846153846156
Li2TiV5O12,0.858849999999999,-2.5771164231249992,0.0919569022499975,355.84450996669375,3.5548820444400966,30.0,3.2849,2.42605
Li2TiVO4,0.37425,-2.7493109698958333,0.024861229635418,266.2893320534881,3.8543165588507025,28.0,5.3398,4.96555
Li2TiVO5,2.3223000000000003,-2.808320263333333,0.031227467638897,415.5885535995777,3.079633629214687,36.0,3.8816,1.5593
Li2U(WO5)2,1.5735666666666663,-2.6197535805555554,0.025496523972221335,779.2422747607949,6.645390991473516,60.0,3.1268333333333334,1.5532666666666664
Li2U4W4O25,1.917899999999999,-2.856278014761904,0.016630219107138,1014.9527067626494,6.875909631616716,70.0,3.3023,1.3844
Li2UWO7,1.8699999999999992,-2.779832911969695,0.030649737272726,551.1212196185129,6.601486411183488,44.0,3.8419,1.9719
Li2V3WO8,1.4929499999999998,-2.4200776300297617,0.004507078303575334,396.70546367652213,5.014094545361158,35.0,4.4174,2.92445
Li2W(OF2)2,4.169,-2.784309477685186,0.003437609236111,422.7551189920057,4.803260354481278,36.0,3.2875,-0.8815000000000001
Li2W2O7,3.7281999999999993,-2.261603621515151,0.0320358614772735,280.8986851789772,5.841864153771791,22.0,3.4936,-0.23459999999999998
Li2WO4,4.524933333333333,-2.3453634535119043,0.007006816011904334,447.12546190888753,5.405547484111945,37.333333333333336,4.251433333333334,-0.2735
Li2WS4,1.9087666666666667,-1.1330960385714273,0.038795312380951,339.2467604007352,2.987696423383804,14.0,1.8640333333333334,-0.04473333333333329
Li2Zn2(MoO4)3,3.1374,-2.039395784298245,0.010850675789479,988.3642204485752,4.196946350490474,76.0,3.493,0.3556
Li2Zn2W2O9,2.766899999999999,-2.122180268444445,0.037395115749998,340.8547520628595,6.395308611821525,30.0,3.9395,1.1726
Li2Zn3(Ge3O8)2,2.843599999999999,-2.099200858209877,0.029315650555561,575.5181027647631,5.204721110286031,54.0,4.4262,1.5826
Li2ZnCr3(SO4)6,0.7195,-2.025954631712962,0.026964309722218,466.48179721431126,2.88925458205632,36.0,2.8266,2.1071
Li2ZnFe(PO4)2,3.6034,-2.488912064889455,0.024070144821428,596.9849378965606,3.616881342597698,56.0,6.1317,2.528299999999999
Li2ZnGeO4,3.1053,-2.225629343333333,0.0,181.59026295780683,3.94908702764043,16.0,3.0891,-0.0162
Li2ZnGeS4,2.1846,-1.136056408958332,0.0,328.2531519136537,2.834812698049025,16.0,3.4403,1.2557
Li2ZnSiO4,4.022,-2.6416847680208333,0.0,346.73673630048285,3.282875545172151,32.0,4.784,0.762
Li2ZnSn3O8,1.943,-2.133102561666666,0.0,949.4965867151916,5.912025112751361,84.0,5.3659,3.4229
Li2ZnSnS4,2.1758,-1.149664108333332,0.0,352.33512162435875,3.075305884410742,16.0,3.8246,1.6488
Li32Ti11Cr5O48,1.1974,-2.737877959826389,0.017313769765612,864.1585308976089,3.413858409792699,96.0,3.2636,2.0662
Li32Ti13Cr3O48,1.4386285714285714,-2.8389104276934525,0.006986371395078571,869.2107859862497,3.378256743408127,96.0,3.4023285714285714,1.9636999999999998
Li32Ti3Cr13O48,1.0476699999999997,-2.3735464347048603,0.0188250169010389,850.4395843354357,3.533446997508977,96.0,3.21286,2.16519
Li32Ti5Cr11O48,0.8129499999999996,-2.4535015186284728,0.0295750024739505,853.9817564937615,3.502739651452758,96.0,3.12375,2.3108
Li3BiS3,2.1560999999999995,-1.1435571463775502,0.06435544826530586,591.8642068143824,3.7472553993219315,28.0,4.153428571428571,1.9973285714285716
Li3BiS4,1.8737,-1.016831059374999,0.068869029374999,705.535380631875,3.370933792077841,32.0,3.7198,1.8461
Li3Co4WO8,1.328699999999999,-1.745525790625,0.066312925703125,157.95947785219155,5.975174394259775,16.0,5.3889,4.0602
Li3CuS2,2.341957142857143,-1.1653456613392852,0.045318672827378434,372.6879549580763,2.624089333359793,24.0,4.642228571428572,2.3002714285714285
Li3CuS3,0.5961000000000001,-1.044239608571427,0.078384173452382,522.5479452315767,2.295166051327103,28.0,1.8264,1.2303
Li3Fe3(WO6)2,2.298,-2.014379472749999,0.079860236781246,1060.4007219555992,4.685528180815634,80.0,2.548,0.25
Li3Fe3WO8,0.012999999999999,-1.944658659999999,0.074035164666665,163.7638383027442,5.071878859557414,15.0,2.3956,2.3826
Li3Fe4WO8,1.1783,-1.811092410625,0.092484911249998,160.7447276708684,5.744033829292909,16.0,4.9419,3.7636
Li3FeO3,2.12545,-1.9431497166071425,0.07113631464286199,292.7910997454687,2.829010667596349,28.0,2.4798999999999998,0.35445
Li3La5Ti6Nb2O26,2.0406999999999993,-3.4604954872619054,0.057559491785716996,782.0911582697233,5.10877497737871,63.0,5.9107,3.87
Li3La8Ti9Cr3O36,1.4458,-3.424161775593222,0.066860396652538,708.5135327897164,5.37839493098156,59.0,6.7141,5.2683
Li3Nd3(WO6)2,3.7084,-2.972712194625,0.0,1009.5095081312692,6.666581616037608,80.0,5.1186,1.4102
Li3P2WO8,4.0761666666666665,-2.542297361615645,0.054548186636904666,298.3917814021337,4.39084674337914,28.0,6.9373000000000005,2.8611333333333335
Li3P2WO9,3.3804,-2.5683840177857142,0.048755114333332,697.3635069486706,3.910877713297509,60.0,4.7759,1.3955
Li3P3(WO6)2,3.7383999999999995,-2.4895594153839284,0.044733879187503,878.7167141784408,4.446406116706909,70.0,5.835325,2.096925
Li3P3WO11,3.9619,-2.5552004782738083,0.076839096203723,394.9062418522301,3.982688371723881,36.0,6.2424,2.2805
Li3P5(WO6)4,3.516,-2.484404605367064,0.042009826527767,993.0216980368032,4.331144457900417,72.0,4.2291,0.7131000000000001
Li3P7W5O29,2.211699999999999,-2.465424308806817,0.058688839886364,1283.4958192483366,4.193918049511644,88.0,3.5683,1.3566
Li3Sb11S18,0.8713000000000001,-0.685180447343749,0.00444253734375,772.8672133997927,4.162487794175036,32.0,5.5677,4.6964
Li3Sb17S27,0.7390999999999991,-0.632199356648934,0.013034253882979,1160.429717551085,4.230657277275943,47.0,5.5348,4.7957
Li3SbH18S4O9,2.1834,-1.225581935357142,0.013184540357144,1536.7175659198235,1.871472245731574,140.0,1.9845,-0.1989
Li3SbS3,2.318242857142857,-1.1251938814540805,0.046212509617346,569.8253869107074,2.722366731689987,27.0,4.396828571428571,2.0785857142857145
Li3SbS4,1.8481499999999997,-1.0537546574999992,0.04583857124999916,344.0084773148856,2.577194726639815,16.0,3.3078,1.45965
Li3Ti(BO3)2,0.30343333333333267,-2.737626253402778,0.10390334824251433,325.33931145053833,2.499477890550485,32.0,4.2523,3.948866666666667
Li3Ti(FeO2)4,0.8568000000000001,-2.115317930208333,0.044718928281247,155.98172460386834,4.471900005533362,16.0,4.6931,3.8363
Li3Ti(FeO3)2,0.0316,-2.321905860277777,0.06430348854166,114.28670296593656,4.015636092179985,12.0,4.1619,4.1303
Li3Ti(NiO2)4,0.263999999999999,-1.926909874583333,0.022602838958328,145.9708297684624,4.908201139671461,16.0,4.1471,3.883099999999999
Li3Ti(NiO3)2,0.072799999999999,-2.154434942361111,0.038886909027773,217.9318470897967,4.29853254121118,24.0,3.6138,3.541
Li3Ti(PO4)2,0.21477499999999924,-2.8070621130888602,0.07482989788902175,322.504058821345,2.993921173251361,31.5,5.3164,5.101625
Li3Ti(Si2O5)3,0.2460499999999995,-3.081432847283334,0.057221017530001,1204.4925439319818,2.6326613953586833,100.0,5.667350000000001,5.4213000000000005
Li3Ti2(CoO4)2,0.681,-2.444674881111112,0.093881558083323,149.5450223131028,4.024274548550846,15.0,3.5619,2.8809
Li3Ti2(FeO4)2,0.7681499999999994,-2.552267129444445,0.0751408293333285,152.9336554863253,3.8681916378712593,15.0,3.94305,3.1749
Li3Ti2(NiO4)2,0.6151,-2.408987487777778,0.064891434231909,145.71758693711908,4.124511404965073,15.0,3.6188,3.0037
Li3Ti2(PO4)3,0.0843899999999996,-2.855439252617262,0.0779190897696381,742.3717730223593,2.874060021084958,64.0,4.813840000000001,4.72945
Li3Ti2Co3O10,0.4918,-2.177655187037037,0.155469810833337,187.3501988870893,4.018177518520592,18.0,2.5182,2.0264
Li3Ti2CoO6,0.2949,-2.689287499305556,0.097344181718748,223.02377971339624,4.042744658305451,24.0,4.9939,4.699
Li3Ti2Cu3O10,0.0907,-2.045897611481481,0.092366502118057,188.36091689061965,4.118612283227961,18.0,2.3303000000000003,2.2396
Li3Ti2CuO6,0.2043,-2.649461859722222,0.1060740540625,113.75101176224165,4.030503402669558,12.0,5.081,4.8767
Li3Ti2Fe3O10,1.680399999999999,-2.4310700825925933,0.064182566309524,191.46768600887864,3.85141831136943,18.0,3.7249,2.0445
Li3Ti2Mn3O10,0.9607,-2.579832453081098,0.042861664826405,386.140974017274,3.796043924983192,36.0,3.1398,2.1791
Li3Ti2Mn5O12,0.6082999999999991,-2.446046844681294,0.088198464242424,710.1260058490835,4.091497165601982,66.0,3.609,3.0007
Li3Ti2V3O10,1.628,-2.801985282592592,0.038581146180579,382.5265622885983,3.727818469521012,36.0,4.7194,3.0914
Li3Ti2V3O12,0.933099999999999,-2.707693926833333,0.102561260250004,1028.9632935771183,2.978259979758194,80.0,2.5639000000000003,1.6308
Li3Ti3Fe(PO4)6,2.4165,-2.8613343019691113,0.0224872897297165,699.3681446477772,2.8102476954578552,55.5,3.2337,0.8172
Li3TiCo3O8,0.6404999999999991,-2.031468432888888,0.066670474166656,260.63296497330344,4.759076246066779,30.0,4.3068,3.6663
Li3TiCr2O6,0.1105,-2.569035525277778,0.056695562847219,223.47010445594665,3.992939572347547,24.0,5.7253,5.6148
Li3TiCr3O8,2.14905,-2.589336875722222,0.0422558913333345,299.42493371406374,3.911768301017724,30.0,4.84265,2.6936
Li3TiFe3O8,1.2814999999999996,-2.212958311111111,0.06750370061110467,325.8621188243197,3.7629772872504472,30.0,3.072533333333334,1.7910333333333337
Li3TiMn2O6,0.30726666666666635,-2.4808292931273948,0.06886619097222833,238.83820276839273,3.817832331122434,24.0,4.050366666666666,3.7430999999999996
Li3TiMn3O8,1.0771666666666666,-2.3816983058454664,0.06137568096296367,355.90611232582296,3.9472725385138703,35.0,3.735933333333333,2.6587666666666667
Li3TiMn4O8,0.2747749999999995,-2.3464515068785925,0.0739625478125,287.4065276746238,4.207881302242443,28.0,3.9360999999999997,3.6613249999999997
Li3TiNi3O8,0.38155,-1.8872842225555557,0.035559040249996496,284.7965525157772,4.346907267469131,30.0,3.34075,2.9592
Li3TiV2O6,0.257299999999999,-2.6587690538194453,0.0219394265624995,227.27255442138915,3.8953170304770257,24.0,4.9075,4.6502
Li3TiV3O8,1.3846999999999998,-2.653057338777778,0.04958193152777699,306.121773009218,3.796473911302554,30.0,4.762666666666667,3.377966666666667
Li3Zn(Fe5O8)4,1.053599999999999,-1.685766479821428,0.068977421651786,608.5346252340187,4.680114639212976,56.0,4.1273,3.0737
Li3Zn2Fe19O32,1.3244,-1.698801698214286,0.0687401646875,615.1536582186748,4.655573717876873,56.0,3.8382,2.5138
Li3Zn2SbO6,2.4602,-2.050211864166667,0.0225662025,120.59091343594676,5.086608902139884,12.0,5.1677,2.7075
Li3ZnFe2(PO4)3,3.5699499999999995,-2.4848028698894558,0.017150608154763998,894.9505826202696,3.5835247423760674,84.0,6.1019000000000005,2.53195
Li3ZnPCO7,4.554,-2.3607260586263727,0.047657651346154004,274.0348526661678,2.924150967597188,26.0,5.52255,0.96855
Li4B4Sb2SO16,2.588199999999999,-2.337999399907407,0.094180518117272,640.5595172962657,3.124185183628643,54.0,3.7514,1.1632
Li4Bi2C4SO16,1.9790999999999994,-1.9444459331790116,0.07598340629629399,698.0519533175022,3.719639400530631,54.0,3.02765,1.04855
Li4Bi2S7,1.091899999999999,-0.9299614942948712,0.059334009999998,570.5265532867529,3.901167204699196,26.0,3.9236,2.8317
Li4Co3Ni3(WO8)2,0.008999999999999,-1.733876700119048,0.061391909598229,296.6053133963942,5.62263339195229,28.0,2.3849,2.3759
Li4Co3WO8,1.9361,-1.897879435208334,0.06072043140625,155.3270754179703,5.52061096965756,16.0,5.0364,3.1003
Li4Cr(WO4)3,2.0216000000000003,-2.296671351916666,0.0342882792499975,217.94572354240103,6.27632176479542,20.0,4.386900000000001,2.3653
Li4Cr2TeWO12,0.6647000000000001,-2.0643671535,0.08040968934722,201.15130842789748,5.243595765884186,20.0,3.3288,2.6641
Li4Cr3Fe3(WO8)2,1.372799999999999,-2.144770536904762,0.054390105089277,301.30459149415645,5.373151936066268,28.0,4.5084,3.1356
Li4Cr3Ni3(WO8)2,0.259,-2.052763793333334,0.034059685138888,295.4000254581766,5.528587836210656,28.0,3.526399999999999,3.2674
Li4Cr5WO12,1.4398,-2.299218670151514,0.074597625454545,245.7758934911984,4.483336484741164,22.0,3.8617,2.4219
Li4CrFe(WO6)2,0.7280999999999991,-2.110001612666666,0.080400401378468,206.71307816109996,5.585210792487116,20.0,2.5037000000000003,1.7756
Li4CrSb(WO6)2,1.6873,-2.247668473666666,0.038000702874997,210.56217313786925,6.002932667497343,20.0,4.6837,2.9964
Li4CrTe(WO6)2,0.637533333333333,-2.150462551916666,0.06335341808333567,429.567930531357,5.93010169029819,40.0,4.0596000000000005,3.4220666666666664
Li4CrTe2WO12,0.0815,-1.942540556333333,0.130386520375002,427.752475170398,5.518609229516333,40.0,4.804,4.7225
Li4Cu2C4SO16,0.008699999999999,-1.761879871141975,0.086624872623457,581.0835539120092,2.805960084476247,54.0,0.7896000000000001,0.7809
Li4Cu3WO8,0.175999999999999,-1.701415623958333,0.13379566625,151.07476629537152,5.828104896373901,16.0,3.7209,3.5449
Li4Fe(WO4)3,1.8992999999999993,-2.2108589562916663,0.042609259374995004,335.71525353724303,6.214428776253556,30.0,4.1716,2.2723
Li4Fe3Co3(WO8)2,0.5899999999999991,-1.875398349047618,0.055603298973218,299.69598104314287,5.517302217886922,28.0,3.2784,2.6884
Li4Fe3WO8,2.197799999999999,-1.989273714583332,0.0479592425,162.1472457812277,5.193527321735317,16.0,4.9857000000000005,2.7879
Li4Fe5P6WO24,2.0987,-2.373108686029761,0.088354113812499,484.5783947947002,3.634628966736465,40.0,4.6737,2.575
Li4FeSb(WO6)2,2.0653,-2.164475514916667,0.032539880656251,423.3250509250989,6.001921188957745,40.0,4.5343,2.469
Li4FeTe(WO6)2,0.9141749999999993,-2.0696027484374997,0.05795704668750125,432.1838556695318,5.9237828611140655,40.0,4.1388750000000005,3.2247
Li4Mn(WO4)3,1.9685,-2.262974589563218,0.048655440999995,462.7330394565744,5.929820914186598,40.0,4.1467,2.1782
Li4Mn2Fe3P6WO24,2.1317,-2.431952302426312,0.084387487031247,491.1093618189523,3.580161036729246,40.0,4.5955,2.4638
Li4Mn2TeWO12,1.1397,-2.001304961293104,0.058983614125001,198.74345561194775,5.356284940831877,20.0,3.5634,2.4237
Li4Mn3Co3(WO8)2,0.3206,-1.926887760968801,0.100922927704079,303.5908816715047,5.431636118959434,28.0,2.9146,2.594
Li4Mn3Ni3(WO8)2,0.5307000000000001,-1.975568400611658,0.029279784178576,298.1559779777368,5.526639588290592,28.0,3.3901,2.8594
Li4Mn3V3(WO8)2,0.8176999999999991,-2.307249125611659,0.036063896339291,316.7842847719347,5.079745777681626,28.0,4.0583,3.2406
Li4Mn3WO8,1.251799999999999,-2.130965126070403,0.112911723125002,335.4852039056293,4.993353141839937,32.0,4.8023,3.5505
Li4Mn5P6WO24,1.6587,-2.435690073597291,0.080787229442707,475.9618905928148,3.6930379467168035,40.0,5.0226500000000005,3.36395
Li4MnCr(WO6)2,0.7189000000000001,-2.173857955063218,0.095941018208335,200.78684407558816,5.74255791604748,20.0,2.6646,1.9457
Li4MnNb(WO6)2,0.6738000000000001,-2.404083534563218,0.028506432187485,429.18477791585553,5.68968547756548,40.0,2.8102,2.1364
Li4MnNb2WO12,1.3856,-2.503374487063219,0.046973073124998,211.59743463110453,5.056603698612905,20.0,2.9201,1.5345
Li4MnSb(WO6)2,0.28,-2.194766270063218,0.042099068908662,423.1598227297821,5.997146676578999,40.0,3.4906,3.2106
Li4MnSb2WO12,1.1757,-2.090114732313218,0.069571050625006,416.13489707793633,5.60294032153699,40.0,4.2954,3.1197
Li4MnSn(WO6)2,1.1143,-2.187274011813217,0.052766617625001,417.98380303506974,6.04717746928423,40.0,3.342,2.2277
Li4MnV(WO6)2,0.9527,-2.271665628563218,0.051591811596152,418.0743742860735,5.507531421177439,40.0,3.0452,2.0925
Li4MnV2WO12,1.1649,-2.228694701063218,0.091243251362504,397.6000797516327,4.681064077369375,40.0,3.0253,1.8604
Li4NbCr(WO6)2,1.9210999999999991,-2.455900816166667,0.022651293374982,426.95285406154665,5.696544585086269,40.0,4.0901,2.169
Li4NbFe(WO6)2,2.2991,-2.373262855166667,0.021564976999997,429.4776882675427,5.692818354268577,40.0,3.9411,1.642
Li4Ni3WO8,2.085,-1.8659939045833327,0.072451269687499,152.37791593010093,5.619618724367212,16.0,5.5751,3.4901
Li4Sb2C4SO16,2.5864000000000003,-1.917020341882714,0.095668230277781,692.9174173178038,2.91111710068293,54.0,3.8881,1.3017
Li4SnS4,2.3564,-1.274180585092592,0.0,709.3419458485032,2.572562034958062,36.0,3.8291,1.4727
Li4Ti(Co4O9)2,0.2275,-1.613745919247312,0.086433478951606,600.2804595654897,4.620148819920284,62.0,2.7577,2.5302
Li4Ti(TeO4)3,1.641099999999999,-2.085944838333333,0.029881727374998,232.33468455227103,4.648699490684235,20.0,5.5961,3.955
Li4Ti11O24,2.3560666666666656,-3.283686415470085,0.06249179074785901,446.0565052418777,3.4940796276356174,39.0,3.765,1.4089333333333334
Li4Ti15O32,1.9745,-3.2858367572222216,0.09843021269607749,600.3086309255161,3.4791191295253148,51.0,3.20885,1.23435
Li4Ti2Co3Sn3O16,0.6447999999999996,-2.2038176805357144,0.0834094754017665,466.34553517746133,4.868290629639866,42.0,4.51295,3.86815
Li4Ti2Cr3Co3O16,0.410499999999999,-2.242344912142857,0.063312421488094,270.38650916081247,4.374340277279762,28.0,3.0572,2.6467
Li4Ti2Cr3Ni3O16,0.327599999999999,-2.169125769285713,0.086872002440481,280.3778717471313,4.214198585630283,28.0,3.0358,2.7082
Li4Ti2Fe3O10,1.4303,-2.445688105526316,0.042835493421044,382.0822508839054,3.920349358593806,38.0,4.4053,2.975
Li4Ti2Fe3Sb3O16,1.016299999999999,-2.24960826142857,0.055889932700903,657.0862920119819,4.611009100961072,56.0,5.2399,4.2236
Li4Ti2Fe3Sn3O16,0.8518999999999994,-2.30539555,0.060956698035713006,316.9476053959335,4.7317647974354236,28.0,5.1224,4.2705
Li4Ti2Fe4(CoO6)3,0.3412,-1.950546748548387,0.087563160430295,648.7804335393529,4.154886109007075,62.0,2.9714,2.6302
Li4Ti2Fe5O12,1.5208,-2.263140436086956,0.050251995652171,460.25116027440765,4.291347440973241,46.0,4.7002,3.1794
Li4Ti2Mn3(Fe2O9)2,0.9881,-2.170809488348165,0.085240588709678,672.4310969816921,3.949555883298168,62.0,3.4058,2.4177
Li4Ti2Mn3Co3O16,0.7902,-2.161720211921183,0.071037098988083,285.2081858952204,4.198400678821987,28.0,3.3487,2.5585
Li4Ti2Mn3Cr3O16,0.6505999999999991,-2.490164277992611,0.14708639017858,285.50159922046083,4.073042997568248,28.0,3.6448,2.9942
Li4Ti2Mn3Fe3O16,0.690199999999999,-2.287612019778326,0.038636810265336,288.9232738173383,4.091169327836997,28.0,3.4924,2.8022
Li4Ti2Mn3Ni3O16,0.0207,-2.123967623349754,0.045535965703173,279.08420764324376,4.286246378730251,28.0,2.785,2.7643
Li4Ti2Mn3O10,0.7496499999999995,-2.594057998489112,0.044695555394731495,384.28441453919675,3.8777286149264865,38.0,3.7775,3.02785
Li4Ti2Mn3V3O16,0.4748,-2.558588264421182,0.07492767910714,297.0764418003678,3.896662653507964,28.0,3.7428,3.268
Li4Ti2Mn5O12,0.411599999999999,-2.457645174550225,0.07568511195652,477.5186511598944,4.104629823350617,46.0,3.6632,3.2516
Li4Ti2Nb3Co3O16,0.8127000000000001,-2.582566828928572,0.087048334999996,311.74677205074386,4.44771871359154,28.0,3.7761,2.9634
Li4Ti2Nb3Fe3O16,0.18725,-2.6190961694642843,0.0914679452232055,314.1049770513655,4.366253217366134,28.0,4.068250000000001,3.8810000000000002
Li4Ti2Nb3V3O16,0.213199999999999,-2.781965528214286,0.075605828392854,309.7998678357432,4.347162560438356,28.0,4.5542,4.341
Li4Ti2Ni3Sn3O16,0.2379,-2.168366610178571,0.049811546730766,304.4401888128985,4.972770343388991,28.0,3.7591,3.5212
Li4Ti2Ni5O12,0.253099999999999,-2.031293306304348,0.056271543628754,431.9687212295498,4.681812210534728,46.0,3.7937,3.5406
Li4Ti2Si4O13,0.1646,-3.00509087673913,0.076583823434779,995.8577354176562,2.960265029445922,92.0,5.9711,5.8065
Li4Ti2V3(Fe2O9)2,1.5916,-2.347570655483872,0.100916292419364,692.2827695991142,3.778782017192186,62.0,3.8138,2.2222
Li4Ti2V3Co3O16,1.3522999999999996,-2.3602912905357134,0.1091303384890045,284.1615527904336,4.14506194558972,28.0,3.9643999999999995,2.6121
Li4Ti2V3Cr3O16,0.9930999999999992,-2.658513355714286,0.030051971763391,288.11489704737386,3.966997346894311,28.0,4.1491,3.156
Li4Ti2V3Cr4O18,1.5763,-2.571267269193549,0.087678985282256,666.6265916707608,3.847514818809378,62.0,4.0849,2.5086
Li4Ti2V3Fe3O16,0.8507,-2.464251461428572,0.052277159531243,293.21553530539137,3.963380649042308,28.0,4.1161,3.2654
Li4Ti2V3Ni3O16,1.356999999999999,-2.37190459,0.068869067857131,288.2513506628354,4.080863504559265,28.0,4.0168,2.6598
Li4Ti2V3O10,0.674999999999999,-2.738901046842106,0.050049350263158,378.69892334064383,3.826367327696174,38.0,4.9986,4.3236
Li4Ti2V5O12,0.311399999999999,-2.610631628695652,0.067340540760874,455.9027955543364,4.153677328113943,46.0,5.366,5.0546
Li4Ti2V7O18,0.011899999999999,-2.621653974677419,0.089982135806454,679.4122920041157,3.75448911373699,62.0,3.4173,3.4054
Li4Ti3(CoO4)3,0.8833333333333334,-2.427049213257575,0.10573735325757601,455.7405722174785,3.936251175714244,44.0,3.2473333333333336,2.3640000000000003
Li4Ti3(FeO4)3,0.0604,-2.545936431969697,0.088948730227265,230.9049745924984,3.817883248866569,22.0,3.4661,3.4057
Li4Ti3(NiO4)3,0.0277499999999995,-2.3371159781060595,0.10963650015302451,209.90485175967865,4.269872660292415,22.0,2.809,2.78125
Li4Ti3Co2Sn3O16,1.848599999999999,-2.436710585476191,0.0825945649553545,321.48843888595974,4.655708428596983,28.0,5.02755,3.17895
Li4Ti3Co3(NiO8)2,0.7622,-2.142970723333332,0.05759017566002,279.0781146531249,4.293236406824715,28.0,3.0701,2.3079
Li4Ti3Co3(SbO8)2,0.6442999999999991,-2.399832043869048,0.038368303571428,609.9065296927325,4.6157808117949095,56.0,4.7242,4.0799
Li4Ti3Co3(SnO8)2,0.2835,-2.384046537619048,0.057603337142848,291.5938180629731,4.792516348079811,28.0,4.5229,4.2394
Li4Ti3Co3(TeO8)2,1.1118,-2.296384598095239,0.03880675205357,315.0978360511818,4.528728418300431,28.0,4.6817,3.5699
Li4Ti3Co3(WO8)2,0.046799999999999,-2.419310604047619,0.072376569107142,304.5420094078539,5.299006078074124,28.0,4.6469000000000005,4.6001
Li4Ti3Co5O16,0.3752,-2.089896214047619,0.162452538258924,266.7758336533805,4.49420280573662,28.0,3.5532,3.178
Li4Ti3Cr3(CoO8)2,0.39590000000000003,-2.4535990183333327,0.095448361534861,283.28046547631925,4.112841905568752,28.0,3.1853,2.7893999999999997
Li4Ti3Cr3(FeO8)2,0.751799999999999,-2.575889314047619,0.04024579728175,291.2569594466219,3.962585524638972,28.0,3.1521,2.4003
Li4Ti3Cr3(NiO8)2,0.9152,-2.452314701904762,0.063757205906745,287.966053228641,4.040720624400394,28.0,3.2633,2.3481
Li4Ti3Cr3(TeO8)2,0.3299,-2.513536416666666,0.073668782902934,648.0141019920728,4.297544046096528,56.0,5.5018,5.1719
Li4Ti3Cr5O16,0.186699999999999,-2.700224681547619,0.035043585347221,288.18127354368755,3.9605214446859103,28.0,2.7821,2.5954
Li4Ti3Fe2Co3O16,0.12534999999999952,-2.2615679917261895,0.0611546852946515,280.8911069605988,4.232953636102982,28.0,2.8489500000000003,2.7236000000000002
Li4Ti3Fe2Sn3O16,1.3487,-2.481748588511904,0.06721463089286,648.7808983490461,4.582359705539771,56.0,4.9482,3.5995
Li4Ti3Fe3(SbO8)2,0.1614,-2.4319691526190472,0.048137964821414,311.8252001115773,4.464723256957971,28.0,4.8417,4.6803
Li4Ti3Fe3(SnO8)2,1.1995999999999991,-2.499353323333333,0.022516876607138,308.8273560803112,4.475263954201191,28.0,4.9102,3.7106
Li4Ti3Fe3(TeO8)2,1.1434,-2.356162594166666,0.054925868219155,325.0859966516117,4.342261228970786,28.0,4.7831,3.6397
Li4Ti3Fe3(WO8)2,0.9861,-2.49144564797619,0.038353171502981,310.505208818607,5.147693849112025,28.0,4.2492,3.2631
Li4Ti3Mn2(Fe2O9)2,1.1509,-2.322711463038561,0.090345483951612,675.0498226537006,3.899446550360307,62.0,3.6158,2.4649
Li4Ti3Mn2Co3O16,0.240499999999999,-2.332072686399835,0.072605947202378,275.5024344615536,4.3036879043236045,28.0,3.5944000000000003,3.3539
Li4Ti3Mn2Cr3O16,0.4319,-2.642338308185551,0.115261917160731,290.12995420943184,3.967596335138518,28.0,3.1749,2.743
Li4Ti3Mn2Fe3O16,0.6542999999999991,-2.436691187828407,0.061124450918378,293.8914176969046,3.982056701916015,28.0,3.3326,2.6783
Li4Ti3Mn2Sn3O16,1.4402,-2.565531808006979,0.063783610357152,329.3526567174797,4.504173943899611,28.0,4.9254,3.4852
Li4Ti3Mn2V3O16,0.990499999999999,-2.7378953981855503,0.03843019821428,304.6811462602543,3.760865887505744,28.0,3.7457,2.7552
Li4Ti3Mn3(CoO8)2,0.7651499999999996,-2.4020371983435957,0.061898265952374,284.40558774978547,4.148278341483352,28.0,4.1813,3.41615
Li4Ti3Mn3(CuO8)2,0.104699999999999,-2.312349553468802,0.086292767410712,289.2814357131297,4.128719407886892,28.0,3.1677,3.063
Li4Ti3Mn3(FeO8)2,0.485199999999999,-2.478265615254516,0.047155161437075,293.0602366151425,3.988211668583695,28.0,3.5374,3.0522
Li4Ti3Mn3(NiO8)2,1.176,-2.395884423111659,0.058639935982136,286.5641604307578,4.111630751207338,28.0,3.5745,2.3985
Li4Ti3Mn3(SnO8)2,0.406299999999999,-2.587722428468801,0.031066647890634,312.8938068918105,4.402662506472523,28.0,4.4186,4.0123
Li4Ti3Mn3(TeO8)2,0.2594,-2.453921045373563,0.056313268696437,655.7232700010767,4.29171963566846,56.0,4.1287,3.8693
Li4Ti3Mn3(WO8)2,0.5324,-2.5888910145402297,0.060277569583327,318.34458317995444,5.006737149425154,28.0,4.1768,3.6444
Li4Ti3Mn3Cr2O16,0.0773,-2.6023725423973723,0.129117165238104,291.15821360890163,3.970362859803566,28.0,3.4165,3.3392
Li4Ti3Mn3Nb2O16,1.0415,-2.83549590704023,0.041419297410701,320.98938860645427,4.024650159244079,28.0,4.1138,3.0723
Li4Ti3Mn4(CoO9)2,0.763999999999999,-2.336138354679274,0.076152961693545,649.7013244255314,4.073885552785584,62.0,3.6218,2.8578
Li4Ti3Mn4(FeO9)2,0.7086999999999991,-2.389481004840565,0.077026605629042,684.6788413347716,3.835807983070997,62.0,3.263,2.5543
Li4Ti3Mn4Cr2O18,0.4319,-2.510145636292177,0.142610947069892,675.6604061271385,3.849169710987317,62.0,3.3452,2.9133
Li4Ti3Mn5O16,0.296699999999999,-2.536331334035304,0.042891875000016,295.70710591735235,3.942327267488585,28.0,3.2361,2.9394
Li4Ti3Mn6O18,0.591299999999999,-2.449630743900631,0.065594808467743,682.0578007692213,3.841716091568771,62.0,3.479,2.8877
Li4Ti3Nb2Co3O16,1.497099999999999,-2.687692597797619,0.020826237857143,613.9245706726078,4.273398930716345,56.0,4.0927,2.5956
Li4Ti3Nb2Fe3O16,1.5852,-2.738667987797619,0.01776252741071,629.6059981753729,4.118093221332271,56.0,4.1374,2.5522
Li4Ti3Nb2Ni3O16,1.8898,-2.676794084761905,0.012143422499992,606.1615364558575,4.324186396559396,56.0,4.577,2.6872
Li4Ti3Ni2Sn3O16,2.2049,-2.422871346011905,0.083219718928571,314.5339572709857,4.756031733721747,28.0,5.3772,3.1723
Li4Ti3Ni3(SbO8)2,1.043199999999999,-2.389765254047619,0.030520622232143,300.461326634762,4.680811594715659,28.0,5.1526,4.1094
Li4Ti3Ni3(SnO8)2,0.542899999999999,-2.341632898333333,0.032418764227394,298.7630966814657,4.673514194619751,28.0,3.8733,3.3304
Li4Ti3Ni3(TeO8)2,1.4504,-2.287136176130953,0.030531211875008,621.287729566394,4.5898152817813305,56.0,5.2464,3.796
Li4Ti3Ni3(WO8)2,1.1067,-2.431726111547618,0.04772127401785,300.75951241988287,5.361677105439054,28.0,4.5635,3.4568
Li4Ti3O8,1.9573999999999994,-3.008637314222222,0.0785372988333315,146.45556968620912,3.394520942594456,15.0,4.013199999999999,2.0558
Li4Ti3Sn5O16,0.5830000000000001,-2.4629035938690462,0.101590246607145,358.7746677077991,4.725119838682657,28.0,5.3113,4.7283
Li4Ti3V2(Fe2O9)2,1.5484,-2.44505788123656,0.098808480403235,691.8938545194252,3.766148533957606,62.0,3.8594,2.311
Li4Ti3V2Cr3O16,1.1874999999999991,-2.766862809404762,0.028126399464285,289.9172894569981,3.92472524477078,28.0,4.3065,3.119
Li4Ti3V2Cr4O18,1.585799999999999,-2.659541970430107,0.095529080141131,672.9537201713424,3.796167490826371,62.0,4.1129,2.5271
Li4Ti3V2Cu3O16,0.073399999999999,-2.379518366190476,0.098732139553567,295.1160346443062,4.050552138802368,28.0,2.9718,2.8984
Li4Ti3V2Ni3O16,1.6532,-2.475815008690477,0.070557285803552,290.38799231065514,4.033255922120453,28.0,4.3227,2.6695
Li4Ti3V3(CoO8)2,1.13015,-2.585945736011904,0.117951384464278,292.9078366100667,3.9581824541634667,28.0,3.8662,2.73605
Li4Ti3V3(CuO8)2,0.2742,-2.523532372619047,0.098855486101186,294.0619248885321,3.993895575238446,28.0,3.2284,2.9542
Li4Ti3V3(FeO8)2,0.8847499999999995,-2.6462016824404766,0.0498056055357105,293.28031909636553,3.9173549335233657,28.0,4.301,3.41625
Li4Ti3V3(NiO8)2,1.13,-2.594553920833333,0.054018170148807,293.37562715441805,3.948306027138213,28.0,3.888,2.758
Li4Ti3V3(SbO8)2,0.5884499999999995,-2.6458148744047625,0.0542895301190455,489.2453735106329,4.21165074392988,42.0,4.694,4.10555
Li4Ti3V3(SnO8)2,0.5295999999999991,-2.7009794865476198,0.03030422459822,308.5796994716616,4.39969504514646,28.0,5.4285,4.8989
Li4Ti3V3(TeO8)2,0.5747500000000001,-2.567882747202381,0.0749638379254225,650.2186435134477,4.266815950896719,56.0,5.2269000000000005,4.65215
Li4Ti3V3(WO8)2,0.136899999999999,-2.6695900144047613,0.046578865267857,308.50272432982666,5.101927047914227,28.0,4.5051,4.3682
Li4Ti3V3Cr2O16,0.8934999999999991,-2.778582677619048,0.029935229642854,291.3980213812921,3.898772184321699,28.0,4.1122,3.2187
Li4Ti3V4Cr2O18,0.3186,-2.68716149123656,0.094254487338709,685.9572205591462,3.7139928569742393,62.0,3.5601000000000003,3.2415
Li4Ti3V5O16,1.109999999999999,-2.758962322261904,0.075328024464287,295.04453645206786,3.838715690003928,28.0,4.4037,3.2937
Li4Ti3V6O18,1.028,-2.722509049784948,0.083345867822581,682.6317338063078,3.721824335914794,62.0,4.2522,3.2242
Li4Ti4Cr(Fe2O9)2,0.663899999999999,-2.496197868924732,0.096095914781368,687.9295002460592,3.7781004873344193,62.0,2.8153,2.1514
Li4Ti4Fe5O18,0.2296,-2.421424089247311,0.102079839651296,684.4860621491619,3.815781536233917,62.0,2.6725,2.4429
Li4Ti4Mn(Co2O9)2,0.113199999999999,-2.356179599180571,0.099159379865586,641.8583206423676,4.128421602808238,62.0,3.3769,3.2637
Li4Ti4Mn(Fe2O9)2,1.0594,-2.479500795470893,0.089807160225987,688.4493340002986,3.789439658806912,62.0,3.459,2.3996
Li4Ti4Mn4NiO18,0.9726999999999992,-2.545353250915833,0.070713657661279,678.1541434549054,3.847592451100552,62.0,3.614,2.6413
Li4Ti4Mn4VO18,0.8492000000000001,-2.659993329948091,0.088741829616932,706.0382981786381,3.659172744769766,62.0,3.3359,2.4867
Li4Ti4Mn5O18,0.6976,-2.606267821978123,0.062842378306447,697.0851746304082,3.725210390600486,62.0,3.3833,2.6857
Li4Ti4MnCr4O18,0.7338,-2.704819205309602,0.121397105830348,671.0121856849144,3.811715008158525,62.0,3.2966,2.5628
Li4Ti4V(Fe2O9)2,1.651399999999999,-2.544218663763441,0.092760555435477,694.6969438479833,3.736254195613764,62.0,3.9301,2.2787
Li4Ti4V4CoO18,1.1036,-2.747212031666667,0.100293357741934,673.5985965575611,3.795978496996031,62.0,4.2122,3.1086
Li4Ti4V4NiO18,1.206099999999999,-2.738276737150537,0.078851641370965,671.1282286203962,3.808764556756674,62.0,4.3264,3.1203
Li4Ti4V5O18,0.9929999999999992,-2.816638275376345,0.0828551460484,690.3145535017757,3.665611179412855,62.0,4.2104,3.2174
Li4Ti4VCr4O18,1.500299999999999,-2.762740471505376,0.088455375161297,672.1322289064204,3.78561579283955,62.0,4.0181,2.5178000000000003
Li4Ti5Co3O16,0.5367999999999991,-2.6778312021428583,0.063941554107148,279.2461815269219,4.161893980145527,28.0,3.8587,3.3219
Li4Ti5Fe3O16,1.2162,-2.788818240714286,0.034844801403064,297.1644085017212,3.859172780244114,28.0,4.2774,3.0612
Li4Ti5Mn3O16,0.410699999999999,-2.8797325872783253,0.040235199285719,301.42647614810744,3.789616322086019,28.0,3.667,3.2563
Li4Ti5Mn4O18,0.9394999999999992,-2.753689900539489,0.069304947661292,701.5269552238818,3.668149061951791,62.0,3.594,2.6545
Li4Ti5Ni3O16,0.3816,-2.634365574642857,0.039808969405946,285.8323097297862,4.06181665073712,28.0,2.9775,2.5959
Li4Ti5O12,2.8731999999999998,-3.191056102499999,0.0163701788095235,449.75304943993456,3.3934304227523073,42.0,4.1917,1.3185
Li4Ti5V3O16,0.6383999999999991,-3.001360933571429,0.023476110267861,296.2563256037521,3.788548427854229,28.0,4.8392,4.2008
Li4Ti7O16,2.6823999999999995,-3.250780209598765,0.023452554074072998,444.6472006491255,3.4854159760695853,40.5,4.215,1.5326
Li4Ti9O20,2.5043999999999995,-3.2664390921464648,0.050306887575752995,769.8873566693858,3.3595487862745834,66.0,3.6851000000000003,1.1806999999999994
Li4TiCo2Ni3(PO4)6,2.3307,-2.352503654113095,0.13193309903125,453.6253889067637,3.438784524273532,40.0,4.3083,1.9776
Li4TiCo3O8,0.4722166666666665,-2.0727141429687497,0.07732753697916617,274.98084818407574,4.163912682238938,29.333333333333332,3.36535,2.893133333333333
Li4TiCo5O12,0.7000249999999998,-1.849924137291666,0.05995915147726938,420.11579539375424,4.446397987974191,44.0,2.8916125,2.1915875
Li4TiCr2Ni3(PO4)6,1.3658,-2.468675048113095,0.098486174781241,464.1332817601989,3.311293098502172,40.0,4.2827,2.9169
Li4TiCr5O12,0.103849999999999,-2.441712122878788,0.0785902835479815,468.37812558275044,3.7555146831186708,44.0,2.2603999999999997,2.15655
Li4TiCrO6,1.2589999999999997,-2.602276987144097,0.016857138203115376,389.39643040263934,3.4569683971290717,43.5,3.2890125,2.0300125
Li4TiCu2Ni3(PO4)6,0.050899999999999,-2.326652072113094,0.098765109781248,458.81730516241817,3.433260766942375,40.0,2.1854,2.1345
Li4TiCu3(PO4)4,0.011099999999999,-2.401965505544217,0.080930200178571,302.36419141095143,3.548583907884325,28.0,4.2023,4.1912
Li4TiFe2Ni3(PO4)6,2.401099999999999,-2.436557999613094,0.075380478843753,460.6530848554752,3.364058293001063,40.0,4.2722,1.8711
Li4TiFe3Cu2(PO4)6,0.2187,-2.399087382363094,0.088783713562494,474.24172602390126,3.291675381802595,40.0,3.8497,3.631
Li4TiFe3O8,1.0851999999999995,-2.2399794141666662,0.035911784374998,170.2434660951402,3.6623370756653992,16.0,3.62125,2.53605
Li4TiFe3Sn2(PO4)6,1.511699999999999,-2.530523049613096,0.039839653333328,510.55132809918734,3.416412166060269,40.0,4.0798,2.5681000000000003
Li4TiFe5O12,0.343099999999999,-1.989714283939394,0.113763553704544,236.03794682240235,3.84710936587907,22.0,2.1079,1.7648
Li4TiMn(WO6)2,1.2308,-2.415398239979886,0.034728406499995,408.0089915614868,5.618373970818895,40.0,2.9126000000000003,1.6818
Li4TiMn2Ni3(PO4)6,2.2628,-2.493069982759646,0.072627167343745,463.5223454780577,3.336736140069223,40.0,4.2541,1.9913
Li4TiMn3Cr2(PO4)6,1.1419,-2.6037366687079238,0.084142911812513,487.56931668230885,3.113759499775023,40.0,3.7372,2.5953
Li4TiMn3O8,0.35095,-2.369876535080819,0.0823625690104185,425.55623879957705,3.557867315497292,40.0,2.95535,2.6044
Li4TiMn4(Fe2O9)2,0.4363,-1.992922357206155,0.106120849919348,644.9862994070752,4.1540226367414,62.0,3.4843,3.048
Li4TiMn5O12,0.063399999999999,-2.229680485741902,0.094085614318192,239.3087513067684,3.763061818509096,22.0,2.5498000000000003,2.4864
Li4TiNi3O8,0.31066666666666665,-1.9975859590624998,0.021903254270828332,287.95860582010226,4.379231505421109,32.0,3.554766666666667,3.2441
Li4TiNi3Sn2(PO4)6,2.3485,-2.471109463363094,0.038958109145832,486.74523134676025,3.61265667109428,40.0,4.6124,2.2639
Li4TiNi5(PO4)6,2.3297,-2.390106242863094,0.08066587990625,450.0344947216176,3.464453519776597,40.0,4.481,2.1513
Li4TiO4,3.907033333333333,-2.655066562222222,0.05247819907407433,605.9345119515366,2.381880987660276,54.0,3.879233333333333,-0.02779999999999999
Li4TiV3O10,1.2684,-2.62711359787037,0.050168409722219,415.0433540441301,3.108280442831292,36.0,3.6095,2.3411
Li4TiV3O8,0.32873333333333266,-2.55096262625,0.08301399455729234,150.2373056128142,3.940928902448466,16.0,5.2123333333333335,4.8836
Li4TiV4(Fe2O9)2,1.4623,-2.242974695376345,0.109189779415326,679.3820231483959,3.8655664203820472,62.0,3.8617,2.3994
Li4TiV4Cr4O18,1.3494000000000002,-2.474273304892473,0.088548153487904,665.7445866725036,3.867949355257623,62.0,3.9855,2.6361
Li4TiV5O12,0.250899999999999,-2.535075455757575,0.112003927045456,237.0860372675271,3.65838300455985,22.0,3.368,3.1171
Li4V3Cr3(WO8)2,1.5831,-2.384233187976189,0.00619101267857,301.5207180483131,5.288286654112339,28.0,4.9269,3.3438
Li4V3Fe3(WO8)2,1.1974499999999995,-2.1953244740476183,0.0262511179129365,310.0571120312983,5.204604615028201,28.0,4.2092,3.01175
Li4V3Ni3(WO8)2,1.034299999999999,-2.144808082619047,0.022805335825893,299.7445688479889,5.430928674777909,28.0,4.7303,3.696
Li4VCr(WO6)2,1.4106,-2.318009224666666,0.051604097437475,414.75413942206114,5.528063750625739,40.0,3.6164,2.2058
Li4VFe(WO6)2,1.261,-2.211354143666666,0.07205335309375,203.71813288866755,5.658725093578054,20.0,3.4947,2.2337
Li4VTe(WO6)2,1.678099999999999,-2.1899885537499992,0.059299861999997,444.3390679343824,5.725073409505767,40.0,4.6319,2.9538
Li4WO5,3.4988,-2.354128122333334,0.0165329764999995,137.5804452479829,5.342075030144901,15.0,4.7067,1.2079
Li4Zn(PO4)2,4.732799999999999,-2.656091232591269,0.0004613202500005,678.7733129108258,2.770440218720567,60.0,5.19095,0.45815
Li4Zn(PS4)2,2.684273333333333,-1.0604547410190468,0.011589434655554932,1154.430165660575,2.1731900613031683,55.0,4.26578,1.5815066666666666
Li5BiS4,1.7154999999999998,-1.2268924456916661,0.069682356974999,848.1892590817497,3.104244157387343,42.0,3.6214199999999996,1.90592
Li5CuSO2,2.5429,-1.648559671574074,0.045453221840276,115.6761330068482,2.330040428230853,9.0,3.617099999999999,1.0742
Li5FeO4,2.707025,-1.9866234034791659,0.055402341187500745,411.0185887728534,2.4976356476050876,40.0,2.9709250000000003,0.2639
Li5La4TiNb7O28,0.774899999999999,-3.211297158222222,0.050505477666664,594.6049107662316,4.84954317910751,45.0,3.4549,2.68
Li5Mg11(WO4)12,1.804599999999999,-2.451907320416666,0.071436139490132,1003.5525838890768,5.420852600512164,76.0,4.6917,2.8871
Li5SbS,1.2818333333333332,-0.9604954175396817,0.07690129019841278,538.1538968807846,2.4673600917364507,28.77777777777778,3.4628666666666668,2.1810333333333336
Li5SbS3I2,2.7011000000000003,-1.271056237424242,0.0,1084.0095687380117,3.103335930396204,44.0,4.1779,1.4768
Li5SbS4,1.411514285714285,-1.2001937562023801,0.07082670396428258,1067.748465970671,2.381106121188845,52.857142857142854,3.639157142857143,2.227642857142857
Li5Ti(SiO4)2,0.553499999999999,-2.8423674162499992,0.064643010312485,177.48830464570574,2.495540213416989,16.0,4.6038,4.0503
Li5Ti2Co3O10,0.887799999999999,-2.354767733666667,0.037903091750005,181.58039719990563,4.272806825765708,20.0,4.2353,3.3475
Li5Ti2Co5O12,0.6289,-2.107153793055555,0.098710419166669,219.97264724243263,4.658374466758563,24.0,4.3384,3.7095
Li5Ti2Cu3O10,0.174399999999999,-2.212030808166667,0.055817104500007,192.7140557686693,4.145194215969587,20.0,3.1711,2.9967
Li5Ti2Fe3O10,1.637249999999999,-2.4514146094166662,0.023049259624999,190.96369962234223,3.9823296315896357,20.0,4.87825,3.2409999999999997
Li5Ti2Fe5O12,1.5550000000000002,-2.2802448976388883,0.028728224479163,232.440997085789,4.298185920777158,24.0,5.0185,3.4635
Li5Ti2Mn3O10,1.3570999999999995,-2.5967079064813223,0.0309526816249945,391.08646885022233,3.8659259799863266,40.0,4.4476,3.0904999999999996
Li5Ti2Mn5O12,0.128199999999999,-2.468359278457855,0.060119506041664,240.9587833814849,4.114996084081288,24.0,4.0333,3.9051
Li5Ti2Ni3O10,0.5196000000000001,-2.317704219166665,0.014683742666664,181.09540814101308,4.277653429408734,20.0,3.596899999999999,3.0773
Li5Ti2Ni5O12,0.074399999999999,-2.11622174888889,0.030449102638883,216.67310167197903,4.720124512826514,24.0,3.8055,3.7311
Li5Ti2V3O10,0.15616666666666632,-2.702060300333334,0.016033667708335,378.0967265885538,3.893459297610003,40.0,5.3224,5.1662333333333335
Li5Ti2V5O12,0.2308,-2.577770292222222,0.045778945833336,230.43824297284152,4.158868520070801,24.0,5.5761,5.3453
Li5Ti3Mn2(PO4)6,0.0635,-2.7491458727596463,0.102421838651783,476.0006187650124,2.993188461164718,40.0,4.8845,4.821
Li5Ti3V2(PO4)6,0.0827,-2.753343809113095,0.106764403882814,470.85914246813417,2.99768358322229,40.0,4.9617,4.879
Li5Ti4Co3O16,0.3601,-2.417654663035714,0.111389862498509,590.9144086941524,3.703527157017446,56.0,1.9938,1.6337000000000002
Li5Ti6FeO16,2.4900999999999995,-3.0513970512202366,0.0169406184821425,450.75247353450607,3.5013228540850605,42.0,4.0312,1.5411000000000001
Li5Ti7In(PO4)12,2.48,-2.9503784040052192,0.008645864486304,917.7621462912684,2.938809189256289,73.0,3.5831,1.1031
Li5TiMn3O8,0.2561,-2.323607316693712,0.096255140588238,653.7460863068801,3.813929503800392,68.0,3.7449,3.4888
Li5TiV3O8,0.6929999999999991,-2.447091006029412,0.10148203063725,638.9521686462592,3.77759803590093,68.0,5.4567,4.7637
Li5W2O7,2.1295,-2.210054734404761,0.071367189285709,284.7449840858224,5.999399190480699,28.0,4.9733,2.8438
Li5WNO4,3.5321,-1.9453142978787872,0.049054581818181,226.71395247865303,4.344079333796184,22.0,4.3334,0.8013
Li6Bi2B4SO16,0.1341,-2.28796901979885,0.092580695948282,652.5976495032222,4.024932189430658,58.0,1.9878,1.8537
Li6Ca12W4N16O3,2.9006,-1.259552922804877,0.033341970007177,1142.781831114794,4.446524108580336,82.0,5.4823,2.5817
Li6Cr3P6WO24,1.599899999999999,-2.575366141446429,0.058871626718756,472.3719057799892,3.344133932564775,40.0,3.9102,2.3103
Li6Fe5WO12,0.8196999999999995,-1.9230047522916665,0.0834628016666665,238.76152551060042,4.845438111751839,24.0,4.41935,3.59965
Li6FeO4,2.7019,-1.961743484090909,0.025519845000004,417.9206613437442,2.566593651994418,44.0,4.1115,1.4096
Li6Mn3P6WO24,0.720599999999999,-2.544104279041256,0.079101824406266,493.7758243685736,3.228855047249026,40.0,2.2622,1.5416
Li6Ni3P6WO24,2.2055,-2.398043205446427,0.081833264781248,476.0251319697732,3.388557022413258,40.0,3.613,1.4075
Li6P8W3O29,2.88,-2.579305248742236,0.02931711985509,1219.6409647434589,3.553343560712312,92.0,3.8519,0.9719
Li6SbS2,0.9711000000000001,-1.1102070308333325,0.1044864832407395,502.84740264315764,2.2366933024721734,27.0,2.7876000000000003,1.8165
Li6Sn2B4SO16,3.512799999999999,-2.446102053764368,0.068458257499999,619.1282592673936,3.274073106597456,58.0,4.9395,1.4267
Li6Ti(BO3)3,0.0413,-2.640688813070176,0.101027958750001,723.7387086976319,2.440686122701448,76.0,3.6978,3.6565
Li6Ti2O7,2.8105333333333333,-2.7667300374212953,0.0361938267777785,307.25800315825165,2.8567047342840883,30.0,4.09015,1.2796166666666666
Li6Ti2S6O,2.2149,-1.692818279277777,0.050707106592591,1144.211249070532,2.007194378489977,60.0,3.2815,1.0666
Li6Ti3Cr(PO4)6,0.063199999999999,-2.80046380519643,0.077986722696428,476.3894689770565,2.813188502181392,40.0,4.3138,4.2506
Li6Ti3Fe(PO4)6,0.051499999999999,-2.789461677446428,0.076866744949076,472.9060634104265,2.8474251647125373,40.0,4.3419,4.2904
Li6Ti3P8O29,2.359,-2.867435775481366,0.02658477012681,1168.9190543813968,2.548570396101435,92.0,3.0339,0.6749
Li6Ti3V(PO4)6,0.0262,-2.8164107439464283,0.073767730117184,472.95745726813874,2.829899712159759,40.0,4.2988,4.2726
Li6Ti8Ni(PO5)8,3.022299999999999,-3.004299587996977,0.002900712460309,703.7756307504013,3.234934354874164,63.0,4.6446000000000005,1.6223
Li6TiFe3(PO4)6,1.3866,-2.590617163279761,0.056094133437502,469.3271451015771,2.925592949773846,40.0,3.6176,2.231
Li6TiFe5O12,0.9607499999999995,-2.085436146388889,0.080136901874997,228.64926309087002,4.073667760258065,24.0,4.11415,3.1534
Li6TiMn3(PO4)6,0.056,-2.636062853374589,0.062964795187497,477.1992577213809,2.8678629777296463,40.0,1.9288,1.8728
Li6TiNi7O16,0.375999999999999,-1.602061093111111,0.042649948805553,276.68129986820674,4.539376819114442,30.0,3.4623,3.0863
Li6V3P6WO24,1.5244,-2.620005365696428,0.059272935093755,479.3384139154143,3.284571525469417,40.0,3.8054,2.281
Li6V3W3O16,1.1256,-2.2970536173214287,0.091423871607141,314.19610735149286,5.300510916387446,28.0,3.4821,2.3565
Li6W2O9,2.678,-2.31024284617647,0.052886734705882,334.34122374300136,5.496244001073679,34.0,3.784,1.106
Li6WO6,3.6768,-2.264166848461538,0.035171976923075,126.03699193943334,4.235534950571179,13.0,3.8502,0.1734
Li6Zn3(PS4)4,2.5832235294117645,-1.0019283773493177,0.009575833377285646,2349.526014357918,2.328193758626355,109.17647058823529,4.335264705882353,1.752041176470588
Li6ZnO4,3.5116,-2.036438191818181,0.0,193.3885738258328,2.93750058883325,22.0,3.5787,0.0671
Li7(SbS)2,0.6156499999999996,-1.005606087575757,0.075121419318181,432.2951697057496,2.738942851072866,22.0,3.3647,2.74905
Li7Cr3(WO8)2,1.4534999999999991,-2.211300163333334,0.057409279960313,292.37444327030306,4.704016966086032,28.0,2.4309,0.9774
Li7Mn3(WO8)2,0.1005,-2.103113212754515,0.077187231690471,290.20614915023407,4.789664138669778,28.0,1.683,1.5825
Li7Ti12NbO30,2.6204,-3.227854914866666,0.029950379549992,539.3950609706884,3.681539882582088,50.0,4.3192,1.6988
Li7Ti2P7O24,0.224899999999999,-2.7350797558125013,0.098691448028583,921.7315248393352,2.6847421575220283,80.0,4.7137,4.4888
Li7Ti7Nb5O30,2.1219,-3.08095637197279,0.052200073877552,550.7657853706603,4.004384558034862,49.0,3.7061,1.5842
Li7TiFe3(PO4)6,1.0661,-2.593299073524969,0.068120638902438,489.76783239490106,2.8270251676952443,41.0,3.4381,2.372
Li7W5O16,1.4300999999999995,-2.19867897047619,0.077859285892859,309.396649830308,6.571054284267619,28.0,4.0697,2.6395999999999997
Li8BiS6,0.016199999999999,-1.240880326777777,0.082212612999999,590.8776990145745,2.568036139906236,30.0,1.3271,1.3109
Li8Fe7P12WO48,0.0343,-2.463712781741855,0.01559245361842,931.7905886782344,3.154199518577975,76.0,0.9217,0.8874000000000001
Li8Sb2S,1.4242,-0.828725695378787,0.081564672272727,437.8019904909036,2.511756839399522,22.0,3.0217,1.5975
Li8SbS6,0.0686,-1.254551489444443,0.063728173500003,582.1741158673453,2.108869990373912,30.0,2.179,2.1104
Li8Ti2O7,0.767799999999999,-2.42939052240196,0.087829927735293,706.8023516596329,2.473958160782594,68.0,4.335,3.5672
Li8Ti6Mn7O30,0.9131,-2.501904418670272,0.094930165980454,514.0219153685129,3.9000920901967513,51.0,3.0123,2.0992
Li8TiMn3(PO4)6,1.3914666666666662,-2.693570449721831,0.056536449424608004,501.3617697540888,2.7762458247359962,42.0,3.254966666666667,1.8635
Li8TiMn3O12,1.3652,-2.292883116616378,0.087690031666669,416.6174352485864,3.668513254307,48.0,3.31,1.9448
Li8TiMn7(PO4)12,0.166099999999999,-2.546825108700415,0.013249339232454,906.3994688293432,2.981822917160607,76.0,1.392,1.2259
Li8TiO6,3.9847,-2.445641585,0.003524437333331,281.1413242795636,2.355379168057329,30.0,4.0867,0.102
Li8WO6,2.981,-2.117255039777777,0.035891002666668,136.6969768086693,4.073869815909136,15.0,4.9762,1.9952
Li9P8W3O29,3.6745,-2.584244107084548,0.024196120093548,1229.2095926449033,3.581942579007909,98.0,5.5038,1.8293
Li9Sb3S,0.041399999999999,-0.7600440034615381,0.092634515833333,1021.597402591004,2.9895890824824063,52.0,2.8836,2.8422
Li9TiMn3(PO4)6,0.367599999999999,-2.662386331976363,0.07582889041528,505.587444526848,2.775226134256818,43.0,4.2997,3.9321
Li9V3(WO4)7,1.5507,-2.24515610212766,0.093424455212771,625.3320059696471,5.1785473243455264,47.0,3.624,2.0733
LiBi(WO4)2,2.4718,-2.146169153611112,0.003933001979163,316.3804684047152,7.46970228546588,24.0,5.0673,2.5955
LiBi2(SO4)3,0.59855,-1.8337269658796296,0.11285925067014149,833.9651021807792,4.283846674940967,54.0,3.88225,3.2836999999999996
LiBi3PbWClO8,0.9550999999999992,-1.705840937555556,0.175300831083331,237.7062779541353,8.301570710605368,15.0,5.2489,4.2938
LiBiCSO7,3.7537,-1.906087325075756,0.069853277537879,349.5901557820204,3.533902386730742,22.0,3.5322,-0.2215
LiBiS2,1.0093666666666667,-0.9597194266666661,0.026537647916665668,114.86504491941146,5.393900461400684,5.333333333333333,4.817066666666666,3.8077
LiCe(WO4)2,0.1177,-2.623181658194445,0.029590570729171,325.82420355578745,6.551274680114578,24.0,4.6589,4.5412
LiCo(WO4)2,1.1227,-1.946915806944443,0.096849149826397,138.802124082978,6.718014687337546,12.0,2.4382,1.3155
LiCr(WO4)2,2.4172,-2.274192492361109,0.006666213645837,271.05065382142067,6.795448584851173,24.0,4.6628,2.2456
LiCr2Cu2(WO4)4,0.3139999999999995,-1.9558452559333324,0.12717656595000298,279.05415829302655,7.315520837136758,25.0,4.8238,4.5098
LiCuHSO5,0.6832,-1.6591049707870371,0.068984129027778,196.8701053174128,3.096493185942263,18.0,2.2729,1.5897
LiCuS,1.4197846153846152,-0.8726497274679474,0.03608945315704969,331.1690425320034,3.490301825242263,19.846153846153847,4.778107692307692,3.358323076923077
LiCuS2,0.6299,-0.771219750833332,0.065781901666667,133.9817143435324,3.336825306703247,8.0,3.9803,3.3504
LiCuSO4F,0.4309,-1.9235822532291664,0.0,366.77242671864815,3.360227602709876,32.0,1.8299,1.399
LiDy(WO4)2,3.786799999999999,-2.662636796666666,0.0,304.8567801768462,7.245706874472995,24.0,4.8199000000000005,1.0331
LiEr(WO4)2,3.7954,-2.669882129861111,0.0,301.04626107798106,7.389920309014244,24.0,4.8545,1.0591
LiEr2Tl2(WO4)4,1.4350999999999996,-2.4363917084000004,0.059351389658331,341.33910833609525,8.472402245755948,25.0,4.8706,3.4355
LiFe(WO4)2,1.7127,-1.9787619011111104,0.158420429322916,273.38134454841963,6.784271555267516,24.0,3.1682,1.4555
LiFeO2,0.103299999999999,-1.8252071458333328,0.119729601874999,36.11349714005178,4.358311318050378,4.0,3.3201,3.2168
LiFeO3,0.1985,-1.392491344666667,0.1723008051,108.3022062613327,3.397188264440883,10.0,0.5645,0.366
LiFeWClO4,3.2758499999999993,-2.013282118854166,0.0389347087499995,260.3735469630127,4.414225460697438,16.0,3.2226999999999997,-0.05315
LiGa(WO4)2,3.4505999999999992,-2.23247940798611,0.024607462666676,272.00811944834595,6.987964939238285,24.0,4.8664000000000005,1.4158
LiGa4(WO6)2,2.2215999999999996,-2.125109445438596,0.13163106075,203.35464367981285,6.904755232537513,19.0,4.73555,2.5139500000000004
LiGd(WO4)2,3.226999999999999,-2.577654039444443,0.062667102500002,155.9756088255181,7.025031757276351,12.0,4.2437,1.0167
LiHo(WO4)2,3.7911,-2.666756416527777,0.0,303.3012495313358,7.309479119823763,24.0,4.8207,1.0296
LiHo2Ag2(WO4)4,0.0046,-2.307253790666666,0.114670026508321,325.6950244899345,7.871434551716215,25.0,3.6941,3.6895
LiIn(WO4)2,3.345999999999999,-2.205425817083333,0.0,292.4875377573572,7.010716545506071,24.0,5.3195,1.9735
LiLa(WO4)2,1.8406,-2.6330659069444433,0.035416233749999,250.69381537529355,6.36496727959861,18.0,3.41735,1.5767499999999994
LiLa2Ti2CrO9,2.296599999999999,-3.374880277333333,0.042359161166659,712.1645894194553,5.3766334126926925,60.0,7.1895,4.8929
LiLa3Ti2O9,2.7794,-3.64943582,0.030498589249996,747.8651735593068,5.891855509720651,60.0,8.1214,5.342
LiLa5Ti8O24,2.1235,-3.6259528885526313,0.0402718353947345,477.5902465712374,5.1055235987139955,38.0,6.30755,4.18405
LiLaTi2O6,1.8061499999999995,-3.411283504250001,0.090716342749997,178.739519556094,4.718816207589237,15.0,5.9049,4.09875
LiLaTiO4,2.263699999999999,-3.4517405823809533,0.028770968035711,176.01187304653092,4.862618552069566,14.0,6.1339,3.8702
LiLu(WO4)2,3.8008,-2.68189497375,0.0,296.18006526219403,7.597765727249715,24.0,4.8714,1.0706
LiLu2W2(ClO4)2,2.2789333333333324,-2.66437069,0.13515150058332867,249.35709223359217,6.153988379155831,15.0,3.9324999999999997,1.6535666666666664
LiLuZnFeO4,1.205699999999999,-2.436186583749999,0.083267493177081,98.2918297161834,6.202782685373567,8.0,3.2965,2.0908
LiMg14TiO16,0.2242999999999995,-3.001447146614583,0.029492995624999997,308.7266903130554,3.5018874193374687,32.0,7.3180499999999995,7.09375
LiMg14WO16,4.55395,-2.8622844871354167,0.054079634257812,315.34302091066513,4.144417854853419,32.0,9.28135,4.7274
LiMg30TiO32,0.34989999999999954,-3.019821013307291,0.0148036428125,617.0646343415754,3.4874099320539016,64.0,7.62775,7.27785
LiMg30WO32,3.1579499999999996,-2.954014243255209,0.023322402441406,622.6687750670812,3.818636215027901,64.0,8.0961,4.93815
LiMg6TiO8,0.2873499999999995,-2.970503341041666,0.0530677734375,153.20403122827614,3.5621506055978207,16.0,7.199450000000001,6.912100000000001
LiMg6WO8,4.625249999999999,-2.687291501145833,0.107127571640623,160.22865465262174,4.815139697041878,16.0,9.31465,4.6894
LiMoP2WO11,2.469,-2.42167491485119,0.01156256861979,206.79078253663505,4.213058294342373,16.0,3.8312,1.3622
LiMoS2,1.028699999999999,-1.232732893958333,0.023306381458331,249.37214634283453,4.448424479142337,16.0,7.0135,5.9848
LiNbTe2WO12,1.9769999999999994,-1.9899421371568629,0.0252140253781525,209.369327780766,5.7967187744058695,17.0,4.2366,2.2596
LiNbWO6,1.7774999999999999,-2.539046643518519,0.04551232143519066,203.6222225755117,5.325958015732101,15.0,3.1574000000000004,1.3799
LiNbZnO4,2.8390500000000003,-2.5797296872619047,0.0030398103571384998,323.9819615779873,4.70007883341852,28.0,3.5707,0.73165
LiNd(WO4)2,3.95215,-2.6094843825694447,0.032596218333333,243.9967330718382,6.599044448090023,18.0,4.755,0.8028500000000001
LiNdTi2O6,2.7429666666666663,-3.434419278416667,0.03969966520832866,231.0519662127331,4.929011768950745,20.0,5.1418333333333335,2.3988666666666667
LiNdTiO4,2.2825,-3.417164427738094,0.023202995714285,171.99406874352746,5.079254411112452,14.0,4.4092,2.1267
LiP(WO4)2,1.14055,-2.336733996602182,0.0586895730208295,499.0363122601726,5.3100956465759195,36.0,3.1634,2.02285
LiP2WO7,3.8394333333333335,-2.49225896569264,0.03945482215908767,387.6478605887102,4.444889392853211,31.166666666666668,6.274516666666667,2.4350833333333335
LiP2WO8,2.725783333333333,-2.505069301537698,0.057006864236089,525.8391293891933,3.872907697606229,38.0,3.823916666666667,1.0981333333333334
LiP3(WO6)2,2.213475,-2.5070605770701055,0.02379192638888925,750.2031123016724,4.387764333067285,54.0,3.895625,1.68215
LiP3W2O13,3.3384666666666667,-2.460232299965538,0.06483041116225467,826.8154739020571,4.102895085530839,57.0,4.105883333333334,0.7674166666666666
LiP4WO12,3.6974785714285714,-2.502987620254628,0.0367375011011895,715.6456317481263,3.391437584594056,51.42857142857143,5.389092857142857,1.6916142857142857
LiP4WO13,2.35675,-2.520748025889724,0.0050703889912015,796.6930838030266,3.2144412400076914,57.0,2.5122,0.15545
LiP5W3O19,1.0239,-2.431489804340986,0.097029814821452,443.8759068217829,3.805786565601211,28.0,2.7966,1.7727
LiP5WO15,2.8415,-2.517189992343073,0.023726402689415,1307.0519568747447,2.976100342102807,88.0,3.0021,0.1606
LiPW4O13,0.897899999999999,-2.228919877261904,0.066791956250002,1072.17912578223,6.078954853653253,76.0,3.0592,2.161299999999999
LiPWCO7,2.9392,-2.222896158906926,0.077201544204553,300.3224755143938,3.823557209859242,22.0,3.0304,0.0912
LiPWO4F,3.2932,-2.518941813497023,0.054531212968752,201.9888296976639,5.010678580080872,16.0,5.509,2.2158
LiPWO5,2.39185,-2.4643341041220235,0.0294519481249995,384.9692549738878,5.206497073220303,32.0,5.0641,2.67225
LiPr(WO4)2,3.6462,-2.6389536358333343,0.0,329.1883614154051,6.492310290796513,24.0,4.3888,0.7426
LiSb(SO4)2,3.2512,-1.912280083402777,0.025203409062519,1388.251768655565,3.070016264872499,96.0,4.6017,1.3505
LiSbCSO7,4.0579,-1.890310051439393,0.067661561363635,333.2533476110453,2.837936151178669,22.0,4.1192,0.0613
LiSbS,0.6259999999999993,-0.9096394867939809,0.012260397129628666,189.22529847484984,3.7602128735899014,8.0,4.5155,3.8895
LiSbS2,0.4364249999999995,-0.9048052097916658,0.016628951041668748,234.54378381291576,3.8318199291271124,11.0,5.0834,4.646975
LiSbTe2WO12,1.9194,-1.729649354509804,0.04083131031863,204.2878778675452,6.17544060022219,17.0,5.1822,3.2628
LiSbWO6,2.585333333333333,-2.0825240147222215,0.06796630884259032,420.6829068756454,5.365979479325282,30.0,3.7117,1.1263666666666667
LiSc(WO4)2,3.5658000000000003,-2.628959178611111,0.0,284.63725389068554,6.388937999703104,24.0,4.9494,1.3836
LiSm(WO4)2,3.8927,-2.615636689444444,0.0310643887499995,238.94706463960307,6.809795218806389,18.0,4.7699,0.8772
LiSn(SO4)2,2.411299999999999,-1.959406370381944,0.017863445000005,1382.0957100053836,3.054374835060529,96.0,3.6042,1.1929
LiSn2(SO4)3,0.186399999999999,-1.86761311837963,0.062914761458329,1087.3996869708578,3.252964288538183,72.0,2.437,2.2506
LiTaWO6,3.3205999999999998,-2.6423956896574077,0.0676305633333285,431.3380880007944,5.420150713809482,27.0,2.68755,-0.63305
LiTb(WO4)2,3.9286499999999998,-2.6274317245833325,0.033226086354166004,229.3225875961079,7.176035055654095,18.0,5.0323,1.10365
LiTi(PO3)4,0.17246153846153822,-2.701120430355108,0.07567283031023576,619.9228320856195,2.612355090381234,47.07692307692308,3.9834076923076926,3.8109461538461535
LiTi(PO3)5,0.7897,-2.682989594426407,0.056477253825756496,941.4421077110426,2.376739896349009,66.0,1.449,0.6593
LiTi(SO4)2,0.1903,-2.259794660868055,0.089921277499995,1182.509881988848,2.774046841796579,96.0,3.7541,3.5638
LiTi(Si2O5)2,0.46624999999999955,-3.1326205722916667,0.075075407312496,436.0787822815322,2.4967319248749296,32.0,4.82855,4.362299999999999
LiTi(SiO3)2,0.1256,-3.112678041354167,0.055936719679161,592.1876488462849,3.1587512372575075,55.0,6.0489,5.923299999999999
LiTi2(PO4)3,2.5753166666666663,-3.0103764715955688,0.007820436678227417,720.235729121286,2.8223857674763266,57.0,3.329466666666667,0.7541500000000001
LiTi2BiO6,2.709699999999999,-2.844193647999999,0.051471704750002,117.2871167248291,5.771492712690318,10.0,6.1222,3.4125
LiTi2Co3O10,0.1934,-2.075424916875,0.100261298046874,177.02336684279132,4.122363996070609,16.0,2.3125,2.1191
LiTi2Mn3O10,1.497599999999999,-2.489483015237068,0.074700466255217,187.0340672093249,3.795310964315868,16.0,2.771,1.2734
LiTi2NbCu2O9,0.0392,-2.537920631333334,0.083219418,634.6102404700881,4.88438643125131,60.0,3.7576,3.7184
LiTi2P2O9,0.043499999999999,-2.9977018776275512,0.049960113505091,688.848252527784,2.975812389118698,56.0,4.0923,4.0488
LiTi2P3O11,0.077599999999999,-2.8557530493487397,0.11135198150839,412.7840925212733,2.989646168677526,34.0,4.9448,4.8672
LiTi2P4H3O16,2.6125,-2.612677450858516,0.05676403644231,293.7804647232307,2.744674149453761,26.0,3.3721,0.7596
LiTi2V3O10,1.4546,-2.808526489062501,0.082766326718742,380.7766175782156,3.623873719224081,32.0,3.5729,2.1183
LiTi2V3O12,2.3451,-2.7419693500000006,0.0125232009722185,1034.2732011464961,2.8739682935065596,72.0,1.7068500000000002,-0.63825
LiTi2VO6,1.7080999999999995,-3.0553644975000003,0.05362522125000001,356.59828269043834,3.540342007016383,30.0,4.15065,2.4425499999999998
LiTi3MnCr(PO4)6,2.249349999999999,-2.9010390805311523,0.000216078333321,679.1141114360223,3.0329639524810936,54.0,3.53425,1.2849
LiTi3Nb(PO4)6,2.5218,-2.980011906891156,0.012087736571405,476.8247247590898,2.832230411768306,35.0,2.969,0.4472
LiTi3Sb(PO4)6,2.488699999999999,-2.847361820891157,0.005811325142856,470.2233009474368,2.9738850604617197,35.0,3.3541,0.8654000000000001
LiTi3V(PO4)6,1.2387,-2.883943482891156,0.014664702642848,463.47508045721344,2.7634563709813182,35.0,1.815,0.5763
LiTi3V5O16,0.891699999999999,-2.791455048533334,0.085331370199998,279.7479332665935,3.9250144711464,25.0,3.7329,2.8412
LiTi3VO8,1.6197,-3.101722933141026,0.099358877884617,627.7371846169033,3.486250401409463,52.0,3.7102,2.0905
LiTiAlO4,2.4977,-3.227161415952381,0.045972883571422,141.55353448272385,3.42040543088911,14.0,5.0361,2.5384
LiTiAsO5,3.222699999999999,-2.559215438333333,0.0,368.6732191414317,3.778513811404252,32.0,4.1053,0.8826
LiTiCoO4,1.033075,-2.430728733452381,0.07024347214285374,222.46199679461938,3.975733282894396,21.0,3.0061,1.9730249999999998
LiTiCrO4,1.8206999999999995,-2.874309587559523,0.0121070808928585,295.6339054957658,3.838334282928738,28.0,4.32225,2.50155
LiTiCrSO8,0.9273,-2.291365708125001,0.082679305336807,497.273154715786,2.673411533048487,36.0,1.3643,0.437
LiTiFe2O5,1.4659,-2.310862949074075,0.08018071333333,192.76712453148977,4.246725972765161,18.0,4.4776,3.0117
LiTiFe5O8,0.7965749999999998,-1.8621916451111111,0.1650423073333345,167.4585262111681,4.582322703148029,15.0,4.1514500000000005,3.354875
LiTiFeO4,1.7707666666666664,-2.5788275610714275,0.062224509676872444,208.28262399213952,3.890330738136292,19.444444444444443,4.0235111111111115,2.252744444444444
LiTiH6(OF3)2,0.184233333333333,-2.189352400677083,0.11133648966145766,172.76878501750107,1.992801892072153,16.0,1.6102666666666667,1.4260333333333335
LiTiMn3O8,0.626899999999999,-2.253139008496906,0.09322786442949,454.6199599309747,3.809107931045445,39.0,2.4972,1.8703
LiTiMnO4,0.7153333333333333,-2.7013358432758636,0.04825965452380567,300.3632604128621,3.845633029940556,28.0,3.3700666666666668,2.654733333333333
LiTiNiO4,0.6869000000000001,-2.342190586666667,0.046163251763488,145.604266378075,4.048563014178486,14.0,2.938,2.2511
LiTiO4F3,1.370299999999999,-2.179245595185184,0.170448927638887,268.0490863817139,2.178139207421101,18.0,-0.648,-2.0183
LiTiP2O7,0.1590399999999994,-2.829569694018398,0.087010380968622,473.36385609386645,2.8922425285291813,39.6,4.85322,4.69418
LiTiPCO7,2.7891,-2.6658784510281377,0.031917360454548,292.5877908372387,2.3888669787718664,22.0,2.27245,-0.51665
LiTiPO4F,0.1648,-3.01871684516369,0.057876093842263,186.4640691618356,3.006070541609786,16.0,4.5216,4.3568
LiTiPO5,3.0898,-3.0395167150074407,0.0066812689062505,339.85638608446743,3.2401596038478715,32.0,4.49155,1.40175
LiTiRhO4,1.0782,-2.420648552380952,0.000864951428568,153.256076838576,4.80450694867572,14.0,4.5842,3.506
LiTiSi3O8,0.6163000000000001,-3.103055708974359,0.08960903271795,309.21975050482035,2.8682712811228592,26.0,5.4903,4.874
LiTiSiO4,0.048299999999999,-3.046442485595238,0.077508025642851,268.3624082225974,3.635656896975306,28.0,6.4937000000000005,6.4454
LiTiSn(PO4)3,2.5122,-2.766100674477513,0.007496223749999,468.5398994070166,3.249432499342577,36.0,3.9549,1.4427
LiTiV2CrO10,0.59155,-2.3454933946111116,0.141227553345699,224.35551561834515,2.731756177629962,15.0,0.48665,-0.10490000000000001
LiTiV2O6,1.2254999999999994,-2.7376762106666677,0.0792352060000075,167.467445862149,3.7555334723262006,15.0,3.8747499999999997,2.64925
LiTiV3O10,1.8755,-2.533925881111111,0.069854089666669,204.79266645337103,2.980859499216585,15.0,1.6848,-0.1907
LiTiV3O8,0.5406499999999996,-2.6167678458974364,0.132195130769243,152.85204496079857,3.64747089417847,13.0,2.9213,2.38065
LiTiVO4,0.8950333333333332,-2.8875219739682536,0.05043957341269434,356.82489323935073,3.693887715232091,32.666666666666664,4.1031,3.208066666666667
LiTiVO5,1.917399999999999,-2.748221734583333,0.084771993437501,204.28356904864611,3.019717358284142,16.0,2.377,0.4596
LiV(WO4)2,1.8383,-2.322173241111111,0.004183370729169,274.9224926033024,6.6870060558748285,24.0,4.4435,2.6052
LiV2Zn2(SiO5)2,1.2172666666666665,-2.5178331652941175,0.11223763982842568,187.91480311951796,4.02822780592857,17.0,4.224833333333334,3.007566666666667
LiV3Zn2O8,1.2013249999999995,-2.317175081755953,0.002821367767847,301.9998970371313,4.603093471170877,28.0,3.964,2.762675
LiVTe(WO6)2,1.793899999999999,-2.011237426470588,0.05030554477941,205.6072245131412,6.018073972176782,17.0,3.526,1.7321
LiVTe2WO12,1.389999999999999,-1.796778548039215,0.064957490882353,200.44643688568067,5.707114513993044,17.0,4.0661,2.6761
LiVWO6,2.7988999999999997,-2.2583767387037037,0.06420391624999801,165.51210581670094,5.091192513894425,13.5,3.1089,0.31
LiVZnO4,3.35,-2.289123346190476,0.0,574.9372965784495,3.245580370059555,42.0,2.418,-0.932
LiW3O9F,2.5627,-2.305504829523809,0.024483960982143,373.289339202887,6.418627221590346,28.0,2.9355,0.3728
LiY(WO4)2,3.7774,-2.654157191944444,0.0,306.1422367221643,6.416922299236636,24.0,4.8249,1.0475
LiY3WO8,3.08085,-3.2283277929487184,0.08218946622595899,197.10890488092224,4.932639751325382,13.0,3.8596000000000004,0.77875
LiZn2(FeO2)4,1.2490499999999995,-1.6046842855555545,0.16463340583333,159.5274021035284,5.0920373447801515,15.0,3.9641,2.7150499999999997
LiZn2AgWO6,2.3238,-1.7342100210606055,0.106886741950756,142.8772426363609,6.114769628208852,11.0,3.2294666666666667,0.9056666666666667
LiZn2CrO4,1.4076,-1.979870222916667,0.119890259999999,77.31944833349671,5.449680263984546,8.0,4.3898,2.9822
LiZn2Fe9O16,1.4590999999999998,-1.68257197797619,0.077464567767859,468.260741048569,4.767426177226343,42.0,3.8508,2.3917
LiZn4Fe13O24,1.4592,-1.6706653331746022,0.084367667797622,470.9741772575704,4.860419648264005,42.0,3.8573,2.3981
LiZn6Fe17O32,1.380199999999999,-1.661163111130951,0.091368117455359,622.1618938933024,4.96628421242788,56.0,3.9015,2.5213
LiZnAsH2O5,3.292399999999999,-1.761568403083334,0.021856746333338,489.50402796983553,3.111196759578274,40.0,2.2957,-0.9967
LiZnAsO4,3.1119,-1.9991775020238087,0.0,566.2646905139296,3.717209630545015,42.0,2.7631,-0.3488
LiZnBO3,3.3525666666666667,-2.3964591724999997,0.037943557500000336,292.62182556189254,3.5259861132698567,28.0,3.8432999999999997,0.4907333333333333
LiZnCr3(SO4)6,2.319,-2.0073026070952382,0.010758301249994,450.68715827265646,2.96493663921446,35.0,2.7411,0.4221
LiZnFe7O12,1.396199999999999,-1.695330738492063,0.069709352023811,466.8859836332186,4.661014524904461,42.0,3.7928,2.3966
LiZnFeO3,1.7135999999999991,-1.8228102997222224,0.070780569583328,57.53613381410305,5.085077367460376,6.0,4.2711,2.5575
LiZnIO4,2.8646000000000003,-1.4055240569047611,0.096098453214292,203.82247512788388,4.289422413539467,14.0,4.6688,1.8042
LiZnP2HO7,4.4957,-2.417495878343253,0.0,1128.344312188926,2.911546808224983,96.0,4.868,0.3723
LiZnPH2O5,4.2954,-2.145373438797619,0.020875342499987,654.4846628347924,2.805312823822206,60.0,3.9816000000000003,-0.31379999999999997
LiZnPO4,4.286975,-2.5450432547034434,0.00102515000743925,915.6388446121969,3.199255100562868,73.5,4.395775,0.1088
LiZnPS4,2.731199999999999,-0.946639962568026,0.0,153.98989737362206,2.497266967183973,7.0,4.3561,1.6249
LiZnSO4F,4.2073,-2.200974691041666,0.0,365.516054490031,3.40563199346731,32.0,4.5882000000000005,0.3809
Lu(CuS)3,1.545399999999999,-0.990218787872022,0.00516212205356,236.16009441865785,6.4942126894347645,14.0,6.9335,5.3881
Lu10Ti6O27,2.4665,-3.808818687945737,0.080922227790695,525.9115259432976,7.795287426623176,43.0,5.0107,2.5442
Lu2(WO4)3,4.35605,-2.7641847546078426,0.03890837779413,924.5396085688064,6.556099375946065,51.0,3.6599000000000004,-0.69615
Lu2CdS4,1.2348,-1.938034772797619,0.0,336.7363374718067,5.824869883615719,14.0,3.0662,1.8314
Lu2CuTe2(SO7)2,0.6058,-2.300087497698412,0.008943035396845,301.86309482640166,5.263334481809021,21.0,3.0975,2.4917
Lu2MgW2(ClO4)2,2.8495,-2.739066017888889,0.127737149999989,252.8190729534899,6.179394135480552,15.0,4.5069,1.6574
Lu2Ti12(CuO4)9,0.074899999999999,-2.7114665409039542,0.069602568983048,613.6183436972451,5.607752065335776,59.0,4.568,4.4931
Lu2Ti2O7,2.508,-3.782793325454544,0.023670761818186,253.248116348044,7.313164174978167,22.0,5.4431,2.9351000000000003
Lu2TiO5,3.0258249999999998,-3.8732376369270836,0.045129688593749,459.39568868553425,7.678023286933508,36.0,4.756125,1.7303
Lu2WO6,3.2494666666666667,-3.321169274074073,0.026130547962962002,435.4798672109323,9.610585200881474,36.0,5.345366666666667,2.0959
Lu2ZnS4,2.3855999999999997,-1.956923562440475,0.0,630.1673553030956,5.729741540082126,28.0,4.5699000000000005,2.1843
Lu3Mg2MoS8,0.5636,-1.8437138328571407,0.101476562589285,319.9646727333701,4.8055649609792255,14.0,4.1268,3.5632
Lu3Mg2WS8,0.1244,-1.78375988642857,0.153652904821429,319.40893491258186,5.27089952713308,14.0,4.1668,4.0424
Lu6MgWO12,2.989,-3.58247752475,0.14377981631250902,255.55233919000386,9.42246652333592,20.0,6.1764,3.1874000000000002
Lu6WO12,3.4519,-3.776021891578945,0.0,237.22352452820343,9.979289721846396,19.0,5.2291,1.7772
LuAg(WO4)2,3.171799999999999,-2.375720084027777,0.014401884739591,310.21217540062355,8.334598287671167,24.0,4.8706,1.6988
LuCu(WO4)2,1.096499999999999,-2.394680906388888,0.036550009947918,298.3849546749968,8.17164652061388,24.0,5.2113,4.1148
LuCuPbS3,1.5137,-1.34434975736111,0.0,253.64084115592087,7.095540305412624,12.0,6.5399,5.0262
LuCuS2,1.639599999999999,-1.5783346853645763,0.004526200208318666,237.01309052147226,6.40233254420149,12.0,5.777333333333334,4.137733333333333
LuTaTiO6,3.3524,-3.662955973592592,0.008989045277781,422.4010452881088,7.858894932535967,36.0,5.5137,2.161299999999999
LuTiClO3,3.0696,-3.5472499799999992,0.0,176.22277482416283,5.772222581659833,12.0,4.5065,1.4369
LuTl(WO4)2,2.775,-2.509048591666667,0.0,322.92111988326394,8.999188579219984,24.0,5.3179,2.5429
LuWClO4,3.5573,-2.757886050238095,0.041176225654764,243.85618936477996,6.241011551509634,14.0,3.8227,0.2654
LuWO4,2.01785,-2.9742526652777785,0.045388832499997,142.29720762585822,9.872355565699664,12.0,5.80495,3.7870999999999997
LuZn4FeO7,0.7772000000000001,-2.189462340512821,0.037717921394229,324.9540997712608,6.177503494620785,26.0,1.9993,1.2221
LuZnFeO4,1.1464,-2.55242496095238,0.048710571875,87.63336185357711,6.825677403719761,7.0,2.8321,1.6857000000000002
Mg(CuS)2,0.013799999999999,-0.7279118759999991,0.119815198624998,88.53844667033098,4.042210100428909,5.0,5.6596,5.6458
Mg(WO3)2,1.107299999999999,-2.281041155555555,0.106068558333333,220.8718518249324,7.337396520009543,18.0,4.5813,3.474
Mg(WO3)4,0.7079,-2.211387648088235,0.08336954470588351,225.59991827307553,7.0070266393283065,17.0,3.005675,2.2977749999999997
Mg10TiSn(BO5)4,3.2487,-3.015660785277779,0.0,721.725138527632,3.556374841235419,72.0,6.2359,2.9872
Mg14MnZnO16,1.7349999999999994,-2.879247194622845,0.0182401340625,313.98572236462655,3.7898368801823574,32.0,7.5499,5.8149
Mg14NbZnO16,1.0607999999999995,-2.8018536820312496,0.1367835705745175,319.1804295080983,3.9256874320167685,32.0,8.8834,7.8225999999999996
Mg14TiCdO16,0.2952499999999995,-2.842832905885416,0.151881907109375,322.94114918124626,3.890091339658291,32.0,8.698,8.402750000000001
Mg14TiCoO16,0.2589,-2.8816723815104166,0.1130424314843755,312.07378305166424,3.7409731141483267,32.0,7.557600000000001,7.2987
Mg14TiCrO16,0.11679999999999899,-2.889567996354167,0.105146816640624,315.058192909888,3.669061500059657,32.0,8.5613,8.4445
Mg14TiCuO16,0.4635,-2.8879412029166662,0.106773610078125,313.21809729138965,3.751760633423502,32.0,7.8954,7.4319
Mg14TiFeO16,0.142599999999999,-2.874906876666666,0.119807936328125,314.5976296570523,3.694660754465432,32.0,8.6839,8.5413
Mg14TiNbO16,0.1111,-2.830681701979166,0.164033111015625,319.71168567383063,3.8280547863305747,32.0,8.7345,8.6234
Mg14TiNiO16,0.0904499999999995,-2.869953324947917,0.12476148804687501,311.2159430625984,3.7500052114177107,32.0,7.9087499999999995,7.8183
Mg14TiSiO16,0.20849999999999952,-2.813217809010416,0.197931223090278,318.64961922198125,3.503020157765264,32.0,8.6735,8.465
Mg14TiVO16,0.137500000000001,-2.913083967916667,0.081630845078125,313.9170021097358,3.676733195945912,32.0,8.7178,8.5803
Mg14TiZnO16,0.141649999999999,-2.891484592291666,0.103230220703125,314.07286403624823,3.7514034003658003,32.0,8.68,8.538350000000001
Mg14VZnO16,3.1863500000000005,-2.8878699240625,0.027163457760416,313.0268847121338,3.780244886642123,32.0,9.1713,5.9849499999999995
Mg14ZnCdO16,2.4818,-2.817097087499999,0.037489090000001,320.16557824323263,4.014770402032449,32.0,7.0135000000000005,4.531700000000001
Mg14ZnCoO16,2.7300500000000003,-2.8238744859375,0.026066678984374998,309.88133167393846,3.861442894552884,32.0,7.0920000000000005,4.36195
Mg14ZnCrO16,2.0119499999999997,-2.8588079226562497,0.048785585859373995,312.9864032352033,3.786339599152031,32.0,8.524650000000001,6.512700000000001
Mg14ZnFeO16,2.4189,-2.8519646678124992,0.013054771562497,311.8379202334696,3.820769107092638,32.0,7.5755,5.1566
Mg14ZnNiO16,4.23755,-2.8329829768750003,0.016334219062499503,309.3646806745215,3.866603620227648,32.0,8.22915,3.9916
Mg14ZnSiO16,2.8474500000000003,-2.7896242668749993,0.19197885812499899,317.18852728586273,3.610991436193061,32.0,9.255700000000001,6.40825
Mg14ZnSnO16,2.6568,-2.7585378764062494,0.11377024203125,328.3077515694929,3.9470632503004635,32.0,9.225999999999999,6.5692
Mg2AgWO6,0.0556,-2.145787471166667,0.087787500999999,119.50761508454538,6.06252110474629,10.0,2.6836,2.628
Mg2Al3MoS8,0.8658,-1.321667652857142,0.096142207976189,273.68626405613924,2.9245314994833222,14.0,5.7341,4.8683
Mg2Al3WS8,0.4324,-1.265116464285713,0.144020770178573,273.4927273023079,3.460294880588013,14.0,5.6839,5.2515
Mg2BiWO6,2.1138999999999992,-2.2993906315000006,0.12272350366666648,196.52316176846776,6.697009536865489,15.0,6.10515,3.991249999999999
Mg2CoWO6,1.2239333333333322,-2.3467626939999993,0.052664154250003,218.69684954391036,5.883524373392944,20.0,4.9775,3.7535666666666665
Mg2Cr3MoS8,0.3342,-1.103643943571428,0.112757187738093,273.68399402904413,3.379872735362145,14.0,4.888,4.5538
Mg2Cr3WS8,0.018299999999999,-1.062539698571427,0.143491293809522,273.66059065024814,3.913528253860587,14.0,5.0051,4.9868
Mg2CrWO6,1.2723999999999993,-2.5529013326666647,0.053492770083331004,215.48339837196008,5.864266585022133,20.0,5.983433333333333,4.711033333333334
Mg2CuWO6,0.2642,-2.2545116655,0.079107942000001,220.73635459867447,5.897702670624808,20.0,4.0628,3.7986
Mg2FeO4,0.014299999999999,-2.247920941071428,0.136720100714286,297.8941940358155,3.755992950123928,28.0,2.9145000000000003,2.9002
Mg2FeWO6,2.6975499999999997,-2.4196903957500004,0.0279869307499965,165.92422405799581,5.757135030032103,15.0,5.91905,3.2214999999999994
Mg2Ga3MoS8,0.3632,-1.036451755178571,0.178561542202378,283.69144711500604,3.5719289734248623,14.0,4.2948,3.9316
Mg2In3MoS8,0.655899999999999,-1.0362119278571411,0.11459031035714,314.4206460318295,3.937310551046242,14.0,5.2623,4.6064
Mg2In3WS8,0.0975,-0.9764076735714272,0.164024425714284,302.922997937825,4.568597037739903,14.0,5.589,5.4915
Mg2IrWO6,1.1793,-2.147282815999999,0.18691172925,216.82219476279624,7.975031497071933,20.0,6.5998,5.4205
Mg2MnWO6,2.4749666666666665,-2.4994580246264357,0.05211654766666734,193.38514045074726,5.407025467727391,16.666666666666668,5.6325,3.1575333333333333
Mg2MoWO6,2.1835499999999994,-2.4105304912499994,0.037763406000001,170.63511190813068,6.17300732298166,15.0,6.6308,4.44725
Mg2Nb2WO8,0.3563,-2.693539959615385,0.161692246538464,309.848488181776,5.855007964338171,26.0,5.08,4.7237
Mg2NiWO6,2.5452,-2.306627134499999,0.084968034,217.16493047858307,5.920484128988864,20.0,6.0792,3.534
Mg2SbWO6,2.22615,-2.2753666135,0.17258721524999449,199.8420291308327,5.4625884395108555,15.0,5.98095,3.7548
Mg2Sc3MoS8,0.4289,-1.76690564392857,0.093654325267858,301.2938297787946,2.953746343051704,14.0,4.4199,3.991
Mg2SnS4,2.1256,-1.242619582142854,0.011135338571429,611.9435185644455,3.208283917816758,28.0,5.349,3.2234
Mg2SnWO6,1.9612999999999994,-2.335854569249999,0.143006437057689,197.48191311216496,5.5418485233675225,15.0,5.9292,3.9679
Mg2Ta2TiO8,0.037199999999999,-3.150392669846153,0.083770539451291,300.75850207503174,6.474875345267118,26.0,6.3656,6.3284
Mg2Ta2WO8,0.645699999999999,-2.82741869728205,0.188837862243589,309.5831527042028,7.748970659468732,26.0,6.2799,5.6342
Mg2TaWO6,2.5597000000000003,-2.7705758892333336,0.117901201875005,171.6131093368562,7.366715583230118,15.0,6.8453,4.2856
Mg2TePb4WO12,2.9206000000000003,-1.997697944333333,0.020880400062497,531.7165925208737,8.624682571452068,40.0,7.7842,4.8636
Mg2Ti3O8,2.5524000000000004,-3.3491917401923077,0.0504264478847085,218.5099203445669,3.6542963048766612,19.5,5.046250000000001,2.49385
Mg2TiO4,3.136925,-3.265479708497024,0.007585139479166001,499.6781398902359,3.4750209219640777,45.5,5.654325,2.5174
Mg2TiWO6,1.6687,-2.810826894333334,0.098799642083319,214.24457004747416,5.833362328357776,20.0,6.3281,4.6594
Mg2VWO6,0.9542499999999996,-2.6101649385000005,0.0216907565833295,220.4650233878009,5.715087498729025,20.0,5.68445,4.7302
Mg30AlZnO32,0.726399999999999,-2.96526484125,0.048364914999999,624.415050943096,3.5463018957431,64.0,9.4415,8.7151
Mg30BWO32,1.944249999999999,-2.8369745245963545,0.15348741499999852,628.4548273939047,3.793704304733854,64.0,8.28305,6.3388
Mg30MnZnO32,2.7388500000000002,-2.9587847230926716,0.0091135262499995,623.8041033803521,3.624194105059953,64.0,7.9101,5.17125
Mg30NbZnO32,0.287399999999999,-2.922327927968749,0.0661452833341355,627.7019603049625,3.702131774296895,64.0,7.8603000000000005,7.572900000000001
Mg30TiBO32,0.5093000000000001,-2.906259279257812,0.12180298376172,623.438387583165,3.46206350859738,64.0,7.852,7.3427
Mg30TiCO32,0.168449999999999,-2.8600861915364577,0.156425799960937,623.3958692216208,3.465498205443695,64.0,7.4694,7.30095
Mg30TiCoO32,0.242699999999999,-2.9620612795052086,0.054450711992187,621.9800406959956,3.598664380820119,64.0,7.56445,7.32175
Mg30TiCuO32,0.3854,-2.961147077161457,0.0553649143359375,621.6624885300791,3.6128161551426667,64.0,7.773,7.3876
Mg30TiFeO32,0.6284999999999991,-2.954632995677084,0.061878995820312,623.696954762855,3.580527355123666,64.0,8.0054,7.3769
Mg30TiNbO32,0.298799999999999,-2.932613284583333,0.083898706914062,629.8998786637543,3.642969231960704,64.0,8.6588,8.36
Mg30TiNiO32,0.42009999999999953,-2.955183314348958,0.061328677148437,620.1536156000822,3.6086165324393162,64.0,7.82775,7.40765
Mg30TiSiO32,0.1496,-2.922152178255208,0.102576922795137,627.3798594321784,3.486035642666362,64.0,8.645050000000001,8.49545
Mg30TiSnO32,0.093499999999998,-2.911044170755207,0.105467820742187,638.2421566317033,3.662487305122373,64.0,8.620800000000001,8.5273
Mg30VZnO32,1.9290499999999995,-2.964154536796875,0.012516739114581999,620.0995112961717,3.635147778173999,64.0,8.056999999999999,6.12795
Mg30ZnBiO32,0.184499999999999,-2.86190693328125,0.085226823750001,645.8171878215087,3.896738188109324,64.0,8.9254,8.7409
Mg30ZnCO32,3.0432499999999987,-2.8327615631249996,0.119537123476563,617.0997665506729,3.548058051988357,64.0,7.4209499999999995,4.377700000000001
Mg30ZnCdO32,3.5053499999999995,-2.929340436953124,0.017107236796875,629.0013060723513,3.745975672043372,64.0,7.61135,4.106
Mg30ZnCoO32,1.3170999999999995,-2.924971835859375,0.019153331601561997,618.622630105553,3.665274880147238,64.0,6.4211,5.104
Mg30ZnCrO32,1.15825,-2.942420874609375,0.0305304646484375,621.6207842871904,3.629065507466906,64.0,8.0251,6.8668499999999995
Mg30ZnFeO32,3.21515,-2.94571112078125,0.005953183906251,608.6590011010264,3.7181831093958193,64.0,7.9784500000000005,4.7633
Mg30ZnNiO32,3.89055,-2.939524876015624,0.0042883069531249995,617.3553380699823,3.6721526937270648,64.0,8.0701,4.17955
Mg30ZnSiO32,1.88715,-2.91350700984375,0.09644913765624999,625.8012122638024,3.5413767805816843,64.0,8.5731,6.68595
Mg30ZnSnO32,1.9625999999999992,-2.9017503868749994,0.0535582573437495,635.586965061309,3.7236396040899225,64.0,8.5788,6.6162
Mg3Fe4(WO4)6,1.9052,-2.113012711486486,0.117541482297287,563.9480192141443,5.250968925645053,37.0,4.0856,2.1804
Mg3FeO4,3.2759,-2.646509484374998,0.010493277499999,151.08470768698328,4.2371134720954,16.0,7.9348,4.6589
Mg3Ge3(WO6)2,1.0419,-2.217386750125,0.165166682749995,951.9951543846807,5.93406981891985,80.0,5.2244,4.1825
Mg3Si3(WO6)2,2.1308,-2.709548628125,0.171979386374996,884.9892432636045,5.380169189084577,80.0,7.2344,5.1036
Mg3Te2Pb6WO18,2.559999999999999,-1.949403998944443,0.027490603083345,395.68577746651056,8.57428029008283,30.0,7.8312,5.2712
Mg3Ti(BO4)2,2.2988,-3.127266641190476,0.012193285892812,279.1074183373016,3.21745969958247,28.0,5.1814,2.8826
Mg3Ti2(Si2O7)2,0.056,-3.139905829420289,0.112322567572469,528.1302991219117,3.175516862590285,46.0,6.4465,6.3905
Mg3Ti2O7,2.841199999999999,-3.240279457222222,0.070231973124985,249.40651948801715,3.7370446866809672,24.0,6.0665,3.2253
Mg3Ti4(PO4)6,0.0635,-2.991876554221363,0.055973193521237,428.5172547883427,3.232635851698393,37.0,5.4512,5.3877
Mg3WO6,3.8082999999999996,-2.7166018288124993,0.036120624187499,600.8014602752072,5.115966102483713,50.0,6.101000000000001,2.2927
Mg3ZnH24(CO3)8,4.7282,-1.452290413916666,0.078053613333333,607.7857819801328,1.755616517787726,60.0,3.2891,-1.4391
Mg3ZnO4,3.1550666666666665,-2.692590610208333,0.033866045416665665,78.28048463877595,4.291792440339635,8.0,6.880733333333333,3.7256666666666667
Mg4Al3(HO)17,2.5326,-1.987830883810976,0.047690432256093,391.6579516014808,1.981198885305297,41.0,3.0533,0.5207
Mg4FeO5,2.6122,-2.694354914541666,0.016753609999999666,316.55655509218076,4.052874787787542,33.333333333333336,7.619433333333333,5.007233333333333
Mg5AlH21O17,2.34015,-1.7782464457102265,0.0374673909659105,395.39052643089406,1.854943923625108,44.0,2.6858000000000004,0.34565
Mg5Ti(BO5)2,0.454199999999999,-3.065148448425927,0.058418976805555,356.74934232782164,3.267630392173409,36.0,4.2909,3.8367
Mg6AlZnO8,0.398900000000001,-2.7441043475,0.195487167499999,160.1342235770421,3.797536386445858,16.0,8.8183,8.4194
Mg6MnZnO8,4.119949999999999,-2.7183281208081898,0.038337366562499,159.75895696824264,4.097037338082112,16.0,8.8793,4.7593499999999995
Mg6TiMnO8,0.1270499999999995,-2.7848470847665228,0.16627337122306052,161.3769091493491,3.8755924253303315,16.0,8.2798,8.152750000000001
Mg6TiVO8,0.5002500000000001,-2.802232042395833,0.14888841359375,159.70419219007388,3.874611141271886,16.0,9.1859,8.685649999999999
Mg6TiZnO8,0.041799999999999504,-2.753146249895833,0.19797420609375,159.63774435493542,4.026595765344389,16.0,8.29205,8.250250000000001
Mg6VZnO8,3.15625,-2.7346248221874996,0.057132771458333,154.98069860417786,4.182255526763804,16.0,9.0587,5.90245
Mg6ZnCdO8,4.708200000000001,-2.591586909374999,0.079276275624999,166.05571269220843,4.516445093351855,16.0,8.09555,3.3873499999999996
Mg6ZnCoO8,2.6795999999999998,-2.58801626125,0.073556898593749,155.71499636010145,4.24604531278619,16.0,6.884650000000001,4.20505
Mg6ZnCrO8,1.8632999999999993,-2.6866385706249996,0.0902392764062495,159.45575455827725,4.074191089417861,16.0,8.51905,6.65575
Mg6ZnCuO8,0.011899999999999999,-2.5810674878124997,0.039376146562499,154.63945426387315,4.325108216288044,16.0,5.13445,5.12255
Mg6ZnFeO8,4.0324,-2.601814023749999,0.089915685000002,157.14634035500455,4.174738647265842,16.0,8.7074,4.675
Mg6ZnNiO8,4.2490499999999995,-2.62441756875,0.035907653124997996,154.56049745150307,4.2751940597249,16.0,8.1388,3.8897500000000003
Mg7TiAl6Si8(H4O19)2,2.570599999999999,-2.922077437622548,0.048336150121904,662.7577254888749,3.058252503132772,68.0,5.5108,2.9402
MgAl4(HO)12,3.1222833333333333,-1.9454076665517237,0.12951130646551834,242.37324110281088,2.310816303193612,29.0,6.012408333333333,2.890125
MgAlAg(WO4)2,2.391599999999999,-2.226133835128204,0.194654165641022,173.5739805332905,6.264595025612308,13.0,4.879,2.4874
MgAlCu(WO4)2,1.4844499999999998,-2.24694039576923,0.17384760499999752,145.11600274607048,6.989000357721242,13.0,6.4813,4.99685
MgAlMoS4,0.277499999999999,-1.173355821428571,0.189031840952378,279.8512033127619,3.269281348463279,14.0,5.2898,5.0123
MgAs2WO7,2.7365999999999993,-1.958959935284091,0.121246958863634,660.6361860210186,4.740151783594909,44.0,4.2415,1.5049000000000001
MgAsWO5,2.0233,-2.095575829375,0.164995279166661,448.5377435332503,5.376415252918343,32.0,4.4583,2.435
MgBi(WO4)2,2.4753999999999996,-2.174534263333332,0.0949219979166635,169.5632756617283,7.150041403023971,12.0,5.1395,2.6641000000000004
MgBi4(WO6)2,1.3350249999999995,-1.903695402631579,0.1238852904385955,282.0792640266392,8.366153698377953,19.0,5.8314,4.4963750000000005
MgBiWO5,1.6324,-2.1305074390625,0.137557937395831,500.8192284826444,6.593126774169444,32.0,4.9621,3.3297
MgCd2(WO4)2,1.5925666666666665,-1.9601774611538445,0.13898060038461602,178.8647653334081,6.9176929142087005,13.0,3.911,2.3184333333333336
MgCdS2,0.8257000000000001,-1.166759557499999,0.09663548875,78.08407213660651,4.271199237494555,4.0,4.344,3.5183
MgCo(WO4)2,2.5988749999999996,-2.139117793541666,0.101200202708334,150.82738422684363,6.379385565294721,12.0,4.372075,1.7732
MgCr(WO4)2,2.1504666666666665,-2.262298095972223,0.15936829569445202,175.16761362967296,5.435388115126444,12.0,3.4087666666666667,1.2583
MgCr2(WO4)2,1.4063499999999995,-2.165280444615383,0.1902895811538265,147.80824618312448,7.0100122976326675,13.0,5.5382,4.13185
MgCr2Cu2(WO4)4,0.20749999999999952,-1.9603278875999999,0.18871851850000249,285.9144285756206,7.2408436037392745,25.0,4.9195,4.712
MgCr4(CuS4)2,0.16244999999999898,-0.9243222239999991,0.0658078086666665,255.79645554971475,3.9984120260400795,15.0,5.3141,5.15165
MgCr4(WO6)2,1.7832499999999996,-2.233207847631579,0.17597262000001052,209.96900707667606,6.263301863524337,19.0,5.0525,3.26925
MgCrTe(WO6)2,0.554199999999999,-1.9877758726470578,0.14119878220588067,208.72438504663577,6.07479727353869,17.0,2.9654000000000003,2.4112
MgCrWO6,0.5218,-2.237397004999999,0.155495289444441,104.47264013335048,5.660623021265765,9.0,2.667399999999999,2.1456
MgCrWS4,0.137599999999999,-1.012043285714284,0.199398590476191,266.7170398760674,4.836250434993562,14.0,5.5283,5.3907
MgCu2(IrS2)4,0.37674999999999903,-0.643554264999998,0.11796780875000301,262.4863708095453,7.447485381062995,15.0,6.4298,6.053050000000001
MgCu2(RhS2)4,0.31515000000000004,-0.7235368833333325,0.09309528541666601,259.1122508807233,5.254651363131863,15.0,5.57,5.25485
MgCu2(SO5)2,0.13779999999999998,-1.6086581623333331,0.105399393750002,201.19960261866112,3.103695426753021,15.0,1.2941500000000001,1.15635
MgCu2(WO4)2,1.4566,-1.861705357836538,0.1437520722596205,313.973001273522,6.090846286852642,22.75,4.42515,2.96855
MgCu2Ag(SO5)2,0.109799999999999,-1.5587774951041662,0.091910272226565,214.22654077020283,3.746905719929207,16.0,1.7425000000000002,1.6327
MgCu2GeS4,0.7678799999999997,-0.7875039342499992,0.057961550124998,192.23656288865055,3.6410324659174016,9.6,4.62592,3.85804
MgCu2SiS4,1.673099999999999,-0.952865096249999,0.0,303.1549676281808,3.371334784326635,16.0,6.3948,4.7217
MgCu2W2(O3F2)2,0.675199999999999,-2.191449979666666,0.113947018458328,214.81237528578367,5.342074779752723,15.0,2.4254,1.7502
MgCu4(SO5)2,0.063499999999999,-1.462917809117646,0.14218799794117,222.11801226413468,3.7585652799181406,17.0,2.80795,2.74445
MgCu4Ag2(PS4)2,0.7158999999999991,-0.463315214859943,0.148591171372548,337.48152960102846,3.998762221131666,17.0,4.972049999999999,4.25615
MgCuBi(WO4)2,1.9143,-1.9538563180769224,0.141026384615382,182.3178436626713,7.218098587613901,13.0,5.5316,3.6173
MgCuW2O7,0.011,-2.013348204090908,0.180963639204545,926.955561105106,6.099971534464707,66.0,3.0638,3.0528
MgFe(Mo3S4)2,0.0903,-0.901689264062499,0.095735994387018,287.1965551790415,5.274876625541082,16.0,6.1983,6.108
MgFe2(WO4)2,1.4509999999999996,-1.926349000384615,0.18981779884614852,153.078149103124,6.855403007834397,13.0,5.121449999999999,3.6704499999999998
MgFe2W2(ClO4)2,2.5616,-1.9437226298888888,0.12552556377777732,273.6886294363694,4.265546026636667,15.0,2.7001666666666666,0.13856666666666667
MgFeO3,0.229499999999999,-2.009599506,0.1135742845,207.60205016957303,4.100057629308676,20.0,3.0494,2.8199
MgGa4(WO6)2,2.5094499999999993,-2.164202318157895,0.16074263526316,208.65180171413908,6.867161039050194,19.0,5.618499999999999,3.10905
MgGe2WO6,1.7903999999999984,-2.0676257061249994,0.16773994812499599,445.630693384354,4.958640349877946,30.0,3.49815,1.7077499999999999
MgHg4(WO4)2,1.3495,-1.530240159000001,0.170785159333338,302.10935925990344,7.268220907868734,15.0,2.0482,0.6987
MgHg8(W2O7)4,1.4121,-1.726613050777778,0.070096578777776,710.9695975275274,8.286325588850392,45.0,2.83515,1.42305
MgMn12Zn6O24,0.2225,-1.9400844525621488,0.087126655232553,490.4511167853351,4.94318158788425,43.0,3.3853,3.1628
MgMn2(WO4)2,1.5824999999999991,-2.100044560835543,0.181528653461535,160.98504288771272,6.496882922336183,13.0,5.2322,3.6497
MgMn2FeWO6,1.2830333333333328,-1.9850986494723093,0.15165288833333634,133.70696991009515,5.837132034618475,11.0,4.996733333333333,3.7137
MgMn2Zn2O6,0.6231,-2.013393565532915,0.126123976818188,120.16029546343955,4.988728695276883,11.0,3.8352,3.2121
MgMn3Zn2O8,0.6597249999999998,-1.9618973125923649,0.13001601482140124,161.85768427084025,4.599844085905731,14.0,3.0824,2.422675
MgMn4Zn2O8,0.43558888888888836,-1.9414151472630907,0.16958298818518022,177.7442791475684,4.708751493420996,15.0,3.4397,3.004111111111111
MgMn4ZnO8,0.4466499999999995,-2.0206263776231523,0.139036375357139,163.93714288935794,4.43130656833343,14.0,3.33925,2.8926
MgMnCu2SnS4,0.4965,-0.644585197547891,0.177235197222223,194.03570971575093,3.879341268738985,9.0,4.7714,4.2749
MgMnZn2WO6,1.2914,-2.01123559390282,0.12545537545454166,131.88889840364246,6.172056386341368,11.0,4.341200000000001,3.0498
MgMnZnSiO6,1.0094,-2.436551599793104,0.09536624888889,451.96888466462167,3.949326861517604,40.0,2.9963,1.986899999999999
MgMo(WO4)2,2.604399999999999,-2.201521076249998,0.09420000625,171.30465539649805,5.970413072784438,12.0,4.619,2.0146
MgMo2(WO6)2,0.7705000000000001,-2.15473907735294,0.082247795882333,216.6994988098891,5.945293801332667,17.0,3.2058,2.4353
MgMo2(WS4)2,0.016099999999999,-1.05750460730769,0.152777492692305,385.6836242106859,3.618230165567856,13.0,2.6397,2.6236
MgMo3S4,1.2065,-1.045445640625,0.046522139062498,294.5505281882784,4.965372164447146,16.0,7.1308,5.9243
MgMoWO6,1.0505,-2.279918928333332,0.102153673333333,112.25376702167986,5.918293988225031,9.0,3.8932,2.8427
MgNi(WO4)2,3.4501499999999994,-2.1318337095833324,0.09938195749999901,147.78892895664782,6.510488513679926,12.0,5.0245,1.57435
MgP2(WO5)2,1.232299999999999,-2.40410607095238,0.149890893962968,363.4167907798112,5.610357050022001,30.0,5.9757,4.7434
MgP2W2O9,1.869799999999999,-2.367450279770408,0.150760769246032,723.4421720095442,5.489762066946153,56.0,5.8377,3.9679
MgP3W3O13,0.9504,-2.300224762196428,0.173066844513897,548.0458174923951,5.3129080114362495,40.0,5.031,4.0806
MgP4WO12,1.9157,-2.465395261309523,0.169154795734127,492.6242846973149,3.532822247365763,36.0,5.5475,3.6318
MgP8(WO12)2,3.8568,-2.5235062580612238,0.053646746020389,471.3919312255634,3.606329506187814,35.0,5.5549,1.6981000000000002
MgPb2(WO4)2,2.1007,-2.027987397820512,0.10269199487179599,221.06382224760353,7.018974489078443,13.0,5.0256,2.9248999999999996
MgPb2WO6,2.9135499999999994,-2.1323548891249997,0.005178298625,337.1772223127793,8.916106267908962,25.0,7.4131,4.49955
MgPb4(WO5)2,0.894699999999999,-1.789098480294117,0.193264821617641,380.3163453908424,6.028763947772438,17.0,3.8084,2.9137
MgSb4(WO6)2,1.377949999999999,-1.9384404744736838,0.11426281210526651,300.0692638200002,5.927940014547591,19.0,5.081799999999999,3.70385
MgSc4Ti2O10,0.0537,-3.53960803362745,0.12615209544117,217.8736247673072,3.504829599522536,17.0,5.4769,5.4232
MgSi4WO10,2.2137,-2.8616850703125003,0.179919233333333,833.787207055674,3.827631148606767,64.0,5.5839,3.3702
MgSiSn3S5O24,0.5285000000000001,-2.042419591495098,0.045382713370103,1518.5847363091368,3.125699661515684,102.0,2.1911,1.6626
MgSn(SO4)3,2.243,-2.052149200441177,0.0,1472.5948355641442,2.9174179254254917,102.0,2.5147,0.2717
MgSn2WO6,1.978399999999999,-2.023034342499999,0.166779369538454,129.48288408610426,6.945194865018439,10.0,7.2527,5.2743
MgSn3P2(SO6)4,1.4649,-2.142738871841737,0.01291043183212,1497.0918715215976,3.176553137716105,102.0,2.7016,1.2367
MgTa2Zn2O8,3.8137,-2.836145986128204,0.017379279230764,301.9623769834552,7.094068405356701,26.0,5.6991,1.8854
MgTe(WO4)3,1.46065,-2.0904647953921565,0.1092069838235285,231.48301286838546,6.423298349307643,17.0,3.79225,2.3316
MgTe2(WO6)2,1.1124,-1.89503243107843,0.125764841911763,222.56251546812297,6.261106088743084,17.0,4.2474,3.135
MgTe3WO12,0.9313999999999996,-1.7192881595588227,0.10600642404411662,229.98873525487835,5.659155569720459,17.0,4.6119,3.6805
MgTeWO6,2.528299999999999,-2.08707701574074,0.120426916944443,125.66470289329172,5.705050382981077,9.0,5.3581,2.8298
MgTi(BiO3)2,2.7861,-2.494375604833333,0.010611021500002,129.46184372696607,7.517971370218285,10.0,7.4363,4.6502
MgTi(CoO3)2,1.0380500000000001,-2.1498555518333333,0.187361056249999,109.55876878764529,4.335481874775942,10.0,3.58115,2.5431
MgTi(FeO2)4,1.3402499999999995,-2.1274364066666664,0.141615186428566,157.9173901290868,4.453879490370733,14.0,4.4887,3.14845
MgTi(GeO3)2,1.6237999999999995,-2.541889943958333,0.1168940176250085,381.56566956968976,4.209181769508743,30.0,4.8427500000000006,3.21895
MgTi(PO3)4,0.207399999999999,-2.725434473439153,0.137957211730159,453.8833595197845,2.839445528316485,36.0,6.3048,6.0974
MgTi(SO4)3,2.2063,-2.324109869852942,0.0,1421.0346807942196,2.526573914147064,102.0,2.1295,-0.0768
MgTi(Si2O5)2,0.007699999999999,-3.053921933020834,0.164600124724705,808.699853729592,2.829573865349147,64.0,6.0451,6.0374
MgTi(SiO3)2,0.1751,-3.012164740333333,0.173771745726195,891.1149951241455,3.3443435688181262,80.0,7.7709,7.5958
MgTi(WO4)2,1.67645,-2.523874566944444,0.1434715814583395,162.17500619640157,5.817260218824005,12.0,3.75235,2.0759
MgTi2(Bi2O5)2,1.0396,-2.254275718333334,0.17424020112745,308.3762813828725,6.009172305801396,17.0,4.333,3.2934
MgTi2(CuO4)2,0.223499999999999,-2.312563503974359,0.121262704326921,647.5575808630905,3.847761054236834,52.0,1.8679,1.6444
MgTi2(Fe2O5)2,1.2139999999999997,-2.3570066062745094,0.14018442264705333,196.71285852176376,4.254506915988518,17.0,4.5377,3.3237
MgTi2(HgO3)2,1.6097,-2.44468645878788,0.159901557727267,171.23866961860807,5.985273574537111,11.0,3.2152,1.6055
MgTi2(PO4)3,0.181,-3.035696571699736,0.011985225281739,448.912880185191,2.995861554098542,36.0,4.568,4.3870000000000005
MgTi2(PO5)2,2.8139000000000003,-3.080805542896825,0.0665014971666665,348.24880737167234,3.2645165298826067,30.0,4.8955,2.0816
MgTi2(SeO3)4,1.208699999999999,-2.022203403739035,0.112027721879118,272.5972426560372,3.824710927219538,19.0,3.9512,2.7425
MgTi2(SiO3)4,0.093899999999999,-3.1969918048245622,0.072895944780706,219.451756827236,3.211135257833745,19.0,6.1628,6.0689
MgTi2(SiO4)2,0.2338,-3.140570073205128,0.127959094423077,146.56361394871374,3.446589540563792,13.0,6.219,5.9852
MgTi2Al4O10,0.0672,-3.1991372568627447,0.167919381470605,187.61163911384466,3.434610426511593,17.0,7.20585,7.13865
MgTi2Cd2O6,0.447699999999999,-2.591566627424242,0.151341379999997,159.28925049835289,4.595796221084439,11.0,2.7236,2.2759
MgTi2CoO7,0.375399999999999,-2.605515773674243,0.179788119659101,1127.8366387176322,3.427189408403245,88.0,1.4999,1.1245
MgTi2Mn2O6,0.016799999999999,-2.699382086138975,0.172227323824452,125.78752065456652,4.302404233604457,11.0,5.7507,5.7339
MgTi2Mn4O12,1.0217,-2.4348907235995156,0.115155407839903,239.6096239653844,3.6854131881218626,19.0,2.5566500000000003,1.5349499999999996
MgTi2MnO6,2.4047,-3.155853712959771,0.002916637999998,217.75865667885964,4.132666855097931,20.0,5.9671,3.5624
MgTi2Nb2(PbO3)5,2.151499999999999,-2.556202561066666,0.019282846874996,340.8704339312145,7.705894787954597,25.0,6.5248,4.3733
MgTi2O5,2.81728,-3.375343666791667,0.047200485291666205,269.1108180809215,3.432682408591601,22.4,4.4348600000000005,1.6175799999999998
MgTi2P2(HO5)2,0.0934,-2.68908564667367,0.087949976911779,185.91690189010987,3.072445064459754,17.0,5.2079,5.1145
MgTi2P2(O4F)2,0.1269,-3.084489598063493,0.101656074409531,193.3340950256402,2.988774142453367,15.0,4.4393,4.3124
MgTi2Pb4WO12,1.9324,-2.404460150083332,0.029601336625002,259.4762367030358,8.47734383029768,20.0,6.7964,4.864
MgTi2S2(Cl6O)2,0.62055,-1.672271287719298,0.138110080131581,569.8532158707067,1.869823701509312,19.0,0.49325,-0.1273
MgTi2Tl2W2(O5F)2,1.488133333333333,-2.49088475763158,0.17132395338595133,295.01041321813676,6.161714880157156,19.0,4.024966666666667,2.5368333333333335
MgTi2V2O8,1.5279999999999991,-2.9724210316666677,0.108586020865402,143.01330295466852,4.062917006115602,13.0,4.9841,3.4561
MgTi2ZnO6,3.187699999999999,-3.079953116166667,0.016262027999998,106.12592482104944,4.403725310887476,10.0,5.7258,2.5381
MgTi3(SnO4)3,1.0522,-2.685275392105263,0.147084963092101,249.75717269017431,4.76375120904838,19.0,5.88825,4.83605
MgTi3Fe2Co(PO4)6,0.046099999999999336,-2.6524114367889307,0.139451807049566,466.88331096584017,3.2309252327852147,37.0,4.1086833333333335,4.062583333333333
MgTi3Nb2(PbO3)6,1.9854,-2.5594473011666663,0.041888836395828,391.3144097288055,7.998589437824392,30.0,6.8689,4.8835
MgTi3O7,2.8332,-3.338316207727273,0.107549207954606,574.0097846411551,3.238884675126046,44.0,3.7559,0.9227
MgTi3P2(SO6)4,2.152199999999999,-2.563393438459385,0.00303364872549,1431.2003761861336,2.58304415062152,102.0,2.223,0.0708
MgTi3Pb5WO15,1.685299999999999,-2.460648421999999,0.032718724500004,642.8261468912972,8.409492649673915,50.0,6.8149,5.1296
MgTi3SiS5O24,1.612099999999999,-2.484475679093138,0.014300674093114,1441.0348923614724,2.559203593165305,102.0,2.0487,0.4366
MgTi3V5O16,0.9381399999999995,-2.8162939578399993,0.11488490731001491,289.29167056565285,3.8964924475660654,25.0,3.9646999999999997,3.02656
MgTi3ZnNiO9,3.069,-2.9184285906666663,0.011287394333292,316.8438875923184,4.570074052281339,30.0,5.9249,2.8559
MgTi4(FeO4)3,1.4573,-2.7513847499166677,0.136634006000001,212.2337643280144,4.501213350622996,20.0,5.5283,4.071
MgTi4(PO4)6,2.4111,-3.047504249034013,0.0,452.5357988260926,2.882692242816501,35.0,3.4521,1.041
MgTi4FeO10,1.394299999999999,-3.222096965208333,0.0,378.3020997425784,3.789080674418961,32.0,4.4647,3.0704
MgTi4MnZnNiO12,2.3451,-2.9249945003132183,0.010943502500001,429.28333128254974,4.539727603380908,40.0,5.8432,3.4981
MgTi4O8,0.24684999999999901,-3.231392078333333,0.148422917980785,148.44419937650463,3.859667977039859,13.0,5.6624,5.41555
MgTi4O9,2.5453,-3.2976162166666683,0.161575635357266,355.4899098043147,3.361041414794447,28.0,3.8142,1.2689
MgTi8(NiO3)8,0.08644285714285657,-2.463027942375145,0.16444632845818585,428.2395693694769,4.889127728834701,41.0,6.268442857142857,6.182
MgTiAs2O7,3.111499999999999,-2.393779653257576,0.073106696212124,641.1900489375915,3.460055658026076,44.0,4.2033,1.0918
MgTiBi(PO4)3,1.8678,-2.739739190681217,0.09861664152777,461.6664746008445,4.072097784915753,36.0,4.2396,2.3718
MgTiCo(PO4)3,1.4341,-2.67791947790344,0.06257517652778,443.02298285485085,3.11864754332927,36.0,2.7771,1.343
MgTiCo3O8,0.2236,-1.896692301410257,0.148651087884612,146.4979476688913,4.272879472126737,13.0,2.4049,2.1813
MgTiCo5O12,0.5931333333333334,-1.6053631858771924,0.13274523627192433,213.72978946272653,4.342473434215763,19.0,2.2815333333333334,1.6884
MgTiCr(PO4)3,2.4548,-2.896806376792327,0.002181689305542,444.3270932980462,3.057643621328615,36.0,4.0753,1.6205
MgTiFe(PO4)3,2.379099999999999,-2.8071811542923277,0.010278105000008,444.13753994207286,3.087729085931335,36.0,3.9254,1.5463
MgTiFeO4,1.8842999999999996,-2.7213101033333333,0.10896608285713999,84.3486654321463,3.8019270948538386,7.0,4.774,2.8897
MgTiMn3O8,0.5904599999999992,-2.381864893702033,0.1133049162852634,153.91187828102258,3.9394100038930104,13.0,3.0773,2.48684
MgTiMn5(PO4)6,0.6047333333333333,-2.615575255743576,0.06433400948198083,480.0773380992063,3.1714071389911123,37.0,2.2642333333333333,1.6595000000000002
MgTiMnO4,1.3511499999999996,-2.860220800180624,0.122611022857138,85.59283799473438,3.726112560104017,7.0,4.7578499999999995,3.4067
MgTiMnV4O12,1.16315,-2.565874341119177,0.1351711189473735,265.2738513359155,3.2831119816668597,19.0,3.0202499999999994,1.8571
MgTiMo(PO4)3,1.0933,-2.814709046792327,0.003548416071408,465.3277812603478,3.23328004167025,36.0,3.8736,2.7803
MgTiNb2(PbO3)4,2.4293,-2.515725165166666,0.0209841483437415,411.21938067256826,7.754016260184339,30.0,6.8026,4.3733
MgTiNiP2O9,3.0266,-2.770621761794218,0.046853514047626,658.060620715874,3.399577691905646,56.0,5.1505,2.1239
MgTiO2,0.206599999999999,-2.824119149583333,0.149013574999999,178.14449737658185,3.8840308973071753,16.0,6.5169,6.3103
MgTiO3,2.9404499999999993,-3.321482782166666,0.041453863499999,152.20507509351438,3.923226906410563,15.0,6.156499999999999,3.21605
MgTiP2O7,0.072599999999999,-2.789541122056276,0.190496835467525,514.6689112530748,3.176287523533411,44.0,6.8095,6.7369
MgTiP3WO12,0.8862999999999991,-2.7732097931812163,0.049880670879622,469.3227131152832,3.827766578709744,36.0,3.7887,2.9024
MgTiPO5,0.158499999999999,-2.951406969122025,0.181993045383927,181.30248414445387,3.354788132122005,16.0,6.4876000000000005,6.3291
MgTiSb(PO4)3,1.2099,-2.736100590403438,0.082512442638884,454.20318508749057,3.501264010459721,36.0,4.5578,3.3479
MgTiSiO5,2.9476499999999994,-3.254254365416667,0.080664801041665,176.25460899753887,3.3968059976723577,16.0,5.754049999999999,2.8064
MgTiSnO4,1.5509,-2.719630219047618,0.148096642857142,97.82576142546408,4.3264425128125055,7.0,5.0993,3.5484
MgTiV(PO4)3,1.431699999999999,-2.899686340958994,0.034142490138886,447.54112893386366,3.027859130701781,36.0,4.0187,2.586999999999999
MgTiV2CrO10,1.2762,-2.517692975888889,0.126374105111114,214.66892371704049,2.986193618152554,15.0,1.833699999999999,0.5575
MgTiV3O8,0.963633333333333,-2.7327717739743593,0.118684554839755,158.3169261039911,3.702983549583742,13.0,4.060266666666667,3.096633333333333
MgTiV4CoO12,1.3090666666666662,-2.460314910789474,0.15404034793859567,255.178613635117,3.438283376657999,19.0,3.1564666666666668,1.8474000000000002
MgTiV4FeO12,1.4687000000000001,-2.524789990701755,0.1229110205591915,250.64491314485986,3.4701644833296488,19.0,3.4251,1.9564
MgTiVO4,0.9663,-2.904185058333333,0.127915102857144,77.82374727147096,3.992422650385523,7.0,5.9366,4.9703
MgTl6(SbS4)2,1.6083499999999995,-0.6054078252941191,0.0725571217647,558.9306001520434,5.202544536068455,17.0,3.85905,2.2507
MgTl6WO12,0.20483333333333298,-1.4396031922500017,0.08170962312499767,304.4644631761924,8.871160711250345,20.0,5.047766666666667,4.842933333333334
MgV(WO4)2,1.943,-2.337457802916667,0.1082529145833385,162.52702639645187,5.836738443548178,12.0,3.97955,2.03655
MgV12Zn6O24,0.5692909090909086,-2.2540987433932345,0.09120319183932818,486.4870076064988,4.820305806951186,43.0,4.940809090909091,4.371518181818182
MgV2Zn2(SiO5)2,1.7921999999999998,-2.5826784933529403,0.1241823339019666,198.59465293267323,3.958354266680473,17.0,4.904400000000001,3.1122
MgV2Zn2O7,1.273299999999999,-2.194247685,0.187054885833334,147.2958387252484,4.159940361171167,12.0,3.6284,2.3551
MgV2Zn4O8,1.2841749999999998,-2.0459317716666665,0.1699906237777775,167.24370966729398,5.1226708285107385,15.0,4.308275,3.0241
MgV2ZnO6,1.913025,-2.3868104404999997,0.11257282200000675,122.4975628336919,3.9165842823403025,10.0,3.946025,2.033
MgV3Zn2O8,1.049699999999999,-2.278076513928572,0.1371874954761925,156.3942177527538,4.632943431548332,14.0,4.30555,3.25585
MgV4(WO6)2,0.9449,-2.328070694999999,0.13828322877193,215.85538933725425,6.059980056037345,19.0,4.9427,3.9978
MgV4Zn2O10,1.5314,-2.243042449117648,0.191139942745101,218.16005826675183,3.949510736933653,17.0,3.9336,2.4022
MgV4Zn2O12,1.1538999999999995,-2.246457469210526,0.1414029947368495,204.10139779669305,4.483287422658412,19.0,3.85755,2.70365
MgV4ZnO10,1.6707999999999998,-2.399629247395833,0.108410857916668,213.91871097437934,3.5200990224611775,16.0,3.3587000000000002,1.6879
MgV8Zn4O16,0.2904,-2.148980768793104,0.198379477471264,336.5240065717175,4.685018118227071,29.0,4.6438,4.3534
MgW2(BrO)4,0.7344999999999995,-1.6879222654545456,0.1228149596969665,282.89675443268425,4.552586317712423,11.0,0.8022,0.06770000000000001
MgW2(OF)4,1.345,-2.622577024090908,0.136597827613637,150.4322773969245,5.872192451926377,11.0,2.6846,1.3396
MgW2(OF4)2,3.777275,-2.7777331661538454,0.148601486971161,211.7325940070642,4.517800865691282,13.0,2.298475,-1.4788000000000001
MgW2(SCl4)2,0.4734,-1.3484165487179485,0.18124899974359066,394.7930593683097,3.1225135305230367,13.0,1.6472,1.1738
MgWBr4O,2.1868,-1.456945034285714,0.10349284113095,203.5628695710956,4.435658570605317,7.0,2.2876,0.1008
MgWCl4O,2.2573,-1.774338191428571,0.099800537857142,183.82665842414937,3.3057495799666032,7.0,2.71,0.4527
MgWO3,2.438,-2.373189851,0.081783084999997,227.32519104929565,7.484182255044539,20.0,6.7826,4.3446
MgWO4,3.4085666666666667,-2.5107216288888883,0.05160967944444367,143.12649887902418,6.339322997712697,12.0,5.1734333333333336,1.7648666666666666
MgZn(CoS2)4,0.4953,-0.825959705357142,0.067121347857144,229.810622908393,4.205108368896527,14.0,5.2995,4.8042
MgZn(FeO2)4,1.7325,-1.884332203928571,0.070689292142859,153.96279047444114,4.75729133122546,14.0,4.384,2.6515
MgZn(NiO2)4,0.427099999999999,-1.320530480357142,0.079504595753967,145.34696095713832,5.169460451162279,14.0,4.0359,3.6088
MgZn2(AgO2)4,0.002399999999999,-1.013930407444443,0.115101693999998,192.59577563783185,6.161123047538296,15.0,1.7157,1.7133
MgZn2(AsO4)2,2.705,-2.01060831576923,0.0,360.20297995011225,3.991912110940353,26.0,2.9448,0.2398
MgZn2(BiO3)4,0.144766666666666,-1.5128045992105268,0.131358108157899,272.82589115349714,7.218388755399588,19.0,3.3200333333333334,3.175266666666667
MgZn2(CoO3)2,0.8645,-1.6316773349999991,0.187558680909092,120.02779090152356,5.106547718771529,11.0,3.3283,2.4638
MgZn2(FeO2)4,1.5673499999999996,-1.690200388333332,0.1927858493333185,174.9988755646055,4.8224427946662995,15.0,4.1777999999999995,2.6104499999999993
MgZn2(FeO3)2,2.1208333333333327,-1.860547562575758,0.16842662060606037,118.25885242447761,5.095479910385343,11.0,4.7171666666666665,2.596333333333333
MgZn2(MoO3)4,0.9895,-1.9804297134210511,0.114034474605261,222.32348675515664,5.45892760340301,19.0,4.6397,3.6502
MgZn2(MoO4)2,1.207399999999999,-2.009839246538462,0.118275249038458,167.1877071771846,4.717769511778543,13.0,3.8085,2.6011
MgZn2(PO4)2,3.964,-2.601062935714285,0.000419633076923,330.1988888563593,3.4706059564959557,26.0,4.6984,0.7344
MgZn2(SbO3)4,0.6845666666666657,-1.858859282543859,0.15423165403508768,247.19003422525284,5.621355941986169,19.0,5.3081,4.6235333333333335
MgZn2(WO4)2,2.2719,-2.0802555503846154,0.1234047476923075,171.0278888982551,6.324225190119441,13.0,4.32835,2.05645
MgZn2Co2(PO5)2,2.2831,-2.1801545281932766,0.13048871852941699,200.8586099294822,4.091777879664339,17.0,4.7958,2.5126999999999997
MgZn2Co2(SiO5)2,0.89975,-2.175329704411764,0.1720281426444775,208.19815858825018,3.907250310801403,17.0,2.54505,1.6453000000000002
MgZn2Cr2O8,0.8887,-1.864901672692307,0.18022861692308,158.11065442165724,4.065582706228451,13.0,2.531,1.6423
MgZn2Cu2H6(ClO3)2,0.3686,-1.30426513486842,0.163560970263159,235.75349223949772,3.205972999554672,19.0,2.4603,2.0917
MgZn2CuWO6,0.9669,-1.85679721590909,0.192074084090909,128.51322286940032,6.441264744035614,11.0,4.7617,3.7948
MgZn2Fe2(SiO5)2,2.112399999999999,-2.3465284808823523,0.13014667598039048,204.3427504819234,3.937140162853637,17.0,4.052,1.9396
MgZn2FeWO6,1.3728,-1.910698767727272,0.138172532272729,126.0465196058808,6.465865799448448,11.0,4.6547,3.2819000000000003
MgZn2H12(BrO)6,3.6443,-1.355215636666666,0.0,455.8300211125968,2.70535173944509,27.0,1.7476,-1.8967
MgZn2Mo3O8,1.3596499999999994,-1.889387079642857,0.1393185419642845,172.86920367461727,5.484562709559693,14.0,5.10135,3.7417
MgZn2MoWO6,0.8580999999999996,-1.8567801054545459,0.1920911945454535,129.63205921718458,6.800643763741418,11.0,4.82045,3.96235
MgZn2Ni3O8,0.0998,-1.337125880357142,0.147753447142856,155.02339522431163,4.918721341490987,14.0,2.5913,2.4915000000000003
MgZn2P2(H6O5)4,4.6549,-1.612248451618075,0.018351163775503,892.1426637990216,2.089298198355004,98.0,3.298499999999999,-1.3564
MgZn2P4(H4O5)4,0.4805,-1.679816809850498,0.171950243202507,449.26960367288456,2.27358475942214,43.0,4.112,3.6315
MgZn2Te2(MoO6)2,1.0913999999999988,-1.8324503772807015,0.1096367217631555,278.79189912130084,4.730403488564969,19.0,4.5784,3.487
MgZn3Cu2H14(SO9)2,1.272933333333333,-1.4718016229375,0.07921275693749634,410.32950742712336,2.8900326746035976,40.0,3.1243000000000003,1.8513666666666666
MgZn3O4,1.4627,-2.089444236874999,0.01330739,94.81007501883072,4.983357689678351,8.0,2.5773,1.1146
MgZn3S4,2.2668,-1.199257054374999,0.013962442499998,162.84911989816956,3.556560468240254,8.0,4.0229,1.7561
MgZn4(Co3O8)2,0.084999999999999,-1.353732884259259,0.146009075224175,288.1645342910385,5.160466746812331,27.0,2.1822,2.0972
MgZn4(Se2O5)4,1.5991,-1.3720582056691917,0.12230910488242501,475.9106218921531,4.318302269815324,33.0,4.185666666666666,2.5865666666666667
MgZn4O5,0.9734,-2.027670962500001,0.012710161499997,237.0914395738822,5.125907085009825,20.0,2.1711,1.1977
MgZn7O8,1.0155,-1.9406015284374991,0.006223841249999,189.787521027612,5.338600900183842,16.0,1.9549,0.9394
MgZnCu2SnS4,0.5177,-0.692295134444444,0.186088253472222,191.5207002102053,4.021070126133787,9.0,4.7797,4.2620000000000005
MgZnH12(CO3)4,4.6456,-1.400400958499999,0.078275075000001,598.859779003372,1.895758566059894,60.0,3.2689,-1.3767
MgZnH20PtC4(NO3)4,0.64445,-1.0404652808139536,0.1436592585029265,413.77037990851795,2.4242235853521925,43.0,2.2652,1.62075
MgZnO2,9.999999999976698e-05,-2.344368486249999,0.070235654999999,39.6834255818945,5.093029554320641,4.0,5.5797,5.5796
MgZnS2,2.547399999999998,-1.342352204999999,0.020455584999999,84.1608664737633,3.035424691613054,4.0,4.1872,1.6398
Mn(CuS)2,0.301899999999999,-0.452371218896551,0.13101684,327.039056685092,4.999505264010226,20.0,5.8274,5.5255
Mn(SbS2)2,0.6558,-0.5176742761761051,0.013316094285716,344.5709392018729,4.112836594908207,14.0,5.5852,4.9294
Mn(WO4)2,0.6865,-1.932043958902821,0.158362279696966,260.8509379744634,7.010247392703691,22.0,2.1234,1.4369
Mn11ZnO16,0.661,-2.024981503115764,0.008406727321428,312.7023008683537,4.915828009674183,28.0,3.6907,3.0297
Mn2Cu10Sb4S13,0.0788,-0.380574081360948,0.029256882873559,570.4967283862425,4.800371173297119,29.0,5.2285,5.1497
Mn2FeO3,0.1081,-1.774976544310345,0.073909762500003,135.43925064661343,5.24056694993075,12.0,4.6498,4.5417000000000005
Mn2Nb2Zn2O9,1.7456,-2.439375908057472,0.034049302111101,357.94795418689966,5.293171446831628,30.0,4.3329,2.5873
Mn2Nb2ZnO9,0.7442000000000001,-2.376370183275863,0.13189505413267,336.8441126500677,4.979904436335048,28.0,2.7079,1.9637
Mn2Nb4Zn3O16,1.233699999999999,-2.493647235234483,0.052050104199979,599.770810200792,5.170231251544254,50.0,2.9728,1.7391
Mn2Ni3P6WO24,0.040999999999999,-2.256657990658866,0.077389785173609,463.69631372563146,3.722990635559545,36.0,1.2563,1.2153
Mn2Sb2H8S5N4,0.927099999999999,-0.409336553255336,0.107760335833331,615.5665257261985,3.117383351215565,42.0,4.542,3.6149
Mn2Zn(PO4)2,2.6031,-2.431135604626753,0.060534685769233,639.6452188094578,3.79257147882523,52.0,4.9311,2.328
Mn2Zn3(GeO4)3,0.137099999999999,-1.865301701543103,0.164760969000008,897.8664437240503,5.296878465442623,80.0,3.2983,3.1612
Mn2Zn3(Si2O7)2,1.7039,-2.537608858515742,0.09115733999998,540.9011323693325,3.944496166570338,46.0,3.9954,2.2915
Mn2Zn3(SiO4)3,0.6699999999999995,-2.361777817980604,0.170378608729173,835.711300323326,4.628485649968425,80.0,4.6578,3.9878
Mn2Zn3O7,0.336799999999999,-1.736770375071838,0.077916190833335,242.0033373547901,5.737685671080305,24.0,2.7234,2.3866
Mn2ZnO4,0.5456124999999996,-1.8799479670427959,0.102377233080356,217.8259242510884,5.015423822445043,19.25,3.3066,2.7609875
Mn2ZnP2H2O9,2.9569,-2.256929683915487,0.007552988281245,725.7458640332968,3.507509507832118,64.0,4.856,1.8991
Mn3Cr3(WO8)2,0.51,-2.054092540574712,0.090590237495653,283.5755023662755,5.530569554750338,24.0,2.7976,2.2876
Mn3Nb2ZnO9,1.905799999999999,-2.486674538252873,0.020812003888892,346.8022520453563,5.36301312895288,30.0,4.7032,2.7974
Mn3Ni2P6WO24,0.040699999999999,-2.325642961156952,0.063369946881955,458.37791318338486,3.752582902853324,36.0,2.1407,2.1
Mn3P6WO24,0.4858,-2.3447259974014782,0.016140543198513,452.4955421889625,3.37058735512908,34.0,1.0053,0.5195000000000001
Mn3WO6,1.8192,-2.133976629879308,0.008992960499996,234.69614330367335,6.292047018401381,20.0,4.9114,3.0922
Mn3Zn(FeO2)8,0.9949999999999992,-1.7603467097783252,0.052997561785714,316.6849497275272,4.892051246212848,28.0,4.1526,3.1576
Mn3Zn(IO3)8,2.5927,-1.135979535105364,0.002048017361111,583.6665118824528,4.6357914763297785,36.0,5.2529,2.6602
Mn3Zn(P2O7)2,2.6479,-2.47788466533475,0.066526660823862,515.9389225181004,3.721269466431738,44.0,5.2548,2.6069
Mn3Zn2O8,1.0495999999999996,-1.821451787984086,0.002383798461538,198.28509843869168,5.318762859616172,19.5,3.1143,2.0647
Mn3Zn3(AsO4)4,1.3288,-1.8186721655305047,0.03769659817308,702.6875643053373,4.33263948715313,52.0,2.9265,1.5977
Mn3Zn9(PO4)8,2.7824,-2.413636920594923,0.00394773826923,680.9930555302194,3.689960333997441,52.0,4.1773,1.3949
Mn3ZnO7,1.8874,-1.748259253526646,0.075041380113637,314.13828198397783,3.617947531315077,22.0,1.1436,-0.7438
Mn3ZnP3O13,0.146299999999999,-2.335781960636084,0.057669136104173,486.9869004497381,3.622163586157678,40.0,2.1087,1.9624
Mn4Zn3(NiO6)2,0.3174,-1.791645609844006,0.0,454.8133214866442,5.296619666082868,42.0,3.484,3.1666
Mn4Zn3H10(CO8)2,2.195599999999999,-1.65504466412069,0.00884078292857,722.6638600606219,3.244821042139159,70.0,3.2886,1.093
Mn4ZnO8,0.0387,-1.8195857901326271,0.088986821025639,155.45832609020937,4.413158991606063,13.0,2.3732,2.3345
Mn5FeO12,0.003299999999999,-1.67789142775862,0.077977863518521,220.68201678544827,3.93180292415678,18.0,0.8017000000000001,0.7984
Mn5P6WO24,0.0583,-2.453638045486453,0.044728605479171,475.8379730991302,3.5886780568664403,36.0,1.7309,1.6726
Mn5Zn4(TeO6)3,0.2265,-1.810188886988506,0.011992117814818,744.019197077684,5.388200543698265,60.0,4.014,3.7875
Mn6Zn3O16,0.0403,-1.683007745903448,0.067639037850003,571.1150015551092,4.546493352658938,50.0,1.1697,1.1294
Mn6Zn3Si(AsO10)2,0.005999999999999,-1.9063401682058192,0.095589842291666,1483.8505287291875,4.582707809339754,128.0,2.5921000000000003,2.5861
Mn7Zn4Si2(AsO12)2,0.2096,-2.037539623731211,0.072433376175196,910.9822186715376,4.50670027163546,78.0,2.9054,2.6958
Mn9FeO10,0.1508,-1.8947880305689664,0.082676698000001,229.7630376093365,5.133332295542864,20.0,4.5266,4.3758
Mn9Zn3O16,0.758999999999999,-1.9894201150492608,0.009926095178571,306.24201426193054,5.133082711629264,28.0,3.7062,2.9472
Mn9Zn6Si4(SbO14)2,1.0069,-2.291742062068965,0.0,561.588339910424,4.9992891360178575,49.0,4.574,3.5671
MnAg2SnS4,0.220099999999999,-0.5008193689457551,0.013650898958331,390.92683497930807,4.397594366099079,16.0,3.2018,2.9817
MnAg4(SbS3)2,0.080799999999999,-0.319822018053151,0.043923242820541,576.0321611507364,5.317584323772666,26.0,4.6532,4.5724
MnAl(WO4)2,1.672466666666666,-2.3889000601053634,0.06073935638887167,270.174515878715,7.1001150361126095,24.0,5.875633333333333,4.203166666666667
MnBi12W2(ClO8)3,0.8144,-1.789078247569786,0.028039666404744,673.8544499036004,8.429493282155963,42.0,5.4798,4.6654
MnBi4S7,0.421799999999999,-0.5358576370141891,0.0,296.4700776028812,6.246915555688482,12.0,5.3283000000000005,4.9065
MnBiS2Br,0.7358,-0.8459528145862071,5.059199999735144e-05,239.8048374799872,5.649769031819651,10.0,5.2652,4.5294
MnBiS2Cl,0.8539999999999991,-0.9383685105862072,0.0,458.31845752226354,5.268025673251268,20.0,5.5699000000000005,4.7159
MnCd4S5,0.42604999999999904,-0.8397229563545221,0.009635501499998,374.8225274783674,4.39935006590518,15.0,2.37505,1.949
MnCdS2,0.5016499999999995,-0.9483322406519366,0.0101513206249995,95.81961208627159,4.011581996180505,4.0,3.0690999999999997,2.56745
MnCoCu4(SnS4)2,0.0032,-0.6148537779956891,0.019580648359372,322.52663524040554,4.438011050393777,16.0,5.0971,5.0939
MnCr4CdS8,0.665099999999999,-0.980324310566501,0.003677350714286,268.64297021164737,3.905619897523021,14.0,4.7155000000000005,4.0504
MnCu2GeS4,0.2648,-0.650443175991378,0.0,308.1701518196673,4.126748134059976,16.0,4.9977,4.7329
MnFeO3,0.0017,-1.793922999836208,0.0665825984375,438.4171179541389,4.811170906761292,40.0,4.086,4.0843
MnNb2Zn2O8,2.0203,-2.515929143687003,0.023198544615384,313.27201843140733,5.296007927700005,26.0,4.4537,2.4334
MnNb2ZnO8,1.208199999999999,-2.447972801910919,0.081799837311505,289.6310386389005,4.978274083816302,24.0,2.4553000000000003,1.2471
MnP2WO8,2.327399999999999,-2.451694534768062,0.048464191203704,313.54090203134183,4.541082716641105,24.0,4.4121,2.084699999999999
MnP6(WO8)3,1.1303,-2.48712215017024,0.0,499.0745190276605,3.913782696494203,34.0,2.5122,1.3819
MnPb2WO6,1.5208999999999995,-1.9145645492097694,0.018428296989585334,473.92147435296334,8.791343805179919,33.333333333333336,6.689266666666668,5.1683666666666666
MnSb2H8(SN)4,0.8498000000000001,-0.366901241470054,0.109331267105262,550.2215037280072,2.962466783920742,38.0,3.9388,3.089
MnSb6(Pb2S7)2,0.6562999999999991,-0.6463465379172401,0.008440640733332,1248.9568644658066,5.48623841018123,50.0,6.3293,5.673
MnSbS2Br,0.6737000000000001,-0.7980574005862061,0.01376982775,235.84281131326867,4.516466604746967,10.0,5.3737,4.7
MnSnH16C6S3O11,2.7708,-1.041971005735026,0.098764826296991,1752.5274116771095,2.023988504099564,152.0,2.8551,0.0843
MnWO4,1.3476499999999991,-2.182985188821834,0.033584284166662,152.8619924012874,6.64484395681331,12.0,3.5603999999999996,2.2127499999999998
MnZn(CrS2)4,0.3357,-1.016192887709358,0.0,256.8295635828423,3.781374149579564,14.0,4.7153,4.3796
MnZn(FeO2)4,1.083899999999999,-1.7536117305665022,0.036959754285715,157.09210493673643,4.986330896273937,14.0,4.1202,3.036299999999999
MnZn(GeO3)2,1.5984,-2.049281800543104,0.031410089749999,514.296931565384,4.670374804634699,40.0,3.2078,1.6094
MnZn(Si2O5)2,3.0012,-2.86704476565194,0.076734358281251,813.1125917731847,3.207750285071652,64.0,5.2839,2.2827
MnZn(SiO3)2,2.4204999999999997,-2.712980239918104,0.033367552041670495,581.6704442845701,3.842999057943419,50.0,5.586600000000001,3.1661
MnZn2SbO6,1.1147,-1.814858134793103,0.085259085499997,437.0074256840671,6.133059892361579,40.0,5.0415,3.9268
MnZn2Si(HO3)2,0.9090499999999999,-2.019834129306753,0.0699102851041565,536.4911266294978,3.8618248882082993,48.0,3.3821499999999993,2.4731
MnZn2SiO6,0.0746,-2.179490987793103,0.080253796416666,475.9655107438312,4.323825994732374,40.0,1.9496,1.875
MnZn2WO6,2.0428999999999995,-1.967556337043103,0.078744991749995,229.50456270081702,6.738748915241052,20.0,4.87405,2.83115
MnZn3(FeO2)8,1.336199999999999,-1.749804721711822,0.017993976428572,317.72914317623184,4.985422006998688,28.0,3.9358,2.5996
MnZn3S4,0.4969,-1.005276224198738,0.001837221428571,166.05463518794832,3.794233803566176,8.0,3.6825,3.1856
MnZn4(IO3)10,0.027,-0.9258251360651332,0.152856432333333,1419.3246880279569,4.833299613545512,90.0,3.8351,3.8081
MnZn4O5,0.43816666666666676,-1.8207412202097697,0.018492023083332,493.1281774974932,5.344158345013295,40.0,2.2172666666666667,1.7791
MnZn4S5,0.592,-0.9604167607116672,0.037813665714285,412.62950638984,3.8383592633755477,20.0,3.7544000000000004,3.1624
MnZnAs2O7,0.9525999999999992,-1.802132167766457,0.029249882424233,583.7105799507883,4.348969370987591,44.0,2.9552,2.0026
MnZnAsO5,1.098199999999999,-1.821930925053879,0.017557972395832,429.82999231389846,4.253675782415307,32.0,2.3082000000000003,1.21
MnZnBiO5,0.9154,-1.5316162431007552,0.15294783976562348,666.1035537773453,6.076254569986502,48.0,3.17795,2.26255
MnZnGeO4,0.8407999999999991,-2.010442540775863,0.031578286249999,343.2023349745702,4.973544746663235,28.0,3.3066,2.4658
MnZnH22C5N10(Cl2O3)2,4.0945,-0.872966430008796,0.001626487933689,1190.5928369637545,1.619127730522755,98.0,3.0449,-1.0496
MnZnNiP2O9,0.5607000000000001,-2.153155780515481,0.068623124360118,641.6253389164555,3.985370009632796,56.0,3.1189,2.5582000000000003
MnZnO2,0.038999999999999,-1.746068600732758,0.165665838749999,216.80568866657487,4.667335600141746,16.0,2.0881,2.0491
MnZnO3,0.9575,-1.767355713586207,0.05208834300000301,146.29370853407798,5.733102356017405,15.0,3.41925,2.46175
MnZnP2O7,2.9150333333333336,-2.4862880701257644,0.02092138808712,523.3110101398338,3.7364585442408504,44.0,5.542033333333333,2.6270000000000002
MnZnPO5,2.3352,-2.287088834071736,0.030961602135416,190.03203430314,4.042605308439747,16.0,4.2914,1.9562
MnZnS2,0.4455,-1.022016536276938,0.029512005357142,83.58205721002889,3.665037094548445,4.0,3.7242,3.2787
MnZnSiO5,0.9927,-2.259726041303879,0.1079943115625,177.01286194625942,4.286851853505345,16.0,3.2845500000000003,2.29185
Mo(WO4)2,1.9572,-1.993140348181818,0.151546053409086,175.5249569428401,5.596925754064089,11.0,2.0648,0.1076
Mo(WS3)2,1.232699999999999,-0.9062888974305545,0.004811956666672499,247.59981403404038,4.399628548020331,9.0,2.8888999999999996,1.6562000000000001
Mo2SBr2,0.987499999999999,-1.010590758166664,0.0,723.6296345434791,5.2836712429028765,30.0,4.4406,3.4531
Mo2Se3S,0.4978999999999995,-0.7896860645833316,0.01430220375,335.98116451308624,4.5553225870744605,12.0,2.43775,1.9398499999999999
Mo2SeS3,0.7059666666666667,-0.9004358618055538,0.011655257777776666,248.560569874808,4.317851148877536,10.0,4.169866666666667,3.4638999999999993
Mo2W(Se2S)2,0.6100199999999997,-0.7080813110972383,0.0864032535555476,280.8202399741717,4.468532059660587,9.0,2.09472,1.4847
Mo2W(SeS2)2,0.7000599999999999,-0.8147105502638953,0.0518425818888858,269.754039729243,4.074695531629861,9.0,2.42206,1.722
Mo2WS6,1.2789999999999995,-0.9337731952083315,0.0048485044444454995,247.02071290430501,3.819239738165389,9.0,2.96745,1.68845
Mo3(Se2S)2,0.5767999999999991,-0.804766859097221,0.017238551111109,269.8813489629299,4.109001207327717,9.0,2.0151,1.4383
Mo3(SeS2)2,0.7790999999999995,-0.8773010949305565,0.0167728827777805,259.8204227804838,3.668933850169479,9.0,2.5148,1.7357
Mo3H24C8S13N2,1.2747,-0.375024952550001,0.102042961271426,752.9911044244272,1.880984198342232,50.0,2.6621,1.3874
Mo3H8C4SN2Cl6O7,1.1369,-1.028787831048386,0.19660880263441,2130.5293274532264,2.271859026623043,124.0,0.8254,-0.3115
Mo3S7Cl4,1.6862,-0.813296359977678,0.0,1407.4656461457091,3.086787999208474,56.0,3.5551,1.8689
Mo3W(Se3S)2,0.4723499999999995,-0.7146589263541827,0.06868870781249288,349.57783963183965,4.7956614038636,12.0,2.662025,2.1896750000000003
Mo3W(SeS)4,0.6214833333333327,-0.7697676850694438,0.067631374722229,341.80845476743707,4.454054643830815,12.0,3.350475,2.728991666666667
Mo3W(SeS3)2,0.5149124999999999,-0.8537720052083286,0.03767848020834212,327.64322178980893,4.166062054284709,12.0,3.6919125,3.1769999999999996
Mo3WS8,1.1963,-0.9420213756250007,0.0034805354166665,304.83598741482626,3.9666293691925296,12.0,3.8883999999999994,2.6921
MoC3S2Cl7O,0.669299999999999,-0.7870107717857131,0.149150998848851,742.4888432391041,2.058752732761319,28.0,1.5349,0.8656
MoH12C2(S2N)2,1.8155,-0.430479184642856,0.05104910890476,1117.143763634052,1.714312436775113,84.0,1.8643,0.0488
MoH8(S2N)2,1.7787000000000002,-0.575086519333333,0.0,832.3476480406252,2.077016712003626,60.0,2.408,0.6293000000000001
MoH8S2(NO)2,2.2132,-0.769435118666666,0.134385968111113,366.2192948773561,2.068950960459125,30.0,2.5133,0.3001
MoH9S2(ClO)4,1.7119,-1.1298890883125,0.079132799696965,1253.528877594861,1.9867779492649584,80.0,1.0735,-0.6384000000000001
MoS2,1.4561428571428567,-0.9613064657638883,0.004836079444443428,169.31642157671305,3.5735134458207845,6.428571428571429,3.4252857142857143,1.9691428571428573
MoS2Cl3,1.4385,-0.7789774501041671,0.0,570.066464451331,3.104310044976815,24.0,2.4293,0.9908
MoS2N2Cl5,0.5402,-0.7019046200000001,0.138750484199994,549.3887188537228,2.208546591148091,20.0,0.7317,0.1915
MoS3(NCl4)2,0.5156000000000001,-0.70068885892857,0.075487721892856,1527.97358339775,2.189916789044596,56.0,1.0487,0.5331
MoSBr,0.794999999999999,-1.107187294166664,0.017180114166663,252.31841259211956,5.473100646932685,12.0,5.332,4.537
MoSCl,0.8894000000000001,-1.000267434409724,0.021415537499999,235.627330627876,4.607757411248138,12.0,5.9038,5.0144
MoSCl7O,1.8759,-1.053019514,0.164010247931818,1116.7228426352192,2.332620226958876,40.0,1.7586,-0.1173
MoSF4,2.8691,-2.067353063052396,0.143903692537884,2953.3251820518835,2.752810301922159,144.0,0.4812,-2.3879
MoSI,0.908,-0.899989985,0.022877439722221,289.3865708210682,5.850819299324364,12.0,6.4549,5.5469
MoSO6,3.09915,-1.794866301562501,0.0036899763541665,2107.2303565265865,3.156967734476913,144.0,2.5060000000000002,-0.5931500000000001
MoSeS,0.7507142857142854,-0.8392241209821406,0.01881557297620057,258.459593171235,4.233968576659654,9.428571428571429,3.376885714285714,2.6261714285714284
MoSeS2Cl5,2.016,-1.034332540538194,0.0,1104.833854548422,2.502726026666845,36.0,1.6800000000000002,-0.336
MoW(SeS)2,0.6688363636363632,-0.7423026171401482,0.07445580848485277,325.59142645062843,4.854534180161561,11.454545454545455,3.260381818181818,2.5915454545454546
MoW11O36,0.969299999999999,-2.152346686041666,0.016329025989584,753.6056116353935,5.936467571015147,48.0,0.6133000000000001,-0.356
MoW2(Se2S)2,0.5853799999999996,-0.6409886119861239,0.1047235071111076,280.8337291445715,4.988057607220865,9.0,2.1078,1.5224199999999999
MoW2(SeS2)2,0.7776799999999996,-0.7875299428194442,0.051502343777783,267.9795248480759,4.646257475782578,9.0,2.51724,1.7395600000000002
MoW3(Se3S)2,0.547825,-0.6327571290624993,0.07743183677084213,351.0117078044069,5.607721977986092,12.0,2.5003625,1.9525375
MoW3(SeS)4,0.6922333333333331,-0.7000750943750093,0.08010399708332624,339.96587599458854,5.335467762703774,12.0,3.3115666666666663,2.619333333333333
MoW3(SeS3)2,0.5774874999999996,-0.8033700922916682,0.046799124791661,326.7331862930836,5.070963315399691,12.0,3.608625,3.0311375
MoW3S8,1.24105,-0.9006049177083315,0.003615724999999,305.7929180016799,4.908912574067645,12.0,3.84825,2.6071999999999997
MoWO6,1.2372666666666667,-2.032729662291666,0.025021577083331997,150.5036751047954,5.499562888123926,10.666666666666666,1.649,0.41173333333333334
MoWS4,1.2396,-0.9205640115416658,0.004297265333332001,281.83367027258043,4.270217960324851,10.8,3.48806,2.24846
MoWSe3S,0.49711666666666626,-0.642646753263888,0.10412154673612241,350.2818025006956,5.202709153721654,12.0,2.552566666666667,2.05545
MoWSeS3,0.5357249999999997,-0.8284893707638933,0.04232048048610509,326.9254435902435,4.621477931621328,12.0,3.6856500000000003,3.149925
Na10(WO3)13,0.323499999999999,-2.168318533851501,0.01422020849468,803.7314607225873,6.701799556739864,62.0,3.9254,3.6019
Na10Al4Si7Sn4S5O48,2.327,-2.489025529888374,0.14678142311966,3004.924031957818,3.212119468478633,234.0,5.0049,2.6779
Na10Al4Zn4Si3(S3O16)3,3.3529,-2.272088624161878,0.123779175654378,2929.474947272284,2.959360229908629,234.0,5.5612,2.2083
Na10Ca2Si7Sn6S5O48,1.2955,-2.413201366255895,0.134085796538462,3288.6225864976404,3.252598916350314,234.0,3.484,2.1885
Na10Ca2Ti6Si7S5O48,1.8249,-2.76491730672598,0.106738235448711,3155.1811760606083,2.719049569168071,234.0,3.291,1.4661
Na10Ca3Si6Sn5(SO8)6,0.9053999999999992,-2.39596486107427,0.14992801076923,3338.859312476917,3.09227766636864,234.0,3.065,2.1596
Na10Ca3Ti5(PO4)12,1.8054,-2.904325832856933,0.049733451632475,3123.5864803737813,2.757672667241958,234.0,2.9575,1.1521
Na10Ca3Ti5Si6(SO8)6,1.038799999999999,-2.682354180027262,0.134038861698717,3222.0475490117888,2.656731912388313,234.0,2.7657,1.7269
Na10Ca4Si5Sn4S7O48,0.5012999999999991,-2.376567874995212,0.167930705897434,3397.049105758417,2.9298339809807423,234.0,2.3926,1.8913
Na10Ca4Ti4Si5S7O48,1.2164,-2.600076942174699,0.161053599102565,3330.715734864151,2.564355458667773,234.0,2.5644,1.348
Na10Ca4Zn4SiS11O48,3.391199999999999,-2.246216147388374,0.077847002275634,3242.1576206356067,2.766671958556104,234.0,4.691,1.2998
Na10Ca6Si3Sn2(S3O16)3,0.9283,-2.431927747708886,0.109782251282049,3512.303578863312,2.621928697881926,234.0,2.733,1.8047
Na10Ca6Ti2Si3(S3O16)3,0.9272,-2.552305400059314,0.098300140320514,3441.277573700132,2.470938177004261,234.0,2.482,1.5548000000000002
Na10Ga4Si7Sn4S5O48,2.1873,-2.338183828734528,0.147585136303419,3078.5189516815576,3.411985291054609,234.0,4.3282,2.1409
Na10Hf2Zn6Si3(S3O16)3,3.094,-2.264250264674698,0.093305099380337,3170.078318852302,3.331699318096277,234.0,4.6557,1.5617
Na10Hf4Si9Sn4(SO16)3,2.8327,-2.7595629966618773,0.081506303418803,3254.921911058976,3.880755135489588,234.0,4.4511,1.6184
Na10Hf4Ti4Si9(SO16)3,2.6141,-2.990497551319998,0.06943264991453,3167.775691369893,3.541887174456464,234.0,3.7953,1.1812
Na10Hf4Zn4Si5S7O48,3.568699999999999,-2.510495117943929,0.116423342232903,3233.983364187268,3.6019825333911117,234.0,4.992,1.4233
Na10Hf5Zn3(PO4)12,4.1445,-2.896019167344112,0.03723425784189,3158.89966487328,3.876655580479259,234.0,5.2734,1.1289
Na10Hf5Zn3Si6(SO8)6,3.409,-2.650231999215297,0.11136800902243,3254.399241427776,3.746391452160903,234.0,4.9359,1.5269
Na10Hf6Zn2Si7S5O48,3.673,-2.796942907666152,0.099338648632476,3268.63201298246,3.896356444636054,234.0,5.0864,1.4134
Na10In4Si7Sn4S5O48,1.6843,-2.316499133990937,0.13402248728633,3264.085996624809,3.4933042522963,234.0,3.9761,2.2918
Na10La4Si7Sn4S5O48,0.945,-2.552810214546493,0.174792238226495,3623.323597198249,3.279426579636734,234.0,2.8525,1.9075
Na10La4Ti4Si7S5O48,1.4423,-2.785399256597775,0.157676034166665,3499.937401135871,2.9917029026682043,234.0,3.0022,1.5599
Na10La4Zn4Si3(S3O16)3,2.948,-2.382344844546493,0.128053241837604,3650.2251018077714,2.9860132118973013,234.0,4.0008,1.0528
Na10Mg2Si7Sn6S5O48,1.6776,-2.396797182281536,0.122668080555555,3171.495989639816,3.323169948620826,234.0,4.026,2.3484
Na10Mg2Ti6Si7S5O48,1.6672,-2.744164272751622,0.09851024707265,3060.0152230900217,2.752255563201213,234.0,3.4401,1.7729
Na10Mg3Si6Sn5(SO8)6,1.4715,-2.37086290314692,0.131106324123925,3156.160277584394,3.196591443880566,234.0,3.9241,2.4526
Na10Mg3Ti5(PO4)12,1.9122999999999992,-2.8912378951859923,0.020104755508548,2951.525759309663,2.8385671004191133,234.0,3.4204,1.5081
Na10Mg3Ti5Si6(SO8)6,1.2246,-2.660342856629827,0.110967418130329,3055.5455633753345,2.724355186253292,234.0,3.1905,1.9659
Na10Mg4Si5Sn4S7O48,0.9577,-2.336117412046493,0.14680364207265,3141.335095839111,3.06827811063781,234.0,3.4628,2.5051
Na10Mg4Ti4Si5S7O48,1.310099999999999,-2.5794889398242717,0.118904952286323,3049.4324043605416,2.697826281322308,234.0,3.1914,1.8813
Na10Mg4Zn4SiS11O48,3.9819999999999993,-2.203757559396921,0.042167462638881,3038.2887729500526,2.848868895848045,234.0,5.1621,1.1801
Na10Mg6Si3Sn2(S3O16)3,1.5463,-2.351069818178971,0.08754633929487,3087.167499032349,2.830283508516842,234.0,4.0035,2.4572
Na10Mg6Ti2Si3(S3O16)3,0.6856999999999991,-2.46824251164051,0.078110064829058,3042.556562540617,2.639797709878189,234.0,3.029,2.3433
Na10Nb4Si11Sn4SO48,2.7262999999999997,-2.749941770956749,0.052666657991451,3216.2207373383467,3.38488175597776,234.0,4.3237,1.5974
Na10Nb4Zn4Si7S5O48,1.2808,-2.438765740743075,0.163950188043338,3186.3838628390863,3.108138878568728,234.0,2.829,1.5482
Na10Sc4Si7Sn4S5O48,1.834099999999999,-2.590472354546494,0.118372213995733,3228.5917818678454,3.100528481584618,234.0,3.7958,1.9617
Na10Sc4Ti4Si7S5O48,1.7392,-2.826000976597775,0.098316429935899,3148.0272954363136,2.731453427489355,234.0,3.2164,1.4772
Na10Sc4Zn4Si3(S3O16)3,3.2155,-2.388539863050766,0.086557349569977,3195.9448281466302,2.824685008547764,234.0,4.5907,1.3752
Na10Si9Sn4Ge4(SO16)3,2.6039,-2.419574948157605,0.129427489914527,3008.243918037438,3.49783411394017,234.0,4.5827,1.9788
Na10Si9Sn8(SO16)3,2.611099999999999,-2.441772556106323,0.099664703760685,3193.232326668837,3.58268658424802,234.0,4.7143,2.1032
Na10Ta4Si11Sn4SO48,3.2592,-2.816282981631963,0.042266352692308,3193.617393918505,3.958170795246253,234.0,4.9526,1.6934
Na10Ta4Ti4Si11SO48,2.4749,-3.03808617795675,0.041916040128201,3108.5237513516536,3.612400344624756,234.0,3.8694,1.3945
Na10Ta4Zn4Si7S5O48,1.8701,-2.491941891717433,0.166838267756405,3175.017284816612,3.671816158188979,234.0,3.6421,1.772
Na10Ti2Zn6Si3(S3O16)3,1.2942,-2.221503588606322,0.095268165641021,3074.0783743932843,3.012389106078246,234.0,2.871,1.5768
Na10Ti4Al4Si7S5O48,1.874,-2.7383832992900823,0.112896491709398,2913.801537470841,2.828100695684995,234.0,4.1159,2.2419
Na10Ti4Ga4Si7S5O48,1.8131,-2.5799472663841,0.121294536645297,2983.767500032281,3.047224876646801,234.0,3.6033,1.7902
Na10Ti4In4Si7S5O48,1.5112,-2.546450026725981,0.119544432542734,3189.287726431673,3.132610011924732,234.0,3.4544,1.9432
Na10Ti4Nb4Si11SO48,2.4968,-2.973694225401194,0.050367087307687,3133.531153838242,3.023705718153295,234.0,3.7832,1.2864
Na10Ti4Si9Ge4(SO16)3,2.5642,-2.651191821918289,0.119263499914527,2930.9115221242423,3.108482566481397,234.0,4.1756,1.6114000000000002
Na10Ti4Si9Sn4(SO16)3,2.6094,-2.672165678200339,0.090724465427346,3114.342649114308,3.220165832058937,234.0,4.3696,1.7602
Na10Ti4Zn4Si5S7O48,1.3997,-2.416137669012305,0.129213571549144,3061.7634801584263,2.954472648113889,234.0,3.0759,1.6762
Na10Ti5Zn3(PO4)12,1.7349,-2.763268330848385,0.042747214458969,2976.232093036906,3.021403175376007,234.0,3.2158,1.4809
Na10Ti5Zn3Si6(SO8)6,1.2545,-2.5390817557964933,0.120559227922006,3067.216741004751,2.914265712969621,234.0,3.0259,1.7714
Na10Ti6Zn2Si7S5O48,1.7805,-2.663108188777263,0.110822538098291,3054.698487595568,2.891111101096774,234.0,3.4344,1.6539
Na10Ti8Si9(SO16)3,2.5199,-2.901213671106322,0.077149310512816,3048.872028890912,2.826307197286567,234.0,3.9097,1.3898
Na10U8W5O44,1.7568,-2.909702043862583,0.0070308547015,2036.319542017792,6.12786704486341,134.0,3.4822,1.7254
Na10Y4Si7Sn4S5O48,1.5014999999999992,-2.591635853264442,0.135140340170937,3396.355700157092,3.205231961679263,234.0,3.094,1.5925
Na10Y4Ti4Si7S5O48,1.533599999999999,-2.81550984655504,0.12673918487179,3338.838694147561,2.837650417446195,234.0,2.7325,1.1989
Na10Y4Zn4Si3(S3O16)3,3.3019,-2.401905754973843,0.0984169310755,3379.69718985642,2.930234265430165,234.0,4.2214,0.9195
Na10Zn2Si7Ge6S5O48,1.4039,-2.279723297879826,0.182393452158128,2897.3292171156345,3.303708211269152,234.0,3.4055,2.0016
Na10Zn2Si7Sn6S5O48,1.6086,-2.309844439204612,0.140877030683767,3186.8613862308403,3.435652708024802,234.0,3.8794,2.2708
Na10Zn3Ge5(PO4)12,1.577799999999999,-2.429771543818471,0.078111863066234,2843.641538028576,3.379274420668682,234.0,3.5267,1.9489
Na10Zn3Si6Ge5(SO8)6,0.8570000000000001,-2.209230159364869,0.190573762462615,2955.236347720888,3.233491833700301,234.0,2.9651,2.1081
Na10Zn3Si6Sn5(SO8)6,1.384799999999999,-2.245441108852048,0.144858827377143,3191.4306843766744,3.35374607112114,234.0,3.6178,2.233
Na10Zn3Sn5(PO4)12,2.2683,-2.482237578262916,0.04092261540384,3075.9979986137955,3.497063599466739,234.0,4.2309,1.9626
Na10Zn4Ga4Si3(S3O16)3,2.2998,-2.123394091768716,0.120688738632477,2994.8123385671856,3.179183526085566,234.0,3.9939,1.6941000000000002
Na10Zn4In4Si3(S3O16)3,2.545699999999999,-2.109981557495211,0.098853929145305,3217.632077046522,3.238295091387435,234.0,4.2395,1.6938
Na10Zn4O9,1.4874,-1.6252489201649172,0.0,591.8883239012027,3.56594146398521,46.0,2.3718,0.8844000000000001
Na10Zn4Si5Sn4S7O48,1.2147,-2.179151123713159,0.150727278856843,3147.62209712404,3.322364300282037,234.0,3.2764,2.0617
Na10Zn6Si3Ge2(S3O16)3,1.7777,-2.086058915999484,0.126806521196588,3016.68810176227,3.151515533369368,234.0,3.3971,1.6194000000000002
Na10Zn6Si3Sn2(S3O16)3,1.6365,-2.096316820999484,0.112718514252143,3138.830772710586,3.175114028915135,234.0,3.5552,1.9187
Na10Zn7Sn7H24(S13O6)2,1.946,-1.131169355974337,0.001230926773252,1407.088817920889,3.031270892056294,86.0,3.3847,1.4387
Na10Zn8SiS11O48,3.5199,-2.021848456405467,0.063349029529914,3097.9756873392985,3.058366143448157,234.0,4.4791,0.9592
Na10Zr2Zn6Si3(S3O16)3,2.6875,-2.245714933563587,0.096951647670936,3199.8974510936787,3.028939617050485,234.0,4.1716,1.4841
Na10Zr4Si9Sn4(SO16)3,2.8438,-2.7228034164054677,0.090242460405984,3285.518871127706,3.315352041180022,234.0,4.3029,1.4591
Na10Zr4Ti4Si9(SO16)3,2.4398,-2.951713419012306,0.078439216581194,3220.173371770904,2.944251682130086,234.0,3.5587,1.1189
Na10Zr4Zn4Si5S7O48,2.9584,-2.474003614268715,0.123137280267092,3295.433992952008,3.00714515479397,234.0,4.2268,1.2684
Na10Zr5Zn3(PO4)12,3.5336,-2.849834191617616,0.036545521292738,3204.508614047764,3.143176753235029,234.0,4.491,0.9574
Na10Zr5Zn3Si6(SO8)6,2.7121,-2.608613893275126,0.115764157911319,3304.934711796405,3.031413731549803,234.0,4.1321,1.42
Na10Zr6Zn2Si7S5O48,3.09,-2.743160510144784,0.108454697692304,3331.515928117589,3.039877577683905,234.0,4.3693,1.2793
Na11(WO3)13,1.0254,-2.174219009367816,0.002936644793591,814.0676970294254,6.663601291421836,63.0,4.1172,3.0918
Na11La7Th2Ti20O60,1.8209,-3.4166427002683912,0.016785810442497,1178.5591493490126,5.081552293515203,100.0,5.9635,4.1426
Na11TiNb2Si4(PO13)2,0.6257,-2.773129960821554,0.020091650108698,591.1285389403606,3.024954259176046,46.0,2.0794,1.4537
Na11TiNb2Si4P2O25F,2.5924,-2.854483076256336,0.0,564.686335185656,3.175420834246112,46.0,4.0242,1.4318
Na12MnCu2H16(SO4)8,3.5092,-1.694923831682856,0.085177587921243,1697.8219902945998,2.430499915930697,142.0,4.6933,1.1841
Na12Nb10Zn2Si15(SO24)3,2.2854,-2.808577762886419,0.075643873888888,1598.3657470444375,3.122089508384804,114.0,3.3455,1.0601
Na12Nb2Zn10Si3(S5O24)3,1.4398,-2.100598577798699,0.084518822042609,1552.2945069488196,3.030516761596344,114.0,2.6403,1.2005
Na12Nb2Zn4Si3(PO6)6,2.2008,-2.59239878157792,0.072608897328038,1590.3627140699905,3.277309935791077,126.0,3.8566,1.6558000000000002
Na12Nb2Zn4Si6(SO12)3,1.7861999999999991,-2.440952872524631,0.120680372248672,1634.9631180263098,3.1769568962937,126.0,3.5595,1.773299999999999
Na12Nb4Zn2(SiO4)9,2.003,-2.765930212961139,0.069695209788354,1634.5337883735865,3.265273923700038,126.0,4.0373,2.0343
Na12NbZn5(PO4)9,2.100399999999999,-2.514000257116466,0.056323389034377,1576.4999403758284,3.266455568010223,126.0,3.5578000000000003,1.4574
Na12Ta10Zn2Si15(SO24)3,3.0984,-2.917776033880572,0.062976863406424,1582.9962169332382,4.075944315413253,114.0,4.2821,1.1837
Na12Ta2Zn10Si3(S5O24)3,2.1247,-2.119227555558934,0.085069712675439,1548.3542817504965,3.227069722736507,114.0,3.4668,1.3421
Na12Ta2Zn4Si3(PO6)6,2.931399999999999,-2.631344792921833,0.068292970264554,1588.0849827478964,3.65024352489689,126.0,4.7075,1.7761
Na12Ta2Zn4Si6(SO12)3,2.5225,-2.476963229027277,0.119300100026454,1622.7392156009068,3.561257840057687,126.0,4.4493,1.9268
Na12Ta4Zn2(SiO4)9,2.7812,-2.846146922633096,0.058738668677245,1622.611818111876,4.010060376616085,126.0,4.9748,2.1936
Na12TaZn5(PO4)9,3.0004,-2.535057792629695,0.053649575066137,1570.1547475742143,3.46587475984772,126.0,4.4682,1.4678
Na14Al4Si9Sn4(SO16)3,2.446399999999999,-2.600790531729395,0.10582032958333,3056.9177883178336,3.294374239242536,246.0,5.3595,2.9131
Na14Al4Zn4Si5S7O48,3.308299999999999,-2.385976755672485,0.135388310406505,3008.585927114397,3.020630988310557,246.0,5.6716,2.3633
Na14Ca2Si9Sn6(SO16)3,1.6790999999999991,-2.500586369778175,0.100219276565034,3338.950857619873,3.328897897591733,246.0,4.1427,2.4636
Na14Ca2Ti6Si9(SO16)3,1.602899999999999,-2.831347736566793,0.087489688028459,3210.521500851744,2.8025198535481843,246.0,3.518,1.9151
Na14Ca4Si7Sn4S5O48,1.5903,-2.493083055855412,0.11328713229674,3434.853039591296,3.019414808882427,246.0,3.9476,2.3573
Na14Ca4Ti4Si7S5O48,1.4925000000000002,-2.722913195489558,0.095132194207313,3349.992316201182,2.674512195626477,246.0,3.4349,1.9424
Na14Ca4Zn4Si3(S3O16)3,2.536699999999999,-2.316911233131834,0.10859354485772,3432.7904782583414,2.734930332235233,246.0,4.5271,1.9904
Na14Ca5Si6Sn3(SO8)6,1.2198,-2.473338799991589,0.135786645609755,3495.572251912495,2.860577678117756,246.0,3.1983,1.9785
Na14Ca5Ti3(PO4)12,2.0475,-2.870503275223878,0.044885933943086,3320.8318718689497,2.708457005729579,246.0,3.1642,1.1167
Na14Ca5Ti3Si6(SO8)6,1.5438,-2.642814689117607,0.124479601331292,3420.434635374193,2.613883552034115,246.0,3.1979,1.6541
Na14Ca6Ti2Si5S7O48,1.221299999999999,-2.605204162867606,0.110068923866869,3492.897242784366,2.554223540907226,246.0,3.0542,1.8329
Na14Ga4Si9Sn4(SO16)3,2.517999999999999,-2.457966215062728,0.097667177439025,3120.323425037605,3.500379967888815,246.0,4.8668,2.348799999999999
Na14Hf2Zn6Si5S7O48,2.7018999999999997,-2.345999126648094,0.133380299837398,3261.777707059606,3.366325049813356,246.0,4.7062,2.0043
Na14Hf3Zn5(PO4)12,4.0904,-2.702806389085666,0.045023682378053,3161.952649450971,3.66147748200242,246.0,5.4348,1.3444
Na14Hf3Zn5Si6(SO8)6,3.28,-2.473626557776142,0.120768530345531,3254.0409387298077,3.541352468546294,246.0,4.9451,1.6651
Na14Hf4Si11Sn4SO48,3.2511,-2.853066013294436,0.03139153987805,3277.6332203022366,3.981534928951525,246.0,5.1146,1.8635
Na14Hf4Ti4Si11SO48,2.7982,-3.067593033131833,0.02751482410569,3186.29923316879,3.652626282123884,246.0,4.2724,1.4742
Na14Hf4Zn4Si7S5O48,3.134699999999999,-2.612049407156224,0.097361342601624,3279.7637466048814,3.679291788177461,246.0,5.0492,1.9145
Na14Hf6Zn2Si9(SO16)3,3.5194,-2.869058412542403,0.070383660487805,3297.8701972539684,3.988699024251026,246.0,5.2663,1.7469
Na14In4Si9Sn4(SO16)3,2.196199999999999,-2.427050977826956,0.084748262047742,3316.8780859534345,3.563863794360069,246.0,4.6968,2.5006
Na14La4Si9Sn4(SO16)3,2.1707,-2.663756737176549,0.10607102129065,3588.2832099318066,3.428068304696666,246.0,4.4419,2.2712
Na14La4Ti4Si9(SO16)3,2.2439,-2.888763952583054,0.096589003231703,3443.9594297062395,3.1618343169708982,246.0,4.2011,1.9572
Na14La4Zn4Si5S7O48,3.258,-2.467344155713135,0.13233259796748,3580.237160212038,3.161264492515459,246.0,4.9624,1.7044
Na14Mg2Si9Sn6(SO16)3,1.9518,-2.48666506725785,0.089410906056913,3225.189744650902,3.397591230742956,246.0,4.6312,2.6794
Na14Mg2Ti6Si9(SO16)3,1.7771999999999992,-2.818383083761916,0.073989606727646,3103.866600650238,2.848189464181041,246.0,3.8385,2.0613
Na14Mg4Si7Sn4S5O48,1.6863,-2.447332416058663,0.107843364959348,3205.223156668559,3.137674180589649,246.0,4.4995,2.8132
Na14Mg4Ti4Si7S5O48,1.5579,-2.682778147074923,0.083047938008132,3107.649634033699,2.781940093209206,246.0,3.8085,2.2506
Na14Mg4Zn4Si3(S3O16)3,2.9391,-2.265035135326956,0.105174438170729,3135.72033982403,2.893798434632238,246.0,5.1178,2.1787
Na14Mg5Si6Sn3(SO8)6,1.661499999999999,-2.423002266881834,0.121723417987802,3186.990715609779,3.014279479558644,246.0,4.2436,2.5821
Na14Mg5Ti3(PO4)12,2.1988,-2.832148578862088,0.015519137703245,3041.055583295012,2.828443897901907,246.0,3.7246,1.5258
Na14Mg5Ti3Si6(SO8)6,1.491699999999999,-2.592181813568825,0.109109515294719,3128.499808730024,2.73221771339025,246.0,3.6712,2.1795
Na14Mg6Si5Sn2S7O48,0.6936,-2.405703946932647,0.128571641788616,3198.989018108125,2.8621590876610163,246.0,3.4891,2.7955
Na14Mg6Ti2Si5S7O48,0.8538999999999991,-2.5277737501033792,0.10898282254065,3127.4638798781475,2.7019305096704542,246.0,3.548,2.6941
Na14Nb4Zn4Si9(SO16)3,1.3415,-2.560715657379801,0.113511222723577,3255.43977589764,3.17074819553481,246.0,3.3189,1.9774
Na14Sc4Si9Sn4(SO16)3,2.4644,-2.688183134900126,0.075658082560965,3282.390446338644,3.177195758563596,246.0,4.5762,2.1118
Na14Sc4Ti4Si9(SO16)3,2.0795,-2.90613849416842,0.069585877784552,3182.3126333984865,2.833519900049984,246.0,3.8948,1.8153
Na14Sc4Zn4Si5S7O48,3.1829,-2.474113769859476,0.108294987228148,3265.8021758363457,2.8923961601434183,246.0,4.8876,1.704699999999999
Na14Si11Sn4Ge4SO48,2.8832,-2.534996811831021,0.068613991377025,3043.356305188269,3.594976509940095,246.0,5.2667,2.3835
Na14Si11Sn8SO48,2.880499999999999,-2.555010455570858,0.040230648963416,3227.999163174617,3.67373293692132,246.0,5.2608,2.3803
Na14Ta4Zn4Si9(SO16)3,2.1195,-2.622258279770045,0.105180681056909,3212.7534555275115,3.758936427912602,246.0,4.224,2.1045
Na14Ti2Zn6Si5S7O48,1.2427,-2.309677666119639,0.130907594939024,3163.962855245465,3.059067655984754,246.0,3.2538,2.0111
Na14Ti3Zn5(PO4)12,1.891,-2.630642886443389,0.050042833776419,3056.1558722299283,3.149471910812946,246.0,3.406,1.515
Na14Ti3Zn5Si6(SO8)6,1.6435,-2.410827314808663,0.126987921067078,3141.315364520888,3.046992565202993,246.0,3.4819,1.8384
Na14Ti4Al4Si9(SO16)3,1.961,-2.825540193639964,0.091720971737808,2953.011997352404,2.932253709750666,246.0,4.4416,2.4806
Na14Ti4Ga4Si9(SO16)3,2.0151,-2.676028879696875,0.090254816869916,3057.8946677794866,3.110200910909847,246.0,4.0018,1.9867
Na14Ti4In4Si9(SO16)3,2.1679,-2.650688744005818,0.073957451222043,3213.328622121775,3.239398180451513,246.0,4.2747,2.1068
Na14Ti4Si11Ge4SO48,2.5959,-2.7511081470749232,0.064356989878044,2979.1919666897256,3.198566492503104,246.0,4.482,1.886099999999999
Na14Ti4Si11Sn4SO48,2.756999999999999,-2.769715986383867,0.038553005447157,3136.9338292409275,3.330371817085896,246.0,4.7813,2.0243
Na14Ti4Zn4Si7S5O48,1.5274,-2.536429974757851,0.098615235934962,3139.457818940649,3.014645595487297,246.0,3.6013,2.0739
Na14Ti6Zn2Si9(SO16)3,1.718699999999999,-2.746246290022077,0.081115132906502,3107.9667718000005,2.976199430729252,246.0,3.7316,2.0129
Na14Ti8Si11SO48,2.6275,-2.9811329793106958,0.037786316585365,3056.8342401748337,2.95583747037223,246.0,4.3975,1.77
Na14Y4Si9Sn4(SO16)3,2.272999999999999,-2.681046920835085,0.093349416177589,3448.2470508917286,3.2783509723925333,246.0,4.1373,1.8643
Na14Y4Ti4Si9(SO16)3,2.1759,-2.904493720631833,0.08028782895325,3323.6302588256453,2.976538445252441,246.0,3.73,1.5541
Na14Y4Zn4Si5S7O48,3.1737,-2.476052748030208,0.122838051646339,3477.0182200237405,2.968566768508439,246.0,4.4829,1.3092
Na14Zn2Si9Ge6(SO16)3,1.8193,-2.38923755424972,0.133643060975615,2960.1559552087992,3.374952774606693,246.0,4.2091,2.3898
Na14Zn2Si9Sn6(SO16)3,1.8577,-2.413092106363541,0.098994291178865,3237.226231437864,3.511464558848632,246.0,4.5169,2.6592
Na14Zn4Ga4Si5S7O48,2.8776,-2.241576716607444,0.135671070569104,3096.0462708696045,3.210389448302507,246.0,4.6951,1.8175
Na14Zn4In4Si5S7O48,2.1127,-2.211344746485492,0.126569430752036,3306.09999074748,3.278212522394288,246.0,4.1518,2.0391
Na14Zn4Si7Ge4S5O48,1.530999999999999,-2.2877535580098822,0.145283550304881,3060.210326072636,3.2540217947796712,246.0,3.8398,2.3088
Na14Zn4Si7Sn4S5O48,1.756999999999999,-2.303588911302565,0.122206856747968,3234.2748433391457,3.362733237599761,246.0,4.3057,2.5487
Na14Zn5Ge3(PO4)12,1.8496,-2.439536960122252,0.078349100447157,2984.1490169882472,3.349533091820629,246.0,3.526399999999999,1.6768
Na14Zn5Si6Ge3(SO8)6,1.5091,-2.220740157796468,0.166697363922768,3097.193339809997,3.209936312834417,246.0,3.4965,1.9874
Na14Zn5Si6Sn3(SO8)6,1.6577000000000002,-2.235991884585086,0.145958138008131,3232.856556082429,3.2882073479285943,246.0,3.8536,2.1959
Na14Zn5Sn3(PO4)12,2.5652,-2.472118801707617,0.047515862713417,3114.0913590038867,3.430861193464799,246.0,4.2991,1.7339
Na14Zn6Si5Ge2S7O48,0.451499999999999,-2.175589228721265,0.166203511260166,3113.55175950883,3.187869162825688,246.0,2.6178,2.1663
Na14Zn6Si5Sn2S7O48,1.230699999999999,-2.192223352542404,0.145880924593497,3205.2751504595294,3.239847240041352,246.0,3.4103,2.1796
Na14Zn8Si3(S3O16)3,2.8293,-2.114230000692809,0.108925992896348,3169.729880328703,3.121149295953141,246.0,4.6067,1.7774
Na14Zr2Zn6Si5S7O48,2.4916,-2.328120609412321,0.13709631634146,3279.181410957249,3.083315962726969,246.0,4.4078,1.9162
Na14Zr3Zn5(PO4)12,3.8025,-2.677563695142577,0.044513176046754,3196.3292410072704,3.214074718476729,246.0,5.0049,1.2024
Na14Zr3Zn5Si6(SO8)6,3.0736,-2.443965903345248,0.128630809237804,3326.629893714032,3.072036510812034,246.0,4.5888,1.5152
Na14Zr4Si11Sn4SO48,3.454299999999999,-2.815384897115574,0.039067543150409,3334.495233322278,3.392149975702491,246.0,5.1370000000000005,1.6827
Na14Zr4Ti4Si11SO48,2.7804,-3.023178923619639,0.042733633241868,3237.013847243923,3.058206594939705,246.0,4.336,1.5556
Na14Zr4Zn4Si7S5O48,2.9175,-2.5794073115058183,0.100569187906504,3313.732002792042,3.116819521045216,246.0,4.6826,1.7651
Na14Zr6Zn2Si9(SO16)3,3.2115,-2.814589990916387,0.080146082154469,3396.775433164912,3.104667060289284,246.0,4.8022,1.5907
Na15Nb10Zn2Si15(PO24)3,2.5488,-2.892026146620668,0.052541680306266,1594.5421598152311,3.197990719840718,117.0,3.5639000000000003,1.0151
Na15Nb11Zn(SiO4)18,2.5636,-2.949734516501622,0.040768856844723,1607.277744409589,3.192107465801411,117.0,3.6303,1.0667
Na15Nb2Zn10P9(SO8)9,2.4288,-2.2847868582049182,0.05476354827457,1543.4524284284737,3.124357200237133,117.0,3.2376,0.8088000000000001
Na15Nb4Zn8P15(SO24)3,2.1257,-2.495699727545577,0.062503372987895,1549.0887339447245,3.164922246227809,117.0,3.1545,1.0288
Na15Nb5Zn7(PO4)18,1.9789999999999992,-2.604906837728727,0.054911947101135,1546.5321488912707,3.196163586198632,117.0,3.0589,1.0799
Na15Nb5Zn7Si9(SO8)9,1.158299999999999,-2.36855358220675,0.148408403104138,1591.984313668173,3.088041408425546,117.0,2.7417,1.5834
Na15Nb8Zn4Si9(PO8)9,2.0837,-2.768173037884406,0.068238573774925,1582.5107404452262,3.182781882378879,117.0,3.2265,1.1428
Na15Ta10Zn2Si15(PO24)3,3.2902,-2.999140934341468,0.038661734878921,1588.1935458266794,4.131294040984953,117.0,4.5263,1.2361
Na15Ta11Zn(SiO4)18,3.3367,-3.07047415702014,0.022587542849002,1591.9337230858932,4.233067647462238,117.0,4.5567,1.22
Na15Ta2Zn10P9(SO8)9,3.159599999999999,-2.2983473015781373,0.062504821351497,1543.1656856165073,3.314413647297216,117.0,4.1008,0.9412
Na15Ta4Zn8P15(SO24)3,3.0553,-2.538753635232187,0.062099331201913,1535.615176327968,3.573506488450327,117.0,4.0716,1.0163
Na15Ta5Zn7(PO4)18,2.6982,-2.652967243597674,0.060105832357548,1531.966405021448,3.703704906148176,117.0,4.0018,1.3036
Na15Ta5Zn7Si9(SO8)9,1.8525,-2.413088394485951,0.150593783064453,1585.5026182960826,3.561706658927132,117.0,3.6328,1.7803
Na15Ta8Zn4Si9(PO8)9,2.939199999999999,-2.8540414183003597,0.059323761068376,1568.6717086644437,3.956441160336609,117.0,4.1666,1.2274
Na16Ti7(SiO5)8,0.0378,-2.827308839935242,0.058407783802818,914.9441306981092,2.84498620936757,71.0,1.1597,1.1219
Na17(WO3)19,0.9734,-2.17362289084353,0.0,1190.9862328783713,6.686503275100458,93.0,4.1989,3.2255
Na18Nb16Zn8Si21(S5O48)3,1.003,-2.545804682870845,0.115947520534638,3166.5529031894093,3.040612563603237,222.0,2.5798,1.5768
Na18Nb20Zn4Si27(SO16)9,1.367,-2.7633002241546283,0.079230562793856,3174.573363369482,3.077973833297781,222.0,2.5905,1.2235
Na18Nb4Zn20Si3(S11O48)3,0.7746000000000001,-2.048058703569043,0.045189446795848,3048.941194383769,3.017205102855779,222.0,2.112,1.3374
Na18Nb4Zn8Si9(SO8)9,0.54,-2.327488557519396,0.164312999367063,1601.6998756433013,3.112305441438975,120.0,2.4988,1.9588
Na18Nb8Zn16Si9(S3O16)9,0.9697,-2.203378427510485,0.082046629115025,3087.661210460223,3.025679793474747,222.0,2.2119,1.2422
Na18Nb8Zn4Si15(SO24)3,1.6461,-2.690522548394397,0.101927648805552,1608.3355617004215,3.188372230406056,120.0,3.4382,1.7921
Na18Ta16Zn8Si21(S5O48)3,1.5634,-2.625336529795771,0.115208646467718,3136.4193731156497,3.815625629354818,222.0,3.4696,1.9062
Na18Ta20Zn4Si27(SO16)9,1.968,-2.870255206842317,0.070766796178675,3154.8916467923405,4.023967276937765,222.0,3.4602,1.4922
Na18Ta4Zn20Si3(S11O48)3,1.593799999999999,-2.069138586358833,0.04399965693131,3040.565027779829,3.217844789221405,222.0,3.0066,1.4128
Na18Ta4Zn8Si9(SO8)9,1.121299999999999,-2.360603148680509,0.167640158152774,1601.2986997072635,3.478279624197066,120.0,3.2116,2.0903
Na18Ta8Zn16Si9(S3O16)9,1.553999999999999,-2.240003431423398,0.085054431582213,3078.5399052110465,3.414555360366899,222.0,3.0031,1.4491
Na18Ta8Zn4Si15(SO24)3,2.3846,-2.7706768398832877,0.094496534305553,1599.086224588133,3.938213679239642,120.0,4.3706,1.986
Na21Nb2Zn10P15(SO24)3,2.1892,-2.446984782691938,0.061493513787255,1559.8280273742912,3.231431170408189,123.0,3.4964,1.3072
Na21Nb4Zn8Si3(P5O24)3,1.8048,-2.582264737224458,0.072820766490513,1577.856429376449,3.239821706684355,123.0,3.4487,1.6439
Na21Nb8Zn4Si15(PO24)3,1.761,-2.7749593929503598,0.066269314681572,1616.162840776059,3.240429992599132,123.0,3.6401,1.8791
Na21Ta2Zn10P15(SO24)3,2.8657,-2.465152730453455,0.06358817435637,1553.9312869125906,3.431856770960109,123.0,4.248,1.3823
Na21Ta4Zn8Si3(P5O24)3,2.6296,-2.621873811527982,0.070196279200541,1567.3286258641465,3.634693335427749,123.0,4.4016,1.772
Na21Ta8Zn4Si15(PO24)3,2.4389,-2.855919205541144,0.056258943055558,1606.0791593868896,3.988989774624283,123.0,4.5127,2.0738
Na21ZnS10Cl3O40,4.099799999999999,-2.1316655600528733,0.045982703333334,2241.8884382163087,2.4058159638301087,150.0,4.3245499999999995,0.22475
Na24Nb2Zn10Si9(SO8)9,1.4658,-2.3038561107190763,0.119869373346555,1629.898537943495,3.142962970978161,126.0,3.5019,2.0361
Na24Ta2Zn10Si9(SO8)9,2.5298,-2.326870136946588,0.114170389259256,1625.32844082514,3.331697960642871,126.0,4.4342,1.9044
Na2Al4Si3Sn4(S3O16)3,1.5271,-2.244175647003695,0.092638502866071,2870.518566236071,3.07096516640158,210.0,3.8242,2.2971
Na2AlZnP(SO6)2,4.310700000000001,-2.315609364512359,0.085824724934213,1423.6953797839758,2.977479533440868,114.0,5.7735,1.4628
Na2BSbSO7,3.547399999999998,-2.154884372868773,0.087683844687504,365.5264694844235,2.931162450492946,24.0,4.4376,0.8902
Na2BiBSO7,3.1504,-2.151375182452108,0.089332134999979,378.6056096364767,3.594989589641362,24.0,3.9909,0.8405
Na2Ca2Si3Sn6(S3O16)3,0.482699999999999,-2.159045697575123,0.075415531818448,3190.3215241329704,3.090490324756813,210.0,2.4031,1.920399999999999
Na2Ca2Ti2SiS5O24,1.2486,-2.517421639266444,0.063980639513888,1605.2352169511578,2.4648894594872437,108.0,2.0548,0.8062
Na2Ca2Ti6Si3(S3O16)3,1.3918,-2.575318046622743,0.050789645916661,3055.260556171875,2.53404952446492,210.0,1.9971,0.6053000000000001
Na2Ca3Sn(SO4)6,0.027499999999999,-2.307417633965517,0.022491360324079,1709.789450317114,2.509468403859686,108.0,0.9096,0.8821
Na2Ca3Ta2Ti3O15,2.5332,-3.350941987997012,0.0079072248,1181.0496294722973,5.127356498999149,100.0,5.0083,2.4751
Na2Ca3Ti(SO4)6,0.891899999999999,-2.438030710400702,0.019785012511581,1680.0098190865892,2.34388504805223,108.0,1.458,0.5661
Na2Ca4SiSn4S11O48,0.482299999999999,-2.189508150170362,0.042318787976222,3295.0113469620483,2.766569364195034,210.0,2.129,1.6467
Na2Ca4Ti4SiS11O48,1.273299999999999,-2.4681971442656,0.024660776446425,3192.620085823341,2.413136048428906,210.0,1.7539,0.4806
Na2Ca5Sn3(SO4)12,0.8434,-2.217093082063218,0.012914918309554,3342.6089569492387,2.615916902572021,210.0,1.1932,0.3498
Na2Ca5Ti3(SO4)12,1.6555,-2.413380128896552,0.009786820148791,3271.344148859313,2.349263421274594,210.0,1.2856,-0.3699
Na2CaSi2Sn3(SO6)4,0.345699999999999,-2.240382698085888,0.096599943101846,1600.7406927411314,3.14507089228706,108.0,2.2725,1.9268
Na2CaSiSn(SO6)2,0.789,-2.3342451481276463,0.171506402368418,1679.3835112804786,2.90093410027568,114.0,2.342,1.553
Na2CaSn3P4(SO12)2,1.301,-2.414952110036946,0.047806203256156,1580.2997092807884,3.197081604522121,108.0,2.8115,1.5105
Na2CaSnP2SO12,1.4886,-2.5062957684847893,0.081541511754379,1647.140547739458,2.968590065588863,114.0,2.5327,1.0441
Na2CaTi2(GeO4)3,2.6301,-2.7223261674712638,0.0,951.6307130422208,4.129955692222389,80.0,4.2152,1.5851000000000002
Na2CaTi3P4(SO12)2,1.892,-2.7908098112869477,0.041897839629621,1500.362861830394,2.661762104298487,108.0,2.5653,0.6733
Na2CaTi3Si2(SO6)4,1.356899999999999,-2.63428653118774,0.067367024953696,1524.5862014439683,2.607727154566785,108.0,2.3924,1.0355
Na2CaTiP2SO12,1.7982,-2.716511765414614,0.103486582481206,1611.8165557109362,2.59574182760003,114.0,2.3964,0.5982000000000001
Na2CaTiSi(SO6)2,1.196699999999999,-2.5618380414609803,0.165056684868424,1647.3424278837758,2.528894667088185,114.0,2.2036,1.0069
Na2CaZn(SO4)3,4.3783,-2.21980375527677,0.036924080723681,1641.4026319449538,2.668680520320548,114.0,4.4436,0.0653
Na2Cd(GeS3)2,2.2385,-0.941752772068964,0.0,555.9985001919881,2.96305800606685,22.0,3.5287,1.2902
Na2Cd(SO4)2,3.8287,-2.032487770981431,0.0,342.0663526082477,3.403112137233894,26.0,4.4759,0.6472
Na2CdH4(SO5)2,3.9833,-1.793923464092559,0.003224512631583,428.2256358736655,2.997836542405753,38.0,4.2237,0.2404
Na2CdSnS4,1.9375499999999994,-1.027614090344826,0.001046220625,221.36491307542934,3.0407934454956633,8.0,2.7592,0.82165
Na2CeWO6,1.8375,-2.64105161127586,0.087544435500004,141.39136654208744,5.472032736349904,10.0,3.7237,1.8862
Na2Cu(SO5)2,0.2206,-1.500729313183908,0.149617318041666,400.457970354847,2.767022431048173,30.0,0.2645,0.0439
Na2CuBSO7,0.970299999999999,-1.96506136703544,0.08549195694311,325.93065956119165,2.694082909383483,24.0,0.9398,-0.0305
Na2CuCSO7,0.5303,-1.859828576688218,0.025830923333334,321.6523786774969,2.74230372749301,24.0,1.5801,1.0498
Na2CuH12(SO7)2,0.8741,-1.527113143314793,0.015573919836191,628.2246777748885,2.166082668614473,62.0,1.1046,0.2305
Na2CuH4(SO5)2,0.7692000000000001,-1.7073151706715062,0.000364328630769,400.7248458906906,2.7985935689750283,38.0,1.9007,1.1315
Na2CuSbS3,1.2419,-0.8920867621798011,0.0,616.3185058743499,3.529306504003968,28.0,4.384,3.1421
Na2DyPWO8,4.7314,-2.802022066082164,0.007475442307702,779.7700626838978,4.695928381740473,52.0,4.6461,-0.0853
Na2ErPWO8,4.7911,-2.806768939415498,0.006972995384627,768.7120626745618,4.8046005384779065,52.0,4.7666,-0.0245
Na2FeO2,0.8314,-1.501504890051724,0.086633329166662,280.9325274678667,3.164017833102445,20.0,2.8389,2.0075
Na2FeO3,0.6359,-1.571419339209769,0.080218563749999,320.1599160702937,3.108278056760298,24.0,1.2291,0.5932000000000001
Na2Ga4Si3Sn4(S3O16)3,1.4988,-2.067591321860838,0.080554713232157,2947.780943401748,3.279398676172865,210.0,3.1734,1.674599999999999
Na2Gd2Ti3O10,1.3916,-3.333433521926978,0.073857284235295,210.04691894998743,5.249882835347886,17.0,4.3093,2.9177
Na2H4WO6,4.736599999999999,-1.779275683866047,0.004143534423083,1301.9788614043432,3.3654923638080723,104.0,3.1026,-1.634
Na2H8WO12,2.943699999999999,-1.297845875989504,0.044087506521739,1069.3428926106742,2.670146916801868,92.0,1.9796,-0.9641
Na2Hf2Si3Sn2(SO8)3,2.0223,-2.6062888987571853,0.0700533162963,1599.332947540163,3.752774116538353,108.0,3.7458,1.7235
Na2Hf2Ti2Si3(SO8)3,2.4391,-2.872957998294221,0.036813124583336,1553.1324162903666,3.409953857852334,108.0,3.3323,0.8932
Na2Hf2Zn2SiS5O24,3.0217,-2.379242994081258,0.037345500196755,1549.0000612530089,3.557477989612403,108.0,4.3642,1.3425
Na2Hf3Zn5(SO4)12,3.537099999999999,-2.179777956039409,0.000822368446432,3030.598160001462,3.388221295633597,210.0,3.7535,0.2164
Na2Hf3ZnP4(SO12)2,4.0169,-2.849004888323984,0.025968169207174,1557.8017165852266,3.897761595348285,108.0,4.6665,0.6496000000000001
Na2Hf3ZnSi2(SO6)4,3.064,-2.664182799335888,0.044215715740736,1586.9476609404207,3.814893006082015,108.0,4.2866,1.2226
Na2Hf4Si5Sn4S7O48,1.7367,-2.538733083598933,0.053395787866071,3176.0637370038703,3.713603831878736,210.0,2.988,1.2513
Na2Hf4Ti4Si5S7O48,1.383099999999999,-2.813434768360838,0.027002006392859,3088.6354438826315,3.361675996903925,210.0,2.1264,0.7433000000000001
Na2Hf4Zn4SiS11O48,3.083,-2.319307059932266,0.014931312624995,3076.510467000312,3.514318982210644,210.0,4.1437,1.0607
Na2Hf6Zn2Si3(S3O16)3,3.129,-2.6126136933370283,0.020706053428567,3167.524529796164,3.756511698352215,210.0,3.9971,0.8681000000000001
Na2HfSi2SnSO12,2.9808,-2.712845088960981,0.103487294035084,1615.2915641076147,3.845227413894096,114.0,4.3625,1.3817
Na2HfTiSi(PO6)2,2.55,-3.11704877730058,0.029079260236839,1536.7376373300992,3.594134760763263,114.0,3.5494,0.9994
Na2HfTiSi2SO12,2.5602,-2.952310428610104,0.085165130219295,1565.8526420529756,3.51587233773774,114.0,3.6019,1.0417
Na2HfZn3(SO4)6,3.0137,-2.109983916604406,0.007863928645837,1504.2657401221757,3.301964262304108,108.0,4.0113,0.9976
Na2HfZnP2SO12,4.4174,-2.637062114800579,0.068042027330049,1555.6666727690033,3.688236053433973,114.0,5.2672,0.8498
Na2HfZnSi(SO6)2,3.7293,-2.469491829618875,0.098794257302628,1594.6253955720128,3.586899941629771,114.0,4.9028,1.1735
Na2HoPWO8,4.789,-2.803679728646266,0.00713891346155,774.1196098575448,4.751057700867483,52.0,4.7295,-0.0595
Na2In4Si3Sn4(S3O16)3,0.974399999999999,-2.050653182337028,0.087349802485111,3158.019295818331,3.345620163856976,210.0,2.8712,1.8968
Na2La2Ti3O10,1.7671,-3.412753374868154,0.01250480404412,216.40687742837216,4.814071111539596,17.0,5.9323,4.1652000000000005
Na2La4Ti4Si3(S3O16)3,1.4152999999999991,-2.640676342956077,0.106306117726189,3436.9007677108625,2.803066214396629,210.0,2.0351,0.6198
Na2La7Ti8Mn2O30,0.292499999999999,-3.458661670822192,0.052879637855944,611.7816931010409,5.404410043691339,49.0,6.3233,6.0308
Na2LaCeTi4O12,0.019899999999999,-3.415820786054598,0.00608434162471,233.94407629101036,5.028674070142191,20.0,6.2122,6.1923
Na2LaTi(PO4)3,1.9299,-2.955512954737923,0.131314803864917,1723.4030471445865,2.992700198234055,114.0,2.8729,0.943
Na2LaZnP(SO6)2,3.3762,-2.427537000126395,0.1036630085307,1772.5157697568782,3.020649130449456,114.0,4.0854,0.7092
Na2Li3Ti3Al(PO4)6,0.069799999999999,-2.88720463155425,0.065890468115285,475.0407285493255,2.8216720267346918,39.0,4.6084,4.5386
Na2Li5Ti3Fe(PO4)6,0.0974,-2.754413305543474,0.091189762468289,482.7977895400769,2.923355645903765,41.0,4.8486,4.7512
Na2Li8U11(WO22)2,1.300599999999999,-3.180109680439182,0.015343887761204,922.5626794723144,6.824359348661599,67.0,3.9025,2.6019
Na2LiLa3Ti6O18,1.9543,-3.441455824703065,0.025497709541649,360.10223884762235,4.818014917428453,30.0,6.2171,4.2628
Na2LiTi3Al(PO4)6,2.4415500000000003,-2.987448012539165,0.0142162990999975,464.89284781212314,2.8336846387678376,37.0,3.7084,1.26685
Na2LuPWO8,4.7657,-2.810566961466779,0.006508075384623,754.9298121965339,4.960132810051536,52.0,4.7637,-0.002
Na2Mg2Si3Sn6(S3O16)3,0.5402,-2.131374900670362,0.068075422770827,3062.5394017431904,3.16812502117975,210.0,2.9097,2.3695
Na2Mg2SiSn2S5O24,0.4292,-2.201373624173851,0.055765637620369,1508.7809840512064,2.986121068777792,108.0,2.9359,2.5067
Na2Mg2Ti2SiS5O24,1.1267,-2.46788044769237,0.034534278754628,1463.4109069393237,2.596384414014262,108.0,2.6155,1.4888
Na2Mg2Ti6Si3(S3O16)3,1.245399999999999,-2.551763977194171,0.033837588408164,2916.072473642521,2.601112123192285,210.0,2.2518,1.0064
Na2Mg3Sn(SO4)6,0.419699999999999,-2.213435170771073,0.0,1483.0741276518354,2.734143481395837,108.0,2.3061,1.8864
Na2Mg3Ti(SO4)6,0.328899999999999,-2.340059317947,0.0,1456.852759716981,2.541111122293397,108.0,1.9636,1.6347
Na2Mg3Zn2(Si2O5)6,4.1812,-3.07096433903589,0.004334179557821,1321.3898991352612,2.681012059472619,98.0,5.2314,1.0502
Na2Mg4SiSn4S11O48,0.734799999999999,-2.128083952551314,0.030479773419044,2991.785833023516,2.941914209786705,210.0,3.0575,2.3227
Na2Mg4Ti4SiS11O48,1.2327,-2.4070564313132192,0.013639770850343,2902.971650680918,2.5456419541456192,210.0,2.3313,1.0986
Na2Mg5Sn3(SO4)12,1.4839,-2.137078401706076,0.0,2962.8266449923826,2.8186299872874923,210.0,2.5149,1.031
Na2Mg5Ti3(SO4)12,1.5367000000000002,-2.338243520444171,0.0,2879.6909539487856,2.532346013329637,210.0,2.0111,0.4744
Na2MgSi2Sn3(SO6)4,0.395299999999999,-2.210692780539592,0.090150572277779,1541.677926107629,3.2145935456567782,108.0,2.8057,2.4104
Na2MgSiSn(SO6)2,1.3113,-2.292614619180279,0.134291165877193,1560.2965728967772,3.021624786611165,114.0,3.3431,2.0318
Na2MgSn3P4(SO12)2,1.6731,-2.3949076584165763,0.029026047037024,1504.0662894524892,3.3068835575667173,108.0,3.6057,1.9326
Na2MgSnP2SO12,2.1606,-2.469415457081281,0.055474718947364,1523.0560630226585,3.107262487154195,114.0,3.7401,1.5795
Na2MgTi3P4(SO12)2,1.8607,-2.775733135499909,0.017700412592587,1438.402366922269,2.721793324493391,108.0,2.8637,1.003
Na2MgTi3Si2(SO6)4,1.103899999999999,-2.611663136604406,0.051301887585976,1473.691042104513,2.644468669176071,108.0,2.5185,1.4146
Na2MgTiP2SO12,2.1068,-2.707031190502333,0.050408417807019,1466.4079200792237,2.745968226681874,114.0,3.2713,1.1645
Na2MgTiSi(SO6)2,1.4069,-2.541523653390805,0.106525307499998,1507.374527484025,2.659462072275849,114.0,2.9609,1.554
Na2MgW4O13,1.8534,-2.19377489063793,0.105189914750001,293.8008967914849,5.728993417315782,20.0,3.4563,1.6029
Na2MgZn(SO4)3,4.626099999999999,-2.155013013083788,0.017474542653512,1504.0778662060536,2.807852723969888,114.0,5.1179,0.4918
Na2MgZn5(AsO4)6,0.033599999999999,-1.695626076388385,0.104229840632976,480.7027816674728,4.251828471239827,38.0,0.841,0.8074
Na2Nb2W2O13,0.2081,-2.296912323566243,0.122830439868419,291.30009924524137,4.602903837745132,19.0,-0.0651,-0.2732
Na2Nb4Si7Sn4S5O48,1.6261,-2.518596178956076,0.047532990389884,3147.810503246692,3.1925728784237712,210.0,2.7313,1.1052
Na2Nb4Zn4Si3(S3O16)3,0.9095,-2.241482796194171,0.049253524494329,3080.7297995612344,2.943072485452781,210.0,1.7463000000000002,0.8368
Na2NbZn(PO4)3,2.0647,-2.6366987478958173,0.055435644210529,1533.5856922190344,3.178240386276452,114.0,2.9735,0.9088
Na2Nd2Ti3O10,1.711999999999999,-3.359358077515213,0.03189625367648,213.3423200106038,4.966296091670517,17.0,4.6113,2.8993
Na2Sb5C2S2N2(OF3)3,3.0602,-1.863519594110345,0.056337421200005,874.0318958260219,3.761451733922141,50.0,4.835,1.7748
Na2SbSO4F3,4.4339,-2.403104645705329,0.0,582.3640422809217,3.658855907346,44.0,5.2766,0.8427
Na2Sc4Si3Sn4(S3O16)3,1.2476,-2.372908762003696,0.082687242008929,3121.980044227863,2.938336628422957,210.0,2.7521,1.5045000000000002
Na2Sc4Ti4Si3(S3O16)3,1.2288,-2.651091547194172,0.052812360107146,3031.8369557890774,2.560090664901344,210.0,1.9606,0.7318
Na2Sc4Zn2(MoO4)9,3.5152,-2.398609600335068,0.001978954150947,1913.2874046964391,3.117594462916055,106.0,2.1814,-1.3338
Na2ScTi(PO4)3,2.3077,-3.025161112720379,0.022340154254385,1514.7139342333478,2.787052444242986,114.0,3.2704,0.9627
Na2ScZnP(SO6)2,4.0434,-2.43277538433692,0.044513114149114,1552.8123867478996,2.845228946031412,114.0,4.843,0.7996000000000001
Na2Si2Sn2SO12,2.603799999999999,-2.380851151855717,0.130624329912278,1581.6712183364189,3.5503973178678443,114.0,4.5763,1.9725
Na2Si2SnGeSO12,2.5301,-2.361020088259227,0.158219655350876,1496.460451506978,3.4458344938872383,114.0,4.2983,1.7682
Na2Si3Sn2Ge2(SO8)3,0.7146,-2.219661441720148,0.127102218721061,1468.213940314116,3.369622636194015,108.0,2.9765,2.2619
Na2Si3Sn4(SO8)3,1.022999999999999,-2.248586453479407,0.089981597239575,1564.016622465398,3.456698003839301,108.0,3.3476,2.3246
Na2Si5Sn4Ge4S7O48,1.4407,-2.133456121979885,0.10905841575893,2906.5666545087915,3.332256539380888,210.0,3.0726,1.6319
Na2Si5Sn8S7O48,1.381599999999999,-2.159592128837028,0.074492638901767,3108.034450282009,3.411621823641751,210.0,3.2215,1.8399
Na2Sm2Ti3O10,1.7099000000000002,-3.353052555456389,0.051819894088236,211.2259536840381,5.112248126907622,17.0,4.6241,2.9142
Na2Sn(S2O7)3,3.5073,-1.871845140758619,0.0,2894.4358534307844,2.385676765060005,180.0,2.2816,-1.2257
Na2SnCSO7,3.7252,-1.9892578812715511,0.048977452248266,364.6530627959163,2.921331478683709,24.0,4.9991,1.2739
Na2SnH14S3O7,2.525,-1.218178907139208,0.013989890092586,690.9769923673883,1.860017074083078,54.0,2.0245,-0.5005000000000001
Na2SrLa2Ti5O15,2.0161,-3.450403933577012,0.016770002580024,597.1655457457111,4.953744338506877,50.0,6.0453,4.0292
Na2SrNd2Ti5O15,2.1166,-3.435018943277011,0.010777800388922,1183.770401832026,5.057824562831584,100.0,5.0564,2.9398
Na2Ta4O11,3.4629,-3.184666606887761,0.0,409.67434155612295,7.666962130336545,34.0,4.981,1.5181
Na2Ta4Si7Sn4S5O48,2.203,-2.581357867946553,0.05262936700893,3118.518164872406,3.785121656442427,210.0,3.553,1.35
Na2Ta4Ti4Si7S5O48,2.012499999999999,-2.84401601804179,0.045663474809522,3044.4086509790745,3.413575838244898,210.0,2.856,0.8435
Na2Ta4Zn4Si3(S3O16)3,1.444699999999999,-2.304666013803695,0.049255582172619,3038.4822624122744,3.561372546041092,210.0,2.6258,1.1811
Na2TaTiSi2PO12,2.8779,-3.07308078042464,0.031340939921058,1531.0072007302415,3.604786549091072,114.0,3.9098,1.0319
Na2TaZn(PO4)3,2.782,-2.697073331264238,0.060647924649119,1527.1416556536626,3.766043616796587,114.0,3.8393,1.0573
Na2TbPWO8,4.7698,-2.8002153524283173,0.007943532115396,786.1340015653296,4.627711023117285,52.0,4.6876,-0.0822
Na2Te4WO12,2.9425,-1.78390556891712,0.0,571.4796468225549,5.417428302660353,38.0,5.8882,2.9457
Na2TeW2O9,2.6950000000000003,-2.072926606923234,0.001719942366078,1575.5450073341287,5.777765851594716,112.0,4.1717,1.4767
Na2ThTi3O9,1.860599999999999,-3.32055920451724,0.081143662000004,176.36777947017427,5.32536507300244,15.0,5.3941,3.5335
Na2Ti(SiO4)2,0.021199999999999,-2.6563109602763038,0.172900721089745,677.1868084620991,2.72687540644655,52.0,0.8114,0.7902
Na2Ti12O25,2.83865,-3.391270309878426,0.012820132756483998,739.0792450107415,3.455708286951832,58.5,3.9210000000000003,1.08235
Na2Ti2O5,3.7199999999999998,-3.002683413408366,0.030309117861109427,602.3654323805624,2.592119795828668,37.285714285714285,3.138242857142857,-0.5817571428571429
Na2Ti2Si(PO6)2,2.5551,-3.014165527563738,0.027798666098249,1474.869289316932,2.862500849466904,114.0,3.7455,1.1904
Na2Ti2Si2O9,2.9482,-3.160490493461686,0.0,685.3620054952854,3.313306901068589,60.0,5.0942,2.146
Na2Ti2Si2SO12,2.6351,-2.863966416329401,0.089795417105263,1501.031137218805,2.8006816900400238,114.0,3.8173,1.1822
Na2Ti2Si3Ge2(SO8)3,1.505799999999999,-2.491263567460887,0.104892108217592,1418.260827070981,2.990635736761355,108.0,3.0376,1.5318
Na2Ti2Si3Sn2(SO8)3,1.4854,-2.5126688547757032,0.075291211180553,1525.46262679465,3.081365377107677,108.0,3.1837,1.6983
Na2Ti2Si4O13,3.5136000000000003,-3.177372535686919,0.015215343611115,563.7301932165012,2.722040897385109,42.0,4.3578,0.8442000000000001
Na2Ti2Zn2SiS5O24,1.2535,-2.27866732519237,0.04053546667824,1470.6037845669937,2.862161855564806,108.0,2.4521,1.198599999999999
Na2Ti3O7,2.9953000000000003,-3.160181039813217,0.0,289.7451538065769,3.456687956033042,24.0,4.1874,1.1921
Na2Ti3Zn5(SO4)12,1.4862,-2.088853652229886,0.0,2901.261215536257,2.866407143632322,210.0,1.7178,0.2316
Na2Ti3ZnP4(SO12)2,1.8231,-2.6816721745276872,0.01993573293403,1443.977623499795,2.8530901632809758,108.0,2.6997,0.8766
Na2Ti3ZnSi2(SO6)4,1.1356,-2.515931263965518,0.057829932974537,1474.0127073478827,2.782807883421664,108.0,2.4114,1.2758
Na2Ti4Al4Si3(S3O16)3,1.286699999999999,-2.540064860860838,0.047996825726191,2775.833570625348,2.667167000077151,210.0,2.7880000000000003,1.5013
Na2Ti4Ga4Si3(S3O16)3,1.283599999999999,-2.356941836194172,0.046139247095235,2863.00800096703,2.88343521621637,210.0,2.3219,1.0383
Na2Ti4Nb4Si7S5O48,1.860399999999999,-2.7792668859560763,0.047941035557821,3065.143544821299,2.818126943690902,210.0,2.5504,0.6900000000000001
Na2Ti4O9,2.4641,-3.209502397517241,0.0229170265555055,1082.7866043166332,3.509831512164485,90.0,4.127549999999999,1.66345
Na2Ti4Si3(SO8)3,1.495,-2.776296096349777,0.045092877430553,1479.026010918822,2.700887123157669,108.0,2.6253,1.1303
Na2Ti4Si5Ge4S7O48,1.5138,-2.409967590408457,0.097400679431554,2823.401672244109,2.9304278572291933,210.0,2.6753,1.1615
Na2Ti4Si5Sn4S7O48,1.316199999999999,-2.4388480672656,0.062373450842257,3023.338562051964,3.040277210578834,210.0,2.6965,1.3803
Na2Ti4Zn4SiS11O48,1.4221,-2.208980536598934,0.014009312263889,2912.3701928298824,2.818660903548991,210.0,2.1896,0.7675000000000001
Na2Ti6O13,2.916699999999999,-3.314977577512348,0.0,256.7661482616155,3.4998388252537183,21.0,4.212,1.2953
Na2Ti6Zn2Si3(S3O16)3,1.4079000000000002,-2.4572588337179813,0.034003408410709,2926.615067751858,2.7316746702193493,210.0,2.186,0.7781
Na2Ti7O15,2.79035,-3.3269294424413323,0.012182869375034499,921.2502229328609,3.356321900558588,72.0,3.9631499999999997,1.1728
Na2Ti8Si5S7O48,1.3434,-2.710172639598933,0.039356781797617,2941.7488828869914,2.644731692153726,210.0,2.1202,0.7768
Na2Ti9O19,1.9761,-3.31339145225862,0.059509487583369,361.98399377015323,3.582161015006065,30.0,4.01365,2.03755
Na2TiAl(PO4)3,2.5387999999999997,-2.9402230519309063,0.016838787461403,1405.4857478459182,2.876232849432638,114.0,4.1648,1.626
Na2TiCr(PO4)3,2.50025,-2.781814940987922,0.0214859842763195,722.0250538296265,2.9745632236502373,57.0,3.8800999999999997,1.37985
Na2TiFe(PO4)3,2.368,-2.7043428503519578,0.01795658402552167,800.661783901725,3.0227408591826284,63.333333333333336,3.6233333333333335,1.255333333333333
Na2TiFe5(Si3O10)2,2.3118,-2.705201170326233,0.0,775.5828349938213,3.68928963983586,68.0,5.9185,3.6067
Na2TiGa(PO4)3,2.4577,-2.769368228378274,0.023193781578946,1434.055465756831,3.115881904550523,114.0,3.691,1.2333
Na2TiGeO5,3.2391,-2.61335156734355,0.0,236.43991809791356,3.462152654639236,18.0,4.5342,1.2951
Na2TiH4O5,0.2417,-1.860858989257663,0.162482567458332,279.54684708559523,2.113197736417888,24.0,2.133099999999999,1.8914
Na2TiIn(PO4)3,2.2759,-2.733836165264239,0.03573193798246,1534.149955909753,3.205449058079382,114.0,3.5563,1.2804
Na2TiNbSi2PO12,2.743999999999999,-3.007276597056218,0.037650989701683,1537.358260190299,3.019319687908655,114.0,3.7026,0.9586
Na2TiNiO4,1.509,-2.348828121386494,0.018293893333331,172.49462476161992,4.169046341718679,16.0,5.1053,3.5963000000000003
Na2TiO3,2.2581999999999995,-2.681588435390325,0.06854581756943999,163.35631749032547,3.5908405043839466,15.0,4.630599999999999,2.3724
Na2TiPCO7,0.1996,-2.5469447367279,0.080607732830207,314.41964067497344,2.628249445613305,24.0,3.8414,3.6418
Na2TiS2O,2.4798,-1.991042413515325,0.0,506.1184733519119,2.283211207162628,24.0,3.2339,0.7541
Na2TiSi2GeSO12,2.733499999999999,-2.604094426767997,0.136288492675437,1445.4970674070412,3.079030548262371,114.0,4.1644,1.4309
Na2TiSi2SnSO12,2.5382,-2.621801675803087,0.110816981798244,1538.2061840786655,3.191858079611279,114.0,4.1674,1.6292
Na2TiSi4H2O13,0.346799999999999,-2.621263786981453,0.117679344886364,1081.6062831271995,2.5558680835600223,88.0,1.0131,0.6663
Na2TiSi4H4O13,3.6800499999999996,-2.6648347375454993,0.0058635074999995,575.3022446591731,2.418636077352608,48.0,3.9932999999999996,0.31325
Na2TiSi4O11,2.726199999999999,-3.119839093671773,0.01442423527778,468.1925091311907,2.710970496753393,36.0,4.5718,1.8456
Na2TiSiGe(PO6)2,2.508199999999999,-2.7587635273882998,0.068057670092984,1414.8888221887073,3.158293237762016,114.0,3.969,1.4608
Na2TiSiO5,3.1230333333333333,-2.9676154047046617,0.028079909305556,530.4198372383014,3.045060066452026,42.0,4.772533333333333,1.6495
Na2TiSiSn(PO6)2,2.5272,-2.781411264581282,0.037645671057892,1517.905481238839,3.246341797297902,114.0,4.1153,1.5881
Na2TiTeO6,2.4574,-2.357281466275862,0.0,129.66479318766145,4.065300903478737,10.0,4.0387,1.5813
Na2TiZn2GeO7,3.0984,-2.361211955083996,0.0,1315.222654570566,4.134108850936132,104.0,3.8619,0.7635000000000001
Na2TiZn2SiO7,3.0239,-2.624441073737841,0.000547716730767,1213.3188586182575,3.993507296167186,104.0,4.3512,1.3273
Na2TiZn3(SO4)6,0.9317,-2.052234168271073,0.006148241257718,1469.4457479237865,2.937378217263899,108.0,1.8564,0.9247
Na2TiZnP2SO12,2.0055,-2.527087144888298,0.069118106628287,1479.1389599561753,2.999203227521502,114.0,3.0139,1.0084
Na2TiZnSi(SO6)2,1.5062,-2.373248909267998,0.111323452258776,1513.9509997783152,2.918412928797972,114.0,2.7568,1.2506
Na2TmPWO8,4.8021,-2.81037581595396,0.006865500384622,761.0180213187176,4.867797204644966,52.0,4.8048,0.0027
Na2U(WO5)2,2.0214,-2.617479555850574,0.0,432.3698842890468,6.234617462886831,30.0,2.9925,0.9711
Na2U2ZnH8(C3O7)4,0.2233,-1.770418752882237,0.085530138750002,610.1611834517437,3.232083447730664,53.0,2.3116,2.0883
Na2V2ZnO7,3.2743,-2.268499522729885,0.009773394583331,366.7753324526893,2.945231453576879,24.0,2.5335,-0.7408
Na2W(OF2)2,4.2853,-2.748144636695402,0.0,532.7428996406788,4.211787282578557,36.0,2.9679,-1.3174
Na2W2O7,2.999033333333333,-2.2490357955838554,0.007510233611115667,413.8435206825789,5.825030412262485,29.333333333333332,3.663133333333333,0.6641
Na2W3O10,3.9872,-2.125507172183907,0.094185066833333,464.88624403196536,5.4114210933264975,30.0,3.6678,-0.3194
Na2W4O13,2.1228999999999996,-2.2084777864609775,0.0070726602631585,269.4456920607171,6.10201096794688,19.0,2.3991,0.2762
Na2WO4,4.752099999999999,-2.214918839679804,0.0,186.8370988411291,5.222676224815189,14.0,4.5294,-0.2227
Na2Y4Si3Sn4(S3O16)3,0.4687,-2.3788086519084573,0.109296161318453,3336.4111817985126,3.011977492542435,210.0,1.8723,1.4036
Na2Y4Ti4Si3(S3O16)3,1.2349,-2.659937589384647,0.076475127130951,3233.5941035964297,2.671190099801194,210.0,1.6948,0.4599
Na2YPWO8,4.7418,-2.789904791146267,0.007533769807702,787.1027991434466,4.031138661238237,52.0,4.6757,-0.0661
Na2YTi(PO4)3,2.1217,-3.005437217457221,0.062110737549121,1613.0651984870626,2.888581758038108,114.0,2.7261,0.6044
Na2YZnP(SO6)2,3.7691,-2.446963358810604,0.064956846250001,1679.1971963303924,2.891852306140754,114.0,4.1243,0.3552
Na2Zn(GeS3)2,2.266499999999999,-0.979059697978055,0.0,532.3858949030106,2.801273488303176,22.0,3.7075,1.441
Na2Zn(HO)4,3.0824,-1.531324562523511,0.0,466.04516845726346,2.557094890972793,44.0,2.0866,-0.9958
Na2Zn(SO4)2,4.6196,-2.066478037039124,0.0,1419.9828627500556,2.839450719300191,104.0,4.6961,0.0765
Na2Zn(SiO3)2,3.7467666666666664,-2.701463844038662,0.011165541666665668,286.440686178989,3.057374362552586,22.0,4.478233333333333,0.7314666666666666
Na2Zn(SnS3)2,1.7270999999999992,-0.976167164341691,0.0,586.9392385632551,3.062263542868772,22.0,3.2342,1.507099999999999
Na2Zn11(MoO4)12,3.3150999999999997,-1.9360232446953232,0.008478263424671,1109.3194171668747,4.018769116588043,73.0,2.8661000000000003,-0.449
Na2Zn2(SO4)3,4.2245,-1.9705143389609807,0.031736834013151,1523.5152835860183,3.040834555690282,114.0,4.446,0.2215
Na2Zn2O3,1.153,-1.7019263600369454,0.003455728928571,265.8698504590069,4.210319104049655,21.0,1.9623499999999998,0.80935
Na2Zn2S3,2.2615999999999996,-1.088916833705358,0.02643097142857,500.7380311858404,3.010332858070323,23.333333333333332,3.5005666666666664,1.2389666666666665
Na2Zn2Si2O7,3.323,-2.576323540596816,0.0,334.96940789168303,3.420173587600812,26.0,4.2046,0.8816
Na2Zn2Si3Ge6(S3O16)3,0.751899999999999,-1.989436172575124,0.099315898940481,2753.6680360185687,3.172139035333235,210.0,2.5079,1.756
Na2Zn2Si3Sn6(S3O16)3,0.734399999999999,-2.036730764860837,0.060130050961305,3067.287052775375,3.296736275342389,210.0,2.8193,2.0849
Na2Zn2SiGe2S5O24,0.194399999999999,-1.972517397599777,0.094119158339118,1426.3651592062704,3.123972310917755,108.0,1.9341,1.7397
Na2Zn2SiSn2S5O24,0.7411000000000001,-2.014805891025704,0.050290145219904,1520.8934890711698,3.23160793752189,108.0,2.7084,1.9673
Na2Zn3(SiO4)2,2.9909,-2.474306230628352,0.0,590.5519237174191,3.596679110900123,45.0,3.8172,0.8263
Na2Zn3Ge(SO4)6,0.1694,-1.8964141835951471,0.028280616325242,1455.731303940616,3.049826243534669,108.0,1.3176,1.1482
Na2Zn3H4(Se2O7)2,4.0703,-1.521288741190133,0.0,795.6880850498143,3.280933320889077,54.0,3.6164,-0.4539
Na2Zn3S4,2.27055,-1.003349807718254,0.078075896190476,567.1346866203469,3.2460096712052833,27.0,3.7346,1.46405
Na2Zn3Sn(SO4)6,0.637899999999999,-1.920988885169221,0.006263199918987,1495.7155174653185,3.1217371112124512,108.0,2.0281,1.3902
Na2Zn4SiGe4S11O48,0.893699999999999,-1.886657942932266,0.056096893821428,2800.2625889090828,3.107787978606659,210.0,2.4265,1.5328
Na2Zn4SiSn4S11O48,0.7801,-1.927699616122743,0.02851844939884,3012.831390890874,3.193220456153039,210.0,2.7484,1.9683
Na2Zn5(PO4)4,3.7339,-2.433343929123335,0.0,1529.6004415550133,3.269445830036903,108.0,3.6375,-0.0964
Na2Zn5Ge3(SO4)12,1.1925,-1.842623962920361,0.027132256452381,2811.938406243978,3.089123383051364,210.0,1.7009,0.5084000000000001
Na2Zn5Sn3(SO4)12,1.5447000000000002,-1.884164847682266,0.001162042958362,2985.523103983579,3.140131115751157,210.0,2.2134,0.6687000000000001
Na2ZnB6O11,4.83005,-2.68469965226293,0.0031904965972215,437.77820011308575,2.6722496625456333,40.0,4.911,0.08095
Na2ZnFe(PO4)2,3.4799,-2.417330569431737,0.032188977499993,320.6733490820952,3.699123356155292,28.0,5.6889,2.209
Na2ZnGaP(SO6)2,3.072199999999999,-2.157118397363237,0.077736061425431,1452.0853993439546,3.212529411684968,114.0,4.1178,1.0456
Na2ZnGe2(HO2)4,3.5206,-1.80846829538286,0.0,1540.9100546594275,3.350975916699305,136.0,3.0507,-0.4699
Na2ZnGe3P4(SO12)2,1.5063,-2.248486059573983,0.055332076817133,1356.6809507164414,3.309567485196818,108.0,3.0254,1.5191
Na2ZnGeO4,2.6397,-2.067949246594827,0.0,222.00914696391916,3.710271385203417,16.0,2.6793,0.0396
Na2ZnGeP2SO12,1.2947,-2.239004456905842,0.101552682399123,1436.7475985576143,3.259485210301437,114.0,2.6155,1.3208
Na2ZnH4(SeO5)2,3.0449,-1.488347683286638,0.0,202.97944923012835,3.545031452128809,19.0,2.9007,-0.1442
Na2ZnH8(SO6)2,4.9405,-1.688238596910344,0.000731419150008,514.4226515964338,2.424686094736396,50.0,4.5063,-0.4342
Na2ZnInP(SO6)2,3.150699999999999,-2.144874847845692,0.04948614125,1579.6490450485387,3.237528693446957,114.0,4.2334,1.0827
Na2ZnO2,1.4567,-1.6469667305517222,0.0,258.03345167702247,3.6909986017271583,20.0,2.14,0.6833
Na2ZnP(H5O4)3,4.3267,-1.576545708343596,0.018762075161289,1140.7773529017445,2.034807445370687,124.0,3.1166,-1.2101
Na2ZnP2(H5O6)2,4.6009,-1.833622656186826,0.016155608888885,1112.5230309876931,2.241320201171479,108.0,3.7785,-0.8224
Na2ZnP2O7,4.1232,-2.5489091907953605,0.004623320694445,637.8409829465879,2.971322579907439,48.0,4.786849999999999,0.6636500000000001
Na2ZnP4(H4O5)4,5.1248000000000005,-1.861943739565815,0.0094465326744015,870.7505461718458,2.1793486845652748,86.0,4.4407,-0.6840999999999999
Na2ZnPHO5,3.6144,-2.257447842865148,0.0,489.544732382712,3.030652805460508,40.0,3.9907,0.3763
Na2ZnPO5,0.2072,-2.187826759433497,0.097752271527773,485.2253794189496,3.043833410724611,36.0,0.4813,0.2741
Na2ZnS2,2.2643999999999997,-1.1584316812250002,0.0128492807,510.5410516779604,2.7202712507052156,23.333333333333332,3.278966666666667,1.0145666666666668
Na2ZnSi2Ge3(SO6)4,0.6088,-2.080240902900703,0.128337409056711,1394.431428094265,3.207130089613136,108.0,2.2919,1.6831
Na2ZnSi2Sn3(SO6)4,0.6362000000000001,-2.120910422252555,0.082029565150459,1549.686041799779,3.330114723195299,108.0,2.6665,2.0303
Na2ZnSi3O8,3.9475,-2.832151200554187,0.000521461904761,373.11011332290406,2.8807434613144443,28.0,4.8866,0.9391
Na2ZnSiGe(SO6)2,0.8459000000000001,-2.083702273478524,0.187491174057022,1469.1283087774243,3.175456731198093,114.0,2.3837,1.5378
Na2ZnSiO4,3.1553999999999993,-2.4854532783135763,0.00217679390625,297.5501986835672,3.4077483939482187,24.0,4.022399999999999,0.867
Na2ZnSiSn(SO6)2,1.405399999999999,-2.128032235408349,0.135396950285092,1564.734763415549,3.274778387811458,114.0,3.1188,1.7134
Na2ZnSn3P4(SO12)2,1.7419,-2.299474207999909,0.02906513555941,1505.2117840473086,3.440403888904604,108.0,3.5452,1.8033
Na2ZnSnP2SO12,2.0133,-2.291880640414615,0.071775178821265,1524.9654556667715,3.371921467542961,114.0,3.4884,1.4751
Na2Zr(CuS2)2,0.0011,-1.243509303639846,0.0,168.5766857351447,3.866808774572941,9.0,4.4812,4.4801
Na2Zr(WO4)3,2.8712,-2.443864616819922,0.041481874861132,500.8514963124829,5.839910223046854,36.0,3.1301,0.2589
Na2Zr2Si3Sn2(SO8)3,1.132099999999999,-2.569545429497925,0.07271129731482,1611.6340945842671,3.184645753888808,108.0,2.677,1.5449000000000002
Na2Zr2Ti2Si3(SO8)3,1.2392,-2.83019129005348,0.047303142199068,1565.3086734507783,2.827977852962785,108.0,2.278299999999999,1.0391
Na2Zr2Zn2SiS5O24,2.4994,-2.343945227229406,0.03863199390046,1590.0373920444874,2.918850860942833,108.0,3.4477,0.9483
Na2Zr3Zn5(SO4)12,2.9343,-2.152894497848933,0.000116827922623,3059.647208189578,2.92980176948436,210.0,3.0247,0.0904
Na2Zr3ZnP4(SO12)2,3.3916,-2.788026543323984,0.026664410458622,1591.300599851215,2.996141825652595,108.0,3.8108,0.4192
Na2Zr3ZnSi2(SO6)4,2.2676,-2.608792701095147,0.049465026111107,1634.2064812510553,2.906522625849803,108.0,3.3068,1.0392
Na2Zr4Si5Sn4S7O48,1.249699999999999,-2.496344086503696,0.064671172976177,3222.0840905005525,3.120880447361483,210.0,2.3259,1.0762
Na2Zr4Ti4Si5S7O48,1.2709,-2.771983620932267,0.034324033261901,3139.115183077024,2.753670351204777,210.0,1.7126,0.4417
Na2Zr4Zn4SiS11O48,2.504099999999999,-2.2834359445513157,0.014918250291663,3135.4016476917195,2.893707705230503,210.0,3.259,0.7549
Na2Zr6Zn2Si3(S3O16)3,2.4879,-2.556811496813219,0.023995546476188,3246.879403868283,2.861359156296923,210.0,3.0889,0.601
Na2ZrSi2SnSO12,2.7729,-2.673453923083788,0.112317274122807,1633.4792406231434,3.270143664993999,114.0,4.0485,1.2756
Na2ZrTiSi(PO6)2,2.5986,-3.076822898090053,0.031455493563155,1565.633730279104,2.972464413216364,114.0,3.4516,0.853
Na2ZrTiSi2SO12,2.6344000000000003,-2.916930489750454,0.089983883289472,1606.0342952545484,2.886542578667259,114.0,3.4527,0.8183
Na2ZrZn3(SO4)6,2.3977,-2.090361479659963,0.009604607164355,1524.7343797222477,2.972521619903227,108.0,3.2268,0.8291000000000001
Na2ZrZnP2SO12,3.7179,-2.599652345677773,0.066157518426539,1582.408209911359,3.076459200618983,114.0,4.3993,0.6814
Na2ZrZnSi(SO6)2,3.0848,-2.437817097952209,0.099907803179822,1624.75518804006,2.985255970183441,114.0,4.0387,0.9539
Na30Nb16Zn8Si27(SO16)9,1.433699999999999,-2.64776665914051,0.11513467593304,3216.964711317025,3.123042268500489,234.0,3.09,1.656299999999999
Na30Nb20Zn4Si33(SO48)3,1.984,-2.849286153990937,0.067450094515669,3210.1664390505225,3.174199894854905,234.0,3.5638,1.5798
Na30Nb4Zn20Si9(S3O16)9,1.7030999999999992,-2.160058521683245,0.099641633201057,3131.0957439065423,3.071684146894772,234.0,3.1022,1.3991
Na30Nb8Zn16Si15(S7O48)3,1.5138999999999991,-2.307558636106322,0.123649405729039,3181.362536690527,3.068097473953591,234.0,2.7819000000000003,1.268
Na30Ta16Zn8Si27(SO16)9,1.9532,-2.730032609770139,0.107867227984325,3177.03314070408,3.898561275531947,234.0,3.93,1.9768
Na30Ta20Zn4Si33(SO48)3,2.8017000000000003,-2.956917459318573,0.05305363148148,3183.952642968706,4.118665837226486,234.0,4.5301,1.7284000000000002
Na30Ta4Zn20Si9(S3O16)9,2.5137,-2.178675455141935,0.099712776638175,3125.760624627078,3.264012758850623,234.0,3.9401,1.4264
Na30Ta8Zn16Si15(S7O48)3,2.2704,-2.34567331191259,0.122910883714385,3139.092454649829,3.481994022895575,234.0,3.758,1.4876
Na3Ag3W2(OF)6,2.323699999999999,-2.143203441456896,0.001897866968749,287.4272472417744,5.605323248637883,20.0,3.0256,0.7019000000000001
Na3Al2Sn2P5SO24,3.312299999999999,-2.620841201122132,0.040983501756748,1414.278540640329,3.280287057003227,111.0,5.3096,1.9973
Na3Al2Zn2PS5O24,4.3545,-2.242401183232815,0.041268249442565,1399.561466259003,2.950877010157708,111.0,5.703,1.3485
Na3AlSi2SnSO12,2.5934,-2.5388752014152303,0.14453729495834,1509.460728934749,3.2665318513430712,120.0,5.266199999999999,2.6728
Na3AlSi3Sn3(SO8)3,2.1767,-2.355783603647872,0.117921087342335,1525.5207228246682,3.319458864193276,111.0,4.2834,2.1067
Na3AlZn3(SO4)6,4.151,-2.048688363670395,0.029995247032657,1441.966666519393,3.000624694172069,111.0,5.0213,0.8703000000000001
Na3AlZnP2SO12,4.0962,-2.483102158046182,0.097584129291667,1454.4891720726516,3.064446364326793,120.0,6.0303,1.9341
Na3AlZnSi(SO6)2,3.584199999999999,-2.32330460879023,0.139720867843752,1487.8622098808692,2.983676750774163,120.0,5.6758,2.0916
Na3Ca2Sn2P3(SO8)3,2.4409,-2.451660114069365,0.062049273108101,1646.831796936871,2.902904216122811,111.0,3.2714,0.8305
Na3Ca2Ta3Ti2O15,2.4216,-3.249350074312183,0.010880166299999,1190.1448167721287,5.735523693747071,100.0,4.8109,2.3893
Na3Ca2Ti2P3(SO8)3,2.1794,-2.698967249925221,0.053576689324315,1596.253011719738,2.552709076872653,111.0,2.5414,0.362
Na3Ca3SnPS5O24,1.8127,-2.405738218593175,0.045889985135127,1710.0026201643514,2.5729508545872037,111.0,2.4705,0.6578
Na3Ca3TiPS5O24,1.8986,-2.522949843052635,0.04724630049549,1690.9987606384466,2.393165559793128,111.0,2.1225,0.2239
Na3Ca7Ta3Ti7O30,2.3925,-3.397887312389425,0.010271386500004,1170.1630168663835,4.845856312708149,100.0,5.1002,2.7077
Na3Ca7Ti7Nb3O30,1.180499999999999,-3.2767423687494253,0.065965470849999,607.6573727026705,3.944051332306106,50.0,4.197,3.0165
Na3CaSc3Zn(SiO3)8,4.7697,-3.245689009728448,0.010541788500001,468.1172212425965,3.256373060662985,40.0,7.1712,2.4015
Na3CaSn3P5SO24,1.7912,-2.508734425221231,0.050568327072057,1587.034032356262,3.252253653681836,111.0,3.3635,1.5723
Na3CaTi(PO4)3,2.0362,-2.867000075028325,0.0672407958583265,1333.2046054502957,2.7522171014981165,100.0,3.1237,1.0875
Na3CaTi3P5SO24,1.8819,-2.8684587415725837,0.048896408346202,1512.2601078659873,2.712958628645745,111.0,2.7577,0.8758
Na3CaZnP(SO6)2,3.9527,-2.367961073439039,0.076182820624997,1660.1343026730676,2.769992417251792,120.0,4.7575,0.8048000000000001
Na3Co2CuH8S4O17,0.3119,-1.464732091118227,0.191122035325898,842.8779632759278,2.59536696355659,70.0,1.1065,0.7946000000000001
Na3CuBSO7,0.762899999999999,-2.045733297754199,0.089115586538453,324.8069297933804,2.9384688319863117,26.0,2.6862,1.9233
Na3CuCSO7,1.4213,-1.86774612627984,0.089562225192304,322.8979810795348,2.968180023433905,26.0,5.1832,3.7619
Na3DyTi2Nb2O12,2.5967000000000002,-3.1361506821235627,0.0116671924166495,356.57824386845573,4.933150600005891,30.0,4.46355,1.86685
Na3ErTi2Nb2O12,2.3482999999999996,-3.13737590854023,0.013349547458328,352.84605645043683,5.015074127552967,30.0,4.19955,1.85125
Na3FeO3,1.68355,-1.6688141582697036,0.032762505178571,385.24201474302936,2.9813011838189025,28.0,3.07855,1.395
Na3FeO4,0.3186,-1.543383047079741,0.019869478854166,348.4409691406024,3.599227151513103,32.0,1.6278,1.3092
Na3Ga2Sn2P5SO24,3.072599999999999,-2.4416251845906,0.04911773545045,1468.4326027794652,3.4493124034309077,111.0,4.5134,1.4408
Na3GaSi2SnSO12,2.460999999999999,-2.391448087373564,0.13607651925,1551.551700714287,3.45237915401759,120.0,4.6187000000000005,2.1577
Na3GaSi3Sn3(SO8)3,2.142,-2.272513322138863,0.114356311486481,1546.5634434939448,3.41196793920363,111.0,3.9846,1.8426
Na3GdTi2Nb2O12,2.2338,-3.12590074791523,0.010362076291647999,355.63357241548516,4.93065556449783,30.0,4.12495,1.89115
Na3Hf2Ti2SiP5O24,2.5617,-3.122384848216728,0.020794866915315,1511.2783431447283,3.588421795821379,111.0,3.3933,0.8316
Na3Hf2Zn2P3(SO8)3,4.6276,-2.572103954790086,0.037169074042787,1555.8055788068582,3.617788678887524,111.0,5.0006,0.373
Na3Hf3ZnP5SO24,4.391599999999999,-2.92789920877979,0.042298317728044,1568.3978054423976,3.9409834563016712,111.0,5.2272,0.8356
Na3HfTiSi2PO12,2.8114999999999997,-3.1121209477932066,0.019030339140283,1301.5691631430661,3.6650150677715603,100.0,4.15305,1.34155
Na3HfZn(PO4)3,4.38445,-2.795142535819992,0.043081420583343,1307.8218936711044,3.800360290620368,100.0,5.527100000000001,1.1426500000000002
Na3HfZn3PS5O24,3.928999999999999,-2.213486800800383,0.030877322911031,1530.8528651611598,3.315878312336884,111.0,4.4769,0.5479
Na3HoTi2Nb2O12,2.6307499999999995,-3.13607332329023,0.012726698499984,355.84501282047086,4.955368963863778,30.0,4.47335,1.8426
Na3In2Sn2P5SO24,2.6829,-2.422143642113124,0.027011390135148,1567.847403437583,3.517162979974303,111.0,4.2123,1.529399999999999
Na3InSi2SnSO12,2.040399999999999,-2.375723540248564,0.110880256166666,1652.3861498077272,3.51360776284168,120.0,4.1434,2.103
Na3InSi3Sn3(SO8)3,1.8754,-2.255145179413638,0.121746469459462,1589.803708881796,3.460471806698828,111.0,3.8598,1.9844
Na3La2Sn2P5SO24,2.3807,-2.71110736823925,0.083990440855854,1721.1825906630777,3.343261770447023,111.0,3.5957,1.215
Na3La2Ti2P5SO24,2.3703,-2.955642045176186,0.078290315990986,1657.860269904024,3.045213539645436,111.0,3.3195,0.9492
Na3La2Zn2PS5O24,4.0585,-2.363248830169751,0.06530171126689,1727.5004754047989,3.036212257666788,111.0,4.6782,0.6197
Na3La8Ti9Mn3O36,1.2517,-3.371485453863238,0.071435966076874,721.1789845414917,5.415119056283457,59.0,6.6557,5.404
Na3LaSi2SnSO12,1.3023,-2.607191573248564,0.144220438895834,1807.685959912196,3.34451118554547,120.0,3.1921,1.8898
Na3LaSi3Sn3(SO8)3,1.4485,-2.3848791349541782,0.16534849846847,1657.0067125564244,3.39254236269784,111.0,3.3696,1.9211
Na3LaTi2Nb2O12,1.9014499999999996,-3.12512088004023,0.020316426237496,364.89988199815303,4.636721640658415,30.0,4.776949999999999,2.8755
Na3LaTi3(PO4)6,2.2154,-2.997757947846714,0.056617710272974,1529.2371704134362,3.001224199596067,111.0,3.3172,1.1018
Na3LaTi3Si3(SO8)3,2.0824,-2.767178727341566,0.123728933716213,1603.449995260494,2.8455688417179523,111.0,3.1482,1.0658
Na3LaTiSi(PO6)2,1.96895,-2.9496470467128493,0.146260346036109,1432.9255916821717,3.1122821375475644,100.0,3.47005,1.5011
Na3LaTiSi2SO12,2.305,-2.82771615391523,0.139612419895834,1779.7165060163522,3.000478154951669,120.0,3.7145,1.4095
Na3LaZn3(SO4)6,3.729899999999999,-2.112355526508233,0.042260103975234,1626.4445370744331,3.003092240850889,111.0,4.0575,0.3276
Na3LaZnP2SO12,3.5204,-2.5726324782128502,0.131331432374999,1781.4153289182525,3.128034393954283,120.0,4.5182,0.9978
Na3LaZnSi(SO6)2,3.1156,-2.417538891956897,0.138614511416664,1813.833931296497,3.062256225116355,120.0,4.3803,1.2647
Na3LiTi2Si4(HO4)4,3.5603,-2.720117881137931,0.004383918597223,661.3339899487711,2.731894404760613,60.0,4.4849,0.9246
Na3LiWO5,3.8186,-2.196850389747126,0.0,240.67041693213503,4.688267753319936,20.0,4.9507,1.132099999999999
Na3Mg2(WO4)3,1.987099999999999,-2.313746582956896,0.076572275874998,559.3688148456675,5.112466219282423,40.0,4.742,2.7549
Na3Mg2Sn2P3(SO8)3,2.822,-2.399451203889184,0.03051129495495,1510.9425505615968,3.059973967024613,111.0,4.139,1.317
Na3Mg2Ti2P3(SO8)3,2.2884,-2.645156259474771,0.023640791441443,1459.6934078497168,2.683864594270151,111.0,3.1482,0.8598
Na3Mg3SnPS5O24,2.3227,-2.310723696385968,0.016834109909902,1498.7717708322157,2.778293292986663,111.0,3.7614,1.4387
Na3Mg3TiPS5O24,1.9732,-2.43506207363822,0.014253027777773,1472.919910523219,2.5874555867614357,111.0,2.9813,1.0081
Na3MgSbS4,1.7720499999999995,-1.064216257681991,0.1393430041666675,243.6366569736162,2.3397918268501767,9.0,3.38665,1.6146
Na3MgSn3P5SO24,2.3552,-2.493849896797808,0.033128666846846,1512.2657494020425,3.361090591495188,111.0,4.1963,1.8411
Na3MgTi(PO4)3,2.26185,-2.858857548507492,0.0198516984458305,1239.9775412187287,2.8550674763174575,100.0,3.7497,1.48785
Na3MgTi2P2O10F,0.3091999999999995,-2.8266756952679106,0.1621418943769905,226.96315447269203,3.145648223879614,19.0,6.0716,5.7623999999999995
Na3MgTi3P5SO24,2.1078,-2.85777384287889,0.027456548873886,1449.360421902811,2.776482646749943,111.0,3.2595,1.1517
Na3MgZnP(SO6)2,4.2108,-2.317039215439039,0.055560405749999,1534.9056151130055,2.893604199572952,120.0,5.3452,1.1344
Na3Mn2CuH10S4O17,3.905599999999999,-1.623960138445945,0.06986089857464,878.6185060791419,2.467209704299576,74.0,4.8244,0.9188
Na3Nb10Zn2Si3(P5O24)3,2.1155,-2.8502735335598173,0.016569625853172,1531.8871648198176,3.067314016176086,105.0,2.4713,0.3558
Na3Nb2Zn2P5SO24,2.0004,-2.550187352293304,0.05683142023648,1520.5311186887238,3.133782547548723,111.0,2.7239,0.7235
Na3Nb2Zn4P3(SO6)6,2.3169,-2.231166561630862,0.025698069780094,1507.9860816924092,3.03416268277693,108.0,2.520299999999999,0.2034
Na3Nb4Zn2(PO4)9,2.0209,-2.726828181591179,0.023432369714497,1520.197960810022,3.115628748516058,108.0,2.7304,0.7095
Na3Nb4Zn8P3(S5O24)3,2.109,-2.112816303338729,0.011395647515867,1497.7795467954325,2.982004264044959,105.0,2.0579,-0.0511
Na3Nb5ZnSi3(PO6)6,2.3769,-2.874803198092502,0.024742900200612,1541.6197338381735,3.112905784043224,108.0,2.8677,0.4908
Na3Nb5ZnSi6(SO12)3,1.829699999999999,-2.710514353271073,0.070717569692459,1573.096549571525,3.039236731037618,108.0,2.8132,0.9835
Na3Nb8Zn4P15(SO24)3,1.9444,-2.635689986345532,0.020976052982145,1518.4971631174496,3.047277586321367,105.0,2.3445,0.4001
Na3NbZn5(SO4)9,1.69,-1.98628303280811,0.005502328923606,1490.4070586898554,3.015972302030648,108.0,2.196,0.506
Na3NbZnSi(PO6)2,1.7927,-2.6480133527545155,0.0954686285833315,1307.9585394865926,3.2353168321426518,100.0,3.2781000000000002,1.4853999999999998
Na3NbZnSi2SO12,1.534,-2.479751795581897,0.167895252874999,1619.9406750924356,3.121395689394573,120.0,3.117,1.583
Na3NdTi2Nb2O12,2.4913,-3.1243679327902303,0.0069419724749935005,363.9667536372082,4.701470926010595,30.0,4.4262999999999995,1.935
Na3PrTi2Nb2O12,2.36495,-3.1194920672485624,0.007466557224998499,365.19348966976594,4.661759084712116,30.0,4.37975,2.0148
Na3SbH18S4O9,2.2199,-1.209506117689655,0.008136340285712,1734.436567285107,1.842511645999733,140.0,1.5734,-0.6465000000000001
Na3SbH30S3N10,2.7212,-0.516163402056126,0.001374522234042,2097.2650263168416,1.448071561092076,188.0,2.5636,-0.1576
Na3SbS3,2.3949,-1.032834377276785,0.0,644.6723289992628,2.956224431503586,28.0,4.5112,2.1163
Na3Sc2(WO4)3,2.1122,-2.465278456956896,0.148601819415763,578.5683580385653,5.17989052274862,40.0,4.550499999999999,2.4383
Na3Sc2Sn2P5SO24,2.924499999999999,-2.718401294275285,0.017621054384385,1549.3065191337776,3.109986582851248,111.0,4.1072,1.1827
Na3Sc2Ti2P5SO24,2.3798999999999992,-2.9608632118428533,0.013464125630638,1501.9425952873114,2.738118677480122,111.0,3.1952,0.8153
Na3Sc2Zn2PS5O24,3.9657,-2.354905516385968,0.027398884915543,1546.5151514556453,2.786275094945311,111.0,4.4614,0.4957
Na3ScSi2SnSO12,2.142299999999999,-2.636763777581896,0.110079756250001,1630.887594671099,3.133130978176037,120.0,4.0115,1.8692
Na3ScSi3Sn3(SO8)3,1.9944,-2.4061187565758,0.120985806779276,1577.1175048382554,3.267635238190111,111.0,3.8258,1.8314
Na3ScTi3(PO4)6,2.254099999999999,-3.020172919558427,0.014008053671176,1474.6663398983933,2.794912148740164,111.0,3.2777,1.0236
Na3ScTi3Si3(SO8)3,2.1618,-2.782563697071296,0.085220893918918,1528.4856812932992,2.678930304571119,111.0,3.1295,0.9677
Na3ScTiSi(PO6)2,2.26375,-3.015609475733682,0.0467758206208335,1291.037870589504,2.8587444377909614,100.0,3.6324500000000004,1.3687
Na3ScTiSi2SO12,2.4676,-2.868418132581898,0.088511418291666,1585.4571215628057,2.777721939193866,120.0,3.975,1.5074
Na3ScZn3(SO4)6,3.9585999999999992,-2.112848045787512,0.022016171604724,1519.5509894673182,2.906346852476662,111.0,4.3915,0.4329
Na3ScZnP2SO12,4.2364,-2.599252987296183,0.049576276375006,1563.7857317524,2.964784021584192,120.0,5.3625,1.1261
Na3ScZnSi(SO6)2,3.7872,-2.438866886706896,0.091227492453127,1607.6304622883051,2.872788795488072,120.0,5.0309,1.2437
Na3SmTi2Nb2O12,2.4202999999999992,-3.12916225679023,0.008278361099993501,360.9842116776546,4.782420949588952,30.0,4.29275,1.8724500000000002
Na3Sr14La3Ti20O60,1.723199999999999,-3.5134036649580462,0.006575493392521,1213.0441254839154,4.968663743310991,100.0,5.4041,3.6809
Na3Sr14Nd3Ti20O60,1.8384,-3.502696614333045,0.009266096833353,1209.0276187844336,5.007158497379986,100.0,5.001,3.1626
Na3Sr2Ti3(Si2O9)2,0.0909,-3.142219466471264,0.044492787291671,383.7661168785178,3.410253553446552,30.0,2.1251,2.0342
Na3Sr4La3Ti10O30,1.8791499999999997,-3.478457342249426,0.0098386827849825,601.5260144884877,4.954690985780713,50.0,5.7662,3.88705
Na3Sr4Nd3Ti10O30,1.964,-3.458237928599425,0.014025202066672,593.624724907943,5.065404726868022,50.0,4.9634,2.9994
Na3Sr7Ta3Ti7O30,1.7944,-3.396741300589425,0.008319992450003,622.5309380323197,5.442040149728243,50.0,4.6595,2.8651
Na3Sr7Ti7Nb3O30,1.7471,-3.314539395849425,0.025071037899996,1249.108094575614,4.722168275637807,100.0,4.4374,2.6903
Na3SrLaZnSi6O17,4.7991,-3.116521979280619,0.0,1539.3871046103936,3.457913676807991,116.0,6.5677,1.7686000000000002
Na3SrTiNb3O12,1.6094999999999997,-2.9877417274985634,0.0337909193749965,502.9690219281973,4.458107852189707,40.0,3.5474500000000004,1.93795
Na3Ta10Zn2Si3(P5O24)3,2.8098,-2.968662731877278,0.016913158815484,1512.3410668865097,4.073646222446349,105.0,3.4211,0.6113000000000001
Na3Ta2Ti2Si3(PO8)3,2.6811,-3.080822898362158,0.015812992140542,1514.098305825332,3.578906421397922,111.0,3.5683,0.8872
Na3Ta2Zn2P5SO24,2.7835,-2.6135361895365463,0.060842064740996,1508.185471285217,3.7410465036079312,111.0,3.6337,0.8502000000000001
Na3Ta2Zn4P3(SO6)6,3.1554,-2.2761994524580222,0.026818897928242,1494.5266177139104,3.452772560210212,108.0,3.4356,0.2802
Na3Ta4Zn2(PO4)9,2.7217,-2.818007437134389,0.024661156956025,1508.4089603239977,3.915346187497548,108.0,3.6476,0.9259
Na3Ta4Zn8P3(S5O24)3,2.9416,-2.158251413903808,0.011093218103177,1492.446281756992,3.384490589587612,105.0,2.9912,0.0496
Na3Ta5ZnSi3(PO6)6,3.274,-2.994244540530774,0.018315696373457,1529.2796389860655,4.094006307918752,108.0,3.8518,0.5778
Na3Ta5ZnSi6(SO12)3,2.5272,-2.821760903764901,0.060698102384252,1557.2083853682948,4.009082134354442,108.0,3.7427,1.2155
Na3Ta8Zn4P15(SO24)3,2.7382,-2.732810242428071,0.018800590220228,1501.7826241879818,3.859981516999687,105.0,3.3012,0.5630000000000001
Na3TaTi(SiO4)3,3.0427999999999997,-3.0758502382610633,0.019810130270828,1295.088361196329,3.6800530002343246,100.0,4.48215,1.4393500000000001
Na3TaZn5(SO4)9,2.4688,-2.009521532017987,0.002569308645827,1508.26239728323,3.174128796718049,108.0,2.9181,0.4493
Na3TaZnSi(PO6)2,2.5681999999999983,-2.7070421710795163,0.0929592371666665,1300.639308402029,3.8175326675222485,100.0,4.17745,1.6092499999999994
Na3TaZnSi2SO12,2.2546,-2.53442275161523,0.167766679583333,1600.4256568291214,3.707547374276059,120.0,3.9841,1.7295
Na3TbTi2Nb2O12,2.5137,-3.138747965873563,0.007926523416649,478.4001491475758,4.869391965904393,40.0,4.3605,1.8468
Na3Ti2(PO4)3,0.006799999999999,-2.816328668986659,0.057389009243145,519.3476748769075,2.875173158987009,40.0,4.4388,4.432
Na3Ti2Al2P5SO24,2.443399999999999,-2.8651805751761863,0.035478679774771,1382.1459862546797,2.8458746155662853,111.0,3.9656,1.5222
Na3Ti2Ga2P5SO24,2.4078,-2.6882854820680797,0.041291990045043,1422.7661715935112,3.063930997822551,111.0,3.4894,1.0816
Na3Ti2In2P5SO24,2.4274,-2.669258530131142,0.018731054189188,1517.577875471716,3.168568485853797,111.0,3.5891,1.1617
Na3Ti2Mn3Si4(O8F)2,0.006099999999999,-2.94712267898659,0.017496667592592,1399.5821255364528,3.492191235641503,120.0,2.9588,2.9527
Na3Ti2Nb2Si3(PO8)3,2.6679,-3.013941487605401,0.020523647230618,1517.0551630875764,2.993719779253297,111.0,3.4809,0.8130000000000001
Na3Ti2P2O10F,3.232,-2.991129180838349,0.005158123692128,226.95778921758068,2.967893021905362,18.0,4.1969,0.9649
Na3Ti2Si2PO12,2.7206999999999995,-3.0177029842098735,0.034923798095837,1261.438668065698,2.925726453826573,100.0,4.25165,1.53095
Na3Ti2SiGe2P5O24,2.531099999999999,-2.749837704342853,0.049521843963965,1397.196779160853,3.126614554264428,111.0,3.8225,1.291399999999999
Na3Ti2SiSn2P5O24,2.5118,-2.776419450739249,0.021300568549542,1497.3301702952442,3.224073146628301,111.0,3.9064,1.3946
Na3Ti2Zn2P3(SO8)3,2.3372,-2.465727661546843,0.031703263412155,1473.979267404444,2.93569138879294,111.0,2.908,0.5708
Na3Ti3Al(PO4)6,2.2934,-2.978340331585453,0.00939877342611,1410.84554119921,2.857875864715816,111.0,3.686,1.3926
Na3Ti3AlSi3(SO8)3,2.2333,-2.73808780702625,0.076296911599096,1462.7900554065736,2.738031441512209,111.0,3.5681000000000003,1.3348
Na3Ti3Ga(PO4)6,2.3792,-2.889751230887254,0.013514988738728,1422.8711072389856,2.983364409252138,111.0,3.564,1.1848
Na3Ti3GaSi3(SO8)3,2.2794,-2.655194416598323,0.072355244662162,1481.1410944555464,2.847862893737305,111.0,3.3487,1.0693
Na3Ti3In(PO4)6,2.3127,-2.8751571014052733,0.016301436396394,1475.4737370810133,3.029256933273047,111.0,3.4966,1.1839
Na3Ti3InSi3(SO8)3,2.1531,-2.638438677837061,0.079132998671174,1527.7086333939235,2.908102169354451,111.0,3.3856,1.2325
Na3Ti3ZnP5SO24,2.023799999999999,-2.764921820131142,0.037512550565872,1449.2121996975125,2.918060208548194,111.0,3.1691,1.1453
Na3Ti4SiP5O24,2.4488,-3.015209182811321,0.01612842844684,1451.355864951891,2.8398800588104143,111.0,3.5441000000000003,1.0953
Na3TiAlSi(PO6)2,2.4571499999999995,-2.935547216171183,0.0458159260027725,1200.3993490377875,2.9454129754845266,100.0,4.48995,2.0327999999999995
Na3TiAlSi2SO12,2.5827,-2.786644381331897,0.106854132083332,1472.2888265138338,2.869597363480588,120.0,4.7861,2.2034
Na3TiFe3O8,1.7711,-2.133860237831417,0.02203468973333,174.7122579615704,3.919305399718161,15.0,4.1195,2.3484
Na3TiGaSi(PO6)2,2.38905,-2.7768642277753504,0.048127001895829497,1235.5822253451684,3.152189824168027,100.0,3.9629000000000003,1.57385
Na3TiGaSi2SO12,2.4925,-2.6331059061235638,0.104504717541671,1514.8106755247954,3.070165406475283,120.0,4.2285,1.736
Na3TiInSi(PO6)2,2.1639,-2.7398683006295146,0.0602377067499935,1303.5519362521063,3.2731299424912903,100.0,3.94475,1.78085
Na3TiInSi2SO12,2.4455,-2.6022811729985653,0.094893590104164,1613.6497323538335,3.160544253408854,120.0,4.1781,1.7326
Na3TiNb(SiO4)3,2.7942999999999993,-3.0106941243318976,0.030423861458335498,1307.335290779149,3.088230363919929,100.0,4.1349,1.3406
Na3TiSi2GePO12,2.82045,-2.78095698756404,0.0679441721194465,1213.696805836897,3.2054862430235667,100.0,4.55515,1.7347000000000001
Na3TiSi2SnPO12,2.8259499999999997,-2.8017966434598733,0.039728467473617496,1288.427358530883,3.3179369092238455,100.0,4.7476,1.92165
Na3TiZn(PO4)3,2.05785,-2.6895596827574924,0.052224327192498005,1249.6268248116216,3.107102909793015,100.0,3.48255,1.4247
Na3TiZn3PS5O24,2.0644,-2.158477693773354,0.029048928338966,1485.9530190467526,2.9781614726393717,111.0,2.6478,0.5834
Na3TmTi2Nb2O12,2.1266,-3.14146571429023,0.011922018062472,468.3084502675167,5.045303042217638,40.0,3.9682,1.8416
Na3W2(ClO)4,0.3182,-1.909514548779841,0.113230119583332,240.3293026314537,4.439026383684373,13.0,2.7881,2.4699
Na3WNO3,3.181899999999999,-1.63887794551724,0.118037562125,267.97493268454593,3.901568595256892,16.0,3.2438,0.0619
Na3WO4,1.1392,-1.98548962739224,0.116699569687502,264.62621579196366,3.975949589594984,16.0,2.9681,1.8289
Na3WO4F,4.4655000000000005,-2.368873922126437,0.004447199444454,572.1258421474965,3.898567739297662,36.0,3.2147,-1.2508
Na3Y2Sn2P5SO24,2.670499999999999,-2.7276565824734837,0.047640347252252,1635.011832652798,3.214781640352865,111.0,3.522,0.8515
Na3Y2Ti2P5SO24,2.4194,-2.972715389950962,0.04141609184684,1582.2945312353525,2.875811372013276,111.0,2.9566,0.5372
Na3Y2Zn2PS5O24,4.1456,-2.371570521340923,0.043003869791665,1658.6333135410557,2.861934669854218,111.0,4.3635,0.2179
Na3YSi2SnSO12,1.866099999999999,-2.637997986748564,0.113750532243054,1714.5344884889168,3.235670099478884,120.0,3.3571,1.491
Na3YSi3Sn3(SO8)3,1.7445,-2.403572438602828,0.138907912894142,1627.2995780621895,3.301412089742197,111.0,3.3254,1.5809000000000002
Na3YTi3(PO4)6,2.2129,-3.014164502846714,0.030310715588285,1519.4157186924683,2.8566932554353013,111.0,3.0315,0.8186
Na3YTi3Si3(SO8)3,2.173199999999999,-2.782037703152377,0.101122675979725,1562.1917013753794,2.761279793634026,111.0,3.0481,0.8749
Na3YTiSi(PO6)2,2.10475,-2.993643652254516,0.08394792707777801,1360.0956354771647,2.9787329326111642,100.0,3.2388500000000002,1.1341
Na3YTiSi2SO12,2.4153,-2.863734388415229,0.102788582541669,1677.4458727924252,2.886437436158752,120.0,3.5395,1.1242
Na3YZn3(SO4)6,3.857599999999999,-2.122804299165891,0.027435706368237,1579.498798035869,2.934654972989615,111.0,4.0759,0.2183
Na3YZnP2SO12,3.8143,-2.600969309796183,0.084678787375005,1686.7892108372257,3.008182914748559,120.0,4.5252,0.7109000000000001
Na3YZnSi(SO6)2,3.4208,-2.43780941079023,0.113029433493057,1719.650567954673,2.940287060471179,120.0,4.3825,0.9617
Na3Zn(BO2)5,4.3484,-2.620252544801133,0.0006974326973945,1324.477848269626,2.6520629399069797,114.0,4.33035,-0.01805
Na3Zn2(MoO4)3,1.469599999999999,-1.980249881956896,0.063282212499998,576.1541161742113,3.9173634173696272,40.0,3.723,2.2534
Na3Zn2(WO4)3,1.846499999999999,-2.024652352206896,0.100114124750013,579.4315446002885,5.406632397540108,40.0,3.8638,2.0173
Na3Zn2CuH8S4O17,0.305,-1.5131357032610842,0.186852531020508,839.1884042761163,2.658033544780745,70.0,0.9814,0.6764
Na3Zn2Ga2PS5O24,3.2152,-2.064951866971553,0.045750694268005,1452.5104555114856,3.136484791768121,111.0,4.0502,0.835
Na3Zn2Ge2P3(SO8)3,2.6034,-2.177992453618915,0.060955042333896,1404.0573649129362,3.257678470027091,111.0,3.5352,0.9318
Na3Zn2In2PS5O24,3.2146999999999992,-2.055740807827409,0.029334680647518,1555.8143680257144,3.217009118637474,111.0,4.1728,0.9581
Na3Zn2P(SO6)2,3.9251,-2.151119358022373,0.06356202301042,1543.1765613177226,3.143475764340295,120.0,4.8167,0.8916000000000001
Na3Zn2Sn2P3(SO8)3,2.7931,-2.215933592537834,0.042662780349098,1522.8216487135603,3.305031591454678,111.0,3.7748,0.9817
Na3Zn3Ga(SO4)6,3.4511,-1.968685670179403,0.022571960506745,1465.3887276228234,3.097964588788879,111.0,4.0494,0.5983
Na3Zn3GePS5O24,1.752,-2.006600881476057,0.052044640349087,1458.5922635281972,3.118635514605486,111.0,2.6307,0.8787
Na3Zn3In(SO4)6,3.417,-1.967895756553277,0.016755546356977,1528.021728358068,3.117997817825811,111.0,4.0086,0.5916
Na3Zn3SnPS5O24,2.2449,-2.030420804809391,0.033336713828824,1517.0302961597104,3.149785967266913,111.0,3.2583,1.0134
Na3Zn4As3H12O19,2.9915000000000003,-1.618795975771656,0.020067124146347,954.638935390566,3.031687348810352,82.0,2.0376,-0.9539
Na3Zn4P4H4NO16,4.0324,-2.182652426334667,0.007065895859372,1535.634012131364,3.151144646458369,128.0,4.4212,0.3888
Na3ZnGaP2SO12,2.8625,-2.328231130504516,0.094204507708333,1504.7403677198024,3.245109494350757,120.0,4.3286,1.4661
Na3ZnGaSi(SO6)2,2.5594,-2.179329086665231,0.135976179093754,1532.7471326821617,3.174132887773299,120.0,4.1013,1.5419
Na3ZnGe(PO4)3,1.6025,-2.424590554632492,0.0924198852291665,1211.0654208346477,3.374923367986592,100.0,3.32055,1.7180499999999999
Na3ZnGe3P5SO24,1.8842,-2.347336255851862,0.059822257448204,1375.5443054512136,3.343489005861734,111.0,3.4563,1.5721
Na3ZnInP2SO12,3.272,-2.323759081212849,0.060207760791672,1589.2125456126398,3.355334265256967,120.0,4.7291,1.4571
Na3ZnInSi(SO6)2,2.7377,-2.161481992956897,0.113506322614587,1619.563037834184,3.281400608428027,120.0,4.4908,1.753099999999999
Na3ZnPCO7,4.018849999999999,-2.2897129675985215,0.0049122331089755,313.88124275088614,3.0616837180090517,26.0,5.08735,1.0685
Na3ZnSn(PO4)3,2.3578999999999994,-2.476324195111658,0.045029164816665496,1286.0995760422852,3.475058018270577,100.0,4.0916999999999994,1.7338
Na3ZnSn3P5SO24,2.2982,-2.401978008374385,0.042204534214527,1514.0340966904057,3.492409178297016,111.0,4.0422,1.744
Na3Zr2Ti2SiP5O24,2.5574,-3.080951584973484,0.021871844618019,1552.5071463157192,2.933096020707036,111.0,3.2073,0.6499
Na3Zr2Zn2P3(SO8)3,4.083699999999999,-2.530974285600897,0.038788337784341,1573.893952087894,3.023789620722957,111.0,4.358,0.2743
Na3Zr3ZnP5SO24,3.6401,-2.868485393194205,0.041177705002808,1605.7636291374513,3.037092319181956,111.0,4.2702,0.6301
Na3ZrTiSi2PO12,2.7491999999999996,-3.072309303355707,0.030082150082152002,1322.0761430136822,3.0601400468209388,100.0,3.9747500000000002,1.2255500000000001
Na3ZrZn(PO4)3,3.90405,-2.7600758415074917,0.042098665020833995,1326.2764989123998,3.199637538531993,100.0,4.91175,1.0077
Na3ZrZn3PS5O24,3.5157,-2.196014411521103,0.029630199983097,1537.9889828123614,3.017834367006767,111.0,3.9879,0.4722
Na4(WO3)5,0.6516000000000001,-2.164877700021552,0.015700318604165,289.0699087672704,7.187131964365135,24.0,3.9156,3.264
Na42Nb16Zn8Si33(SO48)3,1.8167,-2.7323896628066318,0.082641628116535,3247.777271464846,3.222256984994218,246.0,3.741,1.9243
Na42Nb4Zn20Si15(S7O48)3,1.4618,-2.259593095591183,0.126704546561167,3203.225611452885,3.1331522050926752,246.0,3.2246,1.7628
Na42Nb8Zn16Si21(S5O48)3,0.9252,-2.390051428985493,0.142904086490513,3244.4782797620205,3.137387805925748,246.0,2.8671,1.9419
Na42Ta16Zn8Si33(SO48)3,2.7493,-2.815587652795791,0.07039307909214,3228.426955621574,3.966115627953195,246.0,4.6861,1.9368
Na42Ta4Zn20Si15(S7O48)3,2.1416,-2.275572757336441,0.128501348204601,3220.7795132129304,3.297642308419336,246.0,3.9653,1.8237
Na42Ta8Zn16Si21(S5O48)3,1.524899999999999,-2.4222893893052757,0.146140846653114,3229.596169832227,3.513986516141545,246.0,3.6729,2.148
Na4Al2Si3Sn2(SO8)3,1.5698,-2.443823953193437,0.128202548216373,1503.044181943834,3.141273883797624,114.0,4.0707,2.5009
Na4Al2Zn2SiS5O24,3.6881999999999993,-2.24466184543028,0.080513662998899,1430.0167301720223,2.958057538939007,114.0,5.6499,1.9617
Na4AlZn(PO4)3,4.0748,-2.642901568783134,0.047326842238095,1473.0592660510365,3.173928139357259,126.0,6.3453,2.2705
Na4B4Sb2SO16,1.9099,-2.323136091469774,0.058214908564814,701.1331816901865,3.158349195103602,54.0,3.4194,1.5095
Na4Bi2B4SO16,0.0783,-2.152121861099403,0.068665403888894,751.3866074144017,3.718132475215575,54.0,1.0162,0.9379
Na4Bi2C4SO16,0.9852999999999997,-1.918181749347861,0.035075346705249,982.290520579737,3.567795235672704,67.5,2.81365,1.82835
Na4Ca3SiSnS5O24,1.5037,-2.405217212667121,0.097183662982448,1750.9325055838185,2.569996674889399,114.0,2.6215,1.1178
Na4Ca3SnP2(SO6)4,1.7483,-2.47991912438078,0.06381784166666,1719.636605794261,2.6219741937224583,114.0,2.8393,1.091
Na4Ca3TiP2(SO6)4,1.7221000000000002,-2.594453076003587,0.06528064515037,1695.9129910046574,2.45055620054283,114.0,2.4141,0.6920000000000001
Na4Ca3TiSiS5O24,1.579,-2.524353779377647,0.088618684188596,1718.0328227761518,2.4137944019717192,114.0,2.41,0.8310000000000001
Na4CaSi2SnSO12,1.2406,-2.503273818556377,0.123471891507936,1739.7054798348113,3.04088087644702,126.0,3.3359,2.0953
Na4CaTa4TiO15,2.0898,-3.150301182227357,0.011310086200001,1199.523728186208,6.332967759916667,100.0,4.6368,2.547
Na4CaTi3(PO4)6,2.1487,-2.942383245176519,0.03253752731579,1518.923253486238,2.772878220673539,114.0,3.0884,0.9397
Na4CaTi3Si3(SO8)3,1.0988,-2.716857296351332,0.123470983530697,1577.7618676224852,2.652449040216861,114.0,2.7243,1.6255000000000002
Na4CaTiSi(PO6)2,1.7569,-2.857954193879506,0.090333039082008,1647.651102721226,2.793258762999958,126.0,3.5191,1.7622
Na4CaTiSi2SO12,1.9929,-2.7189812957785997,0.120906940436508,1711.3052604439983,2.678897690362663,126.0,3.6905,1.6976
Na4CaZnP2SO12,3.885,-2.510070067331887,0.064937658809522,1684.274885790697,2.859829871483444,126.0,4.9679,1.0829
Na4CaZnSi(SO6)2,3.1117,-2.3526867667706632,0.108948824642856,1721.4285888004129,2.787705217666908,126.0,4.6952,1.5835
Na4CaZr2TiSi4(O8F)2,3.3247,-3.294318548961685,0.0,751.9445845938691,3.394998320889823,60.0,4.7775,1.4528
Na4Cu2S3,2.0854,-0.9756267914463592,0.0,1656.5327621645015,2.5280679675355437,72.0,3.2578,1.1724
Na4FeO3,1.1884,-1.525675772564654,0.011203776250003,982.9403251020664,2.646242683782356,64.0,2.1988,1.0104
Na4FeO5,0.0128,-1.451262402551724,0.058958897166665,255.675027589441,2.959010831349111,20.0,0.9033,0.8905000000000001
Na4Ga2Si3Sn2(SO8)3,1.218,-2.285050905167121,0.127951409342104,1541.1196701343558,3.33998503373527,114.0,3.3333,2.1153
Na4Hf3Zn(PO4)6,4.5255,-3.005428739299325,0.027855705657902,1581.6442125457704,3.976949970372124,114.0,5.3547,0.8292
Na4Hf3ZnSi3(SO8)3,2.9484,-2.749621160123261,0.095116525449555,1622.254274757773,3.860839662856048,114.0,4.6843,1.7359
Na4HfTi(SiO4)3,2.812999999999999,-3.096523987167489,0.013136736230161,1616.1531906814623,3.665366781001323,126.0,4.5005,1.6875
Na4HfZn3P2(SO6)4,3.6946,-2.299180331091306,0.057780255622263,1541.6881671019623,3.36333379582756,114.0,4.662,0.9674
Na4HfZn3SiS5O24,3.620399999999999,-2.216792246307472,0.068476383640351,1554.4865706158712,3.329883916156216,114.0,4.6537,1.0333
Na4HfZnSi(PO6)2,3.620199999999999,-2.7883134434826813,0.048510555138891,1619.5468673773437,3.8011386163630494,126.0,5.4597,1.8395
Na4HfZnSi2SO12,3.172799999999999,-2.63308903141352,0.101837465952381,1648.1124591355226,3.724392673109075,126.0,5.2418,2.069
Na4La2Ti2Si3(SO8)3,1.3294,-2.739678462140806,0.165971449502924,1769.205421981486,2.900043330231162,114.0,2.7255000000000003,1.3961
Na4La2Zn2SiS5O24,3.4682999999999997,-2.356934148851332,0.105300445964912,1749.524586579705,3.055227788142713,114.0,4.5836,1.1153
Na4LaTiSi2PO12,1.8904,-2.938337325563179,0.125801674999998,1712.5254092935895,3.245604805800411,126.0,4.1531,2.2627
Na4LaZn(PO4)3,3.5667,-2.7119153357672623,0.087475617341265,1775.51565376221,3.261310936151732,126.0,4.8516,1.2849
Na4Li5(WO3)10,1.134999999999999,-2.165220133718039,0.05468499079588,617.5838416258433,6.574159259099595,49.0,3.8989,2.7639
Na4Mg(WO4)2,2.268399999999999,-2.074744051367815,0.182983613666666,200.3644996292652,5.071502576179442,15.0,4.2292,1.9608
Na4Mg3SiSnS5O24,1.8956,-2.309283724816244,0.072151245263155,1526.6779226223955,2.793100961140662,114.0,3.844999999999999,1.9494
Na4Mg3SnP2(SO6)4,2.2344,-2.392847426266744,0.037579739298242,1511.6231324446917,2.826840610585882,114.0,4.0934,1.859
Na4Mg3TiP2(SO6)4,1.6748,-2.5120430822755173,0.034658799429821,1493.120875849002,2.625510777338238,114.0,3.0571,1.3823
Na4Mg3TiSiS5O24,1.5008,-2.435353056263611,0.056653501732455,1504.4834366656778,2.599731423040291,114.0,3.0002,1.4994
Na4MgSi2SnSO12,1.774099999999999,-2.480216109588123,0.098353339007937,1613.0211455927506,3.182281299981703,126.0,4.321,2.5469
Na4MgSi3Sn3(SO8)3,0.1937,-2.317703548456595,0.154673051578946,1578.1043595641904,3.272974942326542,114.0,2.9348,2.7411
Na4MgTi2(GeO5)2,2.0152,-2.435768217746522,0.18244678891812,264.2353322392796,3.250702640104395,19.0,3.5496,1.5344
Na4MgTi3(PO4)6,2.1973,-2.930048080746695,0.015645521254389,1462.2066264125483,2.826696368156103,114.0,3.4167,1.2194
Na4MgTi3Si3(SO8)3,1.1112,-2.698206416570629,0.10588494721491,1515.2680237998368,2.709987829794009,114.0,3.0132,1.902
Na4MgTiSi(PO6)2,2.0323,-2.85160941173665,0.041912916462961,1530.4323038948817,2.9045164386199698,126.0,4.1143,2.082
Na4MgTiSi2SO12,2.1345,-2.703546141810345,0.084672851626981,1573.5419775629448,2.813564351413633,126.0,4.3032,2.1687
Na4MgZnP2SO12,4.1162,-2.468400313363633,0.051842508015876,1545.4614816778462,3.015014990169784,126.0,5.6651,1.5489000000000002
Na4MgZnSi(SO6)2,3.338199999999999,-2.307984283040503,0.105500484365078,1591.2246103077491,2.917052270676785,126.0,5.2867,1.9485
Na4MoS3O14,2.7865,-2.092612203432601,0.0,1253.992268660832,2.6912322735089163,88.0,2.6471,-0.1394
Na4Nb2Si5Sn2SO24,2.621699999999999,-2.701856628149578,0.077662948201753,1588.7154357762547,3.360355964979394,114.0,4.1155,1.4938
Na4Nb2Zn2Si3(SO8)3,0.434199999999999,-2.393621189333787,0.149825457476504,1590.2179952478955,3.048165559886069,114.0,2.0381,1.603899999999999
Na4NbZnSi2PO12,1.7691999999999992,-2.65899062588064,0.091697716984128,1614.896495439463,3.266250224304734,126.0,3.7365,1.9673
Na4NiH38(W3O20)2,3.83215,-1.560252537899069,0.036954912022482,940.6272783112706,3.4106574591506553,89.0,2.4711,-1.36105
Na4Sb2C4SO16,1.0470499999999991,-1.8768806656673047,0.0686356630709905,958.5390997595088,2.9036033020496745,67.5,3.058,2.0109500000000002
Na4Sc2Si3Sn2(SO8)3,0.9502,-2.545940121614489,0.110722560204683,1603.855574921852,3.055484799834951,114.0,2.9338,1.9836
Na4Sc2Ti2Si3(SO8)3,1.6048,-2.792987238544314,0.084818619108188,1565.899852059342,2.67879897313793,114.0,2.8502,1.2454
Na4Sc2Zn2SiS5O24,3.7321,-2.358229964202208,0.058975494166668,1556.913829209694,2.83198375025195,114.0,4.7817,1.0496
Na4ScTiSi2PO12,2.4101,-3.006093163737782,0.039008438392855,1582.1763114373446,2.921380630561169,126.0,4.1696,1.7595
Na4ScZn(PO4)3,4.1625,-2.74603309933869,0.025777353253959,1578.3577930454433,3.075644300817099,126.0,5.612,1.4495
Na4Sn(GeS3)2,1.8668,-1.032798735039787,0.0,308.30294298753483,2.953388801539804,13.0,4.3958,2.529
Na4Sn2C4SO16,0.5448333333333333,-1.9121302429821199,0.08080306323688134,996.4546562429987,2.961697295627673,72.0,2.772066666666667,2.2272333333333334
Na4Sn3S8,1.650599999999999,-0.8848432061666661,0.0,731.4324129337376,3.199286437268478,30.0,3.8969,2.2463
Na4SnS4,2.078,-1.1419720379166671,0.0,425.3473139845042,2.646331385484886,18.0,3.4943,1.4163
Na4Ta2Si5Sn2SO24,3.0341,-2.765768363184666,0.071164247631579,1584.2916249013986,3.923411192080759,114.0,4.6414,1.6073
Na4Ta2Ti2Si5SO24,2.6292,-2.998475620289928,0.059600166359649,1546.541811663501,3.562788950503959,114.0,3.8666,1.2374
Na4Ta2Zn2Si3(SO8)3,1.1923,-2.4514215149829117,0.14956473700658,1575.484674375242,3.633437963773343,114.0,2.9068,1.7145
Na4TaZnSi2PO12,2.6805,-2.717304518055243,0.085328951230163,1608.0155178832872,3.825730581225007,126.0,4.6322,1.9517
Na4Th(WO4)4,4.685300000000001,-2.461930786820689,0.021828728600002,820.890399630066,5.321504484711129,50.0,4.0856,-0.5997
Na4Ti11O24,2.2917,-3.188091248004716,0.111009761538458,490.2880312811336,3.395269478756503,39.0,3.375,1.0833
Na4Ti2(SiO4)3,2.8399,-3.015865174151616,0.019421001269837,1533.397515205471,3.014460767881702,126.0,4.7615,1.9216
Na4Ti2Al2Si3(SO8)3,1.4926,-2.699517244421507,0.093652432821636,1456.1618749178108,2.757693419620617,114.0,3.5234,2.0308
Na4Ti2Ga2Si3(SO8)3,1.4536,-2.535697063237296,0.098448427105264,1490.4313350518603,2.9800039186094933,114.0,3.0348,1.5812
Na4Ti2In2Si3(SO8)3,1.3376,-2.498242691702208,0.105309257543862,1590.6839567063191,3.074641731000904,114.0,3.052,1.7144
Na4Ti2Nb2Si5SO24,2.4744,-2.933977194465366,0.066685557719298,1553.614725917498,2.9819645111555992,114.0,3.6466,1.1722
Na4Ti3O8,2.157,-2.846263075034483,0.0827074572,177.8944853619887,3.393571977781742,15.0,3.8998,1.7428
Na4Ti3Zn(PO4)6,2.0623,-2.8428134694747653,0.030814218314031,1467.4638728335624,2.95610585995443,114.0,3.2805,1.2182
Na4Ti3ZnSi3(SO8)3,1.134399999999999,-2.61573407275484,0.103433024725875,1516.5436273964294,2.84272883342987,114.0,3.0092,1.8748
Na4Ti5Mn4O18,0.8330000000000001,-2.728868373997034,0.025724257540336,735.1946635308187,3.790155788452469,62.0,3.789,2.956
Na4Ti5O12,2.7435666666666667,-3.0923297528024083,0.014964206349206,421.49467797868516,3.48814986975754,35.0,4.3447000000000005,1.6011333333333333
Na4Ti7O16,2.4761499999999996,-3.1261760636611315,0.0741374118518275,328.73725297122223,3.453135695135761,27.0,4.148899999999999,1.6727499999999995
Na4TiAlSi2PO12,2.582099999999999,-2.933237269213973,0.054184480017863,1488.257302553737,2.9854087242654157,126.0,4.8744,2.2923
Na4TiAs2O9,3.0631,-2.301786870865662,0.0,460.1085802828204,3.130199438090633,32.0,3.0743,0.0112
Na4TiGaSi2PO12,2.584399999999999,-2.786465470047307,0.054627872693128,1518.517467704995,3.206350692075927,126.0,4.4693,1.8849
Na4TiInSi2PO12,2.383199999999999,-2.748478978658418,0.051800459126978,1604.166012439035,3.315237667122292,126.0,4.4571,2.0739
Na4TiO4,3.28315,-2.3982659382056184,0.023403474999999,254.727391879533,2.658625461013313,18.0,3.5542,0.27105
Na4TiP2O9,2.7970499999999996,-2.782479411852268,0.00105555509375,1271.9289683795234,2.7022297816905496,96.0,3.6780999999999997,0.88105
Na4TiSi3GeO12,2.8235,-2.793463146929393,0.042585792182542,1497.570091401538,3.251390959857192,126.0,4.8669,2.0434
Na4TiSi3SnO12,2.8585000000000003,-2.809461886770663,0.019562244007937,1588.0639581384803,3.355149544462125,126.0,5.1195,2.261
Na4TiZn3P2(SO6)4,1.699,-2.244249274512359,0.058261866894192,1495.974281423467,3.031133748661295,114.0,2.7526,1.0536
Na4TiZn3SiS5O24,1.6542,-2.169005812886419,0.074405954364038,1518.5665604420778,2.980143356092137,114.0,2.7012,1.047
Na4TiZnSi(PO6)2,1.6211,-2.693376000308077,0.073485934955029,1545.5840028729665,3.141009846501298,126.0,3.8106,2.1895
Na4TiZnSi2SO12,1.8464,-2.554275426492885,0.106959610416661,1583.6991915647682,3.054109281640914,126.0,4.091,2.2446
Na4W(NO)2,1.9524,-1.112864384501915,0.149318957222223,284.1358497428163,3.925078409974185,18.0,3.3254,1.373
Na4W4O15,0.3737,-2.043602173065967,0.086424668913049,325.0971015194926,5.451632976578083,23.0,0.2731,-0.1006
Na4WO4,3.064599999999999,-1.844796655057471,0.053527674814815,130.01621725830964,4.339809824936005,9.0,4.1793,1.1147
Na4WO5,3.8008,-2.135016239551723,0.0,236.33233152636217,4.999851539440196,20.0,5.0555,1.2547
Na4Y2Si3Sn2(SO8)3,0.169899999999999,-2.535446870210981,0.143465592872808,1714.869908221499,3.113029063518105,114.0,1.8652,1.6953
Na4Y2Ti2Si3(SO8)3,1.4906,-2.779332009158349,0.120723629758769,1665.2707231325585,2.781898694021852,114.0,2.4819,0.9913
Na4Y2Zn2SiS5O24,3.4547,-2.3641241273601032,0.083023655285088,1678.797116986536,2.887209031968545,114.0,4.2954,0.8407
Na4YTiSi2PO12,2.174,-2.978896680642545,0.076679774398561,1678.6128732928723,3.014407219802624,126.0,3.6936,1.5196
Na4YZn(PO4)3,3.8856,-2.741093777830753,0.046020357857138,1694.161192107306,3.123876706436296,126.0,4.8794,0.9938
Na4Zn2Ga2SiS5O24,2.434599999999999,-2.078773645035541,0.084104459709433,1485.766526609402,3.133678733918551,114.0,3.9555,1.5209
Na4Zn2In2SiS5O24,2.6209,-2.066677856746068,0.067684620592107,1597.7565690980207,3.195234569516376,114.0,4.0085,1.3876
Na4Zn2P2SO12,3.7121,-2.312022066617602,0.081560361825391,1576.1660418859542,3.216106797152183,126.0,5.0637,1.3516
Na4Zn2Si(SO6)2,3.3033,-2.158206736453202,0.127610986904762,1607.5374318869046,3.142206239942493,126.0,4.8259,1.5226000000000002
Na4Zn3GeP2(SO6)4,1.8239,-2.105111448766744,0.07237965098136,1471.7443553827934,3.164889144916168,114.0,3.0282,1.2043
Na4Zn3S5,1.9102,-1.136847983588539,0.001805303541666,978.6663167464168,3.044020837813645,48.0,3.6157,1.7055
Na4Zn3SiGeS5O24,1.7114,-2.028714237579402,0.108008072675438,1488.9255260138546,3.122356066540116,114.0,3.0405,1.3291
Na4Zn3SiSnS5O24,2.0022,-2.046495011965366,0.086345167368422,1537.1605442729765,3.173682001757286,114.0,3.4028,1.4006
Na4Zn3SnP2(SO6)4,2.098099999999999,-2.123993638854464,0.062242786411729,1539.760155582408,3.174137751985658,114.0,3.4217,1.323599999999999
Na4ZnCd(SiO3)4,3.4754,-2.660896163887146,0.013973854727281,300.9086181806379,3.168199460018971,22.0,4.1616,0.6862
Na4ZnGa(PO4)3,3.418199999999999,-2.503955974775198,0.047077485912698,1507.284644389582,3.384382288347322,126.0,5.1003,1.6821000000000002
Na4ZnGe3(PO4)6,2.170499999999999,-2.440082222413361,0.058193781337723,1387.517396638883,3.393260058455336,114.0,3.8484,1.6779000000000002
Na4ZnIn(PO4)3,3.415899999999999,-2.48736831981488,0.039964929166662,1606.98654331733,3.453992525514197,126.0,5.1631,1.7472
Na4ZnP3H32C3NO22,4.5891,-1.387631600143118,0.066993795066286,1275.6024449005035,1.782300817045559,132.0,3.5976,-0.9915
Na4ZnP4H16C2(NO8)2,4.598199999999999,-1.5714665236464151,0.089126556694447,436.14521626051385,2.305002617983955,45.0,4.8755,0.2773
Na4ZnP6(HO2)12,4.552,-2.053062063582433,0.062866092234055,559.5356596822867,2.194002195333314,47.0,3.9156,-0.6364000000000001
Na4ZnSi2GeSO12,1.157699999999999,-2.310689966810345,0.153359761428575,1553.0175361167253,3.273375533658092,126.0,3.4528,2.2951
Na4ZnSi2SnSO12,1.3491,-2.330152090778599,0.126872829126985,1624.2344157723371,3.412448203925338,126.0,4.0369,2.6878
Na4ZnSi3Ge3(SO8)3,0.029599999999999,-2.200431412710981,0.198667313782898,1447.8114083829423,3.233398409710477,114.0,2.3364000000000003,2.3068
Na4ZnSi3Sn3(SO8)3,0.262599999999999,-2.236124760517998,0.15132757321272,1581.3323734923272,3.395782258445305,114.0,2.9424,2.6798
Na4ZnSiGe(PO6)2,1.334,-2.448736900942998,0.116492125952382,1502.0250489871044,3.396423901745442,126.0,3.7662,2.4322
Na4ZnSiSn(PO6)2,1.947899999999999,-2.488787836895379,0.069416381666669,1590.4844483434588,3.49611716856534,126.0,4.452,2.5041
Na4ZnSn3(PO4)6,2.476999999999999,-2.495372527676519,0.029689596241225,1538.980700031231,3.50668249153579,114.0,4.1846,1.7076
Na4Zr2Ti(CO4)4,3.1741,-2.590579435142614,0.0,630.0363636918421,3.301421191816514,54.0,4.1725,0.9984
Na4Zr2TiMnSi4(O8F)2,2.4338,-3.186073894226053,0.0,744.054857649792,3.497325426818247,60.0,4.7201,2.286299999999999
Na4Zr3Zn(PO4)6,3.8156,-2.947244463948449,0.027772308311399,1615.4338137074633,3.086441822773929,114.0,4.4417,0.6261
Na4Zr3ZnSi3(SO8)3,2.4387,-2.6972460362636133,0.101649870624996,1661.652912356774,2.984429654756068,114.0,4.0126,1.5739
Na4ZrTi(SiO4)3,2.8547,-3.059483910183361,0.02257985785714,1610.7992888600604,3.137785470835738,126.0,4.5618,1.7071
Na4ZrZn3P2(SO6)4,3.3321,-2.282665112407096,0.055060145338556,1552.0381350435216,3.060805015819098,114.0,4.1989,0.8668
Na4ZrZn3SiS5O24,3.2895,-2.198233295605717,0.071754741447369,1573.0660542016913,3.014198933447291,114.0,4.1912,0.9017
Na4ZrZnSi(PO6)2,3.611499999999999,-2.75376277237157,0.053063165714289,1636.866149399909,3.22975127038975,126.0,5.3042,1.692699999999999
Na4ZrZnSi2SO12,3.2025,-2.600703804032567,0.103868759629633,1665.489058485528,3.1634950270640942,126.0,5.1664,1.9639
Na5(WO3)7,0.145799999999999,-2.170084131875653,0.014339681111138,402.5125929981061,7.169245926506826,33.0,3.5191,3.3733
Na5Al2Zn2P3(SO8)3,4.2959,-2.4002526802562,0.093487015048073,1439.2164775163224,3.021167436006239,117.0,5.8998,1.603899999999999
Na5Al3Si3Sn(SO8)3,2.6298,-2.534791169941793,0.130514997763531,1449.4508027514592,3.021174348011497,117.0,5.3247,2.6949
Na5Ca2Sn2P5SO24,1.551899999999999,-2.596302239511389,0.058063141487944,1656.576673382463,3.017533234073655,117.0,3.1201,1.5682
Na5Ca2Ti2P5SO24,1.8587,-2.820471468742158,0.059346068572646,1591.819053590712,2.6968830046783063,117.0,2.9455,1.0868
Na5Ca2Zn2PS5O24,3.7276,-2.283918582795882,0.069777632227562,1668.1765765169034,2.691243476948371,117.0,4.1879,0.4603
Na5Ca3SnP3(SO8)3,1.777499999999999,-2.560424208162183,0.054484290897437,1727.561957316214,2.673092495172704,117.0,2.8044,1.0269
Na5Ca3TiP3(SO8)3,1.6296,-2.67245147059808,0.055182731788766,1700.8660893274207,2.507557898017085,117.0,2.4046,0.775
Na5Ca7Zr2Ti2Si8(O5F)6,0.003999999999999,-3.405169280726054,0.005673487847227,781.5353628983222,3.17078126666669,60.0,4.6972000000000005,4.6932
Na5Ca7Zr2TiMnSi8(O8F)4,0.179,-3.257102638636015,0.019779935805562,777.6392421602218,3.188958807611051,60.0,1.6886,1.5096
Na5CaTi3SiP5O24,1.9465,-2.949417962396005,0.038416152032133,1535.2383014643874,2.808637081788282,117.0,3.2965,1.35
Na5Cu2H14S4O19,0.092999999999999,-1.535854001804466,0.085327745873559,1993.796333593694,2.293345776873677,176.0,1.2947,1.2017
Na5CuSO2,1.5205000000000002,-1.315347740488505,0.0,171.9594898359751,2.342284852513859,9.0,2.5364,1.0159
Na5ErH6WO10,3.9271,-1.9856686787781104,0.011246599130434,1139.6205930264248,3.68406570459364,92.0,3.1016,-0.8255
Na5Ga3Si3Sn(SO8)3,2.519199999999998,-2.297741952142647,0.14005290576923,1510.2984419304305,3.322395258071121,117.0,4.3941,1.8749
Na5Hf2Ti2Si3(PO8)3,2.6414,-3.110254309422866,0.028602889455431,1552.261972769355,3.622700467806171,117.0,3.8183,1.1769
Na5Hf2Zn2P5SO24,4.0267,-2.72416827087891,0.064692261880334,1575.8632088369773,3.710192595981826,117.0,5.1963,1.1696
Na5Hf3ZnSiP5O24,4.2732,-3.002395443848997,0.025844725096152,1601.6034001982882,3.98991280727797,117.0,5.3163,1.0431
Na5HfZn3P3(SO8)3,3.807399999999999,-2.383943382820302,0.069661907465284,1558.8242078154644,3.396343210845895,117.0,4.8488,1.0414
Na5In3Si3Sn(SO8)3,2.107599999999999,-2.265354081394783,0.122288887094015,1653.62164744572,3.441988361369488,117.0,4.1895,2.0819
Na5La(WO4)4,4.8522,-2.405288176611406,0.003015073653845,817.5124776223228,5.058543163795041,52.0,4.8746,0.0224
Na5La2Ti2SiP5O24,1.9645,-2.992599060686603,0.104878828870087,1709.7906033463155,3.075093900355105,117.0,3.3901,1.4256
Na5La2Zn2P3(SO8)3,3.3195,-2.497921589401499,0.122256693851489,1798.496978472268,3.03766888912964,117.0,4.1554,0.8359000000000001
Na5La3Si3Sn(SO8)3,1.8785,-2.678639721352048,0.133260009031334,1861.249788239456,3.251433615955491,117.0,3.7109,1.8324
Na5La3TiSi3(SO8)3,1.761,-2.7898109624204253,0.129825186958693,1859.969631199728,3.06393036009437,117.0,3.4091,1.6481
Na5Li3Ti5O14,3.0659499999999995,-2.899037233650489,0.030257589111117998,294.28246212697564,3.380637516305751,27.0,4.8104499999999994,1.7445
Na5Li4Ti5O14,0.0415,-2.8406343702463053,0.016759601755945,291.02778100280324,3.457924783607319,28.0,5.1276,5.0861
Na5Lu(WO4)4,4.6675,-2.403046100329355,0.012907964999997,762.0600604312127,5.583792583642922,52.0,4.7106,0.0431
Na5Mg2Sn2P5SO24,2.2393,-2.559291074383184,0.036887058401703,1534.2370268617449,3.155721694737957,117.0,4.3105,2.0712
Na5Mg2Ti2P5SO24,1.969199999999999,-2.788159291904552,0.033123628760677,1483.53051065021,2.787808964005968,117.0,3.5092,1.54
Na5Mg2Zn2PS5O24,4.2441,-2.237781700744601,0.039090435133545,1524.7238594866592,2.8413795762485723,117.0,5.1741,0.93
Na5Mg3SnP3(SO8)3,2.1624,-2.475174166410046,0.047734718803416,1520.0804044972658,2.88287892259214,117.0,3.9935,1.8311
Na5Mg3TiP3(SO8)3,1.4497,-2.591734464059619,0.044467734316238,1498.8524559731168,2.688253293663308,117.0,3.0053,1.5556
Na5MgTi3SiP5O24,1.9647,-2.931797405943013,0.026446302227349,1487.8523794671617,2.845277013501947,117.0,3.568,1.6033
Na5Nb2Zn2SiP5O24,1.8101999999999991,-2.646085727866091,0.076186742350423,1558.703363854782,3.191269174483957,117.0,3.1096,1.299399999999999
Na5Nd(WO4)4,4.8378,-2.396076004784482,0.000916787692307,802.3771964288272,5.176050873041114,52.0,4.5873,-0.2505
Na5Sc2Ti2SiP5O24,2.2157,-3.025504205985748,0.031936714210257,1535.873034042811,2.813855762390741,117.0,3.4977,1.282
Na5Sc2Zn2P3(SO8)3,4.0581,-2.517956578546798,0.048796247478636,1560.1579127400205,2.901755529768897,117.0,4.9946,0.9365
Na5Sc3Si3Sn(SO8)3,2.5133,-2.680379556480254,0.099197237727926,1615.0980779868428,2.8776382006631582,117.0,4.1679,1.6546
Na5Sc3Ti(PO4)6,2.122499999999999,-3.042318846403942,0.017819622329067,1550.316893765453,2.7875665253516413,117.0,3.4389,1.3164
Na5Sc3TiSi3(SO8)3,1.8636,-2.798874400198202,0.088438813005701,1600.9351586024106,2.682654070447426,117.0,3.2604,1.3968
Na5Ta2Ti2Si5PO24,2.412099999999999,-3.071956117680499,0.034144925999992,1548.352428680251,3.6290782861052993,117.0,3.9452,1.5331
Na5Ta2Zn2SiP5O24,2.5731,-2.707745074310534,0.076791666068372,1550.9789190543136,3.7727270349969793,117.0,3.9897,1.4166
Na5Ta3Ti(SiO4)6,3.038399999999999,-3.111669648946066,0.016499900491446,1571.0140572321504,3.98956453280896,117.0,4.2615,1.2231
Na5TaO5,2.5380000000000003,-2.318986056293624,0.0,304.01428235658955,4.106295353880255,22.0,3.3467,0.8087000000000001
Na5Tb(WO4)4,4.8887,-2.393462013983201,0.017426903749999,799.3289486136516,5.256796651714649,52.0,4.5841,-0.3046
Na5Ti2Al2SiP5O24,2.4021,-2.9386265731652363,0.032412728442737,1415.1715917495078,2.927307413407326,117.0,4.3735,1.9714
Na5Ti2Ga2SiP5O24,2.2998,-2.772647144319083,0.036545234722219,1453.5202419200427,3.143049101432978,117.0,3.8798,1.58
Na5Ti2In2SiP5O24,2.2293,-2.748203643592586,0.038430604252991,1551.194641702255,3.23478267048742,117.0,3.8905,1.6612
Na5Ti2Nb2Si5PO24,2.3748,-3.003964934227506,0.046195204076918,1551.974449048585,3.055407310137405,117.0,3.8732,1.4984
Na5Ti2Si2PO13,2.5298,-2.9440710005741773,0.0,561.8662271492128,2.9897990372903083,46.0,4.4041,1.8743
Na5Ti2Si3Ge2(PO8)3,2.6449,-2.761689526516884,0.082448636818803,1437.0109076851636,3.179357783074385,117.0,4.2738,1.6289
Na5Ti2Si3Sn2(PO8)3,2.647199999999999,-2.787578264038251,0.048994721092306,1527.0271701771874,3.292526891920193,117.0,4.4779,1.8307
Na5Ti2Zn2P5SO24,1.7887,-2.616349927631048,0.066403993760679,1492.9821105654578,3.044462763861685,117.0,3.2514,1.4627
Na5Ti3ZnSiP5O24,1.951,-2.849359281626773,0.039525780941878,1489.6097444250893,2.97938207290363,117.0,3.4544,1.5034
Na5Ti4Si3(PO8)3,2.5008,-3.013164137200645,0.038881685921371,1490.537208637853,2.89959390673648,117.0,3.9251,1.4243
Na5Ti7Al(PO4)12,2.441799999999999,-3.000955081588276,0.002753011005934,940.1622756609496,2.855379400710308,73.0,3.5797,1.1379
Na5TiAl3(PO4)6,2.1527,-2.905228696446676,0.022729070435041,1383.0415594275803,2.930488318348134,117.0,4.5892,2.4365
Na5TiAl3Si3(SO8)3,1.7417,-2.654751535198203,0.118291051502845,1431.2472947452588,2.8130225234127293,117.0,4.195,2.4533
Na5TiGa3(PO4)6,2.2374,-2.658803198391121,0.028731740854693,1444.911188267373,3.247086720314612,117.0,3.846899999999999,1.6095000000000002
Na5TiGa3Si3(SO8)3,1.9246999999999992,-2.421513478681108,0.124017798226494,1494.3888328191813,3.121607691390503,117.0,3.5309,1.6062
Na5TiIn3(PO4)6,2.0686,-2.626674907557787,0.027253552649572,1578.153393961665,3.399980024034517,117.0,3.9201,1.8515
Na5TiIn3Si3(SO8)3,1.8518,-2.3839345550272637,0.111444832457266,1632.9153437868138,3.269510435825992,117.0,3.73,1.8782
Na5TiNb3(SiO4)6,2.8114,-3.011138610860596,0.033119580512828,1589.0579230074725,3.11624563176218,117.0,3.8851,1.0737
Na5TiP2O9F,3.1385,-2.811044955389755,0.0,1828.7337001038784,2.816745189961206,144.0,4.0488,0.9103
Na5TiZn3P3(SO8)3,1.5127000000000002,-2.33458761034167,0.065964374260155,1512.308687201177,3.070529364094758,117.0,2.6964,1.1837
Na5WNO4,3.0457,-1.6330794024451412,0.048149167045454,314.731833176138,3.975954597984212,22.0,3.9127,0.867
Na5Y(WO4)4,4.756799999999999,-2.398197092380636,0.005729709759613,777.774253705899,5.103498208419974,52.0,4.7033000000000005,-0.0535
Na5Y2Ti2SiP5O24,2.1726,-3.020283292481475,0.058409147417094,1626.713460658588,2.925904799089101,117.0,3.2021,1.0295
Na5Y2Zn2P3(SO8)3,3.815,-2.5250934376066283,0.076299395988252,1678.6355918703646,2.9578071671980712,117.0,4.3418,0.5268
Na5Y3Si3Sn(SO8)3,1.9404,-2.688086342933245,0.120261713194444,1764.1473856116918,3.006831102383297,117.0,3.2684,1.328
Na5Y3Ti(PO4)6,1.9071,-3.046900321233001,0.042537153084604,1692.0347252413535,2.942278136313316,117.0,2.8919,0.9848
Na5Y3TiSi3(SO8)3,1.652299999999999,-2.803943360326408,0.112141114797007,1737.3105903975943,2.8501412173092118,117.0,2.8187,1.1664
Na5Zn2Ga2P3(SO8)3,3.1086,-2.243609177136543,0.087822160090807,1468.9574413633509,3.249894802476256,117.0,4.3513,1.2427
Na5Zn2Ge2P5SO24,1.6577000000000002,-2.346777952844723,0.085517184145296,1440.6821514429507,3.326304586830455,117.0,3.3365,1.6788
Na5Zn2In2P3(SO8)3,3.2649,-2.235573222392952,0.056402939236111,1586.7446963387488,3.291801901747426,117.0,4.4732,1.2083
Na5Zn2Sn2P5SO24,2.1997,-2.389360773870364,0.066806521196578,1543.7361558542707,3.401587659513715,117.0,4.0003,1.8006000000000002
Na5Zn3GeP3(SO8)3,1.63,-2.197635970127995,0.079735250258544,1490.440035527086,3.198382840562673,117.0,2.9602,1.3302
Na5Zn3SnP3(SO8)3,2.152599999999999,-2.218185777649363,0.069072893790069,1541.8063565025575,3.240679945208119,117.0,3.5498000000000003,1.3972
Na5Zn4PS5O24,3.941099999999999,-2.066526441171951,0.05106080301816,1536.5835065506335,3.085968318877824,117.0,4.5775,0.6364000000000001
Na5ZnSiGe3P5O24,2.0946,-2.460472428507116,0.092202959893172,1410.7142560856753,3.408447427316979,117.0,4.0086,1.914
Na5ZnSiSn3P5O24,2.425,-2.508230445430193,0.045116630858969,1560.0629324876747,3.52348265928842,117.0,4.3896,1.9646
Na5Zr2Ti2Si3(PO8)3,2.491,-3.06760378292714,0.039437739160686,1589.872559497339,2.990131840061948,117.0,3.5127,1.0217
Na5Zr2Zn2P5SO24,3.6102,-2.687887714383184,0.062686085940169,1595.1367939382417,3.120299409747254,117.0,4.6571,1.0469
Na5Zr3ZnSiP5O24,3.6747,-2.944250188037031,0.030749823055554,1635.5816693086738,3.109646307730775,117.0,4.58,0.9053
Na5ZrZn3P3(SO8)3,3.1391,-2.365544133076713,0.068917790990915,1570.0407335056923,3.095191165969146,117.0,4.1746,1.0355
Na6Al4Si5Sn4S7O48,1.8384,-2.390676356001476,0.114122101831831,2951.153425913052,3.128850799252735,222.0,4.4869,2.6485000000000003
Na6Al4Zn4SiS11O48,3.945999999999999,-2.197393672217693,0.047411409909912,2819.250048388701,2.92663484362497,222.0,5.5832,1.6372
Na6Bi2B4SO16,0.1874,-2.263250876808362,0.017836379655177,763.448440214926,3.859404815505678,58.0,1.8551,1.6677
Na6Bi2C4SO16,0.0052,-1.883549676061236,0.091845204371407,772.4137685999546,3.835242064199474,58.0,4.4191,4.4139
Na6Ca2Si5Sn6S7O48,0.9316,-2.2805342139294043,0.14865648213964,3215.992997683383,3.19593793878458,222.0,3.0417,2.1101
Na6Ca2Ti2Si3(SO8)3,0.3746,-2.637053400769396,0.156601164708334,1687.2036713757384,2.593156753658933,120.0,2.1467,1.7721
Na6Ca2Ti6Si5S7O48,0.9416,-2.662917744064539,0.109947156700449,3112.2824085961383,2.622074965276148,222.0,2.3481,1.4065
Na6Ca2Zn2SiS5O24,3.1338,-2.275214512144397,0.112352911749999,1686.3575194796265,2.721609914470206,120.0,4.2747,1.1409
Na6Ca3Si2Sn(SO6)4,1.6538,-2.464177938248563,0.114411454166667,1764.6488697316186,2.66858688578943,120.0,3.4127,1.7589
Na6Ca3SnP4(SO12)2,2.3089,-2.629134362754516,0.050611526314393,1736.2505461679273,2.722546589578122,120.0,3.3048,0.9959
Na6Ca3TiP4(SO12)2,2.2019,-2.740436089712849,0.049033374183331,1698.378973069408,2.5754618758215493,120.0,3.0386,0.8367
Na6Ca3TiSi2(SO6)4,1.0678,-2.57657756329023,0.108184981979166,1741.3477777533826,2.501629014121297,120.0,2.6042,1.5364
Na6Ca4Si3Sn4(S3O16)3,1.173299999999999,-2.320492536023999,0.105256926418916,3322.716673005027,2.869439261435129,222.0,3.0378,1.8645
Na6Ca4Ti4Si3(S3O16)3,1.2118,-2.576242463276251,0.07987215343468,3218.499556851272,2.523748319216985,222.0,2.368999999999999,1.1572
Na6Ca6SiSn2S11O48,0.966,-2.357535563614088,0.064772665202701,3458.128998993899,2.541996936114038,222.0,2.1881,1.2221
Na6Ca6Ti2SiS11O48,1.5513,-2.484560246767242,0.054553127105853,3389.7361596641413,2.385061115305144,222.0,2.0927,0.5414
Na6Ca7Sn(SO4)12,2.2256,-2.392792015089314,0.027795596914415,3525.63760862041,2.387841314585865,222.0,2.2732,0.0476
Na6Ca7Ti(SO4)12,1.9961,-2.459471703129854,0.019518481402029,3464.823900788929,2.327896212272014,222.0,1.9972,0.0011
Na6CaSi4Sn3(SO12)2,1.2063,-2.45347615979023,0.122128444625002,1661.2048322796988,3.282496584314633,120.0,3.5368,2.3305
Na6CaSi6Sn7(SO8)6,1.168499999999999,-2.30311187344517,0.127799439436942,3189.823369484292,3.338744180023912,222.0,3.3211,2.1526
Na6CaTi3Si2(PO6)4,2.3333499999999994,-2.9503299548586814,0.048687000273828995,1291.2075442943394,2.8481513046242233,100.0,3.6531000000000002,1.31975
Na6CaTi3Si4(SO12)2,1.8124999999999991,-2.79575289816523,0.101941420770832,1596.9577236179807,2.751582587918238,120.0,3.4086,1.5961
Na6CaTi7(PO4)12,2.1841,-2.98094886379266,0.015961044702695,2934.9772071646166,2.805244195108073,222.0,3.1839,0.9998
Na6CaTi7Si6(SO8)6,1.702399999999999,-2.754831449503729,0.076283113896396,3048.241070519646,2.6833885739153542,222.0,2.7781,1.0757
Na6Cd(SnS3)4,1.2949,-0.990143166011992,0.018113196739128,514.9579996768595,3.579219879547883,23.0,4.3638,3.0689
Na6Cd7S10,1.0551499999999998,-0.9867265519869751,0.0062147931521735,553.8092941348477,3.735675076720156,23.0,2.444,1.38885
Na6FeO4,0.9684,-1.45180559734326,0.054762807045457,624.4015354171075,2.742182746148016,44.0,2.8673,1.8989
Na6Ga4Si5Sn4S7O48,1.83,-2.227670547127602,0.108631784391893,3028.213427197852,3.330480296343349,222.0,3.9148,2.0848
Na6Hf2Si5Sn2SO24,2.7721,-2.804359676311064,0.060209694999999,1642.0717553021736,3.909933593029712,120.0,4.4413,1.6692
Na6Hf2Ti2Si5SO24,2.5584,-3.028384996311064,0.049573753625002,1591.4652196682227,3.590757770277696,120.0,4.0393,1.4809
Na6Hf2Zn2Si3(SO8)3,2.500099999999999,-2.548187982519397,0.134431232249995,1630.833627614173,3.635557761618622,120.0,4.5096,2.0095
Na6Hf2Zn6SiS11O48,3.3657,-2.166973642983458,0.036847037652025,3088.9830986633915,3.283699269398886,222.0,4.4665,1.1008
Na6Hf3ZnSi2(PO6)4,4.29825,-2.9956158534628488,0.027832253270834,1338.5695328784577,4.044890438057152,100.0,5.534050000000001,1.2358
Na6Hf3ZnSi4(SO12)2,3.8946,-2.8333623777485637,0.085038943375001,1639.775594084778,3.947181422295706,120.0,5.2323,1.3377
Na6Hf4Si7Sn4S5O48,2.2374,-2.664391520663637,0.083837537387384,3205.685525961707,3.809824324340191,222.0,4.0624,1.825
Na6Hf4Ti4Si7S5O48,1.734999999999999,-2.912125664717693,0.063223411756759,3128.195670987266,3.452932297052729,222.0,2.9539,1.2189
Na6Hf4Zn4Si3(S3O16)3,3.0506,-2.433116903636611,0.061370354431304,3176.606944565568,3.535311594444147,222.0,4.3097,1.2591
Na6Hf6Zn2Si5S7O48,3.1342,-2.696579896451926,0.081830625095719,3234.725430395175,3.807834527228372,222.0,4.5008,1.3666
Na6Hf7Zn(PO4)12,4.7273,-3.124625685729597,0.014096861148654,3148.5680804605445,4.101710133896323,222.0,5.3274,0.6001000000000001
Na6Hf7ZnSi6(SO8)6,3.6929,-2.862920217386611,0.057451935900897,3230.232112902733,3.981386055050231,222.0,4.7039,1.011
Na6HfZn3P4(SO12)2,4.043500000000001,-2.472227174212849,0.06976995798958,1565.9546772626163,3.450541828347513,120.0,4.9941,0.9506
Na6HfZn3Si2(SO6)4,3.04,-2.303989921956897,0.116000274093747,1611.5077143699789,3.341893988985865,120.0,4.6224,1.5824
Na6HfZn7(SO4)12,4.153,-2.041382013670395,0.017105378248866,3039.1874008234718,3.158669857851291,222.0,4.4701,0.3171
Na6In4Si5Sn4S7O48,1.3295,-2.205791673343818,0.104822476644141,3216.557872300435,3.414827184517326,222.0,3.7994,2.4699
Na6La4Si5Sn4S7O48,1.5807,-2.500055982758232,0.139025537875375,3524.1946783630497,3.25293252177439,222.0,3.5487,1.968
Na6La4Ti4Si5S7O48,1.5485,-2.755674000641116,0.110527538415921,3404.444353964361,2.952704056232873,222.0,2.9082,1.3597
Na6La4Zn4SiS11O48,3.8256,-2.31572635951499,0.078683625923422,3523.105466622132,2.974978822158493,222.0,4.3586,0.533
Na6Mg2Si3Sn2(SO8)3,0.7509999999999991,-2.388397398269397,0.138658156583331,1588.7064562299156,3.099288036694138,120.0,3.5192,2.7682
Na6Mg2Si5Sn6S7O48,0.771799999999999,-2.255933648253727,0.134277402612611,3112.357380004005,3.251864326700156,222.0,3.3895,2.6177
Na6Mg2Ti2Si3(SO8)3,0.3361,-2.6152561907693963,0.121885381125004,1550.0741645406215,2.721181731514959,120.0,2.6156,2.2795
Na6Mg2Ti6Si5S7O48,1.132,-2.645643797893368,0.090502876312744,2987.206117668405,2.679255256249721,222.0,2.7522,1.6202
Na6Mg2Zn2SiS5O24,3.4029,-2.23689807322773,0.07879254179166,1546.978392237298,2.865235397219646,120.0,5.1598,1.7569
Na6Mg3Si2Sn(SO6)4,1.908799999999999,-2.38496090504023,0.107977380458336,1567.0725519866355,2.854618110591315,120.0,4.4312000000000005,2.5224
Na6Mg3SnP4(SO12)2,2.846199999999999,-2.554491282046183,0.038765143799992,1531.5076292809206,2.932599076214905,120.0,4.5962,1.75
Na6Mg3TiP4(SO12)2,2.226,-2.668470824171183,0.034162987645833,1510.731339704662,2.73932567809767,120.0,3.6907,1.4647
Na6Mg3TiSi2(SO6)4,1.0137,-2.501461233581897,0.096520060437503,1540.6411916075497,2.67452344041687,120.0,3.2719,2.2582
Na6Mg4Si3Sn4(S3O16)3,1.242499999999999,-2.260818433726702,0.085586660180192,3071.287961442158,3.002008798760303,222.0,3.4974,2.2549
Na6Mg4Ti4Si3(S3O16)3,1.174099999999999,-2.516961320438413,0.061546496768017,2973.529188337576,2.625964690462546,222.0,2.6933,1.5192
Na6Mg6SiSn2S11O48,1.6741,-2.266556096677151,0.033149241306321,2989.869302544362,2.782430330481473,222.0,3.7111,2.037
Na6Mg6Ti2SiS11O48,1.474,-2.396127371947422,0.023091318231987,2953.758272153653,2.5774883776975592,222.0,2.7748,1.3008
Na6Mg7Sn(SO4)12,2.7289,-2.275660020382107,0.000695439639645,2972.7722197158296,2.646902360459551,222.0,3.6829,0.954
Na6Mg7Ti(SO4)12,1.8918,-2.33957412666589,0.0,2948.3313423407794,2.549145338672142,222.0,2.7116,0.8198000000000001
Na6MgSi4Sn3(SO12)2,1.625,-2.436498166498563,0.111980085458331,1602.0746926437837,3.354602731314472,120.0,4.2709,2.6459
Na6MgSi6Sn7(SO8)6,1.357,-2.291110359683908,0.120714289765767,3139.0931039539178,3.367669837113786,222.0,3.6808,2.3238
Na6MgTi3Si2(PO6)4,2.33255,-2.9349481322128494,0.0352181768183355,1249.5910982165376,2.890519958529698,100.0,3.9082500000000002,1.5757
Na6MgTi3Si4(SO12)2,1.8612,-2.779903103123563,0.089534719020834,1536.305520347162,2.809067571976917,120.0,3.7427,1.8815
Na6MgTi7(PO4)12,2.1679,-2.973662257959327,0.008239103527031,2887.235964781155,2.824415054589661,222.0,3.3152,1.1473
Na6MgTi7Si6(SO8)6,1.6643999999999992,-2.743330600472197,0.070811853738743,2994.742564527721,2.705087344413202,222.0,2.8686,1.2042
Na6Nb16Zn8Si15(S7O48)3,1.4487,-2.441459212217981,0.052014487046483,3117.400915855209,2.954321423640161,210.0,2.0465,0.5978
Na6Nb20Zn4Si21(S5O48)3,1.305,-2.652221966622743,0.043989111217687,3153.6156640614063,2.965737905843863,210.0,2.138,0.833
Na6Nb2Zn4P6(SO12)3,2.1612,-2.410650117783035,0.060341368114031,1537.4203970350743,3.117986013853023,114.0,2.9464,0.7852
Na6Nb2Zn4Si3(SO6)6,1.9403,-2.257870107250454,0.109555287162695,1561.2072756339885,3.059011573011431,114.0,2.8538,0.9135
Na6Nb4Si9Sn4(SO16)3,2.3019,-2.6522856786140903,0.083438191270906,3171.1638771497105,3.301018513574029,222.0,3.6693,1.3674
Na6Nb4Zn2Si3(PO6)6,1.9036,-2.754437174230404,0.063922766959063,1562.9243873214148,3.158597139437864,114.0,3.0144,1.1108
Na6Nb4Zn2Si6(SO12)3,1.811299999999999,-2.610638870364489,0.108829028842936,1590.402139530631,3.092767675142238,114.0,3.0403,1.229
Na6Nb4Zn4Si5S7O48,1.1241,-2.367169006271745,0.110432956614381,3144.0134162313584,3.016929663276811,222.0,2.1528,1.0287
Na6Nb4Zn8Si3(S5O24)3,0.471599999999999,-2.141869092044222,0.047431423344246,1524.2371912781998,2.995939894185266,108.0,1.8659,1.3943
Na6Nb5ZnSi6(PO12)3,2.4675,-2.887369755214114,0.046862519941518,1578.4284217349932,3.167196526771146,114.0,3.3851,0.9176
Na6Nb8Zn16Si3(S11O48)3,0.3586,-2.063869998979886,0.023813144243705,3033.8151889846463,2.9414507307567312,210.0,1.6653,1.3067
Na6Nb8Zn4Si9(SO8)9,1.0029,-2.50049955931274,0.083626578924163,1564.6861363475562,3.009879172399422,108.0,2.222,1.2191
Na6NbZn5P3(SO6)6,2.373599999999999,-2.189904031003586,0.053283156754382,1525.942361515741,3.08871863497353,114.0,3.033,0.6594
Na6Sc4Si5Sn4S7O48,1.660299999999999,-2.501082584830305,0.10057756774024,3185.12723953869,3.011460398522411,222.0,3.6004,1.9401
Na6Sc4Ti4Si5S7O48,1.4635,-2.754995227262737,0.073784943731231,3090.6552269529734,2.646763587748609,222.0,2.722,1.2585
Na6Sc4Zn4SiS11O48,3.9051,-2.314889897217693,0.036430610191438,3084.729905351068,2.790870345021744,222.0,4.4537,0.5486
Na6Si5Sn2Ge2SO24,2.6976,-2.475415066894397,0.10186193091667,1511.174556528092,3.550736831720755,120.0,4.8951,2.1975
Na6Si5Sn4SO24,2.7138,-2.498601115561063,0.071299833500003,1609.4233725090107,3.619177815674808,120.0,4.9543,2.2405
Na6Si7Sn4Ge4S5O48,1.296199999999999,-2.291500085438413,0.148854992229727,2967.084567960838,3.405323218523183,222.0,3.4271000000000003,2.1309
Na6Si7Sn8S5O48,1.241199999999999,-2.311859195708684,0.120521775202697,3149.723301452804,3.499321474713092,222.0,3.7318,2.4906
Na6Sn2B4SO16,3.4335,-2.416467001980776,0.0,715.022291293656,3.28222841735364,58.0,4.7934,1.3599
Na6Sn2C4SO16,2.395699999999999,-1.9846988189922696,0.026082981889366,778.0519055773569,3.036820109729853,58.0,4.2349,1.8392
Na6Sn2S7,2.084699999999999,-1.077305547645833,0.000384282333342,737.4959519079719,2.701069582655893,30.0,3.4211,1.3364
Na6Ta16Zn8Si15(S7O48)3,2.1271,-2.529561070776711,0.048686672815477,3086.621462708261,3.741613947492693,210.0,2.9383,0.8112
Na6Ta20Zn4Si21(S5O48)3,1.9467,-2.7636737197497263,0.038603336113094,3114.045891206455,3.942371098216174,210.0,3.0684,1.1217
Na6Ta2Zn4P6(SO12)3,2.977999999999999,-2.453126344707013,0.061589717061404,1521.639218330888,3.5346359580529763,114.0,3.9014,0.9234
Na6Ta2Zn4Si3(SO6)6,2.7537000000000003,-2.299249949613027,0.10653518158625,1547.1956168942213,3.464679234111844,114.0,3.7856,1.0319
Na6Ta4Si9Sn4(SO16)3,2.4835000000000003,-2.717109808109585,0.077708791418911,3153.853635974263,3.875394448055135,222.0,4.0094,1.5259
Na6Ta4Ti4Si9(SO16)3,2.0349,-2.958370087749223,0.063568530202699,3067.153968375101,3.5246929737337918,222.0,3.2001,1.1652
Na6Ta4Zn2Si3(PO6)6,2.7038,-2.843503078867831,0.057815186812862,1551.268280975015,3.936275482258737,114.0,3.8639,1.1601
Na6Ta4Zn2Si6(SO12)3,2.4109,-2.6965114194756,0.099675953304092,1576.3830967858116,3.862205286194553,114.0,3.8353,1.424399999999999
Na6Ta4Zn4Si5S7O48,1.6033,-2.419408238875349,0.117288453654278,3127.923611491781,3.593317783931741,222.0,2.9299,1.3266
Na6Ta4Zn8Si3(S5O24)3,1.255,-2.182408500926938,0.047777205474538,1507.1480975901686,3.417917866675557,108.0,2.813,1.558
Na6Ta5ZnSi6(PO12)3,3.2378,-2.998113200067915,0.03458226469298,1574.8008050443746,4.102840496842716,114.0,4.2708,1.033
Na6Ta8Zn16Si3(S11O48)3,1.0181,-2.103821082592583,0.025774365767857,2996.915742069649,3.367925419052938,210.0,2.5971,1.579
Na6Ta8Zn4Si9(SO8)9,1.7612,-2.5863547755040983,0.079443482534727,1551.337831489766,3.789688419668973,108.0,3.1311,1.3699
Na6TaZn5P3(SO6)6,3.124,-2.208743401921715,0.056306073771927,1530.540396655145,3.270478400513039,114.0,3.8231,0.6991
Na6Ti2O7,3.289025,-2.517209080829501,0.03584626827777625,512.3058699442458,2.5554600729749843,33.75,3.3749000000000002,0.085875
Na6Ti2Si5Ge2SO24,2.717,-2.707414345394397,0.086437799291667,1470.5704280895116,3.16880963566409,120.0,4.4862,1.7692
Na6Ti2Si5Sn2SO24,2.655599999999999,-2.724762156061063,0.061713939875,1563.674960779833,3.273675207211454,120.0,4.6415,1.9859
Na6Ti2Zn2Si3(SO8)3,0.289899999999999,-2.45867592160273,0.144415254041672,1548.4292377184008,2.98855263971965,120.0,2.5517000000000003,2.2618
Na6Ti2Zn6SiS11O48,1.5133,-2.118391377758233,0.038052474679054,2981.123681521099,2.9659500651029798,222.0,2.4529,0.9396
Na6Ti3ZnSi2(PO6)4,2.3119499999999986,-2.8527050585878486,0.049836570981664,1255.0714586203203,3.0148397716467263,100.0,3.7729999999999997,1.4610500000000002
Na6Ti3ZnSi4(SO12)2,1.9495,-2.702752024831897,0.099660599187501,1538.5354065550289,2.9380866972431523,120.0,3.6562,1.7067
Na6Ti4Al4Si5S7O48,1.128299999999999,-2.646089066857332,0.085829409399398,2849.5220405203104,2.74504559537132,222.0,3.3587,2.2304
Na6Ti4Ga4Si5S7O48,1.4804,-2.483446102442917,0.079976247499998,2937.4200480362083,2.952847798891365,222.0,2.9873000000000003,1.5069
Na6Ti4In4Si5S7O48,1.128,-2.460696561812286,0.077037606599101,3130.719287102361,3.057552452306477,222.0,2.9624,1.8344
Na6Ti4Nb4Si9(SO16)3,2.0952,-2.891255292713188,0.071588595595235,3092.9597541082544,2.92807555186497,222.0,3.1159,1.0207
Na6Ti4Si5SO24,2.615,-2.943943989644397,0.057790082750002,1527.7624038430697,2.888628837553678,120.0,4.1759,1.5609000000000002
Na6Ti4Si7Ge4S5O48,1.7962,-2.543824499537512,0.126393814831078,2880.4456820200967,3.01766882663837,222.0,3.4278,1.6316000000000002
Na6Ti4Si7Sn4S5O48,1.6859000000000002,-2.565733839492467,0.096510368119368,3053.3715038069668,3.147420334228627,222.0,3.6267,1.9408
Na6Ti4Zn4Si3(S3O16)3,1.4096,-2.3404655652131883,0.063656735399772,2993.449722500456,2.882106274679624,222.0,2.5343,1.1247
Na6Ti6Zn2Si5S7O48,1.0886,-2.557857668163638,0.090571423648648,3007.4651283064536,2.7973778980317032,222.0,2.6178,1.5292
Na6Ti7Zn(PO4)12,2.1462,-2.926436852125993,0.018457688548642,2898.051777838698,2.884529939177111,222.0,3.2164,1.0702
Na6Ti7ZnSi6(SO8)6,1.7146,-2.699558533242466,0.069338125681305,2995.6729201431062,2.772600622922239,222.0,2.8446,1.13
Na6Ti8Si7S5O48,1.5515999999999992,-2.819870301429405,0.069493924605852,3001.959347784543,2.731080531102179,222.0,2.8099,1.2583
Na6TiMn(SiO3)6,2.804599999999999,-2.874417007485633,0.038150570807292,396.21885052228873,2.922132526400709,32.0,4.7798,1.9752
Na6TiZn3P4(SO12)2,2.229899999999999,-2.421566767129516,0.068703392031254,1522.980567081643,3.12064279376116,120.0,3.3944,1.1645
Na6TiZn3Si2(SO6)4,1.2711,-2.263474169456897,0.11675200703125,1556.2857964632385,3.042355183815204,120.0,2.9882,1.7171
Na6TiZn7(SO4)12,1.9552,-2.014997147859584,0.014561113168173,2971.18744016682,3.011952639161189,222.0,2.4053,0.4501
Na6W10O33,3.4097,-2.144470525577058,0.073615712346951,707.037363469644,5.88161169906352,49.0,3.4943,0.0846
Na6W6Se2O25,2.7351,-2.085460343281112,0.0,1090.162202338259,5.48013224765327,78.0,3.5303,0.7952
Na6Y4Si5Sn4S7O48,1.102499999999999,-2.502701627893369,0.125759876171168,3379.075037097888,3.097786080358744,222.0,2.8562000000000003,1.7537
Na6Y4Ti4Si5S7O48,1.4201,-2.764299092127602,0.091282430360358,3261.0672665879742,2.777005208709795,222.0,2.4457,1.0256
Na6Y4Zn4SiS11O48,3.797899999999999,-2.325492173839314,0.056579909853603,3323.205581603373,2.85412624967775,222.0,4.2132,0.4153
Na6Zn2Si3Ge2(SO8)3,0.176499999999999,-2.203503100936064,0.196970756458336,1516.7206906390184,3.213763431637534,120.0,2.5073,2.3308
Na6Zn2Si3Sn2(SO8)3,0.5407000000000001,-2.232348079686064,0.16065707891667,1596.2832418815656,3.3411286671698197,120.0,3.2383,2.6976
Na6Zn2Si5Ge6S7O48,1.116099999999999,-2.138380858163638,0.175214490895259,2849.9256631966264,3.211829071394939,222.0,2.9564,1.8403
Na6Zn2Si5Sn6S7O48,0.9625999999999992,-2.174012154334809,0.127622034588996,3144.0218045297124,3.349370130819849,222.0,3.2249,2.2623
Na6Zn3As4H6O19,3.0051,-1.794677381073048,0.006250372828949,1894.3269757528008,3.309594052396794,152.0,2.6494,-0.3557
Na6Zn3As4O19,0.371299999999999,-1.6115942854148702,0.167006580468749,1878.6031082377235,3.31591270929329,128.0,-0.2229,-0.5942000000000001
Na6Zn3GeP4(SO12)2,2.337199999999999,-2.289779920004515,0.079320766947913,1504.3840134684815,3.241252160975864,120.0,3.5561,1.2189
Na6Zn3P4H6O19,3.9851,-2.198912545377559,0.010115077828944,1763.4200755478437,2.893139151994492,152.0,4.1512,0.1661
Na6Zn3P4O19,0.413,-2.093190847635852,0.168924817031249,1730.334005577468,2.925244649727832,128.0,0.4579,0.0449
Na6Zn3Si2Ge(SO6)4,1.9646,-2.136588896665229,0.142374945718754,1539.415340038832,3.15586290255884,120.0,3.6019,1.6373
Na6Zn3Si2Sn(SO6)4,2.0679,-2.150049123331897,0.12513404463542,1589.795973615596,3.200213707978299,120.0,3.9017,1.8338
Na6Zn3SnP4(SO12)2,2.7135,-2.3084981347545157,0.07131104407291,1556.6907218787817,3.279772254841392,120.0,3.9939,1.2804
Na6Zn4Ga4SiS11O48,2.9766,-2.027212247578052,0.046529483206644,2907.253611174715,3.130996823440883,222.0,4.0183,1.0417
Na6Zn4In4SiS11O48,2.8369,-2.01246284924472,0.040916439960589,3129.113363483886,3.196172452151076,222.0,4.0418,1.2049
Na6Zn4Si3Ge4(S3O16)3,1.261699999999999,-2.049595973546521,0.125893883170036,2876.6642497347943,3.170713662729329,222.0,3.0262,1.7645
Na6Zn4Si3Sn4(S3O16)3,1.451099999999999,-2.084852959132106,0.082662790827746,3112.106855013064,3.225818239861217,222.0,3.2091,1.758
Na6Zn4SiS5O24,3.3966,-2.07195647497773,0.085404702354168,1558.2085429804606,3.107405652950601,120.0,4.6171,1.2205
Na6Zn6SiGe2S11O48,1.6034000000000002,-1.9699761093348087,0.067408255039404,2901.462169822981,3.132449313865543,222.0,2.9321,1.3287
Na6Zn6SiSn2S11O48,1.6502999999999992,-1.9885044536591328,0.044892857336734,3041.3879133068144,3.139254072157297,222.0,3.2106,1.5603
Na6Zn7Ge(SO4)12,2.4438,-1.938140870269494,0.030190747933554,2950.7272697596927,3.07466079556805,222.0,2.8817,0.4379
Na6Zn7Sn(SO4)12,2.684199999999999,-1.951359337206431,0.014978754307497,3015.830677242356,3.084386875341458,222.0,3.1681,0.4839
Na6ZnGe7(PO4)12,2.582,-2.452393150076443,0.035756131452702,2684.018396141637,3.436408763797822,222.0,4.3409,1.7589
Na6ZnH4(S2O9)2,5.074199999999999,-1.980891209190178,0.001428201780304,390.8504468022397,2.649503464655679,33.0,5.406,0.3318
Na6ZnO4,1.533599999999999,-1.541207099388714,0.0,283.6496830435417,3.13017924181566,22.0,2.581,1.0474
Na6ZnS4,2.1581,-1.242468616022726,0.0,467.85737026673735,2.353911408106195,22.0,3.0835,0.9254
Na6ZnSi2Ge3(PO6)4,2.35365,-2.4809037848586826,0.10744832710417099,1191.155176657058,3.4335696450256012,100.0,4.27825,1.9245999999999994
Na6ZnSi2Sn3(PO6)4,2.464799999999999,-2.520199201796183,0.060018579245831,1309.602665596455,3.561991817838511,100.0,4.614850000000001,2.1500500000000002
Na6ZnSi4Ge3(SO12)2,1.2574,-2.327682180873564,0.166270829041667,1468.711012101184,3.329844455181307,120.0,3.4626,2.2052
Na6ZnSi4Sn3(SO12)2,1.7369999999999992,-2.360369599956897,0.122519336833332,1607.3814128533277,3.470917660538044,120.0,4.1324,2.3954
Na6ZnSi6Ge7(SO8)6,1.3557,-2.212097570382107,0.170550524847973,2804.0915524686025,3.270104293357322,222.0,3.1612,1.805499999999999
Na6ZnSi6Sn7(SO8)6,1.3114,-2.244591391823548,0.124102016582233,3136.263968141683,3.435996990343656,222.0,3.6518,2.3404
Na6ZnSn7(PO4)12,2.529,-2.50774622084221,0.019320640367118,3044.932093686617,3.5566987165047133,222.0,4.4171,1.8881
Na6Zr2Si5Sn2SO24,3.0236,-2.776549631894397,0.060164354374999,1648.199289627503,3.3678815056159053,120.0,4.5998,1.5762
Na6Zr2Ti2Si5SO24,2.6081,-2.990315359477731,0.058638425645828,1614.6929799047148,3.000641329858754,120.0,3.9442,1.3361
Na6Zr2Zn2Si3(SO8)3,1.8169,-2.514368926436064,0.13921716183333,1663.4709431871725,3.04155492489211,120.0,3.6725,1.8556
Na6Zr2Zn6SiS11O48,3.2298,-2.15505467487535,0.032219980985359,3089.83626451324,3.001401736933771,222.0,4.005,0.7752
Na6Zr3ZnSi2(PO6)4,3.9253,-2.940911266525349,0.0340728214583325,1364.6732539550599,3.169137406798849,100.0,4.96605,1.04075
Na6Zr3ZnSi4(SO12)2,3.2893,-2.779663845915231,0.094050805354163,1681.2828125984904,3.074030319767715,120.0,4.6077,1.3184
Na6Zr4Si7Sn4S5O48,1.5304,-2.616155379807783,0.099797966936934,3252.08252343824,3.220765583675729,222.0,3.2141,1.6837
Na6Zr4Ti4Si7S5O48,1.345899999999999,-2.8753473584564317,0.068605962308557,3179.031867389809,2.850724690930013,222.0,2.4263,1.0804
Na6Zr4Zn4Si3(S3O16)3,2.5749,-2.400851667195169,0.061395984206081,3214.1715306220062,2.95298245456324,222.0,3.5538,0.9789
Na6Zr6Zn2Si5S7O48,2.4076,-2.6451487635690443,0.085328569420044,3310.102944071221,2.933124589978621,222.0,3.5839,1.1763
Na6Zr7Zn(PO4)12,3.892599999999999,-3.052841861270138,0.015603162736484,3229.321442342108,3.056813368762662,222.0,4.3466000000000005,0.454
Na6Zr7ZnSi6(SO8)6,2.9229000000000003,-2.797751801440666,0.06684037234234,3322.775194519701,2.954674893196102,222.0,3.722,0.7991
Na6ZrZn3P4(SO12)2,3.897199999999999,-2.450330463212849,0.07300188692708,1579.8191180864162,3.145085568183102,120.0,4.8477,0.9505
Na6ZrZn3Si2(SO6)4,2.6644,-2.284213469040231,0.121260163760413,1623.3297989994696,3.049757443220109,120.0,4.2324,1.568
Na6ZrZn7(SO4)12,3.4643,-2.035260943039764,0.014527215050669,3025.839416528677,3.028932658726206,222.0,3.8081,0.3438
Na7(WO3)9,1.0388,-2.182249405922213,0.0,558.4202925163829,6.68316573419196,43.0,3.8925,2.8537
Na7Al2Zn2P5SO24,4.297,-2.5838320873260843,0.052961141410569,1461.3653889539971,3.12467654557903,123.0,6.1339,1.8369
Na7Al3Zn(PO4)6,4.486099999999999,-2.760095875549082,0.028637978410571,1419.6336662628314,3.077855383807027,123.0,6.8565000000000005,2.3704
Na7Al3ZnSi3(SO8)3,3.671099999999999,-2.518354633629802,0.145411399959346,1472.8541844553745,2.948405152099956,123.0,6.2345,2.5634
Na7Ca2Ti2SiP5O24,1.7605,-2.862228231939905,0.086346629251382,1633.951598627965,2.755392430482734,123.0,3.2538,1.4933
Na7Ca2Zn2P3(SO8)3,3.8057,-2.445064388522369,0.068667228072007,1661.886847336759,2.832713633688715,123.0,4.7696000000000005,0.9639
Na7Ca3SnP5SO24,2.4332000000000003,-2.6971069737081983,0.041539309131819,1728.653467477504,2.797618605569589,123.0,3.7261,1.2929
Na7Ca3Ta7Ti3O30,2.3227,-3.1987688316197698,0.012151922900001,1194.840321667883,6.035387587737443,100.0,4.6223,2.2996
Na7Ca3TiP5SO24,2.162899999999999,-2.803551970090313,0.041217040544715,1704.45033399877,2.630291013170263,123.0,3.3038,1.1409
Na7CaTi3Si3(PO8)3,2.034,-2.942509723989848,0.057170291252029,1578.079362316356,2.859300589969876,123.0,3.6402,1.6062
Na7Hf2Ti2Si5PO24,2.7822,-3.101441184413774,0.020237721524389,1590.9025713443427,3.660598900663085,123.0,4.2419,1.4597
Na7Hf2Zn2SiP5O24,3.856199999999999,-2.791863296167547,0.046320019359757,1597.754735245803,3.790308982096808,123.0,5.4346,1.5784
Na7Hf3ZnSi3(PO8)3,3.9451,-2.985894627648384,0.032318765335367,1638.9228350268222,4.021259455658962,123.0,5.4177,1.4726
Na7HfZn3P5SO24,3.92,-2.551533359683808,0.0589473750813,1577.9411264391508,3.493465074774746,123.0,5.1715,1.2515
Na7La2Ti2Si3(PO8)3,2.5122,-3.001826864315051,0.081348503567068,1694.6912745807476,3.220670788784765,123.0,4.3341,1.8219
Na7La2Zn2P5SO24,3.8939999999999992,-2.653046449033401,0.099794727235773,1753.9962817784954,3.239128028873418,123.0,5.2551,1.3611
Na7La3Zn(PO4)6,3.9349,-2.88496281640274,0.07573150664634,1862.134430098415,3.244724747190171,123.0,5.2235,1.2886
Na7La3ZnSi3(SO8)3,3.3324,-2.645909070581021,0.124268095752028,1907.9796074991132,3.152684330216263,123.0,5.0326,1.7002000000000002
Na7La7Th2Ti18O54,1.9245,-3.474116140166536,0.047483504474444,1063.7822566988036,5.186994287722002,88.0,6.0285,4.104
Na7Mg2Ti2SiP5O24,2.0159,-2.853562420313889,0.038718497265041,1516.232491204862,2.8656738301373723,123.0,3.8646,1.8487
Na7Mg2Zn2P3(SO8)3,3.982199999999999,-2.392791015595539,0.06295933016258,1539.9702047171957,2.954926932985415,123.0,5.4514,1.4692
Na7Mg3SnP5SO24,2.8881,-2.6312229552122632,0.025544479955283,1545.5128189832994,2.976609383250819,123.0,4.9065,2.0184
Na7Mg3TiP5SO24,2.083199999999999,-2.739432174521207,0.022748076534957,1521.2383607212869,2.792116844608603,123.0,3.9657,1.8825
Na7MgTi3Si3(PO8)3,2.2218,-2.932571492648384,0.039058205520333,1526.1247376694384,2.905154535643422,123.0,4.0066,1.7848000000000002
Na7Nb2Zn2Si3(PO8)3,1.785,-2.662477445615864,0.091171255833328,1606.6827865663006,3.220622060132212,123.0,3.4479,1.6629
Na7Nb3Zn(SiO4)6,1.7911,-2.82389961495094,0.060833450670735,1625.2072093499107,3.241638832222956,123.0,3.7942,2.0031
Na7NbZn3(PO4)6,1.956,-2.544709398557211,0.055207284979668,1560.120639224834,3.256607934106483,123.0,3.3921,1.4361000000000002
Na7NbZn3Si3(SO8)3,0.8315999999999991,-2.31431368549972,0.148006147662597,1617.5977310642322,3.12429035835587,123.0,2.8333,2.0017
Na7Sc2Ti2Si3(PO8)3,2.6256,-3.02236422821749,0.033937151468507,1563.1062021421287,2.89295839896274,123.0,4.1736,1.548
Na7Sc2Zn2P5SO24,4.325699999999999,-2.6754182956187678,0.049169685000002,1575.9410799657924,3.011138621285682,123.0,5.5074000000000005,1.1817
Na7Sc3Zn(PO4)6,4.402,-2.899615652093797,0.018698877479669,1596.3876128205902,2.905341678015898,123.0,5.6509,1.2489
Na7Sc3ZnSi3(SO8)3,3.748,-2.660294481556631,0.092263864936478,1638.1384576602934,2.814899550909418,123.0,5.3464,1.5984
Na7SnS3(O4F)3,5.0262,-2.298124540852121,0.02504200189905,651.6921507808278,3.184142494492956,52.0,5.734,0.7078
Na7Ta2Zn2Si3(PO8)3,2.6365,-2.722233316867896,0.084627465304879,1589.2853035694936,3.807809783335034,123.0,4.4074,1.7709
Na7Ta3Zn(SiO4)6,2.3779999999999992,-2.914872931747688,0.049678254959352,1612.0332725065834,4.084346188517681,123.0,4.6568000000000005,2.2788
Na7TaTi3(SiO4)6,2.6317999999999997,-3.040210840495656,0.024526160833331,1548.4876671232869,3.339257090415257,123.0,4.4468,1.815
Na7TaZn3(PO4)6,2.789899999999999,-2.575529962150707,0.054780633882115,1552.9963864278177,3.553962102419611,123.0,4.2955,1.5056
Na7TaZn3Si3(SO8)3,1.545399999999999,-2.3434350899875263,0.145490783536582,1606.5348350044735,3.41880793735992,123.0,3.688,2.1426
Na7Ti2Al2Si3(PO8)3,2.6592,-2.936914676103668,0.051445231130755,1456.418712770021,2.981916040015522,123.0,4.8202,2.161
Na7Ti2Ga2Si3(PO8)3,2.6586,-2.786611457282531,0.051188546278453,1498.8929709384415,3.181522371214849,123.0,4.3672,1.7086
Na7Ti2In2Si3(PO8)3,2.6207000000000003,-2.765346122689035,0.036685218008137,1581.0672468810924,3.300336266304136,123.0,4.5239,1.9032
Na7Ti2Si5Ge2PO24,2.748,-2.788471922218652,0.05537841754065,1474.7024177466517,3.233905217172311,123.0,4.6334,1.8854
Na7Ti2Si5Sn2PO24,2.8225,-2.8045003065275957,0.032153888109755,1570.421551419785,3.329076862572674,123.0,4.8394,2.0169
Na7Ti2Zn2SiP5O24,1.6666,-2.690793060476491,0.06953726303089,1523.3272635526382,3.1211655374187632,123.0,3.6219,1.9553
Na7Ti3Nb(SiO4)6,2.5152,-3.007345156820858,0.030785804146339,1558.82641024716,3.035751344766804,123.0,4.3173,1.8021
Na7Ti3ZnSi3(PO8)3,2.224199999999999,-2.855535636754076,0.051219226008136,1530.103300228668,3.031424477213653,123.0,3.9122,1.6880000000000002
Na7Ti4Si5PO24,2.6959,-3.01341723506418,0.033887263638217,1532.572753159283,2.95074320447365,123.0,4.4207,1.7248
Na7TiZn3P5SO24,2.250499999999999,-2.504059411309825,0.059377447136585,1530.500085596692,3.176588147579865,123.0,3.671,1.4205
Na7Y2Ti2Si3(PO8)3,2.5991,-3.022693554884156,0.04494436726626,1622.7594103651031,3.056451078588285,123.0,3.9976,1.3985
Na7Y2Zn2P5SO24,3.9926999999999992,-2.6686730043992557,0.0689455027439,1700.9719594001206,3.047234586233583,123.0,4.8606,0.8679
Na7Y3Zn(PO4)6,4.2018,-2.910969974329569,0.028213553597566,1725.9875088857527,3.06773759355131,123.0,4.9831,0.7813
Na7Y3ZnSi3(SO8)3,3.4949,-2.662954230540371,0.110102651361784,1777.4240209879706,2.9638513082995472,123.0,4.6829,1.188
Na7Zn2Ga2P5SO24,3.627799999999999,-2.4258584072041343,0.062444408373984,1507.0356794087506,3.312554189728097,123.0,5.0611,1.4333
Na7Zn2In2P5SO24,3.4372,-2.40690824683828,0.060083143008131,1602.736164625523,3.395087431883419,123.0,4.9875,1.5503
Na7Zn2SiGe2P5O24,1.321199999999999,-2.439019629013077,0.113667247215448,1478.967705172554,3.3816666486363163,123.0,3.5254,2.2042
Na7Zn2SiSn2P5O24,1.9567,-2.48230799031389,0.066041025869918,1567.286667270284,3.483971430250243,123.0,4.2862,2.3295
Na7Zn3GeP5SO24,2.2888,-2.373479972651288,0.080311241849591,1518.6283387725523,3.282684714481483,123.0,3.834,1.5452
Na7Zn3SnP5SO24,2.7558,-2.393147157448036,0.062762554646341,1557.055689774895,3.349065273198894,123.0,4.4126,1.6568
Na7Zn4P3(SO8)3,3.8121,-2.233919021286595,0.073007113922765,1555.5712712401669,3.188557356629966,123.0,4.9553,1.1432
Na7ZnGa3(PO4)6,3.679699999999999,-2.530452665040952,0.038495801199188,1470.4146559931617,3.405972526248092,123.0,5.3649,1.6852
Na7ZnGa3Si3(SO8)3,2.842,-2.299675165154192,0.143191864959352,1534.1773051149407,3.246910019394065,123.0,4.7171,1.8751
Na7ZnIn3(PO4)6,3.3449,-2.503220007825504,0.032277899857728,1626.5044317499132,3.493461125874054,123.0,5.0815,1.7366
Na7ZnIn3Si3(SO8)3,2.6498,-2.26710021444281,0.116471834898378,1664.2780462352491,3.3980342162010637,123.0,4.7133,2.0635
Na7ZnSi3Ge3(PO8)3,2.1439999999999992,-2.493671576876027,0.106658708069105,1453.5469649331508,3.445792620729568,123.0,4.369,2.225
Na7ZnSi3Sn3(PO8)3,2.3817999999999997,-2.5306575541931,0.058878513069106,1599.1100997104206,3.562688222572386,123.0,4.7726,2.3908
Na7Zr2Ti2Si5PO24,2.9164,-3.065101275226781,0.028271235894308,1607.9475719261072,3.081073461042767,123.0,4.3757,1.4593
Na7Zr2Zn2SiP5O24,3.5313,-2.75333336933828,0.053040858658538,1624.0256286420345,3.193627255384644,123.0,5.0549,1.5236
Na7Zr3ZnSi3(PO8)3,3.8736,-2.929580051957328,0.042538760203253,1662.4500079342058,3.179858944656444,123.0,5.2008,1.3272
Na7ZrZn3P5SO24,3.9103,-2.533671682366735,0.059223954898373,1579.258693898047,3.21527842672491,123.0,5.0598,1.1495
Na8Al2Si5Sn2SO24,3.1276,-2.6493475579016152,0.076690743928574,1535.1492315830271,3.348162874432354,126.0,5.8628,2.7352
Na8Al2Zn2Si3(SO8)3,2.9637,-2.40864178516352,0.15231183547619,1542.7484841190326,3.013147020600874,126.0,5.5959,2.6322
Na8Ca3Si3Sn(SO8)3,1.5146000000000002,-2.524502266393679,0.107622755833333,1789.4716181380677,2.748491172712313,126.0,3.4137,1.8991
Na8Ca3Ti(PO4)6,1.3776,-2.860745894021229,0.036036626273237,1721.8993601158618,2.666991232099548,126.0,3.0,1.6224
Na8Ca3TiSi3(SO8)3,1.6197,-2.6308526714333613,0.104421926547617,1751.6095836016116,2.606422276817499,126.0,3.4317,1.812
Na8CaSi5Sn3SO24,1.614599999999999,-2.554801447465106,0.066564950436507,1680.7235156089291,3.368863022206502,126.0,4.0618,2.4472
Na8CaTi3Si4(PO12)2,2.179799999999999,-2.938991640483814,0.054290611686504,1593.2756364407717,2.894879680958363,126.0,3.9772,1.7974
Na8CaTi3Si5SO24,2.0907,-2.867208602980981,0.070378602837299,1618.628124402008,2.844006669000783,126.0,3.967,1.8763
Na8Ga2Si5Sn2SO24,2.9878,-2.5070571434174878,0.071959021150792,1571.7282298035689,3.541180184251638,126.0,5.2545,2.2667
Na8Hf3ZnSi4(PO12)2,3.7019,-2.9839192161981,0.026510418799601,1650.0489897995326,4.054832312989578,126.0,5.4866,1.7847
Na8Hf3ZnSi5SO24,3.5263,-2.908881506314313,0.050599378055555,1660.7923678897478,4.023212055507031,126.0,5.3034,1.7771
Na8HfZn3(PO4)6,3.5581,-2.61534620370377,0.046394453531751,1592.6304894712323,3.5297404843775877,126.0,5.2163,1.6582
Na8HfZn3Si3(SO8)3,3.168199999999999,-2.389002616592091,0.12136949376984,1640.5716149612451,3.410223611891703,126.0,4.9163,1.7481
Na8In2Si5Sn2SO24,2.6793,-2.478541617028599,0.056411304503939,1667.428789412062,3.607389386493793,126.0,5.0545,2.3752
Na8La2Si5Sn2SO24,2.191,-2.6999433250444733,0.08660065468254,1805.217995777422,3.4649854156084032,126.0,4.4829,2.2919
Na8La2Ti2Si5SO24,2.3899,-2.908234405203203,0.090080419682541,1742.2958016769696,3.185009461338638,126.0,4.4382,2.0483
Na8La2Zn2Si3(SO8)3,2.8977,-2.481702234052409,0.142221061507934,1848.8489730360532,3.117427353981245,126.0,4.5759,1.6782
Na8Mg3Si3Sn(SO8)3,1.701899999999999,-2.459139544449235,0.100721085575395,1602.7144214161156,2.92168195370509,126.0,4.4213000000000005,2.7194000000000003
Na8Mg3Ti(PO4)6,1.1698,-2.803054788346627,0.015049565944446,1534.0947550614112,2.839828072767964,126.0,3.5611,2.3913
Na8Mg3TiSi3(SO8)3,1.4535999999999991,-2.5676817386159,0.097003663829363,1579.1966309143545,2.741716268861356,126.0,3.896,2.4424
Na8MgSi5Sn3SO24,1.633299999999999,-2.537700371790504,0.059577895376987,1628.8492165643393,3.427912293792629,126.0,4.4882,2.854899999999999
Na8MgTi2O8,0.4846,-2.171867892247428,0.16352413810042,325.60610424421304,2.202887936607565,19.0,3.1396,2.655
Na8MgTi3Si4(PO12)2,2.2329,-2.929997843063179,0.036537713690473,1542.6369971724034,2.938971531420661,126.0,4.1835,1.9506
Na8MgTi3Si5SO24,2.1194,-2.855716525719076,0.056036058710313,1556.143375917997,2.907710306365457,126.0,4.2923,2.1729
Na8Nb2Cu4S21,1.2382,-0.940423624672412,0.0,1615.9996504268329,2.666069856317152,70.0,4.0504,2.8122
Na8Nb2Zn2Si5SO24,1.709899999999999,-2.598224805520662,0.101316199960323,1634.661339289206,3.221281269844486,126.0,3.7516,2.0417
Na8Sc2Si5Sn2SO24,2.9492000000000003,-2.7305000691714563,0.0495294184127,1648.2993825908,3.226969939714076,126.0,5.002,2.0528
Na8Sc2Ti2Si5SO24,2.792799999999999,-2.940351414092091,0.050806570101686,1601.6637179205516,2.8802470163264022,126.0,4.5237,1.7309
Na8Sc2Zn2Si3(SO8)3,2.565299999999999,-2.504339353417489,0.109090518442457,1638.086145075369,2.947104404944339,126.0,4.8393,2.274
Na8Ta2Zn2Si5SO24,2.3996999999999997,-2.653209083727012,0.098277048174602,1619.8484578285957,3.792257248815812,126.0,4.6407,2.241
Na8Ti2Al2Si5SO24,2.7262999999999997,-2.861995103774632,0.074414002718247,1496.450544841832,2.963081048426795,126.0,5.0832,2.3569
Na8Ti2Ga2Si5SO24,2.8173999999999992,-2.718954646988917,0.069711062420632,1535.5181795733968,3.165021106548311,126.0,4.6796,1.8622
Na8Ti2In2Si5SO24,2.7047,-2.691176716552409,0.055971271240078,1625.2100885556492,3.266801960235683,126.0,4.7378,2.0331
Na8Ti3Fe(Si4O11)4,1.0806,-3.020453605847702,0.027127432123845,948.8219809583422,2.6893980008843963,72.0,2.7551,1.6745
Na8Ti3ZnSi4(PO12)2,2.0905,-2.8542760754838152,0.048677622023813,1546.3120234513017,3.064407790615463,126.0,4.1097,2.0192
Na8Ti3ZnSi5SO24,2.0555,-2.785258847266695,0.063400498710322,1568.4707322988454,3.015407573967108,126.0,4.0785,2.023
Na8Ti5O14,3.5058,-2.859622532877819,0.0,626.6424029693172,3.430266432576733,54.0,5.002,1.4962
Na8TiO6,2.20205,-1.9580263941245204,0.0652707281666645,1129.2178157961594,2.418122153548038,75.0,2.9605,0.7584500000000001
Na8TiZn3(PO4)6,1.6831,-2.572962414894245,0.049534457963492,1544.7205865708995,3.217966132558611,126.0,3.4691,1.786
Na8TiZn3Si3(SO8)3,1.7888000000000002,-2.353260939846059,0.1202654402877,1601.733033364436,3.086658120839153,126.0,3.5646,1.7758
Na8Y2Si5Sn2SO24,2.7003,-2.72411183218733,0.06783643059027,1722.933674459644,3.341333551459652,126.0,4.5076,1.8073
Na8Y2Ti2Si5SO24,2.6679,-2.934036861711139,0.067419069055056,1674.216073058323,3.016976577947862,126.0,4.1974,1.5295
Na8Y2Zn2Si3(SO8)3,2.7255000000000003,-2.500586000163519,0.125270264682537,1757.585510553059,2.995868136347407,126.0,4.3686,1.6431
Na8Zn2Ga2Si3(SO8)3,2.0592,-2.27075862750479,0.143172855873016,1585.3752065438402,3.200738333754882,126.0,4.3312,2.272
Na8Zn2In2Si3(SO8)3,0.032799999999999,-2.251509817544472,0.120928978095237,1659.0923366236254,3.329328410654017,126.0,2.3992,2.3664
Na8Zn3Ge(PO4)6,1.552599999999999,-2.447803513743451,0.070916471309525,1533.3229297305384,3.322371325678358,126.0,3.4532,1.9006
Na8Zn3Si3Ge(SO8)3,1.8147,-2.235462105203203,0.139559858730153,1577.859416126952,3.211573747285985,126.0,3.7849,1.9702
Na8Zn3Si3Sn(SO8)3,1.8354,-2.24316771266352,0.128253608968252,1620.9803239031085,3.267723182093796,126.0,3.9804,2.145
Na8Zn3Sn(PO4)6,2.053599999999999,-2.4659514954894832,0.052046316067457,1564.6262280557985,3.402583405336344,126.0,4.1225,2.0689
Na8ZnSi4Ge3(PO12)2,1.987299999999999,-2.511002564015561,0.089476748194447,1469.247404569155,3.477126727718513,126.0,4.4693,2.482
Na8ZnSi4Sn3(PO12)2,2.1359999999999992,-2.541215990920323,0.048726108789685,1613.814822497522,3.592276296155858,126.0,4.8743,2.7383
Na8ZnSi5Ge3SO24,1.6362,-2.442934043496853,0.1064003954266,1491.475233689835,3.419304068345099,126.0,4.1257,2.4895
Na8ZnSi5Sn3SO24,1.557799999999999,-2.464391847623837,0.072659068888892,1631.1435712404902,3.548624872532793,126.0,4.4162,2.8584
Na8Zr3Ti3Mn2Si8(O17F)2,1.2426,-3.07078258228161,0.0381462950347,727.108246655542,3.466122228621469,60.0,4.1335,2.8909
Na8Zr3ZnSi4(PO12)2,3.5845,-2.9297386852457192,0.035109891011903,1676.7290080977034,3.212501552825668,126.0,5.2085,1.624
Na8Zr3ZnSi5SO24,3.3378,-2.853676816234948,0.058280576825392,1704.2153931511589,3.155435913867426,126.0,4.9809,1.6431
Na8ZrZn3(PO4)6,3.141399999999999,-2.595922260687896,0.04987114827381,1600.0644020986963,3.241648587381683,126.0,4.8321000000000005,1.6907
Na8ZrZn3Si3(SO8)3,3.056899999999999,-2.378155258734949,0.117039884775128,1658.708097573229,3.110848894589538,126.0,4.7104,1.6535000000000002
Na9CaTa9TiO30,2.538699999999999,-3.018231577534941,0.094070204800003,1280.461355605761,6.233507722861365,100.0,4.2425,1.7038
Na9Nb10Zn2Si9(PO8)9,2.4013,-2.886118720037834,0.033522609474472,1565.3111461987262,3.129764336352597,111.0,3.1242,0.7229
Na9Nb2Zn10P3(S5O24)3,2.1629,-2.09247570809768,0.033641471683547,1511.2364179022195,3.046589172477363,111.0,2.5529,0.39
Na9Nb2Zn4(PO4)9,1.9217499999999994,-2.577550815361658,0.051568142555546495,3880.0430899138532,3.2321800998206127,300.0,3.17115,1.2494
Na9Nb4Zn2Si6(PO12)3,2.100199999999999,-2.772659946209872,0.07406182890972049,3978.1005303996963,3.2303982939445275,300.0,3.6056999999999997,1.5055
Na9Nb4Zn8P9(SO8)9,2.1109,-2.327057124249546,0.046507854498859,1518.4935447653963,3.085008304079865,111.0,2.7,0.5891000000000001
Na9Nb5Zn(SiO4)9,2.20315,-2.8886042302624526,0.0476918603749965,4025.6373701454545,3.2315358193986436,300.0,3.73685,1.5337
Na9Nb7Zn5(PO4)18,1.696899999999999,-2.680745175369236,0.039666807698947,1529.1668545782363,3.142389734706926,111.0,2.6367000000000003,0.9398
Na9Nb7Zn5Si9(SO8)9,1.4506,-2.44854426603526,0.122818645598724,1570.1428500385389,3.043278494923493,111.0,2.5794,1.1288
Na9Nb8Zn4Si3(P5O24)3,2.0689,-2.743375837045555,0.05168361739489,1541.7065125219133,3.137114908226996,111.0,2.9037,0.8348
Na9NbZn11(SO4)18,1.3958,-1.980675203760485,0.016484493474093,1505.7746048041972,3.030926507555605,111.0,2.0896,0.6938000000000001
Na9NbZn5P6(SO12)3,2.6048,-2.369430830629515,0.060920900104168,1554.2166052768416,3.172908326494429,120.0,3.5805,0.9757
Na9NbZn5Si3(SO6)6,1.728299999999999,-2.20064317854023,0.123938188568948,1588.101891138351,3.093934126105162,120.0,3.0378,1.309499999999999
Na9Sr2La9Ti20O60,1.9492,-3.443327226640805,0.013285665077455,1192.5051371032564,4.942747165505931,100.0,6.13,4.1808
Na9Sr2Nd9Ti20O60,2.152199999999999,-3.432563550165805,0.0,1175.2963958990956,5.082977414053964,100.0,4.9918000000000005,2.8396
Na9Ta10Zn2Si9(PO8)9,3.121699999999999,-2.998159552139936,0.026252753723722,1553.3834816512567,4.094944086972531,111.0,4.0641,0.9424
Na9Ta2Zn10P3(S5O24)3,2.9066,-2.110714573995577,0.037855766368242,1520.6878229561082,3.21993056982599,111.0,3.32,0.4134
Na9Ta2Zn4(PO4)9,2.6954000000000002,-2.616372460238047,0.054284844756942494,3861.454467555771,3.627845736525402,300.0,4.0258,1.3304
Na9Ta4Zn2Si6(PO12)3,2.894299999999999,-2.856206082670984,0.06323886943750351,3950.636792553987,3.992059726803726,300.0,4.536,1.6417000000000002
Na9Ta4Zn8P9(SO8)9,2.9406,-2.369874906045341,0.048596393868243,1517.2404408899258,3.472983222837427,111.0,3.5618,0.6212
Na9Ta5Zn(SiO4)9,3.0844,-2.996964263061064,0.0302357988125025,3981.552391863592,4.184136054824405,300.0,4.7415,1.6570999999999998
Na9Ta7Zn5(PO4)18,2.3047,-2.755193235110978,0.043902695780787,1515.78823801366,3.8452684431323902,111.0,3.5011,1.1964
Na9Ta7Zn5Si9(SO8)9,2.1744,-2.516522809470696,0.123783953414038,1559.6976426263884,3.719795595340509,111.0,3.4544,1.28
Na9Ta8Zn4Si3(P5O24)3,2.8053,-2.833601998024535,0.051270098746244,1525.2054447088294,3.937883455134303,111.0,3.7939,0.9886
Na9TaZn11(SO4)18,2.1967,-1.9906288095022264,0.016409228834453,1503.075264941586,3.133634505335446,111.0,2.9476,0.7509
Na9TaZn5P6(SO12)3,3.484199999999999,-2.391054593085071,0.060066311187505,1559.0133391017246,3.350695839159895,120.0,4.3942,0.91
Na9TaZn5Si3(SO6)6,2.5331,-2.22017736582912,0.122624876253472,1591.258254282431,3.271546477876262,120.0,3.8357,1.3026
NaAl2Sn2P3(SO8)3,2.3537,-2.401574028889749,0.033270652333333,1398.9924089108188,3.160173967743166,105.0,4.2437,1.89
NaAl3Zn(SO4)6,5.081099999999999,-2.232857107039409,0.011794082732144,1321.1793495773916,2.811795781912739,105.0,6.2722,1.1911
NaAlSiSn(SO6)2,2.607199999999999,-2.331508542391444,0.102326980555553,1446.6176595995282,3.119169250084027,108.0,4.4689,1.8617
NaAlSnP2SO12,3.191999999999999,-2.518383795546205,0.035961373749997,1421.7194018536395,3.186387894741157,108.0,4.89,1.698
NaAlZn(SO4)3,4.7114,-2.133258146789591,0.026104148182867,1377.2172355667694,2.9195420672736443,108.0,5.6402,0.9288
NaAsW2O9,2.4161,-2.065663175298409,0.007522455064105,750.3795332259659,5.395889795069054,52.0,2.565,0.1489
NaBi(WO4)2,3.4038,-2.078135593448275,0.042879347395863,166.80166064271336,7.243834130093875,12.0,5.0907,1.6869
NaBiCSO7,3.795,-1.8964879517163,0.045692181969696,381.6302790314402,3.376872259420653,22.0,3.3426,-0.4524
NaBiS2,1.2032999999999994,-0.8556276018229166,0.015856835833332333,160.93075180289586,5.104572677716546,6.666666666666667,4.515233333333334,3.3119333333333336
NaCa2ScZn2(SiO3)6,4.494099999999999,-3.127718875045978,0.025851486666662,696.74992049243,3.505409124223,60.0,7.111,2.6169
NaCa2Sn2PS5O24,0.6792,-2.228942943433968,0.03522631039682,1640.2961254228337,2.781457991463243,105.0,1.4328,0.7536
NaCa2Ti2PS5O24,1.7626,-2.488363921053015,0.037352927601194,1606.8643628186674,2.4000714939546413,105.0,1.5889,-0.1737
NaCa2TiSi2O8F,3.621933333333333,-3.2087961747586196,0.188518813500011,837.1459700695383,2.8102571579406077,60.0,5.0667,1.4447666666666663
NaCa2V3Zn2O12,3.0491,-2.554058480818965,0.0,999.5808322645316,3.845966411223123,80.0,4.1459,1.0968
NaCa3ScZn3(SiO3)8,4.3168500000000005,-3.103582645096982,0.0294556293125005,695.8208149753045,3.555007923773794,60.0,6.96445,2.6476
NaCa4TaTi4(SiO5)5,2.8068,-3.40915579367615,0.000141914479169,964.19330985287,3.775522846627666,80.0,5.1942,2.3874
NaCa4TaTi4O15,2.311499999999998,-3.4508551941818397,0.006612990800002,1162.7546783717714,4.54543102629768,100.0,5.151,2.8395
NaCa4Ti4Nb(SiO5)5,2.9213999999999998,-3.378635120617816,0.003391396166668,965.8350790248488,3.466369406287423,80.0,5.1643,2.2429
NaCa5ScZn5(SiO3)12,4.1363,-3.075535121272989,0.036971065833327,690.8790674003858,3.625428056992334,60.0,6.8925,2.756199999999999
NaCa8SmTi10(SiO5)10,2.9163,-3.456979112246409,0.001887458906246,948.5929780623492,3.59465565557701,80.0,5.3445,2.4282
NaCa9ScZn9(SiO3)20,4.3544,-3.057379607663794,0.038700909599997,1146.7515784254133,3.67657060324841,100.0,7.1395,2.7851
NaCa9TaTi9(SiO5)10,2.9149000000000003,-3.442608122858908,0.000141556427085,955.1071338477044,3.609776769709418,80.0,5.305,2.3901
NaCa9TaTi9O30,2.440699999999999,-3.504956888674252,0.001820782400001,1153.630320867358,4.247461644579536,100.0,5.2738,2.8331
NaCa9Ti9Nb(SiO5)10,2.841599999999999,-3.427623457517241,0.001490626083338,929.323505772238,3.552613458724107,80.0,5.2673,2.4257
NaCaDyWO6,2.861099999999999,-2.839973089304597,0.129472363562503,142.77264958658847,5.878180239297,10.0,4.6187000000000005,1.7576
NaCaGdWO6,2.8136,-2.791639597137931,0.156206337250004,146.4760693620127,5.67004249246805,10.0,4.4196,1.605999999999999
NaCaInWO6,2.3994,-2.331381478804597,0.121534065999999,133.26879702186864,5.703252079431737,10.0,5.3413,2.9419
NaCaLaWO6,2.3322,-2.771698829637931,0.190720481562503,142.6380844858274,5.609047061820216,10.0,5.4981,3.1659
NaCaScZn(SiO3)4,4.6454,-3.1752377156939655,0.01939682062499,349.72515618086493,3.403915996197669,30.0,7.17275,2.52735
NaCaSmWO6,2.8373,-2.766406959637931,0.180409554343751,149.2624738117539,5.487544205360313,10.0,4.4512,1.6139
NaCaSn3P3(SO8)3,2.005,-2.297814434080225,0.03467732666665,1570.089058592184,3.148392763484903,105.0,2.9462,0.9412
NaCaSnP(SO6)2,1.053699999999999,-2.323996733297528,0.072336920493818,1636.0541599321175,2.855348545852644,108.0,1.8558,0.8021
NaCaTaTiO6,2.5592,-3.297078093704598,0.012461632999999,234.825053647014,5.485686509526295,20.0,4.8737,2.3145
NaCaTbWO6,2.856599999999999,-2.826572723804597,0.144392227447914,144.32312073631243,5.773901764915712,10.0,4.5966000000000005,1.74
NaCaTi3P3(SO8)3,2.0862,-2.698802306889749,0.025882169476188,1496.7700875392472,2.595267596928312,105.0,2.2405,0.1543
NaCaTiBiO6,0.7563999999999991,-2.397164929471265,0.171009002749997,131.68410899104407,5.244652633730643,10.0,3.8162,3.0598
NaCaTiFe3O8,1.9018,-2.354717354979473,0.038667665178571,305.5245774031921,4.418308775225603,28.0,5.112,3.2102
NaCaTiMnSi2O8F,2.4152,-3.182861771676244,0.0,727.0105080580803,3.371621411082864,60.0,5.1624,2.7472000000000003
NaCaTiP(SO6)2,1.649299999999999,-2.561515118853084,0.083779519814818,1571.5760852394733,2.523377321132497,108.0,2.0214,0.3721
NaCaYWO6,2.8551,-2.8248962561379303,0.135014242250006,143.28549308236495,5.004256822786406,10.0,4.6474,1.7923
NaCdAsS3,1.975299999999999,-0.835361653979884,0.013671981666668,562.2278667782199,3.621194155299142,24.0,3.8869,1.9116
NaCdSbS3,1.5243,-0.8770219093965501,0.027620551249996,576.5332400474472,4.070960829593431,24.0,4.4671,2.9428
NaCeMnWO6,0.139899999999999,-2.470723776931033,0.196973872749998,131.1489086350998,6.30389955130632,10.0,5.0155,4.8756
NaCeTiNbO6F,0.1171999999999995,-3.354797818496604,0.029404326931818,428.5210061637272,4.867751199509113,33.0,5.41245,5.29525
NaCr(WO4)2,2.2669,-2.245235919698275,0.006535571562501,294.5755153946888,6.433698320496967,24.0,4.0983,1.8314
NaCu2H3(SO5)2,0.5383999999999995,-1.572345321951628,0.0001211297222115,187.44315670316294,3.3419338378910126,18.0,2.53185,1.9934500000000002
NaCuCSO7,0.4258,-1.677979343079937,0.029455655833334,319.78322788562537,2.519574595229702,22.0,-0.0789,-0.5047
NaCuH28CS6(N2O7)2,3.3458,-0.9757985890250792,0.118870783383053,1155.6068049276894,1.721964817743143,110.0,3.7018,0.356
NaCuPH8C2SO8,0.8129000000000001,-1.2742292455010071,0.191534800719699,907.2518559052296,2.267038164796222,88.0,1.1548,0.3419
NaCuSO4F,0.4494,-1.892037640484913,0.0,202.15049686693777,3.3119811387242,16.0,1.7251,1.2757
NaDy(WO4)2,4.061199999999999,-2.599648561920497,0.029449839791698,158.34478937857773,7.143279211951473,12.0,5.186,1.1248
NaDy3Ti2(SbO7)2,2.5294999999999996,-3.1445739886611794,0.002522499431819,411.4268617670717,6.506352254142508,33.0,5.7014499999999995,3.17195
NaDySnWO6,2.561099999999999,-2.439539054804598,0.153645652951092,139.98723822361703,6.927880624715651,10.0,5.0527,2.4916
NaDyTi2O6,2.3542,-3.439443815971264,0.010748494562593,225.57910428494245,5.553606835921078,20.0,5.0213,2.6671
NaErTi2O6,0.0001,-3.444843737804598,0.01149530637501,223.41141606790396,5.678235645971351,20.0,5.0303,5.0302
NaEuBiWO6,0.629699999999999,-2.201507767637931,0.172286990799999,153.88295124285068,7.16269705413497,10.0,5.2833,4.6536
NaEuDyWO6,0.317599999999999,-2.878617618804598,0.087067661125004,144.47490070235546,7.094896321329366,10.0,4.4649,4.1473
NaEuSbWO6,0.5583,-2.191172520637931,0.191650147477274,147.88665686752853,6.473769170411857,10.0,5.6202000000000005,5.0619
NaEuYWO6,0.299599999999999,-2.863498008637931,0.089356327979169,144.7087037482211,6.238936960835329,10.0,4.5036000000000005,4.204
NaFe(WO4)2,1.9174,-2.106803241364943,0.002818227500005,296.74934312073367,6.429643537593062,24.0,3.0385,1.1211
NaGa(WO4)2,3.4971,-2.212550154906608,0.014134921458326,293.4049657823902,6.660018222265013,24.0,4.6516,1.1545
NaGa2Sn2P3(SO8)3,2.066,-2.212909369508797,0.032933185571416,1450.0354351925328,3.342609754620489,105.0,3.4073,1.3413
NaGaSiSn(SO6)2,2.4245,-2.166437300215518,0.088903938148145,1484.1694547184788,3.327172987735214,108.0,3.7461,1.3216
NaGaSnP2SO12,2.9705,-2.341583002536947,0.035597997175917,1452.8468563607855,3.411228560392748,108.0,4.2618,1.2913
NaGd3Ti2(SbO7)2,2.1092500000000003,-3.1209801845702714,0.001899909204545,419.6959747505754,6.276714026947012,33.0,5.48085,3.3715999999999995
NaGdTi2O6,2.318,-3.417433623804598,0.010025546250009,228.3041159117495,5.410949296577856,20.0,4.9326,2.6146000000000003
NaGdTiNbO6F,2.418299999999999,-3.366537321337513,0.047520935681815,563.2197737658279,5.141923434970449,44.0,4.2345,1.8162
NaGdTiO4,1.14175,-3.346848739423235,0.0204351912499835,272.63674845971667,5.344490309036109,21.0,3.62175,2.48
NaHf2Sn2P5SO24,2.0104,-2.766405290250294,0.018735332761888,1539.5795188417735,3.845011818963962,105.0,2.9601,0.9497
NaHf2Ti2P5SO24,2.0477,-3.027180967488388,0.010441896285692,1502.3243572005688,3.470539505414225,105.0,2.4251,0.3774
NaHf2Zn2PS5O24,3.9809,-2.363568159624443,0.013530424184522,1527.6420809908752,3.541664423055526,105.0,4.3079,0.327
NaHf3ZnP3(SO8)3,4.4543,-2.756863064889749,0.013232037565477,1555.9191085029288,3.832364787740185,105.0,4.4966,0.0423
NaHfCuWO6,0.8338999999999991,-2.347311471137931,0.180073091000004,128.05520697510417,7.065428570801982,10.0,3.82,2.9861
NaHfTi(PO4)3,2.4515,-3.128781798257846,0.006287693888888,1494.9710926675357,3.560581310095726,108.0,3.1101,0.6586000000000001
NaHfZnP(SO6)2,4.207999999999999,-2.462888411075305,0.037039382858798,1535.9459383278356,3.593541655178104,108.0,4.6854,0.4774
NaHoTi2O6,2.3878,-3.441307371304597,0.011004992000041,224.6923457680477,5.611445881240995,20.0,5.0125,2.6247
NaIn(WO4)2,3.4845,-2.180769027337163,0.0,313.7654835455085,6.705155752816494,24.0,5.136,1.6515
NaIn2Sn2P3(SO8)3,1.6465,-2.192092475842131,0.043941040333316,1560.0305156897057,3.394930158227313,105.0,3.087,1.4405
NaInSiSn(SO6)2,1.469799999999999,-2.138519202854407,0.096311733518517,1588.4154561837788,3.391669700290093,108.0,3.0885,1.6187
NaInSnP2SO12,2.2761,-2.317781180916575,0.027773114351846,1551.9860803245963,3.482817799766725,108.0,3.6774,1.4013
NaInSnWO6,2.7817,-1.9142296533045984,0.146479715494016,135.97510442732164,6.550000865042708,10.0,6.4568,3.6751
NaLa(WO4)2,4.264,-2.617553508031611,0.008414808645861,165.91275902323437,6.581298568561871,12.0,5.8124,1.5484
NaLa2Sn2P3(SO8)3,1.6198,-2.511970096032607,0.078924769380956,1720.873790844201,3.217077152681465,105.0,2.6842,1.0644
NaLa2TaTi2O10,2.3842,-3.511223246586206,0.047468356250002,225.7395217216348,5.424874996911083,16.0,5.271,2.8868
NaLa2Ti2MnO9,0.18066666666666667,-3.281904890065135,0.06965796678770601,361.5333894489774,5.470016566797987,30.0,6.204666666666667,6.024
NaLa2Ti2P3(SO8)3,1.955299999999999,-2.780688700604035,0.062688405571425,1662.087834232275,2.906199203866696,105.0,2.5172,0.5619000000000001
NaLa3Zn(SO4)6,4.235,-2.453804436896552,0.027167929404741,1870.6229559028975,2.880095665716836,105.0,4.2329,-0.0021
NaLa5Mg4(WO6)4,3.3623,-3.03323918727314,0.016947698552636,502.2122687910693,6.394945151641649,38.0,7.0493,3.687
NaLaEuWO6,0.6625000000000001,-2.77306310913793,0.188866068749993,158.04491750600988,6.237814023073617,10.0,5.3452,4.6827000000000005
NaLaFeWO6,2.2965,-2.569487316137931,0.0,256.6010191065818,6.439923356725148,20.0,6.6155,4.319
NaLaHfTiO6,2.359299999999999,-3.495079097971265,0.092964898599978,128.49464989918638,6.257955363147169,10.0,6.3099,3.9506
NaLaMgWO6,3.3872666666666666,-2.8824929683045983,0.009923541833332666,250.70622473319904,6.173598712528758,20.0,7.097266666666667,3.7099999999999995
NaLaMnWO6,1.5254999999999996,-2.617101703681033,0.06556967025,196.76313171243515,6.272610576951003,15.0,6.2976,4.7721
NaLaNiWO6,3.3392,-2.491925077137931,0.013306377500001,742.7173774405493,6.7129868200434935,60.0,7.2596,3.9204
NaLaSiSn(SO6)2,0.750799999999999,-2.421251839613666,0.16988084277778,1766.9862754163214,3.184727443674372,108.0,2.0275,1.2767
NaLaSnP2SO12,1.678,-2.599356213231391,0.102125104259264,1710.2495199491843,3.300848086433471,108.0,2.6867,1.0087
NaLaTi2O6,2.0801,-3.436417339804598,0.009634507475002,235.9772101218992,4.9768296580208204,20.0,6.2392,4.1591000000000005
NaLaTi8(CuO4)6,0.0646,-2.6770933908261503,0.048644643656218,419.3557002654219,5.187625538702456,40.0,4.9218,4.8572
NaLaTiO4,2.421499999999999,-3.372114857101807,0.009045200297617,189.58001197639663,4.795747223047702,14.0,6.204,3.7825
NaLaTiP2SO12,1.9884,-2.817020077953614,0.129930084722221,1709.710330767301,2.889055737564847,108.0,2.4982,0.5098
NaLaTiSi(SO6)2,1.471099999999999,-2.658711920724777,0.165849669490734,1745.154664888937,2.820119252671893,108.0,2.1616,0.6905
NaLaVWO6,0.4148,-2.629427775637931,0.108316568791662,127.25953388531774,6.4286185078766,10.0,6.8463,6.4315
NaLaZn(SO4)3,3.6309,-2.264612986974777,0.050831793101884,1749.9186110301816,2.934975367483457,108.0,3.628,-0.0029
NaLaZrTiO6,2.2686,-3.404611897971264,0.113828297234377,131.24069183061604,5.022871885933134,10.0,6.0419,3.7733
NaLi2La3Ti6O18,1.9547999999999992,-3.4369442967682,0.048756648124973,360.8387557177468,4.734326130819544,30.0,5.8004,3.8456
NaLi3Ti2Al2(PO4)6,2.5346,-2.958606519365871,0.039131581491219,448.2076230891249,2.828047840799492,38.0,4.1783,1.6437
NaLi3Ti2Cr2(PO4)6,2.8178,-2.815534561471134,0.01902395934211,461.3612997937311,2.927484195549238,38.0,3.7994,0.9816
NaLi3Ti2Fe2(PO4)6,2.3415999999999997,-2.732565688225521,0.0202504412719375,936.7190913142679,2.9140887320334725,76.0,3.3156499999999998,0.97405
NaLi5Ti3Cr3(PO4)9,2.191,-2.809960601663713,0.026707260789469,1387.2803750917744,2.901528922822128,114.0,3.4693,1.2783
NaLiCeWO6,1.8641,-2.594952043471264,0.181752003750012,145.17299132258492,5.145919851821919,10.0,3.5091,1.645
NaLiLa2Ti4O12,2.03055,-3.4422743694022984,0.034278311249975005,240.61992129529676,4.7701051061085025,20.0,6.0556,4.02505
NaLiTi3O7,2.656733333333333,-3.2051819052538306,0.0007404557639380001,634.848934278352,3.4850891577340253,56.0,4.3726666666666665,1.7159333333333333
NaLiTiAl(PO4)3,2.574899999999999,-2.957641276156555,0.026538070878943,457.0561059127692,2.831604681186265,38.0,4.1644,1.5895
NaLiZnP2O7,4.237900000000001,-2.58565019241653,0.001877349444438,307.0315749136052,2.912762939721465,24.0,4.6096,0.3717
NaLiZnS2,1.8297999999999992,-1.267659303942527,0.0,93.7076125766424,2.825872675120677,5.0,3.3526,1.5228000000000002
NaLiZrWO6,2.2652,-2.644630696471264,0.098005818250012,131.34026724136635,5.069743772695301,10.0,3.5839,1.3187
NaLuTi2O6,1.8433,-3.448370448971264,0.015085105125011,220.60781990413025,5.866435456580045,20.0,4.4446,2.6013
NaLuTiO4,2.1995,-3.397059059839901,0.029182762566975,349.8998567775716,5.881345503767836,28.0,4.2148,2.0153
NaMg14TiO16,0.2949499999999995,-2.9615963115535195,0.04579038796396,308.4436605336289,3.592643813279344,32.0,7.4205000000000005,7.1255500000000005
NaMg14WO16,4.384099999999999,-2.8228157694181037,0.0779615024218735,320.604576528917,4.159539186230241,32.0,9.18385,4.79975
NaMg2Sn2PS5O24,1.477199999999999,-2.175291667529205,0.015254218539676,1482.0672175772345,2.972378457597908,105.0,2.8558,1.3786
NaMg2Ti2PS5O24,1.7855999999999992,-2.443532864862539,0.010552380714282,1443.225333628254,2.563313690154973,105.0,2.2994,0.5138
NaMg30TiO32,0.5575999999999991,-3.005080560854885,0.017767373903855,623.530563656561,3.493985284228961,64.0,7.8254,7.2678
NaMg30WO32,3.0165999999999995,-2.9358910940059273,0.033652126914062996,628.2693485055589,3.8270136052283634,64.0,8.024000000000001,5.0074000000000005
NaMg6TiO8,0.36514999999999953,-2.87932170529454,0.09714252374042151,159.37888055844536,3.591336810340387,16.0,7.1533999999999995,6.78825
NaMg6WO8,4.4437999999999995,-2.605648570398706,0.15759680328125,165.66776265599043,4.817972461370212,16.0,9.1004,4.6566
NaMgSn3P3(SO8)3,2.373,-2.273738399270702,0.023742455523793,1501.8829837972226,3.23905526228588,105.0,3.5888,1.2158
NaMgSnP(SO6)2,1.953199999999999,-2.290995250982713,0.027689187129623,1492.2527555421889,3.025194460889586,108.0,3.2731,1.3199
NaMgTi3O7F,2.5349,-3.218012955490716,0.148412620432685,361.1253827192604,2.960250926838719,26.0,3.0414,0.5065000000000001
NaMgTi3P3(SO8)3,2.194,-2.676112893604035,0.00965580223809,1434.3996878807418,2.653335672271946,105.0,2.6079,0.4139
NaMgTiP(SO6)2,1.826999999999999,-2.539440503760491,0.02730592925926,1441.2028498650857,2.642604652148109,108.0,2.7036,0.8766
NaMn3CuH24(SO6)4,4.2021,-1.465584696231095,0.051575265843781,1111.3207385112803,2.354225005487415,114.0,4.869,0.6669
NaNb(CuS2)2,1.6557,-0.988918746734912,0.0081263690624995,389.5351044787758,3.166463428151384,16.0,3.61455,1.95885
NaNb2Zn2P3(SO8)3,1.3854,-2.355414388318321,0.037511427579357,1509.8798162921782,3.011387816129323,105.0,1.9199,0.5345
NaNb3Zn(PO4)6,1.251599999999999,-2.772782337025804,0.009032414988091,1523.2738662915722,3.064128399414319,105.0,2.1327,0.8811
NaNb3ZnSi3(SO8)3,1.073599999999999,-2.540416372872742,0.054426015679704,1568.4768169897502,2.958698787589044,105.0,1.9203,0.8467
NaNbSi2SnSO12,2.6549,-2.581775769845148,0.078885641329365,1566.6066374204893,3.274224144248943,108.0,3.5971,0.9422
NaNbSi3Sn3(SO8)3,1.6004,-2.335830718444171,0.064276250098216,1569.1198029102538,3.2905474393972423,105.0,3.0767,1.4763
NaNbWO6,2.9255,-2.535004902931034,0.01916801402778,289.65709242659494,4.537291681688614,18.0,2.5666,-0.3589
NaNbZn3(SO4)6,0.7598,-1.97946280903941,0.006641112303571,1498.74075997165,2.953253003873571,105.0,1.5986,0.8388
NaNbZnP2SO12,1.950199999999999,-2.456638984064725,0.054546996284721,1510.350313146243,3.082678066241333,108.0,2.4637,0.5135000000000001
NaNbZnSi(SO6)2,1.1353,-2.283179370076629,0.103636298968586,1546.2083965663105,2.999608346224654,108.0,2.0931,0.9578
NaNd(WO4)2,4.1887,-2.591754704906609,0.013579535729167,167.8164393286374,6.5594462879477895,12.0,5.0183,0.8296
NaNd3Ti2(SbO7)2,2.245799999999999,-3.094159498433908,0.0021915472727375,430.5268278403264,5.898561012018109,33.0,5.5419,3.2961
NaNd3Ti3MnO12,1.056199999999999,-3.400792283590517,0.026600460062509,245.30503762606796,5.728489056433703,20.0,5.3183,4.2621
NaNdCoWO6,2.4461,-2.48992279138793,0.0,247.37793941379917,6.793128240383168,20.0,5.1495,2.7034
NaNdEuWO6,0.4619,-2.770024659387931,0.162497328249994,154.20851752489327,6.450462887557499,10.0,4.3091,3.8472
NaNdFeWO6,2.4171,-2.548066084387931,0.0,252.4508640849,6.615996088777179,20.0,5.5548,3.1377
NaNdHfTiO6,2.2438,-3.429838310221265,0.125430120468749,127.27080031845976,6.387759784515928,10.0,5.0415,2.7977
NaNdMgWO6,0.000199999999999,-2.86962836088793,0.0,246.22414472969143,6.357894457473221,20.0,6.0253,6.0251
NaNdMnWO6,1.6631,-2.567954386931033,0.0892220652499995,193.77757080058853,6.438390415642074,15.0,5.2899,3.6268000000000002
NaNdTi2O6,2.14,-3.4056719695545983,0.011209146600011,233.18191909436595,5.112495066821193,20.0,4.9828,2.8428
NaNdTiNbO6F,2.8508999999999993,-3.3665116742920587,0.041195241136364996,427.136892992339,4.936778401286068,33.0,4.7803,1.9294
NaNdTiO4,2.4465,-3.335226827458949,0.005789102976187,185.10463478475623,5.007442683156697,14.0,4.6211,2.1746
NaP2W7O25,0.9610999999999992,-2.29957594159043,0.003565684444925,498.5299487925825,5.9016452941466415,35.0,2.6268,1.6657000000000002
NaP4(W3O11)4,0.2105,-2.312223147048371,0.006163222748272,882.2813188230839,5.753454774328834,61.0,1.8802,1.6697000000000002
NaPWO6,3.723499999999999,-2.429373616641351,0.014103505092581,961.5726095950588,4.611510941870603,72.0,4.2052,0.4817
NaPr2Ti2MnO9,0.7915000000000001,-3.23626329312069,0.02783265216667,720.7050953123145,5.524846194973774,60.0,4.6904,3.8989
NaPrEuWO6,0.31726666666666603,-2.789520078221264,0.117913251833327,341.2493374342834,6.747363961052284,23.333333333333332,4.818733333333333,4.5014666666666665
NaPrHfTiO6,2.2549,-3.438231605637931,0.095040955583332,127.72996451652628,6.321449196646621,10.0,5.0921,2.8372
NaPrMnWO6,1.1303,-2.4898946800977,0.123737819999998,131.1009188055315,6.316234238445739,10.0,5.2863,4.156
NaPrTi2O6,2.118999999999999,-3.397803543971264,0.00998465097501,234.43091176193107,5.038020648777774,20.0,5.0234,2.9044
NaPrTiNbO6F,2.86545,-3.360558816489028,0.0392366793181555,429.9549303130561,4.865201036152104,33.0,4.80435,1.9388999999999998
NaPrTiO4,2.470799999999999,-3.322996665197045,0.001759404761902,187.01347653046597,4.897118802284226,14.0,4.6666,2.1958
NaPrZrTiO6,2.7003,-3.34591554463793,0.130702044328124,126.59942412814192,5.233277196618039,10.0,6.0514,3.3511
NaSb(PS3)2,2.1134499999999994,-0.7211343634415011,0.0042120862018215,723.1190855698973,2.73777013899614,30.0,4.7905,2.6770500000000004
NaSbCSO7,4.0218,-1.8887534026253912,0.03594830704545,357.9704884178028,2.790875146783725,22.0,3.8606,-0.1612
NaSbS2,0.4850333333333327,-0.7721941380729177,0.02332176583333233,188.5574863518226,3.6831623825719535,8.0,4.6276,4.142566666666666
NaSbWO6,2.7990999999999997,-2.102163375153256,0.01423718736111,281.0814183480045,5.016638420079228,18.0,3.5416,0.7425
NaSc(WO4)2,3.501899999999999,-2.5996205834482757,0.0,308.59965936870844,6.065557518965043,24.0,4.552,1.0501
NaSc2Sn2P3(SO8)3,2.2335,-2.512329474699273,0.041297060666664,1530.8291662996137,3.005000419609243,105.0,3.2843,1.0508
NaSc2Ti2P3(SO8)3,2.0443,-2.781197893746892,0.024910882380933,1489.1444639281556,2.6151370581178397,105.0,2.4873,0.443
NaSc3Zn(SO4)6,3.9473,-2.413626605753695,0.009197365232152,1538.0115340759116,2.590039656458464,105.0,3.9241,-0.0232
NaScSiSn(SO6)2,1.77,-2.44417974831737,0.099422178935189,1572.1718647232583,2.98397924621765,108.0,3.0144,1.2444
NaScSnP2SO12,2.4616,-2.6286934137869453,0.020290550879629,1536.7327567551322,3.064444592890003,108.0,3.5024,1.0408
NaScTiO4,2.497499999999999,-3.347554984601806,0.01963044291071,318.6717196567615,3.747831743128943,28.0,4.9799,2.4824
NaScTiP2SO12,2.1132,-2.86888155786102,0.025571251990749,1493.47220019798,2.680603610869786,108.0,2.7364,0.6232
NaScTiSi(SO6)2,1.9652999999999992,-2.709835408780332,0.067195426296297,1525.8070293320045,2.6120621576868013,108.0,2.5559000000000003,0.5906
NaScZn(SO4)3,4.271000000000001,-2.26806407706737,0.006780576099544,1516.9664324695048,2.768635126318832,108.0,4.3653,0.0943
NaSm3Ti2(SbO7)2,2.3515,-3.1165816676384535,0.0019220815909235,423.973673006309,6.093876156972501,33.0,5.54265,3.19115
NaSmEuWO6,0.422299999999999,-2.809645793137932,0.136039425749999,150.8739937833338,6.660362545264882,10.0,4.3323,3.91
NaSmMnWO6,0.9514,-2.454467606431033,0.197416782499999,129.4473953511392,6.5181698419546,10.0,5.1657,4.2143
NaSmTiO4,2.4179999999999997,-3.348860017101805,0.014476009940477,182.3613357656621,5.194188785211756,14.0,4.4064,1.9884
NaSn2Ge2P5SO24,2.5514,-2.355412780631246,0.043140165499997,1399.9327886222843,3.4752333287169392,105.0,4.0854,1.534
NaSn4P5SO24,2.0967,-2.392065865583626,0.006790184976197,1507.24211616423,3.532345093515993,105.0,3.735,1.6383
NaSr2LaTi4O12,1.2483999999999995,-3.488114705930078,0.010742363543045667,402.33795670779483,4.949184539005764,33.333333333333336,5.033,3.7845999999999997
NaSr2NdTi4O12,1.8860000000000001,-3.4693685559439658,0.016127768222231997,478.31049786649197,5.035554082413448,40.0,5.0373,3.1513
NaSr3LaTi5O15,1.8593,-3.501803329321839,0.007614784590066,604.3957922035044,4.967811611431924,50.0,5.4941,3.6348
NaSr3NdTi5O15,1.915699999999999,-3.48443669682184,0.01429282084446,601.6713651444168,5.019762685190099,50.0,5.042,3.1263
NaSr8LaTi10O30,1.8021999999999991,-3.523510380394252,0.007029822395029,605.9220597829063,4.991869634194961,50.0,5.3267,3.5245
NaSr8NdTi10O30,1.7844,-3.515687375044253,0.009508529622245,1214.379904146155,4.996040262371038,100.0,4.9912,3.2068
NaSrBiWO6,2.0972,-2.236169800137931,0.113904515874998,153.90084157198353,6.467613988854567,10.0,5.3402,3.243
NaSrDyWO6,2.8974,-2.908479982304597,0.037250452895833,144.7652686159705,6.342603613384668,10.0,4.5999,1.7025
NaSrEuWO6,0.006099999999999,-2.671546507637931,0.129389143874984,276.2071081937429,6.521868912792615,20.0,2.0558,2.0497
NaSrInWO6,3.4538,-2.392116216804596,0.046879261499998,136.27192860763955,6.156887193241057,10.0,6.2537,2.7999
NaSrLaWO6,2.9245666666666668,-2.8195008173879312,0.11920347614583533,302.17062781788576,5.908420334054011,20.0,5.759899999999999,2.8353333333333333
NaSrNdWO6,2.9426500000000004,-2.829920548012931,0.078861375354168,374.8083158364901,5.855422126908081,25.0,4.471550000000001,1.5289
NaSrPrWO6,3.0157333333333334,-2.7784566733879306,0.10723982815625101,299.0652439960349,5.986283740815858,20.0,4.884566666666667,1.8688333333333336
NaSrSbWO6,1.115,-2.2242444991379298,0.171463570562501,147.56843856356036,5.763687428844283,10.0,5.6994,4.5844000000000005
NaSrSmWO6,2.873599999999999,-2.841569939637931,0.081531556677085,151.2228798059907,5.938451725690238,10.0,4.4478,1.5742
NaSrTiBiO6,0.6261000000000001,-2.450685473471265,0.115276026,134.1149134570335,5.738234007742929,10.0,3.5631,2.9370000000000003
NaSrYWO6,2.8804,-2.893746595137931,0.042529193708331,145.23410821488304,5.480687453186475,10.0,4.619,1.7386
NaTa2Ti2SiP5O24,2.558,-3.059915479502676,0.016921475285725,1477.6484886773164,3.5316519189224422,105.0,2.9535,0.3955
NaTa2Zn2P3(SO8)3,2.0073,-2.41999470111832,0.043843383658717,1493.723295826388,3.631202511970898,105.0,2.7993,0.792
NaTa3O8,2.68,-3.205221514448276,0.026664912083328,272.5005669709112,8.45597881898847,24.0,5.2446,2.5646
NaTa3Zn(PO4)6,1.8746,-2.878397028987708,0.010230615511904,1503.3718658181988,3.979902778493117,105.0,3.0688,1.1942
NaTa3ZnSi3(SO8)3,1.610599999999999,-2.638265824739409,0.052144992660714,1548.7635024294589,3.845918114375869,105.0,2.7369,1.1263
NaTaO3,2.611166666666666,-3.0258540769925286,0.03713821925,253.8284763458307,6.60161723461566,19.166666666666668,4.0571,1.4459333333333333
NaTaSi2SnSO12,3.309699999999999,-2.647102583678481,0.074295077407405,1549.2473466073122,3.877108062394954,108.0,4.3995,1.0898
NaTaSi3Sn3(SO8)3,1.4913999999999992,-2.366105873129885,0.067930128217263,1557.1568506663368,3.597487432221677,105.0,3.1965,1.7051
NaTaTi3(PO4)6,2.3579,-3.022760592092471,0.006232616095221,1444.0161638298807,3.164763975559409,105.0,2.9604,0.6025
NaTaTi3Si3(SO8)3,1.6471,-2.778592918320361,0.041011538803569,1499.8436601383492,3.029058427326133,105.0,2.3121,0.665
NaTaTiSi(PO6)2,2.7369,-3.075079170999909,0.012153612499997,1496.0819156479215,3.555071469889826,108.0,3.431,0.6941
NaTaTiSi2SO12,3.2534,-2.9140565796969997,0.043589407997682,1526.686775590146,3.472076950136222,108.0,3.844999999999999,0.5916
NaTaWO6,3.2929,-2.671873227079182,0.003504984861105,287.18825994590105,5.59441885533928,18.0,3.0533,-0.2396
NaTaZn3(SO4)6,1.3551,-2.010032948201314,0.007399426351194,1497.5556972148538,3.248459947872164,105.0,2.3298,0.9747
NaTaZnP2SO12,2.7079999999999997,-2.521325086601761,0.059091472210655,1501.326078569252,3.685476435167251,108.0,3.3225,0.6145
NaTaZnSi(SO6)2,1.7472999999999992,-2.341456093632185,0.10682447850695,1536.1012515746406,3.590386836207418,108.0,2.9210000000000003,1.1737
NaTbEuWO6,0.299999999999999,-2.866097438304598,0.102554475000005,145.28860577846586,7.014305010931507,10.0,4.4698,4.1698
NaTbMnWO6,2.2708,-2.6879429475977,0.0,249.1313393459376,6.887798291808624,20.0,5.3585,3.0877
NaTbTi2O6,2.307,-3.437854374471263,0.010125840625009,226.69429387133283,5.473917946753792,20.0,4.9768,2.6698
NaTi(SiO3)2,0.144199999999999,-3.101656860971265,0.013464327738095,224.34356711125096,3.301546379547414,20.0,6.1673,6.0231
NaTi2(AsO4)3,2.378,-2.355089988641444,0.0,530.5743938905508,3.351792862093251,36.0,2.5377,0.1597
NaTi2(PO4)3,2.5443333333333333,-2.997116262470808,0.023004400694444333,630.66018023755,2.8275983547597456,48.0,3.2899,0.7455666666666666
NaTi2Al2P3(SO8)3,1.8803,-2.674128369461177,0.016722652285706,1364.0626807333042,2.723653413890146,105.0,3.1674,1.2871
NaTi2Al5O12,2.719,-3.363461813402314,0.0,405.4487534145941,3.650160422538417,40.0,6.3703,3.6513
NaTi2BiO6,2.6425333333333327,-2.825343216804598,0.019427803250009333,134.41010594851636,5.293259613757633,10.0,5.303433333333333,2.6609
NaTi2Ga2P3(SO8)3,1.8737,-2.484552953508798,0.024072065238089,1402.0088185269635,2.953674128811781,105.0,2.7323,0.8586
NaTi2Ga5O12,2.447199999999999,-2.6302114412772992,0.001391008125005,456.5883555302688,4.7957676334544335,40.0,4.4091000000000005,1.9619
NaTi2Ge2P5SO24,2.1424,-2.623957035678865,0.022932955642865,1364.8227536938657,3.047478259837016,105.0,3.1714,1.029
NaTi2In2P3(SO8)3,2.0322,-2.467538226508797,0.020977530428573,1508.0482379569796,3.043914057495803,105.0,2.8724,0.8402000000000001
NaTi2Nb2SiP5O24,2.5046,-2.985895128036008,0.019733231761934,1481.8341053198646,2.929722027284959,105.0,2.876,0.3714
NaTi2Sn2P5SO24,1.9641,-2.656460747678865,0.008509157666656,1469.0601033619278,3.143692942605717,105.0,3.0755,1.1114
NaTi2Zn2PS5O24,1.7855,-2.243620452386348,0.012228324418648,1448.907655340832,2.835907469522184,105.0,2.1251,0.3396
NaTi3AlO8,2.5385,-3.3258188501061,0.012988240346183,143.67677958061134,3.716504580229339,13.0,5.1532,2.6147
NaTi3FeO8,2.0839,-2.991848263952254,0.013920424230763,149.4035248760614,3.8948499717035903,13.0,4.5286,2.4447
NaTi3Nb(PO4)6,2.3867000000000003,-2.986257816740091,0.006831186380965,1453.3891215158346,2.84258442804995,105.0,2.8814,0.4947
NaTi3NbSi3(SO8)3,1.747799999999999,-2.744640647920362,0.04372802353486,1505.751511442551,2.72589799613437,105.0,2.3133,0.5655
NaTi3ZnP3(SO8)3,2.19,-2.578411701556416,0.011427324398812,1437.199716246907,2.790640860968044,105.0,2.4987,0.3087
NaTi4P5SO24,2.0155,-2.913380679012199,0.004071467095236,1425.1186021895203,2.745349375568221,105.0,2.7579,0.7424000000000001
NaTi8(Bi3O10)3,1.8506,-2.541537538084292,0.071982532682287,615.7379495922028,7.461397382636376,48.0,6.4975,4.6469000000000005
NaTi8Cu6BiO24,0.0479,-2.518330920451149,0.05582349046875,416.5001823057223,5.502572619930707,40.0,4.8624,4.8145
NaTiAlP2SO12,2.3985,-2.7789042464721323,0.020909768009256,1375.302774859784,2.780714288607551,108.0,3.7575,1.359
NaTiAlSi(SO6)2,2.169899999999999,-2.610722885076629,0.056541545694443,1406.979021255661,2.705384976162232,108.0,3.5199,1.35
NaTiAsO5,2.9036,-2.523824578089081,0.0,403.6675262363508,3.715025822968669,32.0,3.8961,0.9925
NaTiCuS3,0.155999999999999,-1.297852007868777,0.0,438.81768268601184,3.490439147451061,24.0,4.5122,4.3562
NaTiFeO4,2.0549,-2.521052375316092,0.03840402085714,304.70065444244017,4.157420720189232,28.0,4.886100000000001,2.8312
NaTiGaP2SO12,2.2677,-2.595678145036946,0.026971699861107,1407.730196776093,3.019163249788469,108.0,3.1876,0.9199
NaTiGaSi(SO6)2,2.1205,-2.436928047067371,0.051842099120368,1444.219263393928,2.930485149771723,108.0,2.9848,0.8643000000000001
NaTiGe(PO4)3,2.569899999999999,-2.739685529183772,0.009104784212961,1368.932111682651,3.118020049395446,108.0,3.7748,1.2049
NaTiInP2SO12,2.0907,-2.55625940286102,0.034763737592588,1505.1327148238413,3.122289007932334,108.0,3.0871,0.9964
NaTiInSi(SO6)2,1.6137,-2.394268863780332,0.073990980416667,1569.1764726178606,2.983447203888977,108.0,2.6553,1.0416
NaTiNbSi(PO6)2,2.5741,-3.00470553411102,0.018629528287048,1507.1660504132187,2.946921497022797,108.0,3.1702,0.5961000000000001
NaTiNbSi2SO12,2.7588,-2.846086555585888,0.050823182197422,1537.5832173783124,2.876979803248956,108.0,3.2276,0.4688
NaTiO2,0.088099999999999,-2.7088778324281613,0.082051573711685,408.1423981242245,3.347766696952439,32.0,5.2234,5.1353
NaTiP2O7,0.092199999999999,-2.8387627909316677,0.0601782696277085,556.9803465209536,2.9197527672990007,44.0,4.791650000000001,4.699450000000001
NaTiPCO7,2.6906,-2.639933244941409,0.024135468497474,321.6658163026611,2.331682100609357,22.0,2.0326,-0.658
NaTiPO5,2.9847249999999996,-2.9925328976147494,0.0061437053796852496,622.7789658680537,2.9849774601796337,48.0,4.0219249999999995,1.0372
NaTiSn(PO4)3,2.48195,-2.7693364272393266,0.0053153907407265,979.0524994323075,3.222802672016339,72.0,3.76885,1.2869000000000002
NaTiZnP(SO6)2,1.7425000000000002,-2.344928320334565,0.038166831423605,1457.34053285253,2.894353136701356,108.0,2.3957,0.6532
NaTmTi2O6,2.4036,-3.449023275304598,0.01292942412501,222.83898519100964,5.71778842306733,20.0,5.0018,2.5982000000000003
NaVZnO4,3.3769,-2.20354042513752,0.005107662916672,2498.272339860436,3.243686161237393,168.0,2.6563,-0.7206
NaVZnP2O9,0.8985999999999991,-2.450676232726072,0.044107079285709,706.6847933870832,3.245321865792761,56.0,2.0654,1.1668
NaWO4,0.7245,-1.875199534813218,0.166076188749995,350.79181835342393,5.128049212833702,24.0,0.4576,-0.2669
NaY2Sn2P3(SO8)3,1.7546,-2.5229008411754643,0.063234503404759,1640.5239030750515,3.07098592820187,105.0,2.4598,0.7052
NaY2Ti2P3(SO8)3,2.1228,-2.79489893584213,0.0437186495,1578.5043880293372,2.744496904477984,105.0,2.265,0.1422
NaY3Zn(SO4)6,4.670599999999999,-2.455432480563219,0.016154704244056,1713.847257407135,2.7075552657943893,105.0,4.1861,-0.4845
NaYMnWO6,2.7563999999999997,-2.673562475431033,0.0,248.71769205939404,5.964296994526238,20.0,5.6796,2.9232
NaYSiSn(SO6)2,1.1598,-2.447784405261814,0.127423308726851,1670.8486087932488,3.069824353307453,108.0,2.1848,1.025
NaYSnP2SO12,1.7948,-2.627614001472131,0.055729379918979,1641.779307220578,3.135083929161478,108.0,2.4566,0.6618
NaYSnWO6,2.544699999999999,-2.425240351637931,0.155983572701093,145.36488158879646,5.830905683577133,10.0,5.0633,2.5186
NaYTi2(SiO5)2,2.9705,-3.386013704877873,0.015140777291666,188.3846278707013,3.735588882614776,16.0,5.2187,2.2482
NaYTi2O6,2.3484,-3.423329342804597,0.012350734125011,226.21414400232172,4.457571553487921,20.0,5.0654,2.717
NaYTiNbO6F,2.8120999999999996,-3.36337970054206,0.0585000851136345,417.3208560119024,4.39473437241442,33.0,4.8085,1.9964
NaYTiO4,2.3722,-3.360695499244663,0.020616200468735,359.8079230238856,4.130677085070821,28.0,4.3564,1.9842
NaYTiP2SO12,2.0159,-2.856371071472131,0.072441155104167,1587.4895057727765,2.797681805502238,108.0,2.3028,0.2869
NaYTiSi(SO6)2,1.5904,-2.694803772113667,0.113832849699075,1641.1956730491336,2.695221787402375,108.0,1.9797,0.3893
NaYZn(SO4)3,4.1296,-2.283653276048852,0.022797163854172,1641.888142660907,2.824680904880224,108.0,3.8322,-0.2974
NaZn(H3O2)3,3.4801,-1.3652457757429,0.03225558786764,313.30530595576016,2.050772137566175,34.0,1.6042,-1.8759
NaZn(HO)3,3.2005,-1.5235385029849131,0.002442056874994,648.8948442260454,2.85425189434851,64.0,2.2185,-0.982
NaZn(PO3)3,4.835866666666667,-2.5524077328940153,0.007522723110119333,2553.588323443764,2.8014005017499124,186.66666666666666,4.783433333333334,-0.05243333333333335
NaZn2Ge2PS5O24,1.1335,-1.92524926733873,0.048789879940476,1387.9212264932864,3.138353362615209,105.0,1.9479,0.8144
NaZn2H3(SO4)2,4.3391,-1.6501129265705812,0.084193168085937,373.4850105286212,3.102969944280207,32.0,5.2588,0.9197
NaZn2HSe2O7,3.7643999999999993,-1.5671358559474462,0.001058084302886,710.2334331725984,3.97212088890231,52.0,4.2749,0.5105000000000001
NaZn2P2HO8,3.977999999999999,-2.354977655136786,0.0,377.2095524359471,3.035367706380986,28.0,3.7202,-0.2578
NaZn2Se2O7,0.007699999999999,-1.471354537380567,0.127340881927088,710.7922440390171,3.95957916608898,48.0,0.3791,0.3714
NaZn2Sn2PS5O24,1.516699999999999,-1.974750667433967,0.013764375384918,1498.4677954684678,3.213144434308344,105.0,2.534,1.0173
NaZn3H3S2O9,3.373199999999999,-1.676072638896073,0.064803287743062,422.1869607605744,3.385411090938076,36.0,4.374,1.0008
NaZn4H18SClO16,3.2835,-1.477233700399495,0.013092105960364,819.7144673118987,2.537365423539061,82.0,2.6387,-0.6448
NaZn4H6SClO16,0.2522499999999995,-1.337609098926872,0.038640893534478,773.1180133393776,2.6383374186054507,58.0,-0.6264000000000001,-0.8786499999999999
NaZnAs(H2O3)2,2.9751,-1.5600407949137929,0.07076553820513751,291.16101846809795,3.005553403769615,26.0,2.1601,-0.8150000000000001
NaZnAsO4,2.8678666666666666,-1.9236611817446636,0.007833728333333,771.3196318670398,3.896015054202229,56.0,2.657166666666667,-0.2107
NaZnBP2O9,0.1026,-2.25680877784512,0.171779346607141,1204.755618799296,2.5235822043813663,84.0,-0.63,-0.7326
NaZnFe(PO4)2,2.1881,-2.402129284153719,0.022797964358971,892.445984971969,3.730845812291452,78.0,4.0335,1.8454
NaZnFe2(PO4)3,2.5064,-2.384043948831993,0.017722892894734,974.3658177821576,3.306216921435742,76.0,3.2827,0.7763
NaZnGa(SO4)3,3.1888,-1.964399026280332,0.015254309768502,1417.9097946116085,3.136085857097266,108.0,3.6537,0.4649
NaZnGa3(SO4)6,3.441599999999999,-1.947184141777505,0.016043171547627,1389.8727489294474,3.13241001624776,105.0,3.8339,0.3923
NaZnGe3P3(SO8)3,2.3246,-2.120599636842131,0.052445546005961,1342.4646492295765,3.263353761096353,105.0,3.2103,0.8857
NaZnGeP(SO6)2,1.2208,-2.038969209964194,0.079203680092591,1396.4743669504687,3.197249769815074,108.0,2.2309,1.0101
NaZnH2C3O7,3.4034,-1.637402389562808,0.037921878928574,668.7287006160609,2.368333632783376,56.0,2.6696,-0.7338
NaZnIn(SO4)3,3.5006,-1.959046029567369,0.007027632719909,1534.4369949812358,3.190733099361299,108.0,3.9811,0.4805
NaZnIn3(SO4)6,1.2105,-1.9310376980870272,0.015396744113087,1568.5527721740382,3.205240838638178,105.0,1.6482,0.4377
NaZnMoHO5,3.3523,-1.891309105292146,0.006718026805552,467.72625558084354,3.768132236141579,36.0,3.6262,0.2739
NaZnMoO5,0.044199999999999,-1.744064950484913,0.150581144374999,466.624449779878,3.7626821466064753,32.0,0.236,0.1918
NaZnP2HO7,4.495,-2.372426702659584,0.017775579522577,270.69008913405656,3.231023491482765,24.0,5.4372,0.9422
NaZnPH2(CO3)2,4.4997,-1.683367651520936,0.159232931442304,1109.4287086947036,2.890600840657674,104.0,5.1495,0.6498
NaZnPO4,3.9495500000000003,-2.4836246128841193,0.0041665969047615,715.9460160357819,3.3496041313898997,56.0,4.07075,0.1212
NaZnSO4F,4.2143,-2.161910375484914,0.004868993359373,196.60655246221785,3.436842734420189,16.0,4.6559,0.4416
NaZnSiHO4,3.4269,-2.337114669391163,0.0,385.0466355809106,3.130747194241052,32.0,4.0238,0.5969
NaZnSiO4,0.362199999999999,-2.281276830197043,0.111023600357144,374.8664457413865,3.197908995666046,28.0,0.6657000000000001,0.3035
NaZnSn3P3(SO8)3,2.2952,-2.175114571223083,0.019776775952372,1508.8696254410702,3.359764349358348,105.0,3.3813,1.0861
NaZnSnP(SO6)2,1.7826,-2.096613439130862,0.0312822751929,1504.5925370185537,3.272569440515503,108.0,2.9373,1.1547
NaZr2Sn2P5SO24,2.9901,-2.7340600363455323,0.011502189428577,1564.1299842113872,3.228791650338602,105.0,3.748,0.7579
NaZr2Ti2P5SO24,2.3144,-2.982106714536008,0.015937751999997,1516.9705895043894,2.863881771046387,105.0,2.7603,0.4459
NaZr3ZnP3(SO8)3,3.7254,-2.695617000794511,0.015110505803566,1599.1034499298323,2.9133025662160272,105.0,3.5707,-0.1547
NaZrCuS3,0.543899999999999,-1.436033395646551,0.0,238.5973729995436,3.813223851980127,12.0,4.5598,4.0159
NaZrTi(PO4)3,2.424299999999999,-3.08310371844303,0.010488480231487,1513.5271520415222,2.942474148919491,108.0,3.0153,0.591
NaZrZnP(SO6)2,3.5023,-2.429025796260491,0.032423000358796,1559.2399598516045,2.982244052294398,108.0,3.8154,0.3131
Nb10Zn2Si9(SO8)9,1.0886,-2.581653290171569,0.018675956568627,1566.285138082102,2.918871276555466,102.0,1.6978,0.6092000000000001
Nb12WO33,1.9237499999999996,-2.9541837461956524,0.006687209530282,669.3349742927453,4.531815167455038,46.0,2.0233499999999998,0.0996
Nb2FeO6,2.0751,-2.699499099722223,0.041347985277777,465.1001427526227,4.822083436583467,36.0,3.9338,1.8587
Nb2Si3Sn2(SO8)3,0.947099999999999,-2.421923702818628,0.043342119889703,1572.5749953117788,3.128749456762524,102.0,1.8675,0.9204
Nb2V3(Cu3S4)5,1.0546,-0.8511451694999991,0.001722689000001,811.0227127496619,3.958006706194744,40.0,4.2007,3.1461
Nb2VZn2O8,0.9222999999999992,-2.52694661076923,0.022246591602559,309.29544660612805,5.321184883226978,26.0,4.6296,3.7073
Nb2WO8,2.3846,-2.532815379545455,0.194719106737013,325.3507544058087,5.079833796623528,22.0,2.3635,-0.0211
Nb2Zn(PbO3)3,2.436899999999999,-2.263213024999999,0.04087741452083,214.6691458119612,7.865421381128584,15.0,5.9952000000000005,3.5583
Nb2Zn2CoO8,2.6737,-2.374739018461539,0.023723124038472,305.3453103442505,5.476944435654599,26.0,4.4561,1.7824
Nb2Zn2CrO8,1.0557,-2.480852163461539,0.051164230769224,310.0494802187867,5.319540167481957,26.0,4.5601,3.5044
Nb2Zn2CuO8,0.065499999999999,-2.2731216034615382,0.061529677499998,304.4526448509267,5.5433211463403325,26.0,2.4917,2.4262
Nb2Zn2FeO8,2.411,-2.425479831538461,0.023075569615396,309.26003501462014,5.374451831382082,26.0,4.5536,2.1426
Nb2Zn2SiS5O24,1.0902,-2.147664576397059,0.039170691568628,1526.5012773986632,2.901269433856855,102.0,1.5985,0.5083
Nb2Zn2SnO8,1.978899999999999,-2.39990686653846,0.052319866538462,343.5323116972165,5.446016792883791,26.0,4.956,2.9771
Nb2Zn2TeO8,1.0583,-2.2453090482051272,0.122677895064106,361.0153664186029,5.264061587898799,26.0,3.6147,2.5564
Nb2Zn2WO8,0.2294,-2.289380753076923,0.135225135769223,315.21219111959635,6.62152231423256,26.0,4.3703,4.1409
Nb2Zn3O8,2.9666,-2.442323447307691,0.022805398269232,305.3580275214719,5.547147283378456,26.0,4.4457,1.4791
Nb2Zn4(SO4)9,2.3571,-1.980088278578432,0.0,1490.1727436469823,2.924019992745708,102.0,1.8585,-0.4986
Nb2Zn4O9,2.5331,-2.327878003666667,0.04735354416667,344.6648687173005,5.698955095807652,30.0,4.2305,1.6974
Nb2ZnO6,3.2845,-2.7647865047222213,0.0,416.33247793290576,5.539508444555091,36.0,4.6418,1.3573
Nb3N5,0.6958000000000001,-0.9574430648437492,0.014609377968747,210.7184506528968,5.496598722186215,16.0,4.0448,3.349
Nb3P6WO24,1.0427,-2.780659837289916,0.0,509.9031982409821,3.362048854276785,34.0,2.4451,1.4024
Nb3Zn2Bi3O14,2.615899999999999,-2.3470490295454542,0.041311756704548,1214.148302612209,6.8955648107954985,88.0,5.2395,2.6236
Nb3ZnFe3(O6F)2,1.7527,-2.320623135238096,0.188632770952388,269.0630717878141,4.577154906711204,21.0,2.9913,1.2386
Nb4Zn2P6(SO12)3,2.4386,-2.526777520987395,0.00654518562094,1513.5780614863763,2.985106870238716,102.0,2.0532,-0.3854
Nb4Zn2Si3(SO6)6,1.7409,-2.352888780588236,0.040693476764705,1545.713364359685,2.911463536783307,102.0,1.881,0.1401
Nb5Zn(PO4)9,2.3561,-2.80993992062325,0.0,1519.4666077032011,3.026483724045337,102.0,2.237,-0.1191
NbCr3(CuS4)2,0.1046,-0.9409723694642855,0.0602406548928615,508.2656719713077,4.13527374939666,28.0,4.80745,4.70285
NbCu3(SeS)2,1.4624,-0.802290943710937,0.0,177.19027738207214,4.738178822493062,8.0,4.2233,2.7609
NbCu3S4,1.6574,-0.847748116249999,0.0,164.67953723815498,4.152411843361413,8.0,4.5656,2.9082
NbFeO4,1.4297000000000002,-2.46009800097222,0.033797477361102,193.62739981797824,4.776783909029176,16.0,3.287333333333333,1.8576333333333332
NbP6(WO8)3,1.034399999999999,-2.5794550396428573,0.020074370073551,504.8076787249077,3.994228307869425,34.0,2.6468,1.6124
NbTlWO6,2.931599999999999,-2.375812148148149,0.0,291.68608420711297,6.571039580436365,18.0,3.9711,1.0395
NbZnP(SO6)2,1.9888,-2.228973175371148,0.02773231722225,1497.458506353019,2.963516894591577,102.0,1.7926000000000002,-0.1962
Nd10Ti12O39,0.8116999999999991,-3.551977940163934,0.157913429180329,817.7092484295108,5.362728343629262,61.0,4.5275,3.715799999999999
Nd2(WO4)3,3.9516,-2.726176271176469,0.026538759338246,516.7641464448997,6.632313850701357,34.0,4.3732,0.4216
Nd2CdS4,1.9231,-1.8371262714285697,0.096072817499998,318.3997996459922,5.5193662229918,14.0,5.4809,3.5578000000000003
Nd2CuTe2(SO7)2,0.8712000000000001,-2.268548014444443,0.0,293.58719070827533,5.064138890242492,21.0,3.6822,2.811
Nd2InCuS5,1.0313,-1.592364381006938,0.005675439444445,754.8835279337655,5.518442140960848,36.0,6.2742,5.2429
Nd2Mn3(SbS3)4,0.150699999999999,-1.002829479985623,0.026821811041667,464.67707161014806,4.735354002733579,21.0,5.8107,5.66
Nd2Sn3(PbS4)3,0.541299999999999,-1.138361627749998,0.00666923025,965.0327131005482,5.681755651399467,40.0,5.2531,4.7118
Nd2Te2W2O13,3.417399999999999,-2.479931707807018,0.0,547.1060966652151,6.794787010674892,38.0,5.9411000000000005,2.5237
Nd2Ti12(CuO4)9,0.0898,-2.716349748559323,0.05151898322031,622.4848921469668,5.363952524273073,59.0,4.543,4.4532
Nd2Ti2O7,2.85375,-3.7108925799242414,0.0200791965909095,409.5437380081835,6.033590452542428,33.0,5.521050000000001,2.6673
Nd2Ti2S2O5,0.825299999999999,-3.275363665606061,0.0,175.013057900861,5.012983166317561,11.0,4.2051,3.3798
Nd2Ti3(BiO6)2,2.2573,-3.159857567894738,0.0,494.8051598038874,6.994049152159128,38.0,5.9338,3.6765
Nd2Ti3(ClO4)2,3.016,-3.498646601166666,0.0,884.034251119071,4.740889775522307,60.0,4.7957,1.7797
Nd2Ti4O11,3.0914,-3.655330315490194,0.0,417.7885511258559,5.214230784071643,34.0,5.2023,2.1109
Nd2TiO5,3.313799999999999,-3.7841771885416673,0.0,474.1452412231111,5.832492318322801,32.0,5.0111,1.6973
Nd2W2O9,3.5126,-2.925593314807692,0.0,670.1995180366921,7.93014366031352,52.0,5.5111,1.9985
Nd2WO6,3.4488,-3.210326100972222,0.027419700138888,529.0218569816645,7.142298452358418,36.0,5.2811,1.8323
Nd2ZnPtO6,1.7003,-2.578072024,0.017236804374995,254.13058408960137,8.42876532515436,20.0,5.3232,3.6229
Nd3BWO9,3.8249,-3.328955441547618,0.0,375.0274522309176,6.83092754434978,28.0,5.6928,1.8679
Nd3CuGeS7,1.675799999999999,-1.752089916666665,0.0,529.1533933122952,4.979338370693317,24.0,5.6266,3.9508
Nd3CuSiS7,1.6357,-1.842290476666665,0.0,521.3646317294543,4.7699146974497975,24.0,5.8404,4.2047
Nd3CuSnS7,1.7587000000000002,-1.731557277916665,0.0,548.4135422909251,5.08345554935276,24.0,6.0282,4.2695
Nd3Er(WO4)6,4.019699999999999,-2.726873544779412,0.03608050207721,504.29026778166354,6.872158467291199,34.0,4.531,0.5113
Nd3Ti12Bi13O48,2.2099,-2.776512731217106,0.003327955263106,995.249894997134,7.494486023922715,76.0,6.5339,4.324
Nd3TiCl5O4,3.546299999999999,-3.227981648525641,0.031232508397435,990.30771345277,4.841603909414163,52.0,5.3245000000000005,1.7782
Nd4(WO5)3,3.202999999999999,-3.012071234176135,0.0412208250283755,1907.9014561178399,7.147158244470031,132.0,5.04735,1.8443499999999995
Nd4Bi2S9,0.9763,-1.768959725499999,0.019210126,1454.1760656424883,5.862632064373996,60.0,5.2546,4.2783
Nd4GaSbS9,2.184599999999999,-1.838969990999998,0.0,1436.2111042341714,4.888555916683421,60.0,5.5977,3.4131
Nd4InSbS9,2.1557,-1.815229022361109,0.0,2930.620639314078,4.995888058549326,120.0,5.8887,3.733
Nd4Mg2Ti3(Si2O11)2,2.496,-3.506303025571427,0.026114677750001,849.47232137343,4.822494716588621,70.0,5.404,2.908
Nd4Ti9O24,2.7998000000000003,-3.629477681959459,0.013911428378376,1840.8299170024488,5.0217919301565,148.0,4.939,2.1392
Nd4Zr3TiO14,3.1241,-3.801901171969696,0.015380265227255,306.019775134413,6.090955320404058,22.0,5.436,2.3119
Nd5Te7WCl3O23,2.654,-2.387539291901709,0.0,1315.8587561255692,5.735772315379905,78.0,5.8633,3.2093
Nd5Ti4FeO17,1.7847,-3.552762297716049,0.006577709814814,1360.7813303386251,6.055109431887192,108.0,5.3239,3.5392
Nd5Ti4GaO17,2.7574,-3.597420561512346,0.017569853611115,1356.208354560757,6.14349534473484,108.0,5.511,2.7536
Nd6Cd(GeS7)2,2.048499999999999,-1.805736119999998,0.0,527.0375295003131,4.953073121264657,23.0,5.409,3.3605
Nd8Sb2S15,1.8313,-1.962743718287499,0.0,2450.1170126208444,5.092341375281412,100.0,5.4055,3.5742000000000003
NdCu(WO4)2,1.5691000000000002,-2.359696885208333,0.035849542291666495,171.49278576436546,6.811529644530257,12.0,4.5266,2.9575
NdCuS2,1.0776,-1.602238972656248,0.0,318.2191955516216,5.675716213524164,16.0,6.04,4.9624
NdCuSO,1.617999999999999,-2.261039174999999,0.010671512890625,131.4642510953574,6.463398253799101,8.0,6.7211,5.1031
NdMgCu(WO4)2,1.8607,-2.3891569328846147,0.14921566269230851,174.20128849298817,6.942924079185627,13.0,5.4828,3.6221
NdTaTiO6,3.0457,-3.62643061562963,0.0,452.0324870251111,6.892259455799692,36.0,5.139,2.0933
NdTi12(Bi5O16)3,2.248,-2.624334760493422,0.003034752615123,999.5762472171174,7.677140922815549,76.0,6.7704,4.5224
NdTi2CdO6F,1.396599999999999,-3.16231406628788,0.158948073106059,274.1902385048676,5.661074934422035,22.0,4.2139,2.8173
NdTi3Fe(CuO4)3,0.0617,-2.5290841673749997,0.046864436375003,210.2974216143585,5.735119018328867,20.0,4.615,4.5533
NdTiCdSbO7,2.681749999999999,-2.77237837405303,0.0004781798863635,425.1571375414363,6.311344790012023,33.0,5.586,2.90425
NdTiCrO5,1.3246,-3.246325474479166,0.0582762996875,392.57308070921465,5.483658712867699,32.0,4.9233,3.5987
NdTiNbBi2O9,2.5968,-2.85432833077381,0.008414485000001,383.3886512364126,7.336826814893978,28.0,5.9142,3.3174
NdTl(WO4)2,3.64715,-2.4610629924652785,0.023212826770832,593.7820516407326,7.367083691729158,36.0,4.84385,1.1966999999999999
NdZn(BO2)5,5.162999999999999,-2.920638476960784,0.006188874448529,643.2640371692858,4.375002250177176,68.0,7.1343,1.9713
NdZnAsO,0.8621999999999991,-1.9602675537499992,0.0,147.16299537321413,6.783112114024569,8.0,4.8187,3.9565
NdZnPO,1.231799999999999,-1.996526119285714,0.0,144.3770400453106,5.903077751154217,8.0,5.4769,4.2451
NdZnSbO,0.1854,-1.874198885624999,0.0,169.80028933757657,6.794906458565944,8.0,5.3207,5.1353
NiAg2Sn3S8,0.255699999999999,-0.5970052913095161,0.002198831111116,297.965244103325,4.943632494872166,14.0,4.9674,4.7117
NiP2WO9,2.279,-2.28442717532967,0.037674566057701,726.0304870716178,4.102919319653558,52.0,2.9765,0.6975
NiP6(WO8)3,1.9379,-2.427377355819327,0.000306558308835,488.4598768694613,4.011598952766689,34.0,2.6771000000000003,0.7392000000000001
NiPb2WO6,2.7937000000000003,-1.731523378999999,0.038572573906249,262.65227508947606,9.520338987213442,20.0,7.5826,4.7889
NiWO4,2.8991,-1.900100025833332,0.0,127.5822393953602,7.979272084206349,12.0,5.5447,2.6456
Np(WO4)2,0.459299999999999,-2.452776213863636,0.122723548977269,1480.8612089560431,6.572585116665485,88.0,2.5517000000000003,2.0924
P(W3O10)4,0.0014,-2.027105573200808,0.129053162075479,1846.3899430761617,5.174876881762604,106.0,-2.0542,-2.0556
P(WO4)2,1.3013,-2.359123784740259,0.004032574204542,642.7766105899954,5.442146844656518,44.0,2.1854,0.8841
P2H18WC6(ClO2)2,3.8953,-0.6560413967965361,0.067799270723906,1732.7665843939992,1.805078508779781,132.0,1.8843,-2.011
P2W2O11,2.9602000000000004,-2.376463522744042,0.0073426480416565,699.5586594688525,5.068580810765106,52.5,3.187325,0.227125
P2W2O9,2.8499,-2.3783694224450542,0.042919399358966,764.5180441896493,4.98364664435197,52.0,3.7593,0.9094
P2W3O13,0.1452,-2.369710164126985,0.031734139791671,1067.461336959302,5.111439322855625,72.0,2.0788,1.9336
P2WO7,2.7462749999999994,-2.42212302342857,0.10219740399999926,426.2953982966472,4.216797649993219,30.0,3.886375,1.1401
P2WO8,2.4822800000000003,-2.3931332622532464,0.0170001926818178,500.298461354354,4.058733288579584,35.2,2.66304,0.18075999999999998
P3(WO6)2,2.0978,-2.5057698348634445,0.0020320677205885,729.1093121224673,4.433952233005792,51.0,3.2813,1.1835
P3RhW2O15,1.552299999999999,-2.281421520425169,0.0,2308.927755218275,4.622888561373715,168.0,3.3225,1.7702
P3RuW2O15,0.1199,-2.299114368341837,0.0,2311.746045729382,4.606705123452628,168.0,2.4159,2.296
P3W2N2(Cl5O)3,2.2434,-1.278960019657142,0.166126220999998,2971.4785362412263,2.388215848950011,100.0,1.2652,-0.9782
P3W2O13,2.0194333333333336,-2.4261876756812164,0.007380119027759667,907.4620606799922,4.1284905757821475,60.0,2.447133333333333,0.4277
P4H3(WO8)2,2.468499999999999,-2.267903499292857,0.040519167299893,302.6061420516016,4.118828501082305,25.0,3.6399,1.1714
P4WO12,3.03474,-2.469552747474789,0.023772206852943,609.8927276576046,3.308947411404737,40.8,3.29122,0.25648
P4WO13,2.2061,-2.370659833045634,0.0546061643750015,799.094187250516,3.17569921739432,54.0,1.7067999999999999,-0.4993
P5(WO6)4,2.4669,-2.404837353430737,0.006111521313126,986.5831965842132,4.289314503541844,66.0,2.6577,0.1908
P5WO15,0.9004000000000001,-2.378355152295918,0.079751198412655,640.7768706022248,2.999339353294256,42.0,1.7748,0.8744000000000001
P8W3O29,1.9218,-2.3535704609285717,0.063372638124998,1180.5957699104138,3.553708945471859,80.0,1.7351,-0.1867
PH24W12C6N3O40,3.316,-1.4698512266237531,0.100520545359408,2221.0928786630943,4.508619311358419,172.0,2.1345,-1.1815
PH30W12C9N3O40,3.3257,-1.335382447654136,0.122089052751202,2468.82143406597,4.11281764218291,190.0,1.8483,-1.4774
PWO4,3.1622,-2.2648037361904763,0.103675838472149,312.36401975772105,5.928687422732665,24.0,6.0595,2.8973
PWO4F,2.964,-2.543892059948979,0.0,199.1472898688252,4.966422087444,14.0,3.7058,0.7418
PWO5,1.19284,-2.4197319369846944,0.0418791376071542,454.0503728043145,4.8944805105355345,30.8,2.67022,1.4773800000000001
Pb2WO5,3.0894,-1.875032835624998,0.033065780507812,301.1192988542443,7.480351071478391,16.0,5.1428,2.0534
Pb3WCl2O5,3.0513,-1.8341967722727264,0.00510308284091,428.6748503999414,7.409088315247992,22.0,5.9348,2.8835
Pb3WO6,2.3694,-1.777760717249998,0.0427126430625,752.086618728624,7.961159371699344,40.0,5.0495,2.6801
PbWO4,2.9083249999999996,-2.0122677135416653,0.041872995624999,314.28220226340926,8.297368605029988,21.0,5.59675,2.688425
Pm2(WO4)3,4.0407,-2.732251823235293,0.0,487.1379314660831,7.04600594359851,34.0,4.5082,0.4675
Pr(WO3)2,1.6787,-2.525338647962963,0.09136736111111,252.8510040858256,7.940925033680943,18.0,4.9188,3.2401
Pr(WO4)2,0.053,-2.429071281969696,0.091955702272723,338.4270734067485,6.246962933028094,22.0,0.0374,-0.0156
Pr2(WO4)3,4.0628,-2.718853712549018,0.028155183161773,523.4951159230188,6.504730662599426,34.0,4.4612,0.3984
Pr2CdS4,1.646999999999999,-1.814673069583331,0.096745204285713,323.8092098448404,5.358766128542295,14.0,5.2165,3.5695
Pr2InCuS5,0.865699999999999,-1.590038363043978,0.001756955277777,763.7124334862804,5.39664714604543,36.0,6.1774,5.3117
Pr2MgTi4O12,2.8307,-3.45598333614035,0.135552681447369,266.34875145790807,4.326271997159231,19.0,4.3877,1.557
Pr2Mn3(SbS3)4,0.1756,-1.045601473672686,0.02686534720238,471.00003347154217,4.648273117981587,21.0,5.7251,5.5495
Pr2Sn3(PbS4)3,0.5504,-1.134881928916665,0.009265612249998,970.3160794184004,5.627993716203041,40.0,5.2274,4.677
Pr2Ti2O7,2.972899999999999,-3.7144391924999898,0.0,552.7471241247421,5.882681088208784,44.0,5.5969,2.624
Pr2Ti2S2O5,0.841499999999999,-3.2589800945454552,0.0,177.05331915559037,4.892672333965616,11.0,4.2155,3.374
Pr2Ti3(ClO4)2,3.037099999999999,-3.492009656055558,0.0,874.9663991698355,4.739398448652042,60.0,4.8359000000000005,1.7988
Pr2TiO5,3.3239,-3.755722432708333,0.0,484.3346371114541,5.618334352335777,32.0,5.0997,1.7758
Pr2W2O9,3.5096,-2.918131446217949,0.0,679.5429327202211,7.755924839821788,52.0,5.53,2.0204
Pr2WO6,3.058,-3.181993228703702,0.0,513.9085416239378,7.259226217374556,36.0,5.4065,2.3485
Pr30Ti24Se58I8O25,0.1791,-2.345480533040947,0.0,3282.778479240925,5.75180059331712,145.0,4.3831,4.204
Pr3BWO9,3.807799999999999,-3.311746417083333,0.0,381.92813183372033,6.620524208497029,28.0,5.7372,1.9294
Pr3CuGeS7,1.660299999999999,-1.750185992291665,0.0,538.0364289224696,4.83538426922588,24.0,5.5868,3.9265
Pr3CuSiS7,1.2982,-1.840018362708332,0.0,530.8590642816794,4.622025079889357,24.0,5.6733,4.3751
Pr3CuSnS7,1.7779999999999991,-1.729970365624998,0.0,556.3814624168784,4.950946680201863,24.0,6.0264,4.2484
Pr3TiCl5O4,3.5656,-3.226706660641025,0.026511122756412,1006.7436919928672,4.696563696739625,52.0,5.3509,1.785299999999999
Pr3W(ClO2)3,3.5317,-3.107063265,0.0,419.3943268836713,6.405620847786008,26.0,6.1418,2.6101
Pr4GaSbS9,2.1638,-1.83138708561111,0.0,1456.508970282987,4.759606248683795,60.0,5.578,3.4142
Pr4InSbS9,2.1642,-1.809742072555553,0.0,2980.3144612900683,4.853137027644911,120.0,5.8498,3.6856
Pr5Te7WCl3O23,2.6893,-2.380788189102564,0.0,1336.9406673286617,5.603912142891163,78.0,5.7959,3.1066
Pr5Ti4FeO17,1.7721,-3.53588052728395,0.004925195694433,1377.0564305318333,5.903130270555124,108.0,5.3878,3.6157
Pr5Ti4GaO17,2.767499999999999,-3.581129524598765,0.015302806833327,1372.9572741120503,5.987894524479723,108.0,5.5794,2.8119
Pr6Cd(GeS7)2,2.0313,-1.804262099782608,0.0,540.2647678917974,4.770317562446685,23.0,5.3728,3.3415
Pr6Cd(SiS7)2,1.8397,-1.897924064999999,0.0,533.3208914507163,4.554979139016627,23.0,5.5014,3.6617
Pr6Ti2S7O6,1.3441,-2.947296141150792,0.005608533253957,789.1994015400314,5.309147617717949,42.0,5.1913,3.8472
Pr8Sb2S15,1.8139999999999992,-1.993167136533331,0.0,2505.361342839515,4.909333371343124,100.0,5.3591,3.5451
PrCu(WO4)2,1.470899999999999,-2.354457971805556,0.037046610208333,330.55655036116696,7.034144722338619,24.0,4.8377,3.3668
PrCuS2,1.0678,-1.593449684322916,0.0,323.660143667126,5.511875987223327,16.0,6.018,4.9502
PrCuSO,1.641599999999999,-2.240809981041666,0.007993972890623,133.81202691806052,6.267240646514073,8.0,6.7593,5.1177
PrEuCuS3,0.06520000000000001,-1.888304943194444,0.0050982424999995,519.2604979428561,5.7897119441333444,24.0,5.547000000000001,5.4818
PrMg(WO3)2,2.0064,-2.484764637166667,0.174638795374987,255.32813354155945,8.18002169676286,20.0,6.6285,4.6221
PrTaTiO6,2.9822,-3.6162270658148152,0.0,456.3761568170004,6.778132168111924,36.0,5.1273,2.1451
PrTi6Bi7O24,2.301199999999999,-2.6846286463596503,0.015951164802635,499.4826713517452,7.563138690432884,38.0,6.6305,4.3293
PrTl(WO4)2,2.9884999999999993,-2.4061170572916675,0.071434782291674,369.7188074713398,7.570876738465155,24.0,4.90745,1.9189500000000002
PrV2ZnO6,0.0317,-2.6422929896666663,0.105892288458328,231.1286646674608,5.807876167640912,20.0,4.8516,4.8199000000000005
PrWO5,0.5372,-2.576855095238095,0.132838390535711,469.93555782399017,5.720735893529215,28.0,0.4557,-0.0815
PrZn(MoO3)2,1.2831,-2.310961422166666,0.045965411874991,263.8652031996559,6.220046114578227,20.0,5.2522,3.9691
PrZn(WO3)2,1.2831,-2.230723381666666,0.176991870249997,266.4962909191458,8.349456797603471,20.0,5.1614,3.8783
PrZnPO,1.1635,-1.97574612407738,0.0,146.8564253998825,5.72801124434976,8.0,5.4034,4.2399
PrZnSbO,0.1208,-1.8622293629166664,0.0,171.33395163684756,6.669451296114718,8.0,5.2904,5.1696
Rb(WO3)3,0.647799999999999,-2.241699584807691,0.0,383.6643108311073,6.760346213687383,26.0,2.578,1.9302
Rb16Er7Ti9(PO4)24,2.588899999999999,-3.083462628035713,0.005345856516929,2201.728634430761,3.958342321667453,152.0,3.4011,0.8122
Rb2AgSbS4,1.519,-0.8879440811458321,0.0,979.6760925084836,3.585399647752496,32.0,2.7908,1.2718
Rb2BiPWO8,4.0107,-2.35318953478022,0.0,949.6726919015188,5.054849082392915,52.0,4.3158,0.3051
Rb2CaNd2(WO4)4,1.9603,-2.6033349473999987,0.10199371226666701,384.21075700464837,6.446035494865027,25.0,4.3607,2.4004
Rb2Cd2(SO4)3,2.31855,-1.9160423780263152,0.085359995526316,1211.4096791233428,3.751310213737697,76.0,2.5204,0.20184999999999997
Rb2Cd3H10S4O21,3.5315,-1.6993236903125,0.007084548062504,2005.479161322708,3.254029313131851,160.0,3.2014,-0.3301
Rb2Cd3H6S3O16,3.3659,-1.737310749166666,0.014359739583338,817.4838514732008,3.519809640260454,60.0,2.9953000000000003,-0.3706
Rb2Cd3S4,1.8924,-1.049852822777775,0.0,1011.0137409558909,4.181207477565439,36.0,2.503,0.6106
Rb2Cu2Sb2S5,1.1696,-0.797405277499999,0.0,1155.370532201193,4.035023707435736,44.0,4.7066,3.537
Rb2Cu2SnS4,0.9012999999999992,-0.882589302777776,0.010611484642858,446.4101654524343,4.054521496328551,18.0,4.2086,3.3073
Rb2Cu4H5(SO5)4,0.0197,-1.56637157375,0.019003140446421,420.3447560018131,3.470079303262045,35.0,1.175,1.1553
Rb2CuH12(SO7)2,0.6469,-1.558720560322579,0.004810088951621,707.4132538554844,2.510237714808275,62.0,0.5816,-0.0653
Rb2ErTi(PO4)3,2.5652,-3.104253134461153,0.001634976842105,1099.9465647821926,4.051765331209014,76.0,3.3898,0.8246
Rb2Gd4Cu4S9,0.7719,-1.6485292696052607,0.0143544911403515,432.46154270814816,5.156229757280501,19.0,4.22245,3.45055
Rb2LiNd2(WO4)4,1.2308999999999994,-2.569304418693333,0.057937862616187795,358.25684153319514,6.7574760524460915,25.0,4.10146,2.8705600000000002
Rb2LiPr2(WO4)4,1.3390666666666666,-2.568969377,0.04600160809999534,360.1577436653172,6.691242330800009,25.0,4.261233333333333,2.922166666666667
Rb2Mg2(WO4)3,4.355700000000001,-2.417316159210526,0.029673292631579,1352.860172512575,4.72834112234145,76.0,3.4811,-0.8746
Rb2MgCu4H5(SO5)4,0.0626,-1.634588541006944,0.078145166041663,457.7955953769396,3.27436317690235,36.0,2.0682,2.0056
Rb2MgP2WO10,3.3881,-2.676908863627232,0.0,2018.4464282593103,3.955599525734624,128.0,3.7748,0.3867
Rb2Mo(SO)2,2.3699999999999997,-1.5918355773214286,0.12865855017856997,577.7332961698501,3.1334296899348413,21.0,2.3434,-0.0266
Rb2Mo3SO13,2.8832,-2.060545179210528,0.0,1238.5195278596077,3.747719526539981,76.0,2.1761,-0.7071000000000001
Rb2MoS4,1.5750000000000002,-1.241346462142855,0.0,864.0736069011366,3.037417623517359,28.0,1.9659,0.3909
Rb2NaZn2H5(C2O7)2,4.034899999999999,-1.795891447951047,0.0,618.7670046353095,3.230105714155782,56.0,4.005,-0.0299
Rb2NbCuS4,1.9001000000000001,-1.310157844999999,0.0059932399999975,471.7836454388205,3.207492581493021,16.0,3.0393,1.1392
Rb2Nd2Mg(WO4)4,2.0079499999999997,-2.5628896642999996,0.099515558100001,363.31959197891314,6.744210210423713,25.0,4.6592,2.6512499999999997
Rb2Pr2Mg(WO4)4,2.009975,-2.556528695133333,0.09616417286666751,366.9510784513956,6.647121236156483,25.0,4.665075,2.6551
Rb2Sb4S7,1.52805,-0.817274772692306,0.005190577115385,794.0124120319012,3.6994673477787146,26.0,3.82045,2.2923999999999998
Rb2SbAuS4,1.5876,-0.901673334062499,0.0,1067.52722894643,3.84471280514456,32.0,2.3714,0.7838
Rb2Sn2Hg3S8,1.769499999999999,-0.792442982833334,0.0,954.2026780624414,4.408527770238263,30.0,2.5582000000000003,0.7887000000000001
Rb2Sn3(SbS5)2,1.8255,-0.8494232676470581,0.0,1016.429431491832,3.5654995585972493,34.0,4.0355,2.21
Rb2Sn4S9,1.6693,-0.907031276166666,0.0,3923.228137489148,3.163807403940159,120.0,2.8849,1.2156
Rb2TaCuS4,2.31515,-1.341496703416666,0.0069659881249995,472.4675142300785,3.821713004377237,16.0,3.4929,1.17775
Rb2Te(WO4)3,3.1279999999999997,-2.1455904680092592,0.005846620972222,594.9634335130532,5.816726233733499,36.0,3.7630999999999997,0.6351
Rb2Ti(CuS2)2,1.660299999999999,-1.276396080370371,0.0,414.3763411832528,3.800179492196923,18.0,4.3819,2.7216
Rb2Ti(GeO3)3,2.9077,-2.3991931529999997,0.0423899331111115,1391.8673832585232,4.157041672006958,90.0,3.03695,0.12925
Rb2Ti(Si2O5)3,3.5096,-3.193642910138891,0.0,683.3167125804766,3.04885596051725,48.0,4.2765,0.7669
Rb2Ti(SiO3)3,3.1316,-3.1350080442222232,0.0,429.0557793763726,3.460389857920447,30.0,4.4851,1.3535
Rb2Ti(TeO4)3,1.5850499999999998,-1.998953685185185,0.0004419225,264.3876924902062,4.9863497982372476,18.0,3.723,2.13795
Rb2Ti(WO4)3,2.8232,-2.492750830462963,0.0,281.3426265803944,5.679773219982304,18.0,3.251,0.4278
Rb2Ti2(PO4)3,0.0179,-2.961221631741853,0.008029465556379,1026.1125474346882,3.570470944506312,76.0,4.2417,4.2238
Rb2Ti4O9,3.0481,-3.095642074194444,0.0,420.0213638009568,4.004053445026238,30.0,3.9813,0.9332
Rb2Ti6O13,2.6235,-3.3320984680952392,0.0,274.1724762156519,4.034447846823284,21.0,3.9975,1.374
Rb2TiCr2(MoO4)6,2.5925,-2.213162129095238,0.008407393642858,620.6852033519582,3.430900499165379,35.0,1.8392,-0.7533000000000001
Rb2TiFe(PO4)3,2.419,-2.576175425250626,0.170343142500003,1015.6839887634504,3.659303681282954,76.0,3.6924,1.2734
Rb2TiFe2(MoO4)6,2.5943,-2.118466420238096,0.007840623428574,611.3936929930444,3.50394794088274,35.0,1.607,-0.9873
Rb2TiO3,3.864,-2.751183317222221,0.0,479.4990723463446,3.69579986240414,24.0,3.5528,-0.3112
Rb2TiSi3O10,0.897899999999999,-2.823458807864584,0.115611233593751,976.5377633229342,3.149566934692972,64.0,1.3734,0.4755
Rb2TiV3(PO6)3,2.2285999999999992,-2.688966270361553,0.0,1587.0617536108086,3.149513389242188,108.0,2.1584,-0.0702
Rb2U2WO10,1.9222,-3.026190428499999,0.0,2256.764129250541,5.832448744973216,120.0,2.7576,0.8354
Rb2VCuS4,1.23725,-1.274174078124999,0.00588924,436.71339561194054,3.1468609871229454,16.0,2.65315,1.4159000000000002
Rb2W(OF2)2,3.1963,-2.681892906111111,0.0,163.0058043060818,4.714214731791473,9.0,2.2831,-0.9132
Rb2W2O7,2.4023,-2.27656303590909,0.0,340.7001666957887,6.342031806752698,22.0,2.993999999999999,0.5917
Rb2W3SeO12,3.0758,-2.110305304019096,0.0,555.6207786686348,5.937839334379524,36.0,3.2533,0.1775
Rb2WO4,4.511,-2.248733529999998,0.0,286.91497270172096,4.847354267342661,14.0,3.2006,-1.3104
Rb2WS4,1.9936,-1.2821507953571412,0.0,872.6501589394131,3.676614167278273,28.0,2.2364,0.2428
Rb2YTi(PO4)3,2.5494,-3.086774677487468,0.006774412105264,2224.3583375990997,3.539260221310353,152.0,3.3779,0.8285
Rb2Zn2(MoO4)3,3.5953,-2.040496877894737,0.001732859210536,1335.549414087518,3.887004184651984,76.0,2.7873,-0.808
Rb2Zn3(P2O7)2,4.1684,-2.535591127329192,0.0,720.3347285272761,3.296709609640849,46.0,3.9137,-0.2547
Rb2Zn3O4,1.4122,-1.678057365555555,0.0,278.53730697582364,5.140843528908052,18.0,2.2416,0.8294
Rb2Zn3S4,2.5887,-1.181669884444444,0.0,432.2820017270664,3.806166245597984,18.0,3.679599999999999,1.0909
Rb2ZnGeO4,2.8121,-2.005876010156249,0.0,1097.898005207427,4.512998557671298,64.0,2.9165,0.1044
Rb2ZnH12(SO7)2,5.0472,-1.629999467096773,0.0,709.289087781427,2.512322026438048,62.0,3.8717,-1.1755
Rb2ZnH12(SeO7)2,3.8882,-1.427161236280241,0.0,753.014526808932,2.780087826797362,62.0,2.3486,-1.5396
Rb2ZnO2,1.792399999999999,-1.5484322495,0.0,842.7535165096676,4.229893464554022,40.0,2.183,0.3906
Rb2ZnP4(HO2)8,5.0027,-2.111791143986175,0.006359657741954,387.1954024396092,2.67736613647625,31.0,4.3062000000000005,-0.6965
Rb3Ag9(SbS3)4,1.6418,-0.58056713455357,0.002567341904761,735.7336469922935,4.737493367464797,28.0,4.1195,2.4777
Rb3Bi2S2(ClO2)5,1.1148,-1.6077196255681812,0.198566132499999,1032.4390001151362,3.460408245757383,44.0,0.6421,-0.4727
Rb3Cu2(BiS2)5,0.8123,-0.835969439874999,0.0,1088.16521289377,5.3380892949363,40.0,4.4652,3.6529
Rb3FeO3,1.3072599999999999,-1.5479957134285711,0.0393154708571424,611.9201674842818,3.939336702170999,28.0,2.37684,1.06958
Rb3LiZn2(MoO4)4,4.0274,-2.097951424647436,0.002276764038452,890.123211848615,3.857561679112308,52.0,3.1332,-0.8942
Rb3Na(WO4)2,4.5825,-2.237725503848522,0.002554353571428,280.875690401124,4.582209676591666,14.0,3.324,-1.2585
Rb3NaTiO4,3.2914,-2.3593868152458493,0.0,719.2988974425541,3.612955967596748,36.0,3.5175,0.2261
Rb3P(W3O10)4,3.2535,-2.237162583609693,0.014300283682992,1772.129863728179,5.872242530956032,112.0,2.862,-0.3915
Rb3SbS3,2.4154,-1.181014803214285,0.0,968.2912324007902,3.253941080585277,28.0,3.3054,0.89
Rb3SbS4,2.022799999999999,-1.138582374687499,0.0,1067.9222101148443,3.149801856260538,32.0,2.4574,0.4346
Rb3Ti3(PO4)5,2.5982,-2.981170737361751,0.000209701048387,1791.1495832592695,3.244293437220215,124.0,3.39635,0.79815
Rb3Ti4Tl(PO5)4,2.9601999999999995,-2.975225952819941,0.00025664714844,922.5700184403944,3.94588932096356,64.0,4.02045,1.06025
Rb3V2ZnP4O17,1.2305,-2.55452893457672,0.03743929172842,1633.9477571348084,3.331673277985795,108.0,2.0552,0.8247
Rb3Zn(BO2)5,4.314,-2.638003073464913,0.0,1161.1878303948022,3.065201910290196,76.0,3.7768,-0.5372
Rb4Cu8(GeS4)3,0.8026000000000001,-0.759429638148147,0.005012043148147,1403.6712623945602,3.437645790195527,54.0,3.289,2.4864
Rb4FeO4,0.581499999999999,-1.526746542222222,0.0,731.7732788024144,4.1908816552748345,36.0,1.2404,0.6589
Rb4SnS4,2.417,-1.257259677222222,0.0,2484.484061417355,3.14848086750312,72.0,2.7086,0.2916
Rb4TiO4,2.9160500000000003,-2.320124713981482,1.481833333327742e-05,580.427118360999,3.896644418003841,27.0,3.2051,0.28905000000000003
Rb4WO5,2.9242,-2.033217402166666,0.0,1216.0764759277956,4.962527352365388,60.0,3.4133,0.4891
Rb4WS3O14,3.3741,-2.173310577272728,0.003751586988635,1572.6421543856625,3.5727042908873443,88.0,2.9169,-0.4572
Rb4Zn(MoO4)3,4.068899999999999,-2.137781833937501,0.0,3241.3081646606524,3.635698939749813,160.0,2.8084,-1.2605
Rb5FeO4,1.3434,-1.4496376814999992,0.023978274874998998,929.5411033169748,3.9188010821595904,40.0,2.2218999999999998,0.8785000000000001
Rb5TiSb7O22,1.6305,-2.117265942309523,0.0,1126.1718896062375,4.952879117289779,70.0,3.8567,2.2262
Rb6Sn2S7,2.3521,-1.228766772999998,0.0,2030.8532741569936,3.187817115100734,60.0,2.851,0.4989
Rb6Ti2O7,2.7935,-2.493475963944444,0.0157140794999995,744.7700890522059,3.2793591881726085,30.0,2.39405,-0.39945
Rb6U2(Cu4S5)3,0.490799999999999,-1.054999649357141,0.0,3401.194190487696,4.35961405241483,140.0,3.3701,2.8793
Rb6U2W4O21,2.1665,-2.582166238106061,0.03690964871212,2531.8733215789644,5.404792594529028,132.0,2.031,-0.1355
Rb6U3Sb2(PS4)8,0.1976,-1.054383732296917,0.0,2993.492811695404,3.044597370001895,102.0,3.0277,2.8301
Rb7NaZn2O6,1.5706,-1.450949288367457,0.0,714.2886488601367,3.94313399825352,32.0,2.1635,0.5929
Rb8Cu6As8S19,1.2793,-0.8047231396951211,0.0,2214.7609427540037,3.409347758544654,82.0,3.6124,2.3331
Rb8Ti3Cr2Ni3(P2O7)8,2.2969,-2.708462014366882,0.0,1251.1491870927805,3.316650580673288,88.0,3.2324,0.9355
Rb8W13O43,1.8216,-2.170842546171876,0.07893848056641,1136.2975524846224,5.497102862708956,64.0,2.1429,0.3213
RbAg2SbS4,0.617799999999999,-0.63330489927083,0.0,644.9712341395654,4.257535546262503,24.0,2.4448,1.827
RbBiAs6H24C8(S6N)2,1.8746,-0.322772328749999,0.050479452319446,834.9891283516906,2.539658253233232,54.0,3.2244,1.3498
RbBiC4(SN)4,2.5646,-0.196692344107143,0.158716172818867,572.4303920481591,3.056214793864435,28.0,3.1111,0.5465
RbBiS2,1.339,-1.017452068125,0.0,115.35776208989006,5.161621539321556,4.0,3.7631,2.4241
RbCdAuS2,1.9376,-0.8898162174999981,0.012664133999998,575.9541035668414,5.293106003493912,20.0,3.1977,1.2601
RbCdC3(SN)3,3.208,-0.331953381136363,0.111640177597399,1025.505788725051,2.410243871819879,44.0,2.4969,-0.7111000000000001
RbCu2H3(SO5)2,0.4878,-1.580277127013888,0.009646600277778,212.76451754215208,3.431736124643305,18.0,1.6358,1.148
RbCu3S2,0.4676,-0.615274059583332,0.006514159166667,222.6125744756487,5.075857364182328,12.0,5.1047,4.6371
RbCuSnS3,0.5314999999999991,-0.8882653358333321,0.0,1270.8154044508997,3.804180417415079,48.0,3.8566,3.3251
RbCuTeS3,0.9750999999999992,-0.6711518198611091,0.032344322361112,633.150850319333,3.911002102958799,24.0,4.1732,3.1981
RbDy(WO4)2,3.461799999999999,-2.656026314305555,0.0,764.6617398981999,6.459579124584002,48.0,3.5332,0.0714
RbEr(WO4)2,3.879,-2.6575918316666662,0.016255780625,747.6490026347328,6.648845947113591,48.0,4.0044,0.1254
RbEr2Cu3S5,1.491,-1.469203079999999,0.0,449.6485575154507,5.694183065201538,22.0,5.5822,4.0912
RbGd(WO4)2,1.2857,-2.654935861458334,0.0,340.8355422537563,7.194850718303928,24.0,2.7242,1.4385
RbGd2CuS4,0.9555,-1.9047816453125,0.00106782270833,387.8470153277398,5.067273820116734,16.0,4.0483,3.0928
RbGeBiS4,1.9729,-0.92169864142857,0.0,812.5053665882533,4.049425746559159,28.0,3.7395,1.7666
RbH3WO7,3.1797,-1.499240029270833,0.024185818020837,630.6540387685105,4.047802161208972,48.0,3.0912,-0.0885
RbHo(WO4)2,3.4066,-2.671693730208332,0.0,331.69564100723034,7.470004071479237,24.0,4.4861,1.0795
RbHo2Cu3S5,1.4733,-1.464414154090907,0.0,452.9642965682007,5.618353950462326,22.0,5.5185,4.0452
RbIn(WO4)2,4.2653,-2.145657781180554,0.043484518229129,244.7624647687147,4.721599900630348,12.0,2.9447,-1.3206
RbLa(WO4)2,3.7897,-2.6731323460416663,0.0,367.3099889656935,6.5104061974869545,24.0,5.3392,1.5495
RbLa2TaTi2O10,2.4697,-3.521493201968751,0.027617051874999,232.93628274621253,5.702657749820885,16.0,5.4465,2.9768
RbLa2Ti2NbO10,1.6672,-3.459167585885417,0.029542367656246,233.45398055022312,5.063779786486762,16.0,4.6839,3.0167
RbLaMnWO6,1.6904,-2.656909701543102,0.023629530776307,279.0776387091444,6.653966466480637,20.0,6.0812,4.3908000000000005
RbLaTiNbO6F,1.0761,-3.303244765530304,0.129362085833326,171.19579894910933,4.657203304210191,11.0,3.5365,2.4604
RbLiCu2H3(SO5)2,0.1892399999999998,-1.6301064183991225,0.061202629440787006,231.73211505726113,3.2046677833290302,19.0,2.00232,1.81308
RbLiZn2O3,2.0623,-1.7950848297619042,0.0,382.95712825734665,4.7042311016697465,28.0,2.69,0.6277
RbLiZnS2,2.5255,-1.327102511166665,0.0,111.49661651958507,3.30550831182563,5.0,3.5639000000000003,1.0384
RbLu(WO4)2,3.967033333333333,-2.6620167499999994,0.015089691180554999,434.5748253009901,6.595406140293462,28.0,3.729366666666666,-0.2376666666666667
RbMg30WO32,2.57045,-2.860833132773438,0.110559329023437,635.1792053219096,3.9500771152955525,64.0,7.6217500000000005,5.0512999999999995
RbMgCu2H3(SO5)2,1.6859333333333335,-1.6853423328728077,0.11014175561403333,247.8080982726244,3.11005380532807,19.0,4.047166666666667,2.3612333333333333
RbMgIn(WO4)2,3.7818,-2.146792943012821,0.144063199038468,327.2252887818323,3.65506540095418,13.0,2.4548,-1.327
RbMnCuS2,0.1549,-0.923388710086207,0.0,109.92790064882304,4.049566798249158,5.0,4.073,3.9181
RbNa3Li12Ti4O16,4.4225,-2.643367490971423,0.0,405.0795414691828,2.8087832344926573,36.0,4.4535,0.031
RbNaMg3Zn2(Si2O5)6,4.2766,-3.087274988446516,0.0,1331.3295753658388,2.816850722666488,98.0,5.3737,1.0971
RbNaTi2(PO5)2,3.0461,-3.018798374364481,0.0,889.6787410467344,3.181420961593468,64.0,3.7689,0.7228
RbNaTiO3,3.462499999999999,-2.772059853702107,0.0,185.80917959836032,3.651982548103692,12.0,4.188,0.7255
RbNbWO6,2.929999999999999,-2.6130161891666672,0.0,292.7664290413139,5.197840280465169,18.0,3.0837,0.1537
RbNd(WO4)2,3.387099999999999,-2.650168553333333,0.0,349.9604928023838,6.883806347282843,24.0,4.4151,1.028
RbNd2CuS4,0.9387999999999992,-1.871221602812499,0.0,404.7923485379838,4.64170299921326,16.0,3.9328,2.993999999999999
RbNdMnWO6,2.6501,-2.624257397293102,0.026298901999998,303.7898603132638,6.171029805511781,20.0,4.923,2.2729
RbNdTiNbO6F,1.8522999999999992,-3.364455222121212,0.043562876331174,168.49427697841992,4.7844661049290576,11.0,2.8684000000000003,1.0161
RbNiW(OF)3,2.2401,-2.345185899166667,0.08173423402778,290.2383492547553,4.954579342903529,18.0,2.5225,0.2824
RbP2WO8,3.485,-2.556341935148808,0.0,716.7070292839699,4.256151567093762,48.0,4.0348,0.5498000000000001
RbPr(WO4)2,4.6206,-2.589530211805555,0.05267934145832599,574.1440276079921,4.856035436393735,30.0,3.19705,-1.42355
RbPrTiNbO6F,0.9506,-3.258588925227272,0.141988037629866,170.0302666055851,4.708681310829411,11.0,2.6947,1.7441
RbSb2Au3S5,1.1498,-0.6074913829545441,0.0,2440.7415871961066,5.8793116895723365,88.0,3.8371,2.6873
RbSb2P(SO6)2,4.0806,-2.103376007341269,0.0,557.723481913902,3.668599887211728,36.0,5.4823,1.4017
RbSbS(O2F)2,4.6867,-2.288881598333332,0.0,615.3806651968099,3.683708450454678,36.0,4.939,0.2523
RbSbS2,1.9492999999999991,-0.9653269774999972,0.0,489.07996330808464,3.685288801273457,16.0,3.8133,1.863999999999999
RbSbWO6,1.3869,-2.163662470277778,0.0005405116666665,283.3632624830749,5.708521773835186,18.0,4.04275,2.655849999999999
RbSc(WO4)2,3.65595,-2.5969486331250007,0.0067033720833325,277.28975083350633,5.469857025049628,18.0,3.53395,-0.122
RbSiBiS4,2.0549,-1.084620106428571,0.0,785.3206985924452,3.8127636323292062,28.0,4.0531,1.9982
RbSm2CuS4,1.039999999999999,-1.884023039062499,0.0,396.8090568117302,4.837496869976756,16.0,4.0219,2.9819
RbSnS4,1.43315,-0.9105594260937491,0.000203815260417,2081.9599226977152,3.188097637023541,72.0,3.53895,2.1058
RbTaTiO5,3.0092,-3.234394786645834,0.0,486.0244584461452,5.388344561092444,32.0,3.4903,0.4811
RbTi2(PO4)3,2.6172,-3.0247049458664015,0.0004601395833325,488.0917428594528,3.1715712770398197,36.0,3.4271000000000003,0.8099000000000001
RbTi3AlO8,2.5876,-3.317280524423077,0.034981549912577,153.55989067063567,4.15292442195445,13.0,5.1749,2.5873
RbTi3FeO8,2.2955,-2.990403979038461,0.029193120769223,159.61832719311738,4.295568920611418,13.0,4.4992,2.2037
RbTi3NbO9,2.3867000000000003,-3.269866175178571,0.007985448750028,376.272458334868,4.112769916613933,28.0,3.6673,1.2806
RbTiAsO5,3.077099999999999,-2.558047898385418,0.0,959.550473853477,3.990668921108715,64.0,3.2872,0.2101
RbTiNbO5,2.6967,-3.105198752916667,0.0,472.80712947817005,4.302138693515294,32.0,3.1938,0.4971
RbTiP2O7,0.1089,-2.878090893419913,0.036110343665557,643.7037437522365,3.170696670112609,44.0,4.2134,4.1045
RbTiPO5,2.7021,-3.038539595684524,0.0,924.842685345289,3.509171333173997,64.0,3.5666,0.8645
RbTiZnOF5,3.1708,-3.190915187314814,0.001147786620373,284.7948715462963,3.611914945499152,18.0,1.9634,-1.2074
RbTm(WO4)2,4.29485,-2.6515180958333335,0.026185368541666,500.87299320861933,5.758699318075488,30.0,3.3535000000000004,-0.94135
RbV(CuS2)2,1.108099999999999,-1.084312144687499,0.0,377.0057409669853,3.451061205399365,16.0,3.4834,2.3753
RbY(WO4)2,3.4123,-2.659604904791666,0.0,334.7267366223534,6.648063451296468,24.0,4.5281,1.1158
RbYMnWO6,2.6968,-2.637586802043103,0.030997922375002,298.7219043309353,5.660517626426455,20.0,4.9093,2.2125
RbZn2HSe2O7,4.2094,-1.600620045264422,0.0,425.8676294174577,3.799445738089481,26.0,3.7832,-0.4262
RbZn2P2HO8,3.9293,-2.37537065057398,0.0,413.62588581012784,3.269776293094307,28.0,3.2885,-0.6408
RbZn4(BO3)3,2.7811999999999992,-2.327454889411765,0.001465559246323,455.84748978661,3.814189446118246,34.0,2.9311,0.1499
RbZnB(PO4)2,4.8807,-2.652137123919414,0.0,369.12951866463777,3.1636387370120422,26.0,4.8351,-0.0456
RbZnH2Se2BrO6,4.0088,-1.467871681899038,0.0,437.4264584684924,3.69527753942861,26.0,3.6358,-0.373
RbZnH2Se2ClO6,4.3352,-1.503264309591346,0.0,425.6155723400772,3.450970825517521,26.0,3.8422,-0.493
RbZnPO4,3.7149,-2.513455971734693,0.0,450.065017152841,3.628280020832351,28.0,3.8386,0.1237
RbZnSClO4,4.5467,-2.0373746340625,0.0,611.9837085052178,3.064941800207648,32.0,3.5114,-1.0353
Re(WO4)2,0.1038,-1.93316775840909,0.195141152386364,278.0679001198052,8.143996710381224,22.0,3.6377,3.5339
Sb(S8I)3,2.5185,-0.5137061626785691,0.0,849.1591335879498,2.487473887727597,28.0,2.3956,-0.1229
Sb2(S2O7)3,4.1996,-1.711118435344838,0.0,780.4869004658792,3.284528638063931,58.0,4.5431,0.3435
Sb2(SO4)3,3.7726124999999997,-1.7651350280422788,0.01843670386948425,833.4218322987215,3.4345460234529335,55.25,5.0012,1.2285875
Sb2AsS2,0.5524,-0.173465543458331,0.018359259000003,253.3854569492384,5.014297941329248,10.0,5.9798,5.4274
Sb2H6CS(ClO)6,2.6062000000000003,-1.207369747499999,0.167736593541663,1775.1786946248803,2.253831825196053,88.0,0.9068,-1.6994
Sb2HCSCl6O5F3,2.5456,-1.51924776875,0.144970744342129,1673.8621979502796,2.532932723638989,76.0,1.1222,-1.4234
Sb2Pb2S5,1.0418,-0.6431805041666651,0.014895096388887,932.7654721935228,5.826664168238932,36.0,5.9253,4.8835
Sb2S19F12,1.9679,-1.4195136338636352,0.0,3112.23618031106,2.306514000050649,132.0,2.1601,0.1922
Sb2S2O,1.2246999999999995,-0.9468525817499995,0.004084104916665,354.79315309465153,4.587919358763946,15.0,5.5545,4.3298000000000005
Sb2S2O9,4.1158,-1.803163485769232,0.0,746.3491007059582,4.019424699833061,52.0,5.8566,1.7408
Sb2S3,1.28085,-0.2869395396874985,0.0003034854999995,523.1196781691459,4.314296071563943,20.0,5.59755,4.3167
Sb2S4O15,4.4244,-1.75689634595238,0.0,1213.7833972531348,3.347779011022635,84.0,5.3155,0.8911
Sb2SNF11,3.5694,-2.205997224,0.085267674845254,1048.169384071235,3.159420000917122,60.0,0.4235,-3.1459
Sb2WO6,1.189099999999999,-1.961205790555554,0.0,254.21595971696368,6.837129729563118,18.0,4.9979000000000005,3.8088
Sb3As2S14(IF8)3,1.8401,-1.652918828152172,0.140914715122931,1027.7907245081765,2.909295040790153,46.0,1.587899999999999,-0.2522
Sb3AsS6,0.9631999999999992,-0.2368524879375,0.01770727975,510.0830361233878,4.118713976400113,20.0,5.1213,4.1581
Sb3P6WO24,0.191399999999999,-2.343831983466385,0.033356340441118,515.7076875803031,3.602927002745775,34.0,2.1727,1.9813
Sb3S2XeN(O2F9)2,1.6989,-2.064947771206896,0.14064453373563,2005.3103146141284,3.24828540461598,116.0,-0.4676,-2.1665
Sb4(SeS)3,1.035899999999999,-0.274394061812503,0.01147474475,545.6645188689293,4.991466183022158,20.0,5.2896,4.2537
Sb4H2SO10,3.3641,-1.710180376617647,0.0,1024.45817423278,4.416062638885551,68.0,6.0444,2.6803
Sb4H8C2S7N,1.2198,-0.390239662840908,0.040050103403408,1578.607771845759,3.18762444042082,88.0,4.0613,2.8415
Sb4Pb4S11,0.053399999999999,-0.564335487763156,0.074772864473688,981.6495523386571,5.644989610946013,38.0,4.7694,4.716
Sb4Pb5S11,1.3758,-0.6613551538124981,0.009317917062498,4226.5461930074025,5.895621274928444,160.0,6.1662,4.7904
Sb4S3N2,0.8710000000000001,-0.099433971493056,0.060145486944445,214.328138201968,4.735737715596988,9.0,6.0018,5.1308
Sb4S5Cl2,1.9429999999999992,-0.440548647869315,0.005981893939395,1292.7751619041353,3.690408327923284,44.0,4.6876,2.7446
Sb4Se3SI4,1.3967,-0.5985618512109371,0.004312275208331,410.6726564261791,5.109329569609287,12.0,4.609,3.2123
Sb6Pb4S13,0.9344999999999992,-0.6158170607608671,0.020349895760868,1196.4342025836454,5.485576388611861,46.0,5.8153,4.8808
Sb6Pb6S17,0.7808,-0.6250925138793081,0.008129450948272,1459.7525582662845,5.730661285442892,58.0,6.0987,5.3179
Sb6S2O15,3.270399999999999,-1.812846898478262,0.0,672.1064941939793,5.112666628907409,46.0,6.6865,3.4161
Sb8(Pb3S7)3,1.6282,-0.6585281323026291,0.006177715789471,2049.6500926350795,5.690942131954312,76.0,6.0113,4.3831
Sb8(PbS5)3,1.6402,-0.609623791634614,0.0,1409.083780660731,4.894480800472,52.0,5.5936,3.9534
Sb8Pb5S17,1.545599999999999,-0.6300651594166651,0.0028155005,1616.1238217888265,5.250816128920025,60.0,5.9371,4.3915
Sb8Pb7S19,1.3029,-0.6386233828676451,0.012041941029409,1826.329095367633,5.516642413689817,68.0,5.8633,4.5604
Sb9S4F39,1.7301000000000002,-2.495519182019229,0.0,3715.88102045561,3.512514950194067,208.0,0.4276,-1.3025
SbAs3(S2F3)2,2.4223,-1.604592454821428,0.045819316923702,1303.5836922717303,2.99998921043201,56.0,2.5739,0.1516
SbC6S2F19,2.5341,-1.779381451249999,0.195664624436086,826.940000506778,2.485663408420104,56.0,0.8904000000000001,-1.6437
SbCSCl2F9,3.8215,-1.991401288214285,0.050783145550203,987.4133368560867,2.742710201377567,56.0,1.9389,-1.8826
SbCSF11,4.478,-2.196961363392856,0.085481108523461,877.433835796094,2.837365649593662,56.0,1.5984,-2.8796
SbH2CS(OF3)3,4.9442,-2.025876717352941,0.09907133212009,508.236326446073,2.52778195981526,34.0,1.6,-3.3442
SbH2SO3F7,5.0502,-2.122721678035714,0.005686365119044,827.0288622807851,2.705181964816304,56.0,1.7004,-3.3498
SbH36S4N11,2.222099999999999,-0.455759605865384,0.0,1082.7363222095546,1.350776574686309,104.0,1.6884,-0.5337000000000001
SbH3CSCl6O,2.046,-0.8708529181730771,0.156848618605765,1259.623600370868,2.096473922667451,52.0,0.7007,-1.3453
SbH3S(O2F3)2,4.3864,-2.021338385416666,0.0,419.2914796744437,2.652139045897963,30.0,1.5817,-2.8047
SbH3SO6,4.502599999999999,-1.588883756931817,0.005059989250015,498.0656133996279,3.371920123807416,44.0,5.7296,1.227
SbHCSO3F8,4.5393,-2.04098646925,0.124784834722222,877.9695578061633,2.7751941455248392,60.0,1.7764000000000002,-2.7629
SbHSF10,4.819100000000001,-2.27621725875,0.0,784.81971033854,2.918285793743529,52.0,1.8645,-2.9546
SbIrS,1.2331999999999996,-0.5919473442708345,0.001375398333332,224.29406703892874,10.247557195640443,12.0,9.130849999999999,7.8976500000000005
SbOsS,1.119199999999999,-0.482026049166666,0.0,227.567548364984,10.042148323235562,12.0,9.0238,7.9046
SbP2SN3Cl10,1.8468,-0.8903663961344531,0.071965482816175,1913.874187885147,2.125083550321732,68.0,1.164,-0.6828000000000001
SbPC3S3N3Cl3O,3.3623,-0.63380179047619,0.117221607875005,1528.4963022043785,1.952626417704871,60.0,2.5542,-0.8081
SbPS4,2.196,-0.5979237114682521,0.0,2100.7869258180144,2.665293353861949,72.0,3.9723,1.7763
SbPb2S2I3,1.6721999999999995,-0.7529004584374991,0.037810702968748,824.6011081840838,5.919240620924285,24.0,4.90645,3.2342500000000003
SbRhS,0.871799999999999,-0.670336395937499,0.0,223.74553353107424,7.621354815175237,12.0,8.1809,7.3091
SbRuS,0.9252,-0.6839663625000001,0.0,225.4336119818288,7.5102040314223295,12.0,8.6987,7.7735
SbS(BrF2)3,2.5934,-1.8635355755681815,0.0006217148863655,930.2454572687068,3.6240550870819455,44.0,0.7674500000000001,-1.8259500000000002
SbS2NCl6,1.6653,-0.357139425556061,0.124436870397062,292.1543028338669,2.345208754953904,10.0,1.2333,-0.432
SbS2NCl8,1.825699999999999,-0.401380766176719,0.057320260563729,1502.741242316684,2.137174356436745,48.0,0.8529,-0.9728
SbS2NF6,2.6713,-1.827770044,0.096056985783228,187.3963820599147,2.781386802694434,10.0,1.0605,-1.6108
SbS3N2Cl7,1.8447,-0.245937132148378,0.15120702450226,3061.857739256781,2.143895237263262,104.0,1.0621,-0.7826000000000001
SbS7IF6,2.0126,-1.278051135999999,0.199605164587703,1471.5334049139651,2.650076183519047,60.0,2.1423,0.1297
SbS8Cl3,2.8648,-0.316625607916666,0.0,694.5725615068525,2.317287026000717,24.0,2.6488,-0.216
SbSBr,1.77005,-0.7872352724999991,0.001006030833333,349.18295175152275,4.450474488717737,12.0,4.17665,2.4066
SbSCl9,1.7043,-0.52524908934659,0.006200965681822,638.7447097620344,2.464971089621754,22.0,1.01825,-0.68605
SbSI,1.5989333333333333,-0.5983534383333303,0.007500859999997,400.8248902938545,4.658119596555582,12.0,4.6294,3.030466666666667
SbSNCl5,1.803599999999999,-0.421892825711546,0.136688659613973,1989.2318258807595,2.304594348229434,64.0,0.7263000000000001,-1.0773
SbSNF5,2.2156,-1.938461452890624,0.100195146808308,2226.3454661926344,3.136469552810876,128.0,0.7073,-1.5083
SbSNF6,3.3498,-1.935759029861111,0.139845748995544,1273.7137411580522,2.939289252469683,72.0,0.4318,-2.918
SbSO2F5,3.4487,-2.2567278480555557,0.036192118055555,647.2486062785086,2.881771414963898,36.0,0.706,-2.7427
SbSO2F7,3.4888,-2.259452741136363,0.043544171363635,823.3960805365385,2.571791763086498,44.0,0.0582,-3.4306
SbSO4F3,1.890699999999999,-1.9454637675,0.058371537537039,640.9030568341168,2.848141878383052,36.0,0.3116,-1.5791
SbSe2S(NF3)2,1.5584,-1.484182544557292,0.130305664753401,1853.0302516917263,3.252910264221928,96.0,1.577999999999999,0.0196
SbTe7SXeCl(OF4)9,1.5293999999999999,-2.0806898212351195,0.0432100128125375,1964.3075294146397,3.451960907159815,112.0,-0.3646,-1.8939999999999995
Sc(CuS)3,1.0553,-0.9260874397767852,0.007183582767847,227.5004788856635,4.8434926637460265,14.0,6.9052,5.8499
Sc2(WO4)3,3.8262,-2.6936886424999997,0.02007550352941,874.4645039270914,5.316669934481015,51.0,3.5356500000000004,-0.2905500000000001
Sc2CdS4,0.9581,-1.794121224464285,0.0,314.0606907829909,3.495793711911953,14.0,3.5202,2.5621
Sc2SiSn2S5O24,2.0276,-2.308120350220589,0.043361331703411,1548.658368186224,2.894182599218539,102.0,2.6284,0.6008
Sc2Ti2O7,3.1997999999999998,-3.69920657276515,0.0283720746590905,554.4654225515616,3.755780537306796,49.5,5.2397,2.0399000000000003
Sc2Ti2SiS5O24,2.322,-2.597728224730393,0.028747170808824,1512.6816173537925,2.496410773718467,102.0,2.0314,-0.2906
Sc2TiO5,3.1323,-3.806863982916667,0.0,200.9679973897723,3.598834323970924,16.0,4.6352,1.5029
Sc2TlCu3S5,1.048899999999999,-1.251640933712121,0.0,411.0562132448964,5.213283674681593,22.0,6.5112,5.4623
Sc2ZnS4,0.5768,-1.875742454999999,0.009632063214286,289.43951369202097,3.253854532741361,14.0,3.5785,3.0017
Sc4Ti3O12,2.7808999999999995,-3.720610414210526,0.0403515323683865,314.12285920219927,4.089037658223697,28.5,5.8963,3.1154
ScCu(WO4)2,0.9948999999999992,-2.340068339583332,0.028797600208333,286.1480158112536,7.012173016662291,24.0,5.3534,4.3585
ScCuS2,0.8709000000000001,-1.474168582656251,0.0,72.54168961050509,3.951686754982069,4.0,5.9088,5.0379
ScFeO3,1.2694,-2.699800307999999,0.138111688874998,201.36983821600376,4.908118132097733,20.0,6.232,4.9626
ScSnP(SO6)2,2.2843,-2.399593024782914,0.019735655949761,1532.9007780742918,2.929773571285865,102.0,2.5772,0.2929
ScTiP(SO6)2,2.142,-2.667110493704482,0.02701563583333,1493.3452143794134,2.534729904369604,102.0,1.9112,-0.2308
ScTl2Mo15S19,0.011099999999999,-0.9943389080855852,0.009240325382878,1493.767746944111,5.562798171343094,74.0,5.3424,5.3313
Si(SnS2)2,2.1185,-0.586933628392858,0.004169816785712,714.7135632374863,3.659440813561365,28.0,5.8535,3.735
Si2WO6,0.001699999999999,-2.781807325555555,0.078969078703703,231.60014010932105,4.81824764098437,18.0,2.4898,2.4881
Si3(WO6)2,3.0736,-2.620781343970589,0.142887299999994,863.2861007153812,4.954416654651649,68.0,4.1163,1.0427
SiSn2(SO6)2,2.198,-2.070898654019608,0.052556755269606,1547.818390247326,3.357696907538631,102.0,3.1669,0.9689
SiSnGe(SO6)2,1.912999999999999,-2.034315259607843,0.097817854093136,1440.35495591069,3.289535537147889,102.0,2.885,0.972
Sm12Sn(GeS7)4,1.477399999999999,-1.810702072555555,0.0,1024.301668845828,5.044039284863799,45.0,5.037,3.5596
Sm2(WO4)3,4.38155,-2.7340236766911765,0.026556422573526,1030.7066095074715,5.6785629787828125,51.0,3.3515,-1.0300500000000001
Sm2CdS4,1.994,-1.842055654285713,0.095552811071429,310.3352266938511,5.793740629338958,14.0,5.5639,3.5699
Sm2InCuS5,1.1237,-1.624224324074074,0.014072377222221,739.9984781227776,5.739274635964729,36.0,6.383,5.2593
Sm2MgTi2(ClO3)2,0.102299999999999,-3.160584147820513,0.190795139615397,201.10692482966823,4.852317807849496,13.0,5.8342,5.7319
Sm2Mn3(SbS3)4,0.1398,-1.046912921609194,0.028626450238096,462.3600958032572,4.803028650620211,21.0,5.825,5.6852
Sm2Sn3(PbS4)3,0.5084000000000001,-1.139831664999998,0.006317858374998,958.35595702749,5.763742316179697,40.0,5.2757,4.7673
Sm2SnS5,0.0116,-1.741724530937499,0.003524814687498,346.14505087256106,5.562441665018164,16.0,4.9752,4.9636000000000005
Sm2Ti12(CuO4)9,0.0735,-2.719798642881357,0.04837148830507,620.867336816262,5.410653074131092,59.0,4.5377,4.4642
Sm2Ti2O7,2.7306,-3.725298062424243,0.011980593636367,268.5184016605645,6.28858768027557,22.0,5.3597,2.6291
Sm2Ti2S2O5,0.779899999999999,-3.293637026969698,0.0,171.5198109939537,5.233540452031737,11.0,4.204,3.4241
Sm2Ti3(BiO6)2,1.4955,-3.120966273157895,0.04131336578947,241.88514574316423,7.237584411582504,19.0,5.9945,4.499
Sm2TiMnO6,1.6792,-3.436049351626438,0.029054487749998,249.6574431734069,6.644904021153874,20.0,5.5602,3.881
Sm2TiO5,3.1966999999999994,-3.7880597854166673,0.0351775721875,452.7486996386847,6.288223658605347,32.0,4.92405,1.72735
Sm2WO6,3.4455333333333336,-3.254275479259259,0.012721946851851332,490.2245585113899,7.869734410682582,36.0,5.424833333333333,1.9792999999999996
Sm2ZnPtO6,1.7044,-2.6055048565,0.034153243062496,248.9041711615474,8.769012415854135,20.0,5.2671,3.5627
Sm2ZnS4,1.621899999999999,-1.82563608,0.168779667499999,307.2129622105798,5.344515691591058,14.0,5.0222,3.4003
Sm2ZnTe2(SO7)2,4.0068,-2.368156016111111,0.0,306.25639173836186,4.93109137043896,21.0,5.7605,1.7537
Sm3BWO9,3.825699999999999,-3.350879025654762,0.0,362.6861262093619,7.231432999105853,28.0,5.531,1.7053
Sm3CuGeS7,1.7739,-1.746015828541666,0.0,510.15962797385873,5.284206580724128,24.0,5.7769,4.003
Sm3CuSiS7,1.655699999999999,-1.836235165624999,0.0,508.0022116019084,5.015371645015898,24.0,5.9395,4.2838
Sm3CuSnS7,1.703599999999999,-1.725180789375,0.0,535.3362102881968,5.32149867355717,24.0,5.928,4.2244
Sm3Mg2MoS8,0.388399999999999,-1.777505670357142,0.158515471428571,343.7774127853347,4.116117909371717,14.0,3.7033,3.3149
Sm3W(ClO2)3,3.454,-3.110908441538461,0.0,399.5947105385796,6.958693268633294,26.0,5.9565,2.5025
Sm4GaSbS9,1.9465999999999992,-1.839902485166666,0.0,1385.806729271771,5.183655835714276,60.0,5.6061,3.6595
Sm4InSbS9,2.1754,-1.816443737194443,0.0,2855.0759209907505,5.24194339014166,120.0,5.8876,3.7122
Sm6Cd(GeS7)2,2.0564,-1.79872527021739,0.0,516.2978152735151,5.174165782412366,23.0,5.4627,3.4063
Sm6Cd(SiS7)2,1.874099999999999,-1.891905452826086,0.0,509.5769079996063,4.952032704038411,23.0,5.6073,3.7332
SmBiS3,1.650799999999999,-1.494334856500003,0.010728265249998,485.9333540089203,6.22665080862403,20.0,5.8263,4.1755
SmBiW2O9,2.6689,-2.474325542115385,0.007937407211542,763.0296493535305,7.582166361792146,52.0,4.5719,1.903
SmCu(WO4)2,1.4422,-2.3625958110416665,0.0385217068229175,320.73097273603366,7.349417625804427,24.0,4.8573,3.4151
SmCuS2,1.1678,-1.631051361874998,0.0,309.319124764963,5.970398891720823,16.0,6.0669,4.8991
SmCuTeS,0.0937,-1.425976595416666,0.0,729.9612149149351,6.798489859175519,32.0,5.8572,5.7635000000000005
SmTiClO3,3.2107,-3.510568672222222,0.0,190.51625433375835,4.910212589946849,12.0,4.4321,1.2214
SmTiNbBi2O9,2.722,-2.86172069809524,0.009780278571419,378.0499850963917,7.494179618110258,28.0,6.0651,3.3431
SmTl(WO4)2,2.743999999999999,-2.494713035277778,0.0,345.1375554260299,8.183132319322608,24.0,4.8144,2.0704
SmWO5,0.2851,-2.595847186785714,0.13032561758928,445.89980128030095,6.169909004612114,28.0,0.3146,0.0295
SmZnPO,1.3609,-2.022121642410714,0.0,140.0999069865255,6.228321400468991,8.0,5.5324,4.1715
Sn(PS3)2,1.194299999999999,-0.354657503647487,0.0,214.63247137182395,2.8861429183623573,9.0,3.7388,2.5445
Sn(S4I)4,1.0393333333333332,-0.47304601380952765,0.071416626666667,1768.1414862788672,2.194177817036737,42.0,0.6108,-0.4285333333333334
Sn(SO2)2,2.7132,-1.47520424142857,0.118010159999998,558.5905790448968,2.935126321726522,28.0,4.4374,1.7242000000000002
Sn(SO4)2,2.5683,-1.8143456282954544,0.0,1124.3141922585494,3.67266727701844,88.0,3.5851,1.0168
Sn(WO4)2,3.0130999999999997,-2.0385954679545444,0.1295255199999945,228.95518205341102,6.540826268251797,16.5,3.97065,0.95755
Sn2(SO4)3,2.1814999999999998,-1.8242667643198518,0.015473894062496,1141.5480493356977,3.4440351633668187,76.5,3.650575,1.4690750000000001
Sn2As2H24C8S2O3,3.1092,-0.340693383292682,0.145746549756098,1136.127305521906,1.811385373247433,82.0,2.312599999999999,-0.7966000000000001
Sn2H22S6N4O3,2.3969,-0.7076257345945931,0.0,1810.5054371049848,2.039818883999798,148.0,2.9583,0.5614
Sn2H2SO5F2,3.8681,-1.8828221774999991,0.024004642986111,679.1174849004985,3.809480140804078,48.0,5.599,1.7309
Sn2P2SO12,2.6233,-2.258408084516807,0.000741322389703,1504.9913750621945,3.465142246069724,102.0,3.6021,0.9788
Sn2S3,0.7774000000000001,-0.473891994187499,0.0,496.657169252844,4.461675175551384,20.0,5.4775,4.7001
Sn2SI2,1.6389,-0.7331438765,0.0,2169.6856478165105,4.805949829052046,60.0,4.864,3.2251
Sn2SO5,3.5104,-1.810662711093749,0.07422323171875,1149.635097492876,4.038349318590439,64.0,5.7522,2.2418
Sn2Sb2S5,0.785099999999999,-0.352255500173605,0.017404135555555,942.2799299564608,4.520294025969337,36.0,5.8242,5.0391
Sn2SbS2I3,0.8454999999999995,-0.6130191531249991,0.07239113156249899,534.5638658216915,5.010739100539406,16.0,4.90055,4.05505
Sn2SeS,0.6523999999999991,-0.457951257968748,0.00486245375,215.84575600489063,5.361296379145178,8.0,5.9167000000000005,5.2643
Sn2SeS2,0.5106,-0.447998890937498,0.0178014695,518.7455076920699,4.87215184218645,20.0,5.2351,4.7245
Sn2WO5,2.421699999999999,-1.9309384737499984,0.031548003437501,1082.4215080080846,6.151812947164751,64.0,5.071,2.6493
Sn3P6WO24,2.6987,-2.483796874789916,0.0032528395956,495.9701301085945,3.7156738052829192,34.0,3.4719,0.7732
Sn3WO6,2.161499999999999,-1.85806374525,0.038670059249999,711.6421731715209,5.935831753975785,40.0,5.5821000000000005,3.4206
Sn4SF6,2.6403,-1.9855961215056803,0.0442013775000005,354.6183938710636,4.426884798465261,16.5,5.047000000000001,2.4067
Sn4SI6,1.2495,-0.7389109379545461,0.000563449242423,840.5443755858996,5.011310759301236,22.0,4.6554,3.4059
Sn4Sb6S13,0.8239000000000001,-0.292335607241842,0.059407374021741,1201.4216897239337,4.484355861288815,46.0,5.9195,5.0956
Sn5(S2Cl)2,1.0095499999999995,-0.568060518295453,0.063009149545453,613.0012910527528,4.300122047411797,22.0,5.3142,4.3046500000000005
Sn5(W4O11)2,1.5501,-1.788975333999999,0.161659738142857,1027.330993327516,7.81109270020587,70.0,5.4066,3.8565
Sn5Sb2S9,0.7164,-0.375935072832028,0.0391747703125,1563.7389126455598,4.781345755094854,64.0,6.103,5.3866
Sn5W8O23,1.719399999999999,-1.840291658472221,0.141020211319446,1122.855771093232,7.19390066659721,72.0,5.1479,3.4285
Sn7(SBr5)2,2.0136,-0.960317447894736,0.111000342894735,750.8043786552089,3.746895641882797,19.0,2.7364,0.7228
Sn7(SI3)2,0.2026,-0.5594446886666671,0.078267858222222,548.2761438231539,5.017047578068455,15.0,4.7727,4.5701
SnCSNF,2.8283,-0.8564255769999991,0.128587475125001,427.6185622371695,3.04119892170885,20.0,3.942,1.1137
SnGeP2SO12,2.5034,-2.218766057850141,0.03108160611519,1399.9101082913814,3.39736312834672,102.0,3.4225,0.9191
SnGeS3,1.6591,-0.684868667,0.0,531.9924307893194,3.590124056442368,20.0,4.5016,2.8425
SnH12C4(SCl2)2,2.657,-0.5059452510869561,0.006431075590063,756.3092135185154,1.6896765208176232,46.0,1.1668,-1.4902
SnH12C6(S2N)2,2.8104999999999998,-0.2147292038,0.130574480779998,663.160001053476,1.798572838481992,50.0,3.3181,0.5076
SnH12C6S2(NO)2,3.4006,-0.408808843699999,0.153243158849997,1347.8813314574152,1.611464324644528,100.0,3.0711,-0.3295
SnH3S4N4Cl5O,1.8465,-0.5731951418750001,0.174635155069441,1527.3293236099391,2.17132551117024,72.0,1.6651,-0.1814
SnH4S6(NCl)6,2.1793,-0.393038553913042,0.175715052934785,988.8636926729308,2.055019696989478,46.0,1.9663,-0.213
SnH4SNO4F,3.72445,-1.4006223595833331,0.0714642136164515,636.9734123285008,2.6271598002669765,48.0,3.8619000000000003,0.13745000000000002
SnH58C16S4(N11O9)2,4.7301,-0.606163464012606,0.177853252561522,1215.571802490225,1.494107715625508,119.0,3.6221,-1.108
SnH6C2S,3.0337,-0.164219499739582,0.121869281541667,1884.5591777588256,1.912162357706785,120.0,2.3191,-0.7146
SnHg2(SBr)2,2.2093999999999996,-0.6518354950000008,0.06562157000000075,1191.5360938974798,4.2998848899903965,28.0,1.4182,-0.7912
SnPS3,1.4976499999999997,-0.38266007028273874,0.024579521499997,378.9950137501915,3.1858390228995934,15.0,4.995775,3.498125
SnPb4S5,0.590799999999999,-0.7452037152499981,0.019778495249998,266.4443396455604,6.904268633718987,10.0,6.1634,5.572599999999999
SnPbS2,0.643233333333333,-0.7090994566666646,0.027280613958332336,205.6361745296709,5.540882562713122,6.666666666666667,5.2421,4.598866666666667
SnPbS3,1.0929,-0.7322082604999981,0.007081248999996,504.4134958079262,5.558311572013088,20.0,5.6744,4.5815
SnPtS,0.8182,-0.6541440259374981,0.0,234.348190391611,9.802719279811738,12.0,7.7989,6.9807
SnS,0.9984571428571426,-0.40945620837053553,0.06262490678571357,175.82171962011358,3.680006308429903,4.285714285714286,3.959085714285714,2.9606285714285714
SnS16(Cl2O)2,2.122999999999999,-0.46163221195652,0.04713344576087,2850.199810609161,1.877293197399596,92.0,1.8637,-0.2593
SnS2,1.5096249999999996,-0.45392399979166476,0.0200457287500005,168.37323355533823,4.0435766956339805,6.75,4.59425,3.084625
SnS2(O3F)2,4.351800000000001,-1.939172750454545,0.004651076363634,707.9903017021929,2.972435727203756,44.0,4.5147,0.1629
SnSO4,3.9813,-1.8268899433333325,0.01015406541666475,362.6121071113772,3.949157347860589,24.0,6.083275,2.101975
SnSb2H24C8(SCl)2,3.1101,-0.221898186282051,0.126875302307692,1018.910107775782,2.012842691669922,78.0,2.8765,-0.2336
SnSb4S7,0.7078999999999991,-0.310690605598959,0.007458648541666,633.55208597682,4.351932118291823,24.0,5.5192,4.8113
SnSeS,0.9128,-0.434344480625002,0.014588768333332,77.92647492170565,4.8954343546097245,3.0,4.3402,3.4274
SnTe(PbS)4,0.5192,-0.711055121166664,0.020465665250001,280.76995560069537,7.117011121433152,10.0,6.0517,5.5325
SnWO4,2.38265,-1.9805612889583335,0.091512976041666,393.04029733616335,6.294304585202987,24.0,4.9063,2.52365
Sr(BiS2)2,1.060499999999999,-1.153065220119047,0.0,2267.6799656433022,5.569661114537823,84.0,4.6841,3.6236
Sr10Fe5Mo4WO30,1.227,-2.5558304058,0.004012947449998,645.9067915798665,5.663633259754834,50.0,4.695,3.468
Sr10Mg5Mo(W2O15)2,2.626,-2.9598721997,0.000540399466665,645.2950040847799,5.941772839216221,50.0,5.2223,2.5963000000000003
Sr10Mg5Mo2(WO10)3,2.4223,-2.935252344899999,0.000415969933346,643.8009617579226,5.728843483749795,50.0,4.938,2.5157
Sr10Mg5Mo3(WO15)2,2.3303000000000003,-2.910924030499999,0.0,642.8812212695154,5.509996937925112,50.0,4.9427,2.6124
Sr10Mg5Mo4WO30,2.379499999999999,-2.886149864099999,0.0,616.5197139779436,5.508846026636466,50.0,4.9986,2.6191
Sr12Zn2Co6O25,0.036,-2.318124754555555,0.015032083888913,618.6404426325731,5.196138707611004,45.0,2.3761,2.3401
Sr14La6Mg3Ti17O60,1.8583999999999992,-3.586404329316667,0.007120883624999,1233.9507150100935,5.257324356951473,100.0,5.8233,3.9649
Sr15Ti23O61,1.8133,-3.494360285521886,0.046730651060606,3975.604160774601,2.832891385207038,198.0,1.0381,-0.7752
Sr25Ti39O103,1.9476,-3.497663491886227,0.043031810149701,3324.546366898705,2.849649683545889,167.0,1.0574,-0.8902
Sr2CaTi3O9,1.9330999999999998,-3.536826415333334,0.016310831500003252,498.19249143651996,4.60547739035947,41.25,5.107875,3.174775
Sr2CaWO6,3.3491999999999997,-3.0020896723999995,0.04701925059999999,234.3974944033394,5.622590874651372,16.0,5.36788,2.0186800000000003
Sr2CaZn2Sn2(PO4)4,0.582499999999999,-2.609530854021163,0.141993189202669,406.7283202870473,3.933417180432863,27.0,4.5854,4.0029
Sr2CdWO6,3.4354799999999996,-2.5655372305999995,0.0530231844000006,228.64013697169284,6.618164880899914,16.0,5.3665199999999995,1.93104
Sr2Ce2Ti5O15,0.2724,-3.557335001319444,0.050628871729152,298.34698342796963,5.202896910651397,24.0,5.5986,5.3262
Sr2CeTiO6,2.2495,-3.490021248333333,0.100233760499978,146.3155492676496,5.211693204566416,10.0,5.3106,3.0611
Sr2CoWO6,1.4037249999999992,-2.6022031579999996,0.003058974500004,259.37122819731803,6.581582318536914,20.0,4.660275,3.25655
Sr2CrCuSO3,0.9866,-2.2969254753125,0.029657365117188,243.0884646302,5.066493872934626,16.0,5.2445,4.2579
Sr2CrWO6,1.1375,-2.762719481499999,0.002808716999998,256.55382715121806,6.56403145646491,20.0,5.5405,4.4030000000000005
Sr2EuWO6,0.008399999999999,-2.9907515225,0.038190942499991,301.1630126175221,6.694144081263204,20.0,4.7028,4.6944
Sr2FeWO6,1.709266666666666,-2.647372867666667,0.015642460333333,241.58143261950156,6.436449018468454,18.333333333333332,5.203283333333333,3.494016666666667
Sr2GaCuSO3,0.5552,-2.29533932625,0.033009584492186,241.29606015223663,5.348113167596844,16.0,4.9686,4.4134
Sr2GdWO6,2.1165,-3.100240127499999,0.051977910833331,595.6656804787518,6.827936824517514,40.0,5.3731,3.2566
Sr2HfTiO6,2.4529999999999994,-3.6618215538333336,0.0201920540000025,131.80916499415187,6.268746367049834,10.0,5.2316,2.7786
Sr2La2MgTi3O12,1.9859,-3.5957089160000004,0.025724911124999,371.94338240870184,5.447639114370963,30.0,6.4300999999999995,4.4442
Sr2La2MnZnO8,1.553099999999999,-2.956322597173645,0.055371930958331,768.8000529496051,6.0597851432034,56.0,6.0341,4.481
Sr2La3Ti2Cr3O15,1.5872000000000002,-3.3141651770666662,0.024473746299999,1221.6763742874502,5.891825123640121,100.0,7.2755,5.6883
Sr2La6TiCu3O16,0.044599999999999,-3.083868887619048,0.063657624285695,386.9232964195696,6.451070731794112,28.0,6.9199,6.8753
Sr2LaTi2Nb3O15,1.5888,-3.356631151159421,0.068199668804341,617.3442406928507,4.9954603043297325,46.0,4.3971,2.8083
Sr2LiCdWO6,1.7062,-2.400710667575757,0.162540258863635,159.84446809943475,5.967430781346536,11.0,3.9884,2.2822
Sr2LiCoWO6,1.9398,-2.384250190303028,0.172600208238634,147.7637104196617,5.8543387433164265,11.0,4.6674,2.7276
Sr2LiLaTi4O12,1.837099999999999,-3.470441762583333,0.058240624640623,241.60094253938837,4.84239942859761,20.0,5.523,3.6859
Sr2Mg(WO4)2,2.5744,-2.649455267307692,0.120438358589748,217.2866109525696,5.312984067119819,13.0,4.3175,1.7431
Sr2MgTi6N2O11,0.1295,-3.022433631363637,0.181267593636359,301.4027513073512,3.80561778327213,22.0,4.8746,4.7451
Sr2MgWO6,3.3476,-2.9805611059999997,0.0045957774999995,126.74566046344857,6.283319730435217,10.0,5.9352,2.5876
Sr2MgZn2Sn2(PO4)4,1.6271928571428569,-2.558651454320987,0.13483826824404416,399.4187731970491,3.9429442850034784,27.0,4.810192857142858,3.183
Sr2MgZnMoO6,1.63,-2.4892882681818183,0.1289335486363625,156.30196917790076,4.865136045387982,11.0,4.67785,3.04785
Sr2MgZnWO6,2.0822,-2.530657917727273,0.183121067272726,149.73835271706065,6.041509913081662,11.0,5.4332,3.351
Sr2MnWO6,1.7890499999999996,-2.750001004293103,0.0178784934999995,203.07184421892094,6.252694253391224,15.0,5.4430499999999995,3.654
Sr2NbWO6,0.7211999999999991,-2.877325457,0.102215773999995,140.01556632295114,6.498897500548237,10.0,5.273,4.5518
Sr2NiWO6,2.9406,-2.597509709999999,0.0,256.5395565126432,6.651097676605074,20.0,5.9255,2.9849
Sr2SmWO6,2.0057,-3.079033571250001,0.061292218208325,604.6911719281882,6.65034213306529,40.0,5.2765,3.2708
Sr2SnS3F2,2.0801,-2.467599055312499,0.0,693.0163860293587,4.103488517177864,32.0,4.648,2.5679
Sr2SnS4,2.4784,-1.600842348749998,0.0,383.2287284740521,3.658891660345114,14.0,4.6877,2.2093
Sr2SnS5,1.005499999999999,-1.423567932695313,0.0,764.3274466905207,3.947739350436545,32.0,4.5177,3.5122
Sr2TbWO6,2.0089,-3.128878083166667,0.039141372125001,588.2567970073718,6.932849041592898,40.0,5.3845,3.3756
Sr2Ti(SiO4)2,3.8662,-3.424073574102564,0.03257497096154,368.0809701592226,3.674697222660806,26.0,5.4146,1.5484
Sr2Ti5(Bi2O9)2,2.094299999999999,-2.888576598505748,0.007536681465518,753.6552576986278,6.779534139018601,58.0,6.0946,4.0003
Sr2Ti6N2O11,1.9010399999999996,-3.1768166985238087,0.0382012499880908,268.63983686333114,4.11959220632499,21.0,4.7676,2.86656
Sr2TiMnO5,1.0056,-3.078760217362707,0.051147827777777,511.6496061265429,4.648046601336079,36.0,4.1409,3.1353
Sr2TiMnO6,0.9917999999999996,-3.027909567376438,1.280775000012113e-05,236.19091363991663,5.259394998392146,20.0,4.252549999999999,3.26075
Sr2TiO4,1.9141999999999992,-3.443433267619047,0.0,95.59542788402864,4.987146509547847,7.0,4.3599,2.4457
Sr2TiP2O9,2.8073,-3.283568783044219,0.010836186071443,352.4194740604765,4.04320921136298,28.0,4.9626,2.1553
Sr2TiSnO6,2.985399999999999,-3.072028314833333,0.022482149749996,130.8302960104426,5.556864707567002,10.0,6.7940000000000005,3.8086
Sr2UZnO6,1.8031,-3.195823640999999,0.054006263000007,286.09688279415104,6.670950993989005,20.0,4.8266,3.0235
Sr2VWO6,0.8022,-2.788499068,0.012787181062492,132.10595222805898,6.360519546449493,10.0,5.9363,5.1341
Sr2WO5,3.1883,-2.900101233124999,0.010750292500004,440.1230257103122,6.62637007522004,32.0,5.1839,1.9956
Sr2Zn3(AsO)2,0.622599999999999,-1.450620670555556,0.000241533888889,163.21253776538498,5.629415625667955,9.0,4.0107,3.3881
Sr2Zn3Te2(PO7)2,3.556899999999999,-2.432398993157349,0.0,656.3218958530618,4.617911213675789,46.0,5.5572,2.0003
Sr2ZnCu2(SO)2,0.673,-1.707280695,0.068462276319443,145.0628637623755,5.309931878759118,9.0,5.3672,4.6942
Sr2ZnGe2O7,3.1157999999999992,-2.601126258333332,0.0,368.28636389096346,4.490112389139581,24.0,4.0135,0.8977
Sr2ZnGe2S6O,2.3133,-1.567097049166665,0.0,569.6023290017688,3.4651856951804723,24.0,3.8155,1.5022
Sr2ZnMoO6,2.37345,-2.5547535695,0.018083122500004,130.11458844878763,5.52071583920957,10.0,4.9239999999999995,2.55055
Sr2ZnS3,2.425899999999999,-1.897216927358632,0.040342723452381,577.4741175907379,3.874408250076568,24.0,4.8092,2.3833
Sr2ZnSi2O7,3.8987,-3.181093632083333,0.0,343.6194338384328,3.951200311112347,24.0,5.3775,1.4788
Sr2ZnWO6,3.5101249999999995,-2.6773955124374997,0.0094655305624905,262.12121796588315,6.5938820680714825,20.0,5.727875,2.21775
Sr2ZrTiO6,2.2452,-3.5759473896666663,0.030713170416665336,134.81829293813553,5.054314866712222,10.0,4.803266666666667,2.5580666666666665
Sr3Ca5Ti3Mn5O20,0.0075,-2.959592868115422,0.069679858333328,1944.054057458706,4.105207280876245,144.0,3.3016,3.2941000000000003
Sr3CaTi2Mn2O10,0.7831,-3.083949012918263,0.063420922222215,1998.908108437697,4.442986662269631,144.0,4.0316,3.2485
Sr3CaTi4O12,1.9214,-3.542857729166667,0.009910778875003,242.040594218453,4.709094465528555,20.0,5.0932,3.1718
Sr3CaTiMn3O10,0.0005,-2.808757070395913,0.058990862465277,2002.6423395397223,4.481607054541542,144.0,3.1238,3.1233
Sr3Cr2Cu2S2O5,0.400699999999999,-2.151978576428571,0.067598451562499,205.85714569440285,5.146977780626783,14.0,4.9674,4.5667
Sr3Fe2Cu2S2O5,0.145999999999999,-1.941332755714286,0.028111137884619,209.57267118727387,5.116719877760146,14.0,4.9302,4.7842
Sr3La3Zn2RuO12,0.4832,-2.848246662619048,0.045340647797616,300.58121992133266,6.095969022968214,21.0,5.2611,4.7779
Sr3LaMn2(WO6)2,1.7557499999999995,-2.816465397168103,0.025409482032389998,408.3956276123213,6.538794956279373,30.0,6.10245,4.3467
Sr3LaTi2Mn2O12,0.9112,-3.141403543751437,0.063762155208342,484.10232541806704,5.483891818803959,40.0,5.35775,4.44655
Sr3LaZnRuO8,0.508799999999999,-2.689399345357142,0.010878561517857,200.19475668448868,5.775042218382288,14.0,4.3156,3.8068
Sr3Nb2ZnO9,2.6769,-3.070764791666668,0.022797131000036,202.23698010239448,5.403371351929059,15.0,4.9308,2.2539
Sr3Sb4S9,1.0677,-1.259564848281249,0.0,1663.2902105360477,4.147069228580007,64.0,5.0818,4.0141
Sr3Sc2Cu2S2O5,1.2847,-2.722424895,0.032186641383928,219.4646036174967,4.72131324766085,14.0,5.9702,4.6855
Sr3Sn2S7,0.402,-1.4544926424739582,0.007990279999988,594.7154957067937,4.047147885400569,24.0,3.727999999999999,3.326
Sr3Ta2ZnO9,3.4116,-3.225355410644444,0.009813026555528,200.8179280477927,6.897562476196847,15.0,5.7198,2.3082000000000003
Sr3Ta4Ti4O21,2.3331,-3.472092738364585,0.031262879609373,831.0431950607128,6.050789433359647,64.0,4.3492,2.0161
Sr3Ta4TiO15,2.470099999999999,-3.467046486202899,0.034470066304365,626.9745466362345,6.751064648694634,46.0,4.3843,1.9142
Sr3Ti(GaO2)10,2.6054,-2.603764999950981,0.020009235183824,453.63277915437016,4.860990325493532,34.0,3.887,1.2816
Sr3Ti2O7,1.8404999999999991,-3.4925284151388603,0.0,155.59136359944824,5.022340116866562,12.0,4.6164000000000005,2.7759
Sr3Ti5O13,1.8868,-3.495266166079365,0.043937028523808,2137.3198377693966,2.758814028110158,105.0,0.8505,-1.0363
Sr3TiNb4O15,2.0061,-3.257794921884058,0.048172897173911,639.9338083322026,4.786705836895806,46.0,3.6622,1.6561
Sr3TiSi4O15,0.4074,-2.952098685144928,0.176642944528985,659.0450259148172,3.341310502940073,46.0,1.622199999999999,1.2148
Sr3W2O9,3.1305333333333336,-2.742968194464286,0.09711574482141934,754.5826717552615,4.924709047332061,37.333333333333336,3.7638666666666665,0.6333333333333332
Sr3WO6,3.52035,-2.991424185333332,0.01850196116666225,602.3076872970414,5.937782303329753,40.0,5.1512,1.63085
Sr3Zn3Te(PO7)2,2.9354,-2.63813170721532,0.0,321.7512724770255,4.503571215996367,23.0,4.7346,1.7992
Sr3ZnCoO6,0.6988499999999994,-2.3579199835227262,0.0311870655681815,599.1428187775001,5.3568361017693285,44.0,2.925,2.22615
Sr3ZnPtO6,2.566099999999999,-2.387038907272727,0.0,310.2300202676229,6.630266624023455,22.0,5.4837,2.9176
Sr3ZrTi2O9,1.9425999999999992,-3.570296004777778,0.018031799166665,389.664396435922,5.06101675984898,30.0,4.6422,2.6996
Sr4Al6WO16,3.4630499999999995,-3.302225066412037,0.0061437938194445,1948.2205961255397,3.6616690110891588,121.5,4.42385,0.9608
Sr4Fe2MoWO12,1.0308,-2.57859377,0.0221351235,259.6665310801415,5.972462060931326,20.0,4.1379,3.1071
Sr4Hf3TiO12,2.5782,-3.731331069666666,0.015858196250004,270.7962647975185,6.903533753905248,20.0,5.0099,2.4317
Sr4HfTi3O12,0.0001,-3.5978766634999992,0.018961286250004,255.5373876014747,5.618128834075408,20.0,4.7754,4.7753
Sr4LiMn2Cu3(SO)4,0.6343199999999999,-1.7501140728441893,0.17638632165971982,307.71849988580004,4.58842960551741,18.0,5.28496,4.65064
Sr4Ti3Nb2O15,1.6529,-3.403740778125,0.030192912083332,314.56091366502744,4.855989776201465,24.0,4.003,2.3501
Sr4Ti3O10,1.463099999999999,-3.508666600588235,0.00125413117645,215.50989030830584,5.039755198393024,17.0,4.5469,3.0838
Sr4Ti5(Si2O11)2,1.9364,-3.4684068836190463,0.001460580357148,439.0477420576048,3.986917125483158,35.0,4.3249,2.3885
Sr4Zr3TiO12,2.604,-3.618757124666666,0.015402569625001,277.10580712368915,5.177536201047497,20.0,4.6501,2.0461
Sr4ZrTi3O12,1.8673999999999995,-3.5466364075000003,0.0325250183750005,259.11274148755507,4.981375059941323,20.0,4.74145,2.87405
Sr51W12N56O3,0.0986,-0.9003421515983611,0.096195256967213,2272.9941861424745,5.484302921904753,122.0,4.2276,4.129
Sr5Ca3Ti3Mn5O20,0.1095,-2.952205971587642,0.063764359600689,1978.3290928465256,4.353324069626361,144.0,3.3942,3.2847
Sr5La3Mn4(WO6)4,2.107199999999999,-2.842544778418103,0.036327791486103,544.3659031286552,6.69233726860018,40.0,6.725,4.6178
Sr5Ti4FeO15,0.2471,-3.273427647133333,0.0124987656,613.2119074708992,5.011871020984148,50.0,3.3315,3.0844
Sr5Ti7O19,1.820799999999999,-3.4496308583333333,0.093591399838707,696.1756108169627,2.5692687992704872,31.0,0.7292000000000001,-1.0916
Sr5Ti8O21,1.857899999999999,-3.4985176012254917,0.041601703455881,2842.4077611183798,2.703739530903063,136.0,0.7977000000000001,-1.0602
Sr5Ti9O23,1.8845,-3.459892435270269,0.077627097567575,1432.7163861826705,2.867145036468857,74.0,0.7524000000000001,-1.132099999999999
Sr5W3O14,2.47205,-2.843848347386362,0.021969259659090502,980.6478193881453,6.16297503888437,66.0,4.1732,1.7011500000000002
Sr5Zn(PbO4)3,1.197,-2.320608102380953,0.007215639166675,331.1362189765809,6.60483169237328,21.0,3.5446,2.3476
Sr5ZrTi4O15,1.8698999999999992,-3.548097124866667,0.025564474166665335,319.7576050711015,4.989513427307725,25.0,4.837733333333333,2.9678333333333335
Sr6La14Mg7Ti13O60,1.806499999999999,-3.625149851283334,0.024192590024998,1245.485890951931,5.629986598935709,100.0,6.8853,5.0788
Sr6La4Zn3(RuO10)2,0.6715,-2.785675031428572,0.030588517571428,502.8141649545644,5.943482076620054,35.0,4.8622,4.1907
Sr6Mg(W2O9)2,2.2526399999999995,-2.740829207206896,0.1166352422758606,443.8667941674138,5.894482459185539,29.0,4.96652,2.71388
Sr6Sb6S17,1.8482,-1.33693586215517,0.0,3058.141466465428,3.912533411928158,116.0,5.2846,3.4364
Sr6Ti3FeO14,0.003499999999999,-3.216646102291667,0.00215796104172,634.539192799458,4.967741293352755,48.0,3.3605,3.357
Sr6Zn(RuO6)2,0.064999999999999,-2.5043551414285723,0.002323705476196,288.5214467341853,5.670516796056212,21.0,3.2678000000000003,3.2028
Sr7CaTi3Mn5O20,0.2943,-2.944019082420976,0.054968680486121,2025.3930614100711,4.56398840308542,144.0,3.5114,3.2171
Sr7CaTi7MnO24,1.0789,-3.411368998031609,0.013274633166659,482.1889929462255,4.915647546453928,40.0,4.3826,3.3037
Sr7CaTi8O24,1.771399999999999,-3.542799939166666,0.009415460687504,488.387558674985,4.829216780291869,40.0,5.0442,3.2728
Sr7W4O19,3.114099999999999,-2.8757239845,0.00210266749999,398.93351709219496,6.8792264065148245,30.0,5.2959,2.1818
Sr8MgZn4(WO6)4,2.2424999999999997,-2.5998556074390233,0.103036110975602,551.0018780924743,6.347541706235806,41.0,5.27605,3.03355
Sr9Zn4(CuO7)2,1.7851,-2.492094681034483,0.0,461.6150546251065,5.040807717375507,29.0,3.8169,2.0318
SrBiS2F,0.8544,-2.067490063,0.008654981083331,235.530496102666,5.354334346173236,10.0,3.8188,2.9644
SrCa3Ti4O12,2.17,-3.545401757666666,0.009579183125001,233.84445903736164,4.198950576382423,20.0,5.232,3.062
SrCa7Ti2Mn6O20,0.0129,-2.7948038864375797,0.104857267083334,1962.83730556914,3.768090737593905,144.0,3.2669,3.254
SrCa7Ti2Mn6O21,0.0771,-2.790745889641969,0.095221508040541,1924.4366845515292,3.898501647631944,148.0,3.4161,3.339
SrCa7Ti2Mn6O22,0.0773,-2.777775458006655,0.074555462258777,1875.7821043340607,4.056276090317733,152.0,3.4981,3.4208
SrCa7Ti2Mn6O24,0.347199999999999,-2.7486949469813213,0.041408490062504,1782.562279583383,4.38763414887326,160.0,3.1629,2.8157
SrCa7Ti3Mn5O20,0.76315,-2.921106410858476,0.10939544489584,1244.089821422575,3.6915121554389714,90.0,4.24605,3.4829
SrCa7Ti3Mn5O21,0.17565,-2.9117704710379773,0.10150139368243599,1218.9606535043847,3.8352090331045234,92.5,3.65055,3.4749
SrCa7Ti3Mn5O22,0.061099999999999,-2.912933762885663,0.073683229649116,1896.6510216718484,3.986881628826966,152.0,3.5679,3.5068
SrCa7Ti3Mn5O24,0.528299999999999,-2.882794022991379,0.034881182708338,1797.0694070805112,4.326078956052458,160.0,3.352,2.8237
SrCa7TiMn7O20,0.1342,-2.664362418370849,0.104458032916663,1933.8419305224727,3.84887510137122,144.0,3.2265,3.0923
SrCa7TiMn7O24,0.357,-2.613636894971263,0.048894773416663,1778.169178911896,4.424887243330186,160.0,3.1065,2.7495000000000003
SrCaCeTiO6,2.307,-3.4255440913333333,0.189643792,144.25210330542447,4.738970107693455,10.0,5.4395,3.1325
SrCaEuWO6,0.564599999999999,-2.9437157665,0.11474212572916,146.4983355780141,6.341839634112708,10.0,5.351,4.7864
SrCaHfTiO6,2.4601,-3.614766117333333,0.071534060000001,129.78740565186078,5.7580928436357,10.0,5.356899999999999,2.8968
SrCaMnWO6,1.566,-2.674870084793101,0.09784180525,133.56877204583378,5.749499305758373,10.0,5.6805,4.1145
SrCaNbWO6,0.6203000000000001,-2.816409505,0.180978594249992,138.158171258375,6.014855713135399,10.0,5.336,4.7157
SrCaNiWO6,2.9899,-2.592528748,0.011888360000007,248.59919667638863,6.228414944097863,20.0,5.9257,2.9358
SrCaP2WO8,1.3822,-2.767707228021977,0.195941090576948,358.4070857242384,4.646829633215236,26.0,6.445,5.0628
SrCaTi(PO4)2,0.3346,-3.085739913663003,0.149733080912692,342.4542979834888,3.5446473203575533,26.0,6.3647,6.0301
SrCaTi2(GeO5)2,2.8285,-3.046455474479167,0.00022564484375,412.48259385250174,4.256843710887631,32.0,4.4543,1.6258
SrCaTi2O6,2.0421,-3.537989146166666,0.015885578250003002,239.02517971538413,4.4382305176408625,20.0,5.1571,3.115
SrCaTiMnO5,0.8357999999999991,-3.094835633612706,0.064663230416666,1969.321186600164,4.189036981163529,144.0,4.0942,3.2584
SrCaTiMnO6,1.1237999999999995,-3.0127645173764375,0.03082313241666,346.19477900258084,4.703643516828295,30.0,4.29435,3.17055
SrCaVWO6,0.6616999999999991,-2.737379819,0.093421857291662,129.3084086936531,5.887607393330818,10.0,6.043,5.3813
SrCaZnSi2O7,4.0192,-3.167569670833332,0.008905494097223,329.2966486342663,3.643579496646047,24.0,5.5956,1.5764
SrCaZnWO6,3.3286,-2.612264107,0.102178893374998,128.85108192610298,6.094950700072733,10.0,5.9241,2.5955
SrCaZrTiO6,2.363999999999999,-3.526569539333333,0.084349141249999,132.60809626362078,4.542854821582814,10.0,5.1046,2.7406
SrCd3S4,1.3047,-1.119460227499998,0.127425259374999,180.01354908452274,5.102203414216747,8.0,3.7387,2.434
SrCd4S5,0.8757,-1.027765066749999,0.142704465999998,221.5753345383505,5.227900430992848,10.0,3.4119,2.5362
SrCrInWO6,0.2952,-2.254128255666665,0.163188590071433,128.54109186339804,6.901894363280556,10.0,5.8131,5.5179
SrCu2GeS4,0.8900499999999995,-1.020403124791666,0.0226109479166665,335.92822799839143,4.131258659032818,16.0,5.25075,4.3607
SrCu2PbS4,0.008499999999999,-0.914884422083332,0.101935623749999,564.4155831314702,4.855901183383804,24.0,4.1597,4.1512
SrCu2SnS4,0.4032,-1.024503914166666,0.007630022708333,543.8853477920591,4.228690847043191,24.0,4.8543,4.4511
SrCuSF,1.5126,-2.279969743203125,0.0,134.19405957745002,5.004838895047967,8.0,5.9487000000000005,4.4361
SrEu(WO3)2,0.0378,-2.592223686000001,0.069255737124997,271.8208719762849,8.592359811829512,20.0,5.9316,5.8938
SrEuHfTiO6,0.1183,-3.641549238833333,0.043894209999999,131.05264324711098,7.120184549991525,10.0,5.3992,5.2809
SrEuMgWO6,0.3566,-2.952167827000001,0.015446987999993,128.76527977267594,7.011806830200377,10.0,5.955,5.5984
SrEuNiWO6,0.4733,-2.5385660235,0.091971940249994,127.7868966126671,7.512355141938857,10.0,6.2925,5.8192
SrEuTiSnO6,0.279,-3.049584787333335,0.066933555812498,129.79197220820691,6.424526618215278,10.0,6.9114,6.6324000000000005
SrEuZnWO6,0.4957,-2.637237054500001,0.068640306999997,130.77142440452923,7.426179460981714,10.0,5.7603,5.2646
SrEuZrTiO6,0.006499999999999,-3.555401641833333,0.054688759249999,136.4877390903746,5.774953917111969,10.0,4.8548,4.8483
SrGdCuS3,1.1721,-1.939770980416665,0.0,532.3330730907946,5.048511214042101,24.0,5.0191,3.847
SrHfTiSnO6,2.2211,-3.193491268833334,0.114223669750002,132.0713179426386,6.6471619518797045,10.0,6.1011,3.88
SrInGaWO6,0.9516999999999992,-2.208315371416665,0.19683018981251,127.51451237413023,7.188305317533304,10.0,6.4939,5.5422
SrLa2WO7,3.3594,-3.303500319318182,0.002944395757577,645.1754294064644,6.8078181850378,44.0,7.5058,4.1464
SrLa4TiAl4O15,2.3661499999999993,-3.6726171363333338,0.024246253499969,424.6064198032779,6.09271450443995,37.5,9.23955,6.8734
SrLa4TiCr4O15,1.663999999999999,-3.237140147233333,0.0304909867,1221.277044084905,6.195134695280274,100.0,7.8565,6.1925
SrLa7TiGa7O24,2.182,-3.1651613462708337,0.029003499758933,977.6478159044434,6.7256598008228705,80.0,7.61065,5.42865
SrLa7ZnCu3O16,0.049299999999999,-2.9494840866071432,0.062760801696418,385.56827342450623,6.770163511088076,28.0,6.9097,6.8604
SrLaCuS3,1.1616,-1.967056765833332,0.0,541.4176281901659,4.73874901854795,24.0,6.5247,5.3631
SrLaMnWO6,0.6170999999999991,-2.8462178882931037,0.069652372314806,135.9850343524026,6.854139805718199,10.0,6.8449,6.2278
SrLaNbZnO6,2.372899999999999,-3.025107013499999,0.125794154416668,132.40550202899513,6.030331263172587,10.0,6.6418,4.2689
SrLaTiFeO6,1.7674,-3.157936793833333,0.044357253999999,246.34150235748143,5.746315467509045,20.0,6.7091,4.9417
SrLaTiMnO6,1.2272333333333334,-3.246207314043105,0.098559050595247,289.7535889451312,5.68921677415682,23.333333333333332,6.278733333333334,5.0515
SrLaZnRuO6,0.4717,-2.4661474745,0.056440624666663,255.75749442179008,6.349804529264316,20.0,5.1138,4.6421
SrLi2Ti6O14,2.951999999999999,-3.393170181050724,0.0,1091.8228634225354,3.727362794161203,92.0,4.4251000000000005,1.4731
SrLiLaTi3O9,1.8409,-3.4461226928888893,0.074899726187508,179.7710979599994,4.813031311356778,15.0,5.7238,3.8829
SrLiTi3Cr2O11,0.2061,-3.019325906851852,0.035010056265418,804.6223078583433,4.277307868110996,72.0,3.0245,2.8184
SrLiTi4CrO11,1.9996749999999999,-3.263825293182871,0.01835056302083125,817.3296805898444,4.177282220420952,72.0,4.947875,2.9482
SrLuCuS3,1.344199999999999,-1.93318916236111,0.0,254.86791489877123,5.503181074774239,12.0,5.4176,4.0734
SrMg14TiO16,0.16915,-2.892391728541666,0.145122349281252,332.68019516354144,3.6524441903347435,32.0,8.5884,8.41925
SrMg14ZnO16,5.0614,-2.8695082751562495,0.0933600006249995,329.6338969276841,3.7745647266697135,32.0,8.69135,3.62995
SrMg30TiO32,0.103799999999999,-2.9686787684895832,0.069232855421872,641.2862899087985,3.564597704095688,64.0,8.7523,8.6485
SrMg30ZnO32,3.830699999999999,-2.9594173632031247,0.0411713596874995,637.3966941844761,3.6320507866221936,64.0,7.770300000000001,3.9395999999999995
SrMg6ZnO8,4.88715,-2.6974383384375,0.189989043125,173.78568760558474,4.079447592174097,16.0,7.844799999999999,2.95765
SrMgSnWO6,2.887199999999999,-2.502269565,0.086130167970599,129.22356777128766,6.559621566727376,10.0,6.7513000000000005,3.8641
SrMgTi(PO4)2,0.5251,-2.993038152509157,0.153276125293035,322.70512125448454,3.599249803603779,26.0,6.8878,6.3627
SrMnSnWO6,1.4639,-2.258981318293102,0.120909409999999,136.14275483755347,6.599874309180371,10.0,6.1862,4.7223
SrMnZn(PO4)2,3.2563,-2.74431135593975,0.028021840769201,662.3799844411865,3.99012489463259,52.0,5.4688,2.2125
SrNd2Ti4O12,1.7245,-3.551595463070175,0.098350005921064,236.45871646115825,5.33406863950985,19.0,4.766,3.0415
SrNdCuS3,1.2165,-1.909333639166665,0.0,557.7689814217962,4.663379296856315,24.0,4.8579,3.6414
SrP2WO8,3.156,-2.689101072023808,0.105659673611112,343.6001891011848,4.459702136031306,24.0,4.3951,1.2391
SrSnS3,0.8335999999999991,-1.2687797256875,0.0,459.3685815383808,4.374305090181207,20.0,5.2421,4.4085
SrTi(PO4)2,2.4722999999999993,-3.145426959107142,0.03459643319446366,270.8898823405139,3.334295552361405,20.0,3.6928,1.2205000000000001
SrTi3Al8O19,2.6519,-3.465720377580646,0.0,1250.5494599772458,3.989182934100852,124.0,7.1585,4.5066
SrTi4(PO4)6,2.7819000000000003,-3.104235324319727,0.0,472.7938511624695,2.981549917386962,35.0,3.3817,0.5998
SrTi4Bi4O15,1.7965,-2.756441758472222,0.00309881072917,629.5297996305603,7.148292051899277,48.0,6.2423,4.4458
SrTiFe(PO4)3,2.2352,-2.8989516217923272,0.00492595986112,486.9489866446141,3.248082459592444,36.0,3.4903,1.2551
SrTiFe3(BiO4)3,2.0819,-2.113115530666667,0.030607005250001,256.1536912580928,7.273179472276719,20.0,6.2667,4.1848
SrTiFe4Bi4O15,1.8761,-1.985095523533334,0.064764362,331.81655618192207,7.180195000440198,25.0,5.988,4.1119
SrTiFeBiO6,2.4347,-2.597554239083334,0.015481548749999,509.4991364805721,6.47019861262349,40.0,5.9523,3.5176
SrTiGeO5,2.878599999999999,-3.044169573229167,0.0,424.5197934144532,4.508069262701845,32.0,4.7154,1.8368
SrTiH4(OF3)2,3.934199999999999,-2.8039751102380963,0.0,668.1886505762112,2.838103597711714,56.0,1.6647,-2.2695
SrTiNb2Bi2PbO12,0.9508,-2.655057635438596,0.038519382368416,257.60174117959843,7.338639370702177,19.0,5.2701,4.3193
SrTiO3,1.7859999999999994,-3.5417479733333335,0.0099143183333332,170.08279972861223,5.0164041471086795,13.75,4.962625,3.176625
SrTiSi2O7,3.608499999999999,-3.395760443939394,0.017766169924243,284.1586627106365,3.548925750224322,22.0,5.5177,1.9092
SrV2ZnO7,2.8518,-2.541929695,0.001000468522726,621.124664478415,3.923622876910773,44.0,3.1194,0.2676
SrVSnWO6,0.4945,-2.3139778385,0.132003965062498,132.1515029450214,6.748986058074086,10.0,6.5566,6.0621
SrVZn(PO4)2,1.783399999999999,-2.750004623791209,0.035995589607246,330.18034924982913,3.962127357297264,26.0,5.7127,3.9293
SrVZnP2O9,2.4493,-2.7677637646811237,0.008757951571409,1501.5678611108845,3.626481059822053,112.0,4.1279,1.678599999999999
SrWO4,4.6571,-2.7457271574999997,0.0,176.68614824725714,6.305422983224987,12.0,5.1432,0.4861
SrZn(SeO3)2,4.3597,-1.92458627646875,0.0,659.7145193894412,4.097219114101426,40.0,4.7656,0.4059
SrZn2(AsO4)2,3.0527,-2.129064480961537,0.0,817.4878393201052,4.032286771223366,52.0,2.873,-0.1797
SrZn2(PO4)2,4.1385,-2.727579975137362,0.0,744.5399220530396,3.643227857431577,52.0,4.5817,0.4432
SrZn2Fe16O27,0.9205999999999992,-1.7305168370652182,0.055223283831531,1041.114619393777,4.925059407867244,92.0,3.9158,2.9952
SrZnAsHO5,2.6572,-2.168857660694444,0.0,449.44674553829645,4.565904629239633,36.0,3.9317,1.2745
SrZnCo(PO4)2,3.1025,-2.614760241291208,0.034463117980768,644.7012413350054,4.1407013126033,52.0,5.147,2.0445
SrZnCr(PO4)2,2.279299999999999,-2.714811444175824,0.035073827269218,327.422626072487,4.006195354726612,26.0,5.7056,3.4263
SrZnCu(PO4)2,0.8401000000000001,-2.52207390032967,0.038126174903851,318.8957891449179,4.233599720945542,26.0,3.3936,2.5535
SrZnFe(PO4)2,3.3951,-2.663923033021978,0.022581204326923,326.1870439779093,4.060558276865711,26.0,5.6161,2.221
SrZnH6O5,3.6372,-1.682974977115384,0.0,268.43445742151016,2.957825331573492,26.0,2.6494,-0.9878
SrZnNi(PO4)2,4.0068,-2.611145653598901,0.016643805705123,635.6426129157242,4.197205263084927,52.0,6.0584,2.0516
SrZnO2,2.0793,-2.43478201625,0.0,220.7972612182532,5.566117779030704,16.0,3.69,1.6107
SrZnP2O7,4.4557,-2.8457895049350643,0.0,579.8405984470664,3.745514330339244,44.0,5.5974,1.1417
SrZnSn(PO4)2,3.238699999999999,-2.6057906660989,0.080351112764424,361.3315873668705,4.243418321791204,26.0,6.0759,2.8372
SrZnSnWO6,2.9475,-2.1864815515,0.14507504599999,131.5461984718703,6.962667948715973,10.0,6.2861,3.3386
SrZrTiSnO6,2.2854,-3.110940223833333,0.134916729000002,134.72096501498538,5.440807503831836,10.0,5.9455,3.6601
Ta(WO4)2,2.4493,-2.344126390666666,0.193431280852273,178.40749912867847,6.297712053532217,11.0,2.5093,0.06
Ta10Zn2Si9(SO8)9,1.4951,-2.694844786674838,0.021015256102939,1554.576133351238,3.881281896279405,102.0,2.4411,0.946
Ta2FeO6,2.7333,-2.9764097588518883,0.0,404.7810350800876,8.43004538466432,36.0,4.7657,2.0324
Ta2MnZn2O8,1.8718,-2.678555380969054,0.01669002423077,312.5193522096782,7.179960147114633,26.0,5.0646,3.1928
Ta2MnZnO8,1.1994,-2.625459605008141,0.085239683773155,572.7380113168197,7.077051127769542,48.0,2.639199999999999,1.4398
Ta2Si3Sn2(SO8)3,1.3978000000000002,-2.484827378446078,0.050292335330881,1562.0013782489848,3.711502015568857,102.0,2.5568,1.159
Ta2Ti2(CuO4)3,0.080099999999999,-2.571660571649123,0.066815443421047,211.993243156374,6.5817450840826055,19.0,3.5839,3.5038
Ta2Ti2Si3(SO8)3,1.7852,-2.7761640809950983,0.033949346397061,1518.9051718318792,3.352115684075858,102.0,2.3469,0.5617
Ta2Tl3Cu3S8,1.8183,-0.9094283984166672,0.0,409.5254873568331,5.766734454878364,16.0,4.7182,2.8999
Ta2VZn2O8,0.8167000000000001,-2.690851440935897,0.028057840769264,619.226277182245,7.204486431066718,52.0,5.3758,4.5591
Ta2W2O11,2.158,-2.657902518977777,0.072285932500003,594.9242960127115,5.055207789516857,30.0,0.7276,-1.4304
Ta2WO8,1.939299999999999,-2.915953204060605,0.010354463749999,1192.647633729021,7.504356175746119,88.0,3.0439,1.1046
Ta2Zn(CuO4)2,0.366,-2.227221631320512,0.141594345833327,708.9063008003894,6.393727955496382,52.0,1.9325,1.5665
Ta2Zn2CrO8,1.5001499999999997,-2.6440503628589735,0.047777594487156,468.36137415275346,7.159008357964977,39.0,5.110250000000001,3.6101
Ta2Zn2CuO8,0.1017,-2.431773333051281,0.068726961666657,303.86154665123235,7.478617186787179,26.0,2.7709,2.6692
Ta2Zn2FeO8,3.4513,-2.589419343051282,0.022217909230773,616.1246410023992,7.293616950071366,52.0,5.1356,1.6843
Ta2Zn2NiO8,3.6028,-2.533209058435898,0.0190107973077,600.0248756606283,7.520849261311811,52.0,5.5932,1.9904
Ta2Zn2SiS5O24,1.5815,-2.208979991044117,0.045032100759804,1515.1872085559455,3.501857439325562,102.0,2.418,0.8365
Ta2Zn2SnO8,2.488099999999999,-2.558007215743588,0.058438297692279,342.4294905351536,7.171310319948589,26.0,5.6384,3.1503
Ta2Zn2WO8,0.5225000000000001,-2.424497761128205,0.165957141474358,316.7372733435302,8.435918924031427,26.0,5.4196,4.8971
Ta2Zn3O8,3.5117000000000003,-2.63218461228205,0.0,319.5095080064391,7.131716886828514,26.0,4.2508,0.7391000000000001
Ta2Zn4(SO4)9,3.1665,-2.023088116316994,0.0,1483.803691428696,3.330683381194598,102.0,2.7655000000000003,-0.401
Ta2Zn4O9,3.0454999999999997,-2.4574855194777783,0.06252769283333275,605.4161947424964,7.388428118147746,52.5,4.821925,1.7764250000000001
Ta2ZnCoO7,2.6833,-2.551528076219696,0.154109908750005,1240.7075754131931,6.405316068489282,88.0,3.5808,0.8975000000000001
Ta2ZnCuO7,0.5494,-2.482969246939395,0.145123281969704,1001.9229907905642,5.994773689675762,66.0,1.3585,0.8091
Ta2ZnO6,3.0437,-2.966084433851852,0.036518669814813,315.7920715869301,8.152968232628044,27.0,4.53925,1.49555
Ta3N5,1.214099999999999,-1.286734426343752,0.0,205.6047591845259,9.899638880272295,16.0,4.9825,3.7684
Ta3Zn2Bi3O14,2.6231,-2.484653124181817,0.054097552272731,290.7202222969954,8.708195832881742,22.0,5.923,3.2999
Ta3ZnFe3(O6F)2,0.4022,-2.498860245809524,0.164756385000004,288.8015270677493,5.782976381398362,21.0,1.8216,1.4194
Ta4Mn2Zn3O16,1.5191,-2.6648829522078152,0.052042338466582,601.6215296637146,7.098357319273027,50.0,3.1223,1.6032000000000002
Ta4Zn2P6(SO12)3,3.2531,-2.6220906870527543,0.007307479084968,1497.8939942955235,3.7971732936395854,102.0,3.0196,-0.2335
Ta4Zn2Si3(SO6)6,2.3306,-2.436826858222223,0.048109209068626,1532.2155098341404,3.700431736996407,102.0,2.749,0.4184
Ta5Zn(PO4)9,3.1569,-2.932553191048087,0.0,1502.121951548184,4.034695354473921,102.0,3.2555,0.0986
Ta6Mn2Zn3O20,2.138,-2.851670529027809,0.050509715967736,383.9272469799787,7.403680981501428,31.0,4.4229,2.2849
Ta6TiTl2O18,2.9431000000000003,-3.126852769407409,0.0,420.0184255631541,7.236114434162558,27.0,3.6733,0.7302000000000001
Ta6Zn3(FeO6)4,2.6311,-2.5638497582162163,0.095447315540539,533.944098912684,5.875564604740376,37.0,2.7691,0.138
TaCr3(CuS4)2,0.1458999999999995,-0.936811591238094,0.060519944642856996,428.2494407855793,4.893109312869544,24.5,5.386275,5.240375
TaCu3(SeS)2,1.7547,-0.8109799696276041,0.0,173.35718629312117,5.68626885999813,8.0,4.5274,2.7727
TaCu3S4,1.9231,-0.8680332296666661,0.0,165.15806593774687,5.025571147896058,8.0,4.8852,2.9621
TaCu3Se3S,1.6491,-0.7809892127330721,0.0,181.91888742427204,5.846707643517421,8.0,4.3795,2.7304
TaCu3TeSe2S,1.5847,-0.7119237470234361,0.000472456562497,191.45029342872616,5.9775054365698335,8.0,4.6817,3.097
TaCuS3,0.418,-1.065123988466663,0.0,397.9383225777252,5.686581690665911,20.0,4.2701,3.8521
TaFeO4,1.158299999999999,-2.658106207148147,0.015876783240739,279.57031085136197,7.036164979215049,24.0,4.030766666666667,2.8724666666666665
TaMnZn2O6,0.6467,-2.290894993026437,0.113838824999915,218.5968870383524,7.029669783506241,20.0,3.5366,2.8899
TaNb(Cu3S4)2,1.7338,-0.8580247160833321,0.0,340.0458879585868,4.451842899480709,16.0,4.6169,2.883099999999999
TaNb2Zn2O8,0.0381,-2.5606685724871783,0.122285887927352,310.6335864446726,6.688200154093755,26.0,4.5127,4.4746
TaTi(PO4)3,2.8478,-3.038387667623249,0.0,481.51671406673375,3.543249871774112,34.0,2.9385,0.0907
TaTi9Al3Zn23O48,1.6589999999999996,-2.507876281873015,0.053837102440476,934.9294178708246,5.2663086860397215,84.0,4.1640999999999995,2.5050999999999997
TaTiAlO6,1.9264,-3.392110943962961,0.051438643888891,191.2576833310017,6.108677136108941,18.0,5.578699999999999,3.6523
TaTiCrO6,1.8289,-3.120324705074073,0.013002260277744,399.6176063239203,6.263021099886289,36.0,4.8934,3.0645
TaTiFeO6,1.3284,-2.923018801740741,0.028988342499998,403.2440839907848,6.270094456250702,36.0,3.8448,2.5164
TaTiGaO6,1.7455999999999992,-3.058558297574073,0.042511589999996,198.75082056290177,6.592572379801176,18.0,4.5306,2.785
TaTiSbO6,2.457299999999999,-2.951929362296296,0.022120428611112,227.39357362150665,6.522163706313575,18.0,5.9879,3.5306
TaTiTlO5,2.5923,-2.992009080500001,0.001066485156233,479.3423394821862,7.111248683781152,32.0,4.5643,1.972
TaTiZn(PO4)3,0.433799999999999,-2.77161102525529,0.102774703003492,499.4903291430851,3.850649998145519,36.0,3.3177,2.8839
TaTl(CuS2)2,1.7972,-0.8950080144583331,0.000621994374998,394.6442361152723,5.391587421501168,16.0,4.6059,2.8087
TaTlWO6,3.2355,-2.516774327296297,0.0,289.9217010435754,7.619552095962407,18.0,4.2459,1.0104
TaV(Cu3S4)2,1.1898,-0.8623881510833331,0.0,331.5679590489702,4.355506947303,16.0,4.2579,3.0681
TaVZn2O6,0.010699999999999,-2.436844664733334,0.103177048500037,216.7774990402709,7.027441040323018,20.0,5.0296,5.0189
TaZn2AgO6,0.183599999999999,-1.8639964069,0.119684275666665,234.5365353487651,7.301417279797965,20.0,2.0922,1.9086
TaZn2BiO6,1.8737,-2.159649673733333,0.179673918999998,251.0286739189777,8.15942894643287,20.0,5.7329,3.8592
TaZn2CoO6,1.670999999999999,-2.068585134233333,0.154370782026314,205.5427901249806,7.540678687602949,20.0,4.3564,2.6854
TaZn2FeO6,1.674599999999999,-2.216480632733334,0.105198434250002,216.8443776562289,7.10037316457996,20.0,3.9467,2.2721
TaZn2MoO6,1.740499999999999,-2.274960562733333,0.069899263874999,228.7570637542555,7.312712448294241,20.0,5.4487,3.7082
TaZn2WO6,1.0585499999999999,-2.199719306233333,0.14854057112499902,232.9208782023553,8.437135323218195,20.0,4.89435,3.8357999999999994
TaZnBiO5,3.2786,-2.3623199649791675,0.114109747812493,715.5728304922937,7.350984756603306,48.0,4.9537,1.6751
TaZnP(SO6)2,2.6967,-2.293344613743698,0.032898527483688,1486.471574200876,3.5755286385322997,102.0,2.6891,-0.0076
Tb(CuS)3,1.341,-1.010130214062499,0.0,244.5363520102881,6.053898721831054,14.0,6.7103,5.3693
Tb10Ti6O27,2.6327,-3.755643660968992,0.098790106279087,561.779259371695,6.823416095517558,43.0,5.2335,2.6008
Tb14Ti10O41,2.389099999999999,-3.741473997256411,0.089648749846155,817.0817851357208,6.827648893659312,65.0,5.4045,3.0154
Tb2(WO4)3,4.2510666666666665,-2.746425264754901,0.041174474999996,1059.8061725982998,5.957343838587705,56.666666666666664,3.3513,-0.8997666666666667
Tb2CdS4,2.0749,-1.843084071190475,0.099679638928569,300.0626104460115,6.181690554616535,14.0,5.7857,3.7108
Tb2CuH4(SO6)2,0.6404000000000001,-2.199245394206349,0.010378677738092,463.25920366199927,4.599243456083509,42.0,3.2306,2.5902000000000003
Tb2CuTe2(SO7)2,0.8842999999999991,-2.283999654365079,0.004519613492069,293.1565013708795,5.237921913958513,21.0,3.8644,2.9801
Tb2MgTiO6,3.2311,-3.694526558666666,0.015622493,234.150031093189,6.893475084293916,20.0,6.2035,2.9724
Tb2MgW2(ClO4)2,2.54425,-2.6771431928888876,0.172101615333325,262.30740846487913,5.755912338680697,15.0,4.1701500000000005,1.6259
Tb2Sn3(PbS4)3,0.5314000000000001,-1.138409421916665,0.009544437124993,950.4074565716074,5.871807021369029,40.0,5.3395,4.8081
Tb2SnS5,0.132299999999999,-1.731748506354167,0.018011678437497,334.8864078517872,5.919332644778752,16.0,5.4063,5.274
Tb2Ti2O7,3.2429333333333332,-3.775715476136407,0.009844822500066,467.6963979856459,6.350121369723035,36.666666666666664,5.3733,2.1303666666666667
Tb2Ti2S2O5,0.7039000000000001,-3.310635647272727,0.0,166.8783703710629,5.5495632159558,11.0,4.3327,3.6288
Tb2TiO5,2.9688333333333325,-3.818709793593749,0.05939922848958266,576.7498576886939,6.854898885366796,42.666666666666664,5.061566666666667,2.0927333333333333
Tb2WO6,3.25338,-3.2855329501481476,0.0325015746666656,525.7787679645378,8.302134272349354,39.6,5.21772,1.96434
Tb3BWO9,3.8011,-3.382038129583333,0.0,347.26188257621453,7.798376807332183,28.0,5.7702,1.9691
Tb3CuGeS7,1.8074,-1.732246598541665,0.0,496.7267973205986,5.598907625128283,24.0,6.2439,4.4365
Tb3CuSiS7,1.733,-1.821600580624999,0.0,488.68599631601415,5.388242137667949,24.0,6.2762,4.5432
Tb3CuSnS7,1.5553,-1.7123762989583322,0.004639219895829,518.7781972659001,5.655845866661365,24.0,6.0503,4.495
Tb4GaSbS9,2.0116,-1.843069935777776,0.0,1337.036248261317,5.5429422513449325,60.0,5.9368,3.9252
Tb4Mg(WO6)2,2.2791499999999996,-3.138425667192982,0.1502114205921105,259.64035869659324,7.8007652136657315,19.0,5.2338000000000005,2.95465
Tb6CdS10,0.9996,-2.150178460441175,0.04622242470588,1474.9998040950477,6.244137026776066,68.0,5.399,4.3994
TbCu(WO4)2,1.3621999999999996,-2.3698414382407402,0.05041499163773233,748.0409494926888,7.493500518833489,56.0,4.710266666666667,3.3480666666666665
TbCuPbS3,1.6325,-1.349183927361108,0.0,265.7080496300127,6.572790101175205,12.0,6.3781,4.7456
TbCuS2,1.1832,-1.60526750890625,0.0,297.620815355952,6.396229210596204,16.0,6.3857,5.2025
TbTaTiO6,3.153499999999999,-3.657415306092592,0.0,434.0066603586049,7.403237281167255,36.0,5.2809,2.1274
TbTiClO3,3.155999999999999,-3.536463339999999,0.0,185.30401918168224,5.201838100782149,12.0,4.5516,1.3956
TbTl(WO4)2,2.9699,-2.505724759583334,0.0,334.80084713205014,8.520744512578197,24.0,5.2279,2.258
TbWBrO4,2.6473,-2.66703991095238,0.039040852916672,521.7079138529728,6.196030088405483,28.0,3.721899999999999,1.0746
TbWClO4,3.4255,-2.756657644523808,0.023591226011905,256.9517826837954,5.715600438174673,14.0,3.6176,0.1921
TbWO5,0.090799999999999,-2.617574869880952,0.141407497946424,428.6022106484568,6.551654477008005,28.0,0.3303,0.2395
TbZn(BO2)5,5.227,-2.9283569619117653,0.011412471838228,626.5739334245163,4.647194145746747,68.0,7.2401,2.0131
Te(WO4)2,2.268,-1.8582290681060596,0.1428677377272715,240.6161500355293,6.345930599908481,16.5,3.83355,1.56555
Te(WO4)3,1.6167,-1.957286668541666,0.021279072421874,201.38449517071192,7.18286099726353,16.0,2.9447,1.328
Te15W2(Br6O)2,0.3609,-0.56257210548387,0.072856780282256,1040.2532636472845,5.223880364328305,31.0,3.2572,2.8963
Te2Mo(WS2)3,0.046,-0.570900736406249,0.168627211666667,345.5244939505257,5.262646604557926,12.0,3.0499,3.0039
Te2Mo2W(SeS)2,0.1737,-0.5135914831944446,0.1333713894444425,301.2678511766198,4.70143561101756,9.0,2.27215,2.0984499999999997
Te2Mo3W(Se2S)2,0.154799999999999,-0.5703067434895861,0.102399621666666,368.4566034986014,4.988197898024248,12.0,2.8478,2.693
Te2MoW3(SeS2)2,0.09405,-0.4835780270312515,0.18595979541666752,356.568348206834,5.5364388448387984,12.0,2.8609999999999998,2.7669499999999996
Te2MoWSeS,0.06693529411764654,-0.41160124891544525,0.11388451306372235,393.36776851828836,5.4573852969360175,12.0,3.0318235294117644,2.9648882352941177
Te2W2SeS,0.01232499999999975,-0.3562736432291628,0.07380196958333525,388.8826896300425,6.267642755713631,12.0,3.01995,3.007625
Te3Mo2S,0.044099999999999,-0.41217151296874954,0.059892948333331,407.7792550719331,4.941519232609079,12.0,3.31515,3.27105
Te3MoWS,0.0173099999999995,-0.31585604367708503,0.0878627088749972,404.6217402936858,5.702944763152753,12.0,3.32601,3.3087000000000004
Te3W2S,0.0147,-0.225383245885415,0.08292535749999799,406.6763526998004,6.390605014063517,12.0,3.30865,3.2939499999999997
Te3W2Se4(Cl4O)2,1.0677,-1.054922089177629,0.049034680175441,1031.9407436345418,4.447484066041055,38.0,2.559,1.4913
Te3WCl4O,1.1293,-0.9954408537499992,0.044437424259258,4418.822526639938,4.355838576636591,144.0,2.8476,1.7183000000000002
Te3WO12,1.6178500000000002,-1.5096108584375,0.044365151328125,210.43107989615555,6.007994828577591,16.0,4.2023,2.58445
Te4Mo2WS2,0.13726666666666634,-0.37869479692129565,0.12074638370370834,322.3008922627412,4.895826068525643,9.0,2.8165333333333336,2.679266666666667
Te4Mo3S2,0.1554,-0.455976090625,0.070985935555555,321.51989619970186,4.453739507284146,9.0,2.741,2.5856
Te4Mo3W(SeS)2,0.12386666666666567,-0.4448626065625023,0.11720248958333668,388.39028357987763,5.148105438572678,12.0,3.0834666666666664,2.9596
Te4MoW3(SeS)2,0.0351899999999997,-0.3743074096458372,0.1034732777499952,393.8270999873295,5.82053604651744,12.0,2.97698,2.94179
Te4W(OF4)5,3.0745,-2.251378753888888,0.015978003319447,1096.1201549293216,3.497066614495628,60.0,0.2893,-2.7852
Te6Mo3WS2,0.08197999999999961,-0.3548893659687532,0.0965344611666632,406.0146944423906,5.322520884346592,12.0,3.4126600000000002,3.3306799999999996
Te6MoW3S2,0.011616666666666,-0.2741782039409655,0.08183547402777701,407.2266452932138,6.023518870073555,12.0,3.318733333333333,3.307116666666667
Te7WBr5O,0.5302,-0.5712287160119041,0.059497619017857,1869.1855794314877,5.3038140678891335,56.0,3.5089,2.9787
Te7WCl5O,0.6448,-0.736430562619047,0.030275530394344,1746.9593314343504,4.82985503948039,56.0,3.8958,3.251
TeMo2S3,0.413699999999999,-0.7477313080729141,0.0537185425,127.28680099575438,5.422750600291839,6.0,6.2028,5.7891
TeMoWSe2S,0.0299,-0.516366963489583,0.119760067500003,368.7148066283271,5.380570032379605,12.0,2.7917,2.7618
TeMoWSeS2,0.185999999999999,-0.521964904531249,0.184152252083336,356.91068779673896,5.122160648278876,12.0,2.922,2.735999999999999
TeWO6,1.5206333333333333,-1.7193066314583325,0.04696424390624967,139.77345700103308,6.427824168682837,10.666666666666666,3.6485333333333334,2.1279
Th(WO4)2,4.4628,-2.726846018522726,0.057722651704542,1550.5593214446014,6.234634332529878,88.0,4.017,-0.4458
ThTe2WO9,3.1343,-2.367260936794871,0.014013664519234,1516.710580583672,7.138922936908532,104.0,6.5303,3.396
ThTeWO7,3.258199999999999,-2.6144862811666663,0.026682857000015,556.9973508186287,7.816482071703932,40.0,6.8515,3.5933
ThTi2O6,3.0425999999999993,-3.789604854907407,0.0050288375000225,167.81996887473818,6.233570857521364,13.5,5.9003499999999995,2.8577500000000002
Ti(Bi3O5)4,2.312999999999999,-1.8112921922222207,0.007387453181822,527.4664135784507,9.052858903741887,33.0,6.4056,4.0926
Ti(ClO4)4,2.9158,-0.7699851751587301,0.0,598.3119557258234,2.473797965779947,42.0,1.0845,-1.8313
Ti(CuS)4,1.4256,-0.82992570925926,0.0,154.27680446480318,4.631598565750239,9.0,5.9905,4.5649
Ti(FeO2)2,1.6173333333333328,-2.3397066255357144,0.033379479940483,368.77814786723,4.774529421769194,32.666666666666664,4.8715,3.2541666666666664
Ti(FeO2)3,1.0164,-2.127097792833334,0.0913042799999835,288.4315111461291,4.612360387255363,25.0,4.3965,3.3800999999999997
Ti(GaO2)4,2.361199999999999,-2.55084869948718,0.00408461173077,146.0355024098595,5.170914622398334,13.0,4.0493,1.6881
Ti(GeO3)2,3.17145,-2.523904539398148,0.08321772013888801,364.52343183678533,3.9574624319389473,27.0,3.2259,0.05445
Ti(NO3)4,2.8015,-1.227902743872549,0.0,874.768871120761,2.246679207749813,68.0,0.2555,-2.5460000000000003
Ti(PO3)4,2.392,-2.7198575676855743,0.03041503198528475,585.0473633657984,2.6397878488757893,42.5,2.89565,0.50365
Ti(PO4)2,0.0448,-2.535920466147186,0.1560171924999785,432.15068329379864,1.8290807993250446,22.0,-2.62065,-2.6654499999999994
Ti(SO4)2,2.238866666666666,-2.211199205770209,0.003901445593438333,672.9028256661709,2.7388044825662887,51.333333333333336,2.2209333333333334,-0.01793333333333334
Ti(SeO3)2,2.4447,-1.9756995158912032,0.0,252.73007423132103,3.965678614826836,18.0,3.1037,0.659
Ti(Si2O5)2,2.401,-3.135141733722222,0.184734431777775,826.3721113259735,2.573705397145377,60.0,3.3201,0.9191
Ti(SiO3)2,3.5758666666666663,-3.3018250965277773,0.04941428337963,704.9979802019926,2.902491117093973,54.0,4.625266666666667,1.0494
Ti(Sn2O5)2,1.6151,-2.360442101555556,0.027154592833331,367.28844719816647,6.173086520716167,30.0,6.7695,5.1544
Ti(SnO2)2,1.077499999999999,-2.432151184404761,0.002559667857144,431.8164595308152,5.372659710951702,28.0,5.8487,4.7712
Ti(WO4)2,2.51835,-2.41278626780303,0.13730929659090602,219.44624026275943,6.03274665886528,16.5,2.8288,0.31045
Ti11Fe13O36,1.7464,-2.624049638277777,0.020444701083325,654.7167606777369,4.637572351669556,60.0,5.2885,3.5421
Ti11Fe17O42,1.0425,-2.47145578495238,0.039123842071429,748.9213319679533,4.76236045683422,70.0,5.1035,4.061
Ti12Cu9(BiO18)2,0.0659,-2.508431548305085,0.062913990720336,624.3326550544054,5.692447230494822,59.0,4.8756,4.8097
Ti17(NO4)6,0.0838799999999995,-3.053974171078014,0.0364752610851048,1112.9361006170334,3.824874923681693,94.0,4.95,4.8661200000000004
Ti2AgBiO6,1.412,-2.464096025833334,0.110536402374995,118.62389518349224,7.119267974180334,10.0,5.9205000000000005,4.5085
Ti2Al2SiS5O24,2.204399999999999,-2.470284296887256,0.03391566056372,1363.2237493652442,2.638739086721973,102.0,2.9909,0.7865000000000001
Ti2Be3(SiO4)3,0.0091,-3.053701853208333,0.176272370125003,844.1846808005839,3.139540708098844,80.0,4.8905,4.8814
Ti2Bi2O7,2.59775,-2.6516381461742418,0.029944970113636,424.88698094536625,7.342342267128721,33.0,6.640000000000001,4.04225
Ti2CdO5,2.5113,-2.942224596458333,0.042959304687499,206.18415255753976,4.641201002048208,16.0,3.8842,1.3729
Ti2Co(PO5)2,1.9118,-2.888954799896824,0.0,717.8308890002013,3.484795654824523,60.0,4.0072,2.0954
Ti2Co3Te3O16,0.3449,-1.841648542777778,0.122773728229167,303.77347085481153,4.981636728064935,24.0,3.8494,3.5045
Ti2CoO5,1.67935,-2.95427922390625,0.0092396034895835,464.2877045809788,4.21090141033903,40.0,4.4855,2.8061499999999997
Ti2Cr3O12,0.7843,-2.291028517156864,0.046433333176471,1074.3811668949563,2.743183818531562,68.0,0.5778,-0.2065
Ti2Cr3Sb3O16,1.736099999999999,-2.351696187777778,0.115128178645836,293.529891494387,4.938640067716355,24.0,4.9399,3.2038
Ti2CrFe3(PO4)6,0.561599999999999,-2.563326933458994,0.113072539236114,438.7172991508468,3.350066109965436,36.0,3.3225,2.7609
Ti2CrO5,0.2987,-3.091858370520834,0.032222336979168,357.83035427023685,4.227139945628454,32.0,5.2141,4.9154
Ti2Cu(PO4)3,0.5627,-2.805604998088624,0.008533440023166,458.6697297310542,3.216264711378187,36.0,3.7213,3.1586
Ti2Cu(PO5)2,0.5832,-2.7990293697301603,0.003532553722227,364.3201834683855,3.475147753847802,30.0,2.6591,2.0759
Ti2Cu3Te3O16,0.058999999999999,-1.699190995277777,0.105826474791662,305.5414568775062,5.028019188784967,24.0,3.8606,3.8016
Ti2Cu9(B3O11)2,0.0508,-2.023926583119657,0.040421522692305,905.5565304074032,3.977346274227101,78.0,2.5646,2.5138
Ti2Fe(PO4)3,0.1711,-2.854402623366402,0.023741590545272,455.4300954754784,3.1829860556188,36.0,4.3376,4.1665
Ti2Fe(PO5)2,1.9465,-2.926053450230159,0.0,730.5755105749189,3.395927803771069,60.0,4.2767,2.3302
Ti2Fe4O9,1.0628666666666664,-2.336432402333334,0.052406577111103664,321.92839684663676,4.777675661129078,30.0,4.996566666666666,3.9337
Ti2FeO5,1.411699999999999,-3.0122914362673607,0.009299853628472333,509.78201568194527,4.062880066553272,42.666666666666664,4.378966666666667,2.9672666666666667
Ti2Ga2SiS5O24,2.1948,-2.2772075931127462,0.032431352132341,1406.689573662216,2.859930908163141,102.0,2.4457,0.2509
Ti2H2CSe4Cl16O5,2.4765,-1.313046876951387,0.107010215491322,1649.1726509447649,2.160479676883512,60.0,0.8797,-1.5968
Ti2HCSe4Cl16O5,0.3528,-1.290639852492816,0.149092514501164,1657.0921860643905,2.148134291188054,58.0,0.9294,0.5766
Ti2In2SiS5O24,2.1422,-2.263233080220588,0.036308324975484,1519.447191514497,2.9433909056751157,102.0,2.4325,0.2903
Ti2In3FeO10,1.559499999999999,-2.493317806354166,0.023655099999999,378.6263570877556,5.754266399324723,32.0,5.8221,4.2626
Ti2Mn(PO4)3,0.155899999999999,-2.925584695751459,0.007674195039683,461.47747319038143,3.134747975428245,36.0,4.3055,4.1496
Ti2Mn3Cr3O16,0.8107000000000001,-2.23684739460249,0.091502263020831,264.5328485792275,4.221619692421236,24.0,2.7364,1.9257
Ti2MnNiO6,2.2676,-2.771451773959771,0.004209087500013,215.933900901992,4.696486016817715,20.0,6.0408,3.7732
Ti2MnZnO6,2.2983,-2.871506938959771,0.01639154725,438.10075958841264,4.731484964454913,40.0,5.4468,3.1485
Ti2N2O,0.9940307692307686,-2.1282074376602576,0.061876820423076455,412.57200017468665,4.318736189341714,38.46153846153846,5.927423076923077,4.933392307692308
Ti2Nb2Si3(SO8)3,1.4484,-2.709741790465687,0.030517745857846,1529.5277986026033,2.7553390998055063,102.0,1.823,0.3746
Ti2Ni(PO4)3,0.158399999999999,-2.799099418921958,0.046976808611104,438.3374011064571,3.328685616329216,36.0,4.949,4.7906
Ti2Ni(PO5)2,3.0134,-2.8800788072301593,0.002328906166674,354.0706397433919,3.5303142241916214,30.0,4.7568,1.7434
Ti2Ni3Te3O16,0.5629999999999991,-1.821326314861111,0.114345283958331,298.5186142000062,5.065327388638383,24.0,4.2085,3.6455
Ti2O3,0.146899999999999,-3.2440443958333334,0.059395238499999996,145.5107737600997,4.806466516478929,15.0,7.1648,7.0179
Ti2P2H4O11,2.7606,-2.522961150050125,0.005435369605263,432.6928075852881,2.592024327667645,38.0,2.8681,0.1075
Ti2P2O10F,0.6719,-2.638444638563492,0.17791665219445,865.3272898089639,2.584271710393724,60.0,-0.0404,-0.7123
Ti2P2O9,1.9409,-3.024769961419415,0.063909959102554,697.0114025381787,2.874816610105752,52.0,2.3424,0.4015
Ti2P2SO12,2.5547,-2.8087443045168072,0.0,1421.8174827537298,2.6749976074218957,102.0,2.6634,0.1087
Ti2P3H7NO13,0.010099999999999,-2.217574712474817,0.014389756594066,1008.7502992256788,2.750426485031122,104.0,4.1643,4.1542
Ti2P4H9C2NO16,2.5683,-2.020802983646709,0.038738500000006,1424.874478396578,2.436692766411704,136.0,3.0855,0.5172
Ti2Sb2O7,2.0861,-2.631501136060605,0.078227975000001,579.3737000617076,5.173296072055938,44.0,6.5062,4.4201
Ti2Sb2Pb4O13,1.624699999999999,-2.264346311984127,0.0,294.9920946478119,7.745897310483827,21.0,6.539,4.9143
Ti2Si(H2O3)3,2.8953,-2.313504962453704,0.041320242175924,1502.726106344286,2.420976736596938,144.0,2.6474,-0.2479
Ti2Si(SO6)2,2.427499999999999,-2.645450403333335,0.027992433186271,1461.747261466092,2.58967763649267,102.0,2.3268,-0.1007
Ti2Si7H42C14(Cl3O)2,1.496,-0.505971805810502,0.059958345648404,4111.8219672299165,1.207549414871717,292.0,0.2861,-1.2099
Ti2Sn3O10,1.8751,-2.623838555111111,0.043872828666665,356.29647934181384,5.703194789286858,30.0,6.573,4.6979
Ti2V(PO4)3,0.0769,-2.931885007810845,0.0,456.46903874836175,3.140065623096074,36.0,4.3657,4.2888
Ti2VHO6,1.309099999999999,-2.906314489791667,0.030023386749995,404.3957035849482,4.002415361743207,40.0,4.9777000000000005,3.6686
Ti2Zn(CuO4)2,0.264,-2.087631376089744,0.139750289423068,650.7809358771426,4.248228365000617,52.0,1.6191,1.3551
Ti2Zn(PO4)3,0.181299999999999,-2.8564137244775143,0.01914605010095,453.1544582127178,3.269062915801931,36.0,4.2947,4.1134
Ti2Zn(PO5)2,2.3994,-2.806364078730159,0.131904846833335,340.25279856744,3.739142311776056,30.0,4.5875,2.1881
Ti2Zn2SnO7,2.860299999999999,-2.5448167226388883,0.077794441250001,372.92912421279686,4.072057616901536,24.0,4.2459,1.3856
Ti2Zn3(Si2O7)2,0.225999999999999,-2.789753270942029,0.150841462826084,535.8269931510189,3.894196231132281,46.0,5.6562,5.4302
Ti2Zn3O7,2.2433,-2.557326850555554,0.092150431666666,253.1823418526146,5.298837531167229,24.0,4.7588,2.5155000000000003
Ti2ZnO5,2.9897,-2.9498735927083333,0.12889277437500052,209.4085064026968,3.8351260898279613,16.0,3.6867,0.697
Ti2ZnSn2O7,2.874399999999999,-2.522947715138889,0.072797330416666,406.78359460217285,4.168323621927537,24.0,4.539,1.6646
Ti2ZnSnO6,0.029899999999999,-2.653065251166667,0.135888322999998,450.8282510697549,5.537475616288328,40.0,6.044,6.0141
Ti3(AsO4)4,1.140599999999999,-2.170765118695652,0.190829802065218,684.8403023913257,3.391091620196706,46.0,1.3699,0.2293
Ti3(BiO3)4,1.9050333333333331,-2.523804744122807,0.027282740219299332,409.6597245354952,7.90458111580086,31.666666666666668,6.773066666666668,4.868033333333333
Ti3(P2O7)2,0.014199999999999,-2.8119189108843523,0.146949536854869,526.496911912991,3.100243977842072,42.0,4.9035,4.8893
Ti3(SnO5)2,1.7748,-2.893947579666667,0.0538784935,344.7138740014554,5.212302787167806,30.0,5.9998000000000005,4.225
Ti3(WO6)2,2.6851000000000003,-2.842795002205883,0.045404051911758,1128.0719976983996,4.140918742062279,68.0,1.7807,-0.9044
Ti3Bi2(PO4)6,2.343,-2.7411984510816323,0.079814730666671,484.3066518667779,3.879189436741979,35.0,3.7115,1.3685
Ti3Bi6WO18,2.2298,-2.358468660714287,0.001518382053578,377.2426284960878,8.228302862702087,28.0,6.5428,4.313
Ti3Co2Ni(PO4)6,0.0144,-2.6509024229960323,0.066227244999998,445.1745469269106,3.319734810639162,36.0,2.5063,2.4919
Ti3Co2Te(PO4)6,0.491199999999999,-2.615135325958995,0.087288261628454,469.4837723530462,3.391562467664982,36.0,4.1518,3.6606
Ti3Co3(SbO8)2,0.113399999999999,-2.083002485833333,0.179888730520839,272.90581771042963,4.988879435218263,24.0,3.4875,3.3741
Ti3Co3(TeO8)2,0.4958,-2.071260583055556,0.103253232604167,291.9245321901846,4.730295558460448,24.0,3.3913,2.8955
Ti3Cr(PO4)6,0.414,-2.744947589642857,0.051036203985299,464.0346752475732,2.739059459383747,34.0,0.6327,0.2187
Ti3Cr2Fe(PO4)6,0.1135,-2.772104283829366,0.045779169201416,459.9404326546976,3.152784193997382,36.0,3.321,3.2075
Ti3Cr3(SbO8)2,0.7355,-2.528864603333333,0.102492467812483,288.9997588964672,4.591478813079939,24.0,3.5137,2.7782
Ti3CrCo2(PO4)6,0.006699999999999,-2.74462880188492,0.019309011857645,450.7914594631338,3.253700311225603,36.0,3.7318,3.7251
Ti3CrCu2(PO4)6,1.5183,-2.7055280024404773,0.012772309236112,452.19235642989264,3.277498561612761,36.0,3.7621,2.2438
Ti3CrFe2(PO4)6,0.107099999999999,-2.785796767440476,0.011974770954859,450.5598363938688,3.232609872030983,36.0,4.1597,4.0526
Ti3CrNi2(PO4)6,0.049999999999999,-2.734300250496032,0.023555554861113,443.0490091844088,3.308762470140017,36.0,4.3645,4.3145
Ti3CrSn2(PO4)6,0.028599999999999,-2.786133101051587,0.001833180374223,484.73934559172926,3.435379791335668,36.0,4.3599,4.3313
Ti3Cu2Sb(PO4)6,0.0379,-2.625377506051587,0.049371569798623,469.5836625223443,3.402813186848468,36.0,3.408,3.3701
Ti3Cu2Sn(PO4)6,0.5650000000000001,-2.679191422579364,0.017750384791665,465.0141995516929,3.425359562228673,36.0,4.0466,3.4816000000000003
Ti3Cu2Te(PO4)6,0.5289,-2.601190781514551,0.044715859097203,474.4213136043721,3.388555659725661,36.0,3.9301,3.4012
Ti3Fe(BiO3)5,1.8343,-2.3453524671875003,0.028103006510425,477.00528635456595,7.721290381212304,36.0,6.75,4.915699999999999
Ti3Fe2(BiO3)6,1.577,-2.203980591034484,0.053095289482759,392.4532796676472,7.604112033054422,29.0,6.3313,4.7543
Ti3Fe2Co(PO4)6,0.0663,-2.738430685773809,0.022388959930548,450.2644586873904,3.260313942173495,36.0,3.6061,3.5398
Ti3Fe2Cu(PO4)6,0.125599999999999,-2.692280293829365,0.038688864328701,450.555728209468,3.275206911911143,36.0,3.4276,3.302
Ti3Fe2Ni(PO4)6,1.995699999999999,-2.739388042440476,0.017534580902758,448.3106857825271,3.2736344457115,36.0,3.7371,1.7414
Ti3Fe2P6WO24,0.073399999999999,-2.72938484827381,0.035080152260787,463.35855063366586,3.61580922466883,36.0,3.9617,3.8883
Ti3Fe2Sb(PO4)6,0.0289,-2.70479929938492,0.058525003800514,471.2497416171922,3.3365108086003,36.0,4.0489,4.02
Ti3Fe2Sn(PO4)6,0.077499999999999,-2.71963627952381,0.058080315370377,462.3802934353416,3.389558842697292,36.0,4.451,4.3735
Ti3Fe2Te(PO4)6,0.117099999999999,-2.643572016792328,0.093140739299766,470.5848101216925,3.361832703855645,36.0,4.6597,4.5426
Ti3Fe3(BiO3)7,1.6491999999999991,-2.113902347205883,0.05748726911765,461.0825504908203,7.598887685854067,34.0,6.3931,4.7439
Ti3Fe5O12,0.8203,-2.430953188,0.043104244749984005,324.7843422633906,4.716916375404118,30.0,4.40765,3.58735
Ti3Fe7O15,0.740933333333333,-2.2661831126666665,0.054481104133318,537.1652089698583,4.788553521796725,50.0,4.985533333333334,4.2446
Ti3Fe9O16,1.0919333333333323,-2.148764487261904,0.04171064684523767,637.1792046985679,4.703790083813945,56.0,4.5545,3.462566666666667
Ti3FeCu2(PO4)6,1.440999999999999,-2.661499568829365,0.016667802951414,453.3091850284413,3.283522804620222,36.0,3.7125,2.2715
Ti3FeNi2(PO4)6,0.6998000000000001,-2.706359212162699,0.027154545763881,444.13368300183896,3.3150721037058397,36.0,3.9121,3.2123
Ti3FeSn2(PO4)6,1.3145,-2.775110052440478,0.002663513587993,497.9865458938871,3.356827638232504,36.0,3.8041,2.4896000000000003
Ti3H2O7,2.8234375,-2.8656664530729157,0.08537588421874913,408.5926597339445,2.392750143631143,24.0,1.6926625,-1.130775
Ti3Mn2Co3O16,0.038899999999999,-2.036080600244253,0.137234422743057,246.3321554279304,4.626165374874161,24.0,2.4349,2.396
Ti3Mn2Cr(PO4)6,0.0404,-2.855109008992199,0.006310466041668,457.6978693327341,3.175614753829132,36.0,4.0223,3.9819
Ti3Mn2Cr3O16,0.9039,-2.431120013994254,0.107920584618055,268.27896037656296,4.118904198969382,24.0,2.8399,1.936
Ti3Mn2Fe(PO4)6,0.625999999999999,-2.828710141214422,0.013065092662065,461.29182529215,3.164728433108585,36.0,3.4953,2.8693
Ti3Mn2Ni(PO4)6,2.0597,-2.809053885658867,0.01049997835647,455.05584396829846,3.218491212348785,36.0,3.6713,1.6116
Ti3Mn2P6WO24,0.0819,-2.799088214825534,0.029492395825613,471.2157494958549,3.549125968479124,36.0,3.8755,3.7936
Ti3Mn2Sb(PO4)6,0.036699999999999,-2.775856005381089,0.051232128263878,478.1556054498551,3.282023195275792,36.0,3.9671,3.9304
Ti3Mn2Sn(PO4)6,0.0986,-2.7893069446866443,0.052525260324083,468.8814621129172,3.336137745423868,36.0,4.7148,4.6162
Ti3Mn2V(PO4)6,0.0171,-2.864182918436645,0.011212194062498,461.7233159744461,3.144136005100286,36.0,3.6641,3.647
Ti3Mn3(SbO8)2,0.6120999999999991,-2.422283950158046,0.091028275868055,290.96875047227473,4.610776626677787,24.0,3.7603,3.1482
Ti3Mn3(SnO8)2,1.204,-2.4185966859913792,0.10724258125,287.0149428566769,4.639001064588548,24.0,3.7033,2.4993
Ti3Mn3(TeO8)2,0.2444,-2.322096805296935,0.091238693020855,301.4294467217284,4.515109671171311,24.0,3.6435,3.3991
Ti3Mn3Cr2O16,0.849,-2.40406810849138,0.106825872916665,265.3686817891934,4.182485075145943,24.0,2.7887,1.9397
Ti3Mn5O16,1.2668,-2.366318885402299,0.088281861597222,264.55494497772474,4.232281427577572,24.0,3.1037,1.8369
Ti3MnFe2(PO4)6,1.1408,-2.786359611827449,0.024717194837995,457.1098994198577,3.196976025954534,36.0,3.5625,2.4217
Ti3MnNi2(PO4)6,1.161699999999999,-2.734366823771894,0.032267243171288,448.0594732407607,3.282664995314235,36.0,3.8282,2.6665
Ti3MnO8,1.8237,-2.9836072214942533,0.103066348472221,272.1124358142246,3.985285485264772,24.0,3.669,1.8453
Ti3MnSn2(PO4)6,1.303799999999999,-2.8018315901607838,0.009359158773154,493.7698045001601,3.382444514212594,36.0,3.9301,2.6263
Ti3MnV2(PO4)6,0.7793999999999991,-2.862100900438559,0.016215663472225,457.3297305245432,3.159830613654091,36.0,3.6326,2.8532
Ti3N2O3,1.5870249999999992,-2.6567009646875004,0.02762249109374875,185.79001189816938,3.926367894153404,16.0,4.96345,3.3764250000000002
Ti3N4,0.9282999999999999,-1.551653060892854,0.11349032428571601,341.3991650933741,3.9997090596537355,28.0,5.5863,4.658
Ti3Nb2Cr(PO4)6,0.106499999999999,-2.763142391884921,0.140705250466268,461.375526879873,3.423605765251107,36.0,4.4163,4.3098
Ti3Nb2Cr3O16,0.8185,-2.850499548750001,0.098999510431537,289.69754361290285,4.2496430178838605,24.0,2.5215,1.703
Ti3Nb2V3O16,1.140699999999999,-2.9466309200000023,0.097205704441957,295.6245403119033,4.146670397255954,24.0,3.5801,2.4394
Ti3NbCo2(PO4)6,0.1888,-2.757854983829365,0.066434416631944,461.8570872376315,3.32283182942471,36.0,3.9848,3.796
Ti3NbCu2(PO4)6,0.008299999999999,-2.746191013829365,0.060765515567128,467.7888721567441,3.313445462673254,36.0,3.751,3.7427
Ti3NbZnBi3O14,2.9545,-2.6478310900000013,0.021721598295457,1139.561928146224,6.7196035739871895,88.0,6.1353,3.1808
Ti3Ni3(TeO8)2,0.2915,-2.021471573055555,0.111428791458332,283.37777498408406,4.868747209289576,24.0,3.2545,2.963
Ti3NiBi2(PbO6)2,2.6568,-2.400840367124999,0.034925451874999,1062.1278702085742,7.671004526288396,80.0,7.2792,4.6224
Ti3NiSn2(PO4)6,2.0712,-2.749027559940476,0.001896006435178,484.60700416481416,3.459266716730546,36.0,4.1359,2.0647
Ti3O5,0.042349999999999,-3.1854183189903846,0.196715419134615,1252.9738405582289,3.8536108392873514,104.0,5.1709,5.128550000000001
Ti3P6WO24,2.5297,-2.878812087584031,0.0,456.2294987086837,3.265791706978625,34.0,2.7795,0.2498
Ti3PbO7,1.982899999999999,-3.153193498181819,0.001468469090905,268.62939731145656,5.721579052693589,22.0,5.5864,3.6035
Ti3Sb2(PO4)6,2.1559,-2.707436092224489,0.093270210380956,475.6182385039877,3.341023022697225,35.0,3.969,1.8131
Ti3Sn5S12,0.3463,-1.091414814749998,0.013867727999999,458.6252777404332,4.062162174549845,20.0,5.3291,4.9828
Ti3Sn7O20,1.7439,-2.488671570166666,0.038982468916668,361.72554060735854,5.942808986916472,30.0,6.715,4.9711
Ti3TeO8,3.156999999999999,-2.926663778055555,0.078142811874998,216.20223953423928,3.066022288974895,12.0,2.9132,-0.2438
Ti3TePb4O13,1.5694,-2.39652619531746,0.002085975119055,286.6699076351012,7.576567158251668,21.0,6.3091,4.7397
Ti3Tl3(PO4)5,2.5918,-2.779018792603688,0.0,1772.1749015523076,4.616096786811195,124.0,4.3087,1.716899999999999
Ti3TlSi2P6O25,0.017599999999999,-2.939680088275419,0.000711455031202,1050.344297802,3.130221657148004,74.0,3.8398,3.8222
Ti3V2Cr(PO4)6,0.034399999999999,-2.860577134662698,0.0,434.6359009754666,3.313576410068877,36.0,4.13,4.0956
Ti3V2Fe(PO4)6,0.7339000000000001,-2.833680421051587,0.018172817980335,453.8040668282919,3.187698442998152,36.0,3.7038,2.9699
Ti3V2Ni(PO4)6,0.977399999999999,-2.816080271607141,0.022044431759269,449.1856447148107,3.231003514490154,36.0,3.851,2.8736
Ti3V2P6WO24,0.0743,-2.805860943829366,0.032263759537038,464.93881288274696,3.568493679409508,36.0,3.9853,3.911
Ti3V2Sb(PO4)6,0.0297,-2.780649941329364,0.057474762037047,472.13725929251393,3.295746987139734,36.0,4.0552,4.0255
Ti3V5O16,1.2156,-2.7549204614583327,0.137142943437495,275.32917105722265,3.9461959248157057,24.0,3.5888999999999998,2.3733
Ti3VCu2(PO4)6,0.0573,-2.7165216054960317,0.015577396469915,450.6340350179007,3.284946271785305,36.0,3.2008,3.1435
Ti3VFe2(PO4)6,0.069199999999999,-2.795714644107142,0.019359783397648,455.0719383758958,3.19670989988888,36.0,3.7483,3.6791
Ti3VO8,1.5774,-3.131908545833333,0.12975008729164,276.26299083367644,3.877366633041046,24.0,3.9244,2.347
Ti3VSn2(PO4)6,0.3546,-2.810669209940476,0.0,494.9224699005965,3.361157855179978,36.0,4.0407,3.6861
Ti3Zn2O8,2.250325,-2.9250722993749996,0.0546273558173085,295.1541067272199,4.524870300646666,26.0,4.17875,1.928425
Ti3Zn3(AsO4)4,0.1944,-2.152333644230769,0.190941045096154,673.2734674840349,4.417285921825163,52.0,3.1009,2.9065000000000003
Ti3ZnO7,2.9105,-3.086527976363635,0.109317232045455,587.6664893385622,3.628198518551862,44.0,3.3609,0.4504
Ti3ZnP2(SO6)4,2.1418,-2.459033060567228,0.001575310196078,1435.0580191905383,2.718787743269255,102.0,2.1175,-0.0243
Ti3ZnSiS5O24,1.745099999999999,-2.380618832181373,0.012338804583334,1447.2539913917144,2.689691022406755,102.0,1.9615,0.2164
Ti4(Fe2O5)3,1.3816,-2.496962872733332,0.028225631999999,542.7393971848127,4.690469705291735,50.0,4.9667,3.5851
Ti4(FeO4)3,0.8216000000000001,-2.658385749122806,0.170904766447353,209.30720570191235,4.371326101097343,19.0,4.1866,3.365
Ti4(Ni5O8)3,1.2556,-1.8515370491472871,0.0,430.9075001418516,5.610260758500354,43.0,5.6269,4.3713
Ti4(PO5)3,0.080499999999999,-3.124759740633116,0.00501867012066,1639.8538207467534,3.185969162524591,132.0,4.3544,4.2739
Ti4Bi2O11,2.06915,-2.9641057438725484,0.0091734908823585,312.5189252529083,6.265519679454453,25.5,5.5771,3.50795
Ti4Fe(BiO3)6,0.469299999999999,-2.37670706770115,0.056682854137932,397.2567684951091,7.478817634533701,29.0,6.3945,5.9252
Ti4Fe(PO4)6,1.9182,-2.9549684345340133,0.001628357928572,685.8000605275561,2.9663129857995556,52.5,2.7812,0.863
Ti4FeBi3O14,1.272599999999999,-2.599101816742424,0.084444372215896,539.5846572480967,6.759569721386115,44.0,5.3968,4.1242
Ti4FeBiPb4O15,2.0657,-2.505430643533333,0.014955193681257,350.30659964395204,7.229273523925009,25.0,6.3612,4.2955
Ti4Mn(PO4)6,2.4649,-2.991900896832042,0.0,443.1897010984828,3.058258803092032,35.0,3.3711,0.9062
Ti4Nb(BiO3)7,2.178899999999999,-2.473127291010102,0.029014842575758,888.3198788135517,7.788356158845884,66.0,6.6326,4.4537
Ti4Ni(PO5)4,0.1307,-2.811787434720854,0.063693760718395,703.0287155781241,3.278636830397753,58.0,1.4755,1.3448
Ti4P6PbO24,2.7893,-2.975456780605443,0.0,472.7173282196376,3.402087534035407,35.0,3.6567,0.8674000000000001
Ti4Pb2O9F2,2.3006,-3.124555092843137,0.008852272205887,219.69831050937296,5.954853818776503,17.0,5.3891,3.0885
Ti4S24Cl6O,1.0792,-1.164725974880951,0.0,3933.630755499388,2.008951870478073,140.0,1.8128,0.7336
Ti4S8Br6O,1.4006,-1.585865508333333,0.0,2307.471907327729,2.715649938100502,76.0,1.3543,-0.0463
Ti4S8Cl6O,1.597,-1.739123310964912,0.0,1055.8625045216163,2.128488791802104,38.0,1.7247,0.1277
Ti4SnO10,1.833699999999999,-3.173813669888888,0.054127092666664,333.6292451020768,4.680278995221665,30.0,5.5229,3.6892
Ti4Te9I4O,0.396299999999999,-1.114547609351855,0.0,1194.6271368429152,5.180511997495214,36.0,3.9288,3.532499999999999
Ti4Tl2O9,2.724499999999999,-3.004671247333335,0.001843642999991,419.12630342032224,5.897132444417914,30.0,5.0634,2.3389
Ti4Zn3SnO12,1.4189999999999992,-2.699205424916666,0.105867820250001,215.9144374209358,5.3711870534464,20.0,5.6652000000000005,4.2462
Ti4ZnO9,2.6974,-3.094254521666668,0.168492881785713,363.77933849344834,3.65970731184029,28.0,3.4662,0.7688
Ti5(PO5)4,2.9311,-3.132662160525444,0.0,1391.695212653798,3.260800926509812,116.0,4.0452,1.1141
Ti5(TeO6)3,1.034099999999999,-2.493995370064103,0.11802897894231,690.505279038815,4.377364910697859,52.0,4.023,2.9889
Ti5Bi4(PbO9)2,2.1665,-2.596820993678161,0.016163835948281,764.9234996018162,7.7180274864453935,58.0,6.8533,4.6868
Ti5Fe11O24,1.0910999999999997,-2.293663541291667,0.05256621149998325,430.92181660056957,4.769282366082882,40.0,4.914675,3.823575
Ti5Fe7O18,0.7387499999999996,-2.5057282445555566,0.0535476414999995,474.88433901084204,4.779782159893146,45.0,4.8446,4.10585
Ti5Mn3O16,1.4196,-2.771185909602491,0.104796719375,269.7078801611568,4.064350980845129,24.0,3.2534,1.8338
Ti5Nb(PO4)6,0.003299999999999,-2.89062126901455,0.109423583009267,457.19341955420646,3.27634140785957,36.0,4.7216000000000005,4.7183
Ti5Pb5O14,0.405399999999999,-2.619926777361109,0.094071642187499,344.58391350783484,7.225207838484728,24.0,6.3793,5.9739
Ti5ZnBi2(Pb2O9)2,1.9482,-2.554041921555555,0.018186140500002,411.3574293457708,7.425541467998539,30.0,6.3737,4.4255
Ti6Co3O16,0.8250999999999991,-2.7843351128,0.102759515400006,599.5029170550661,3.988553799218842,50.0,2.7234,1.8983
Ti6Fe8O21,1.107199999999999,-2.553961933428572,0.029662082142857,764.6903973920371,4.646829054071056,70.0,4.8271,3.7199
Ti6H2O13,2.8867000000000003,-3.153554724642858,0.036207518928566,261.54147559856006,3.156810063328467,21.0,3.2905,0.4038
Ti6In2Si2P12O49,2.6336999999999997,-2.939626018789403,0.0,962.6636360707972,2.981846652255784,71.0,3.5199,0.8862
Ti7(Fe3O8)3,0.7638999999999999,-2.576209230583333,0.025675882124998002,434.7676076313001,4.665976881714658,40.0,4.4597,3.6958
Ti7Cr12O48,0.8711000000000001,-2.128388242736318,0.08688398811194,922.7634884489988,3.107773600015883,67.0,1.0375,0.1664
Ti7Fe13O30,0.8463499999999995,-2.361513728666666,0.061412632099991996,538.0855333267398,4.755726310270625,50.0,4.7556,3.9092499999999992
Ti7Sn3O20,1.6804,-3.029333526277777,0.05854989158333,338.71474093295666,4.9573145606627405,30.0,5.6924,4.012
Ti8O13,0.111399999999999,-3.353443061984128,0.009953984761905,242.1232358652949,4.05272694356993,21.0,5.342,5.2306
Ti9SnO20,1.8492,-3.318146108166666,0.049851999083333,327.29332162015646,4.411456890719664,30.0,5.3162,3.467
TiAg2(IO3)6,2.433299999999999,-1.038760822469136,0.020375361944443,409.9177351615565,5.318920981194354,27.0,5.3222000000000005,2.8889
TiAg2O3,1.2698,-1.872129730694444,0.039714924166665,333.70908441939616,6.202128190969825,24.0,3.1274,1.8576
TiAgPO5,2.4369,-2.583638071986606,0.0,826.738490692935,4.285521230056063,64.0,3.7869,1.35
TiAl(WO4)2,0.290899999999999,-2.6372626627777773,0.090272511458334,262.14028370927883,7.228015038075221,24.0,5.3887,5.0978
TiAl2O5,3.06325,-3.4357445210416673,0.021370653437493,165.050786044917,3.659714891074954,16.0,6.5616,3.49835
TiAlFeO5,1.6263,-2.882356848541667,0.037427183749995,178.13854067154162,3.927952581057456,16.0,4.0274,2.4011
TiAlP(SO6)2,2.433099999999999,-2.558465458606443,0.013385232843137,1351.2266701954306,2.668792702665525,102.0,3.0662,0.6331
TiAs2H4O9,2.965799999999999,-1.846768380833333,0.00174889234375,747.0902750294681,3.07384038486781,64.0,2.3946,-0.5712
TiAs2O7,2.5361,-2.152052903999999,0.037572937083333,469.93454936993567,3.7323752272357615,33.333333333333336,2.6910666666666665,0.1549666666666667
TiAs2Pb2O9,2.6218,-2.099228140595239,0.014456938214278,792.6788568631183,6.33568839624337,56.0,5.5778,2.956
TiBi(PO4)3,0.2153,-2.520460233956581,0.073479078970606,498.4347031843206,3.609765156940093,34.0,0.6027,0.3874
TiBi2(O2F)2,1.104899999999999,-2.5446921214814813,0.111612156388885,117.24108933455037,8.042325109413184,9.0,6.8858,5.7809
TiBi2O5,2.4189333333333325,-2.3348926760416675,0.036763314375,329.4139351597273,7.290614703738541,21.333333333333332,5.8004,3.381466666666667
TiBi6(PO8)2,2.591199999999999,-2.252744042104763,0.001049581800002,352.1654579955593,7.637188759190362,25.0,6.5843,3.9931
TiBi8W(BrO8)2,1.464699999999999,-1.9343592297619048,0.005925206071432,457.5578041297145,8.417229308741458,28.0,5.478,4.0133
TiBi8W(ClO8)2,1.2218,-1.947677705833334,0.019645060433667,446.48199197077344,8.295393278722848,28.0,5.525,4.3032
TiCdFe(PO4)3,2.2598000000000003,-2.6273583806812173,0.0,469.9600369078119,3.540691079150751,36.0,3.3635,1.1037
TiCdO3,2.53652,-2.6141032853666664,0.057357685299999794,198.36330728509841,5.547275025723495,16.0,4.16976,1.63324
TiCo(PO4)2,1.8961,-2.68619760500992,0.03432337546876,587.7858169214597,3.353284108263955,48.0,3.9121,2.016
TiCo3(PO4)4,0.251599999999999,-2.338708478412698,0.081898084713534,287.7872248881713,3.488279470984307,24.0,2.2762,2.0246
TiCo3O8,1.151,-1.602152463055555,0.079185894930556,274.75813275259526,4.288562483756896,24.0,2.0698000000000003,0.9188000000000001
TiCoO3,2.2549,-2.495839098666666,0.129342192500002,168.77986080467417,3.045965094638345,10.0,2.1937,-0.0612
TiCr(PO4)2,0.0665,-2.790186679107142,0.039429926354163,456.1413538225217,3.165031333691213,36.0,4.0197,3.9532
TiCr2O5,1.0341,-2.730494912916667,0.064143237187506,170.87835944715613,4.506202882319753,16.0,4.8956,3.8615
TiCrCuS4,0.0677999999999995,-1.0774904420833313,0.10888574125,366.02793595300994,3.9969289082742865,21.0,5.42225,5.35445
TiCrO3,0.4277,-2.774804165666667,0.118891695166665,210.1702097484956,4.672964172840295,20.0,5.6016,5.1739
TiCrO4,0.5747,-2.699036905555555,0.078841251250002,274.48136847565047,3.965254113115668,24.0,2.5878,2.0131
TiCrSO8,1.715799999999999,-2.151592306136364,0.034273452280301,501.0313690978396,2.584345934747099,33.0,0.6223000000000001,-1.0935
TiCrSbO6,1.6451,-2.5712352845370363,0.011281424722223,401.5259599007324,5.254151818172359,36.0,5.799,4.1539
TiCu(PO4)2,0.302,-2.588273093968253,0.03646891687501,290.4552241955285,3.445714939585038,24.0,2.442,2.14
TiCu2O3,0.9258999999999992,-1.967631604305555,0.108648840833334,284.6837682930941,5.201970495185841,24.0,5.3648,4.4389
TiFe(PO4)2,1.0424,-2.752915896121031,0.024743727638880497,526.4050759718298,3.2417040357056077,42.0,3.6489000000000003,2.6065
TiFe11O16,0.8584499999999995,-1.755654697261904,0.069598494107142,783.0921476087808,4.857005212700905,70.0,4.347099999999999,3.48865
TiFe2Bi2PbO9,2.1131,-1.995355853555556,0.034554103937496,392.5494922199379,7.85716579641785,30.0,6.6135,4.5004
TiFe2Ni3(PO4)6,0.014699999999999,-2.276909493088625,0.091901952152804,439.4944623846041,3.4211139214394173,36.0,1.535,1.5203
TiFe2O5,1.7196333333333327,-2.343961209895833,0.038491680208329,252.87945319024553,4.19225297232002,21.333333333333332,3.7002,1.9805666666666666
TiFe3Bi3PbO12,2.0919,-1.910032613166667,0.031002175953124,277.60495734526785,7.426448901725423,20.0,6.0564,3.9645
TiFe3Sn2(PO4)6,0.096,-2.462561439755292,0.068881622384273,481.4142868712232,3.527420370317051,36.0,2.4365,2.3405
TiFe5(PO4)6,1.365399999999999,-2.458384693921958,0.035225820902796,443.4751906874466,3.358408805053705,36.0,2.9151,1.5497
TiFe5O8,0.9302,-1.945541897380951,0.062322265357142,777.9110998594518,4.857175032250734,70.0,4.6012,3.671
TiFeBiPbO6,2.0298,-2.179380668333334,0.025699246203123,138.02752749387463,7.409445287113322,10.0,6.3115,4.2817
TiFeO3,2.1438499999999996,-2.6773780388333335,0.05233475383333233,149.41856576191566,4.554296676155638,13.333333333333334,5.175866666666667,3.032016666666667
TiFeO4,0.2863999999999997,-2.3519627830555554,0.11335300666666766,233.44033554007305,3.9808185804215666,20.0,1.7864999999999995,1.5001
TiFeSbO6,1.395899999999999,-2.361769379814815,0.030516753055553,201.3980566923813,5.301052509088971,18.0,5.4929,4.097
TiGa2O5,2.6913,-2.6800637232291673,0.053579989375004,239.97380734895742,4.978529778046362,21.333333333333332,4.685300000000001,1.994
TiGaP(SO6)2,2.355699999999999,-2.361329776106443,0.015959903137251,1391.5426407908392,2.8974944478042053,102.0,2.526,0.1703
TiGeO3,1.1348999999999991,-2.683055854666666,0.068774115500003,142.2873660627807,3.9330191466442272,10.0,3.4717,2.3368
TiGeP2SO12,2.6428000000000003,-2.501183553536415,0.012306618431352,1355.230291534823,2.988553012456089,102.0,3.1014,0.4586
TiH12N2(O2F3)2,3.8376,-1.626452739533332,0.117886620399993,446.161896876118,1.979743747331602,50.0,1.7243,-2.1133
TiH2SO6,2.5139,-2.159922030583332,0.006459188000008,452.79712911664,2.610294187990691,40.0,2.6361,0.1222
TiH30C10S5(ClO3)2,2.4561,-0.522040200246914,0.189197006814229,1280.2324263735434,1.363054028259861,108.0,1.8795,-0.5766
TiH3CO5,2.7897,-1.975002810708333,0.051377926000001,827.2261125127279,2.294788053037147,80.0,2.3928000000000003,-0.3969
TiH6(OF3)2,4.4992,-2.239493396055556,0.01947348683333,152.04650095981086,2.183201623649641,15.0,1.1113,-3.3879
TiH8(OF2)3,4.3532,-2.111761136435185,0.0,727.0428351951055,1.990877161477484,72.0,0.8115,-3.5417
TiH9(SO6)2,0.448399999999999,-1.678989700920139,0.038050358420132,1025.6168694236192,2.027464516105971,96.0,2.3754,1.927
TiHgO3,1.0936,-2.250372007166668,0.108484257,118.34433484930987,8.319374843308553,10.0,4.1035,3.0099
TiI2O7,2.536299999999999,-1.588837904833334,0.0,298.9699139845672,4.595232181482023,20.0,4.3497,1.8134
TiIn2O5,1.9707,-2.548111676770833,0.013701235000004,382.6153810848428,6.206156319448779,32.0,6.3214,4.3507
TiInP(SO6)2,2.1946,-2.332152183018208,0.035039956176469,1507.7594683061322,2.9721445794392123,102.0,2.39,0.1954
TiMn(PO4)2,1.3853,-2.848938598066673,0.023535063020827002,538.5388139828995,3.1574931531622115,42.0,3.6385,2.2531999999999996
TiMn2O4,1.387999999999999,-2.67569474631363,0.015470941428578,324.76171868904254,4.535129077234599,28.0,4.9224,3.5344
TiMn2O6,1.7570999999999999,-2.2825572835217107,0.101813149814815,162.88234386985323,3.893042861041124,13.5,2.40165,0.64455
TiMn3(PO4)4,0.012099999999999,-2.6347433481540783,0.02335258427084,298.5171376516824,3.296226033700299,24.0,2.283,2.2709
TiMn3Ni2(PO4)6,0.042599999999999,-2.422282721249544,0.047642148449106,432.4325394965933,3.455597128038339,36.0,2.4909,2.4483
TiMn3O8,1.4529999999999998,-2.15457862137512,0.08933118463541775,314.74134250094494,4.037241630831282,27.0,2.51545,1.0624500000000001
TiMn3Sb2(PO4)6,0.025399999999999,-2.493886643471766,0.086216006697512,481.4913301843792,3.538509711270599,36.0,2.4684,2.443
TiMn3Te2(PO4)6,1.3624,-2.4292951096754702,0.08560692381947,495.0123225222584,3.481038280558016,36.0,3.7517,2.3893
TiMn4O10,1.4943,-2.063405258170498,0.096228171444444,706.0978780989323,4.022492704239903,60.0,2.3578,0.8635
TiMn5(PO4)6,0.4187,-2.5572843897457123,0.029352299791645,454.5199888672919,3.260232444066413,36.0,1.8773,1.4586
TiMn5O12,1.4294,-2.033745003499362,0.069704175185185,217.18764996950003,3.934065396225317,18.0,2.112,0.6826
TiMn9O20,1.674999999999999,-1.916160810323756,0.0749198665,698.3848343888818,4.100543017327288,60.0,2.4553000000000003,0.7803
TiMnCr(PO4)3,2.300899999999999,-2.784313409455164,0.0,454.6776892925831,3.211788642590227,36.0,3.7903,1.4894
TiMnFe(PO4)3,2.3036,-2.694523067788497,0.004321359722153,457.75566036327456,3.218116702187582,36.0,3.6169,1.3133
TiMnH12(OF)6,2.0830499999999996,-1.9503682861063214,0.0039185458653845,710.4152488033714,1.9107045371608835,65.0,0.68775,-1.3953
TiMnO3,1.6605249999999994,-2.880659167127874,0.0739448891249995,135.19935183038316,4.613688527017729,12.5,5.414975,3.75445
TiMnV4O12,0.736,-2.506827467848021,0.085465339861128,261.7443626653153,3.162951566125604,18.0,1.7508,1.0148
TiMo(PO4)3,1.3673,-2.713153336897758,0.00837813882358,478.4248106969969,2.976050138123185,34.0,2.1286,0.7613000000000001
TiNb(BiO3)3,2.0904,-2.3995893304166676,0.036126969999997496,285.5064075512794,7.965642664255404,21.0,6.429550000000001,4.33915
TiNb(PO4)3,2.7411,-2.964467245427171,0.0,488.3853413335765,2.8947251591327063,34.0,2.6766,-0.0645
TiNb2O7,1.8412749999999998,-3.163731443000002,0.01262888486893975,518.5977948392826,4.158694297420563,37.5,2.46835,0.627075
TiNb2Zn(PbO3)4,0.5602499999999995,-2.3550027516666656,0.055712524390633,276.67209452351074,7.921817311192724,20.0,5.934,5.37375
TiNb2ZnO8,2.4241,-2.9183172786111102,0.032286462916667,138.404270797047,5.124044194692314,12.0,4.3762,1.9521
TiNb3O6,0.520799999999999,-2.903543185833335,0.0,266.3836037693696,5.268453512931599,20.0,4.2444,3.7236
TiNb6Tl2O18,2.5982000000000003,-2.889843011851853,0.0,425.09875048078055,5.086167127035912,27.0,3.1976,0.5994
TiNbBi5WO15,1.3757,-2.241756793188405,0.006460737282605,645.077762558146,8.286282296674388,46.0,5.5184,4.1427
TiNbBiO6,2.3865,-2.845984238148149,0.004120943888883,250.00748777560145,5.921307352988951,18.0,4.9492,2.5627
TiNbCrO6,1.6732,-2.988187130092593,0.018518896547591,402.1544767743979,4.769381444535038,36.0,4.3922,2.719
TiNbFeO6,1.241299999999999,-2.790575222314815,0.041373580555552,406.1319414150432,4.785619884627637,36.0,3.6216,2.3803
TiNbHO5,2.820599999999999,-2.865200347447918,0.017785815959824,425.4639099661244,3.462306022752792,32.0,2.2495,-0.5711
TiNbSbO6,2.2347,-2.831692349259259,0.019748076666665,231.21127813884945,5.149858700854341,18.0,5.5819,3.3472
TiNbTl(O2F)2,2.6792,-3.00778477462963,0.039941073657438,293.5462651245862,5.058908498288654,18.0,3.2423,0.5631
TiNbTlO5,2.4489,-2.863743589895834,0.0,481.187449890684,5.86868419040555,32.0,4.2644,1.8155
TiNi(PO4)2,2.5119,-2.682291141329366,0.024075743055556,507.3251400905673,3.3921437012212494,42.0,4.20675,1.6948500000000002
TiNi3Sb2(PO4)6,0.6416000000000001,-2.322971010588625,0.097081810000037,465.1385564351999,3.703132034485176,36.0,2.7684,2.1268
TiNi3Sn2(PO4)6,1.9098,-2.377536913088624,0.086545170115737,446.0765233220267,3.838669176649239,36.0,4.2952,2.3854
TiNi4GeO8,2.4005,-1.940748564880951,0.0,146.37989859974792,5.482298823260356,14.0,6.5345,4.134
TiNiO3,1.9528499999999998,-2.5780477536666666,0.01866991299999875,463.8933130247975,4.995612458894346,45.0,5.9845500000000005,4.0317
TiO2,2.3665,-3.4102407073888887,0.09781474455555494,342.1879755140462,3.6071105500474405,27.0,3.7677973684210526,1.4012973684210526
TiOF2,2.608833333333333,-3.5568984970833344,0.062488396562497994,146.0554897452184,2.812325553908792,9.333333333333334,1.1208666666666667,-1.4879666666666669
TiP2(HO4)2,2.7135,-2.57002451135531,0.003415952115398,630.093993603117,2.528129381685768,52.0,2.8461,0.1326
TiP2Cl8O3,2.7291,-1.94023294197279,0.0,1372.7425766033552,2.135937030372225,56.0,1.5201,-1.209
TiP2H4O9,2.9959,-2.331133612819942,0.0,645.6311589273591,2.652628237831694,64.0,2.9506,-0.0453
TiP2O7,2.599133333333333,-2.9171479024285607,0.043983522083315164,442.47924636339434,2.788715084719494,33.333333333333336,3.0007,0.4015666666666667
TiP2PbO8,2.5872,-2.808509416051586,0.0,330.1012528152904,4.4771476958457335,24.0,4.4112,1.824
TiP3WO12,2.234,-2.764524700721287,0.0,479.9498552255633,3.574829689360539,34.0,2.9768,0.7428
TiP4H8N2O13,2.7679,-2.004591144353741,0.025747923839309,614.901844294319,2.245899588628985,56.0,2.7713,0.0034
TiPCl7O,2.602,-1.837991591172619,0.0,2417.554077896839,1.884825460537777,80.0,1.0325,-1.5695
TiPHO5,2.7182666666666666,-2.7539502592782745,0.0085200465625,296.6496823732212,2.9791431629286858,26.666666666666668,3.6572666666666667,0.939
TiPO4,0.046949999999999506,-2.9490535884126983,0.0791865000952235,219.90473312577018,3.2759651841818664,18.0,5.07535,5.0283999999999995
TiPO4F,2.4367,-3.164662560782314,0.0023374217857145,178.4159500960917,3.012862601578936,14.0,2.9779,0.5412
TiPb(S2O7)3,2.7366,-1.9264472816666671,0.0,1721.4148206393695,3.022955343734755,116.0,2.318,-0.4186
TiPb15O17,1.6896,-1.652719156616158,0.008255824147734,644.8109422210215,8.827533403053494,33.0,5.8353,4.1457
TiPb2Se2ClO7F,2.4534,-2.001392863430059,0.0,470.9584937934419,5.547142021013283,28.0,4.4977,2.0443
TiPb9O11,2.017,-1.704774214206348,0.065345134404756,398.67241191979264,8.699629288013428,21.0,6.4138,4.3968
TiPbO3,1.9046666666666663,-2.714998431499998,0.015591354166666,140.41076450331613,7.564188455317473,10.0,6.3891,4.4844333333333335
TiSCl6O,2.6534,-1.6112449302777776,0.021661011481481335,875.8434930640693,1.9533733726157863,30.0,1.0692999999999997,-1.5841
TiSO5,2.3047666666666657,-2.5420798631845236,0.0029225788988093333,740.40437521599,2.9250853702927486,56.0,2.692733333333333,0.3879666666666666
TiSb(PO4)3,2.2085,-2.678442103662465,0.0,470.51947961034506,3.208297481340644,34.0,3.0891,0.8806
TiSi5O13,0.0824,-2.995133895438598,0.142583815833329,3250.0023034377496,1.619813121308696,152.0,-2.6858,-2.7682
TiSi7H42C14(ClO)2,2.4531,-0.374376119938725,0.076534008879163,1859.857052344038,0.9961385600739312,136.0,0.8703000000000001,-1.5828
TiSi7H48(C8O)2,3.0433,-0.296530911936937,0.083201900467758,1808.315855639416,0.949531347539851,148.0,1.6074000000000002,-1.4359
TiSiAg2O5,1.334,-2.303131396296296,0.062375488240737,237.80729662876868,5.190748696141693,18.0,3.8672,2.5332
TiSiGe(SO6)2,2.5644,-2.332957388921569,0.058487798529408,1400.0072202486392,2.880180430989711,102.0,2.8158000000000003,0.2514
TiSiO4,2.1108999999999996,-3.229836852638889,0.160606545277778,127.36215539144263,3.6649387532568225,12.0,5.40335,3.2924499999999997
TiSiSn(SO6)2,2.2136,-2.365084667352942,0.033364455551462,1503.315178848164,2.987583489468397,102.0,2.8532,0.6396000000000001
TiSn(PO4)2,1.6846,-2.7018582481349203,0.065282871273145,345.699501891629,3.4250262235034192,24.0,3.8576,2.173
TiSn9O20,1.126299999999999,-2.233100057611111,0.014439292083332,359.00906967399203,6.643121673429107,30.0,6.4601,5.3338
TiSnO3,1.0769,-2.6756001291666665,0.0811141029999975,109.23096533363719,5.161544246781445,7.5,6.20775,5.13085
TiSnO4,1.821666666666666,-2.7552336687962957,0.052535059675924665,119.964389358004,5.262422695775372,10.0,5.849900000000001,4.0282333333333336
TiSnP2SO12,2.5601000000000003,-2.535306267261905,0.0,1464.9107619174654,3.078128645341854,102.0,3.1147,0.5546
TiTe(PO4)3,0.0236,-2.538180725525211,0.019302150833303,487.0812769593063,3.139027570918533,34.0,1.8482,1.8246
TiTe3O8,2.7479,-1.99700330111111,0.001305564791662,667.476283370849,5.559331057863425,48.0,6.1936,3.4457
TiTeO3F2,2.7386,-2.751074262142857,0.0,838.4090628655888,4.142778462578939,56.0,3.7922,1.0536
TiTl2(GeO3)3,2.6548,-2.179262007000004,0.022739891249994,438.48166490620656,6.199717674789691,30.0,4.3212,1.666399999999999
TiTl2(TeO4)3,1.6058,-1.7613155944444432,0.0,258.6944065783514,6.620645008046826,18.0,4.6993,3.0935
TiTl2O3,2.0959,-2.254204047916664,0.0,468.0104628146787,7.161898160216908,24.0,4.4222,2.3263
TiTlAsO5,2.8120000000000003,-2.309175717552085,0.0,999.9350043873276,5.409310502686648,64.0,4.2539,1.4419
TiTlPO5,2.6016500000000002,-2.7845096389918167,0.001801973828125,920.1658185093058,5.243804963876788,64.0,4.7704,2.16875
TiTlWO5F,2.755499999999999,-2.586697433518519,0.0,282.39573093531794,6.292805568978294,18.0,3.7415,0.986
TiV(PO4)2,0.148899999999999,-2.874028041607143,5.93831944435408e-05,456.56141914205136,3.15061238999293,36.0,3.7929,3.644
TiV(PO4)3,1.3638,-2.757122292191875,0.014862539852945,460.207533471819,2.769126093972542,34.0,1.6186,0.2548
TiV15O24,0.2542,-2.576924830583332,0.019506470718743,430.5685093350252,4.612421329413955,40.0,5.3972,5.143
TiV2CrO10,1.3891,-2.269430502380953,0.098171093428572,197.0150268302308,3.048922600829853,14.0,0.9427,-0.4464
TiV2O7,2.1462,-2.691691609333334,0.0,632.404360154983,2.749121630419838,40.0,0.5891000000000001,-1.5571000000000002
TiV3(PO4)6,0.875699999999999,-2.657787760623248,0.015871373308838,458.21282300002497,2.792322590543802,34.0,1.5311,0.6554
TiV3Cu2(PO4)6,0.0228,-2.540672195588624,0.016524210902739,455.0201693657847,3.275721272025496,36.0,2.7492,2.7264
TiV3Fe2(PO4)6,0.059299999999999,-2.635276225866402,0.032888646666688,451.0062252322349,3.248167194441794,36.0,3.0299,2.9706
TiV3O8,0.7292749999999993,-2.709529926840279,0.059335068645829,254.6211855191962,3.7528068565202695,21.0,3.0908249999999997,2.3615500000000003
TiV3Sb2(PO4)6,0.019,-2.580331306977514,0.070160212947548,483.8025311041951,3.480454074093307,36.0,3.6981,3.6791
TiV3Sn2(PO4)6,0.044599999999999,-2.635650319755291,0.039669262465288,486.4719530800974,3.440533809883201,36.0,3.1666,3.122
TiV4CoO12,0.7425,-2.387592357962963,0.11558053652776,250.13042713543055,3.336334783520327,18.0,2.0348,1.2923
TiV4FeO12,0.7597,-2.392560261296298,0.147909941944432,254.0677142759688,3.264447741380746,18.0,1.8855,1.1258
TiVO4,1.0462399999999998,-2.956392040972223,0.05886977333332501,252.33114103383886,3.9640182291639503,22.2,3.7060000000000004,2.65976
TiVZn(PO4)3,1.2856,-2.720616292347882,0.042853893117286,449.0733863756223,3.321508542807305,36.0,3.8147,2.5291
TiZn(BiO3)2,1.73406,-2.1965574339333336,0.058947180899997995,145.69091218192995,7.168749039977738,10.0,5.46282,3.72876
TiZn(GeO3)2,1.0149000000000001,-2.268286133208333,0.120379352874999,388.8125884977422,4.686015339105399,30.0,3.4909499999999998,2.47605
TiZn(SO4)3,2.2227,-2.112472437009804,0.0,1436.2772402369976,2.784892658811554,102.0,1.9067,-0.316
TiZn2O4,2.0363249999999997,-2.491554938020833,0.03526831995535675,353.55073567273223,5.129753660959169,31.5,4.098325,2.0620000000000003
TiZn2WO6,1.542199999999999,-2.271023565833333,0.108752672249999,217.66176038269916,6.996108974157175,20.0,5.2036,3.6614
TiZnAg(PO4)3,0.2983,-2.345600785496031,0.094868850682876,464.86576133266345,3.6153643644161,36.0,1.700699999999999,1.4024
TiZnAs2O7,2.7883999999999998,-2.133503183712121,0.065892424829544,652.5725772306569,3.8180771531102353,44.0,3.4692,0.6808000000000001
TiZnBi(PO4)3,1.8892,-2.560653827070106,0.107343359506171,464.3361249474022,4.342674446032886,36.0,3.9918,2.1026
TiZnCo(PO4)3,1.4250999999999991,-2.498834501236772,0.072856935623947,444.4361888821281,3.415883248671218,36.0,2.5359,1.1108
TiZnCr(PO4)3,2.3963,-2.718065051236772,0.010564369228365,444.8394094417092,3.360996050394278,36.0,3.8186,1.4223
TiZnFe(PO4)3,2.381199999999999,-2.6282727867923272,0.01882782686726,431.35062828520415,3.49573153936195,36.0,3.6521,1.2709
TiZnH12(OF)6,3.2217499999999992,-1.9075063728205124,0.0100306401923075,258.36110034424735,2.1625985273745796,26.0,0.76345,-2.4583
TiZnMo(PO4)3,1.1144,-2.635828347903438,0.012482194235017,468.3670901914163,3.503757326118193,36.0,3.623199999999999,2.5088
TiZnNiP2O9,3.051599999999999,-2.547477593044218,0.057959057440469,661.3788565651001,3.795324528996789,56.0,4.8194,1.7678
TiZnO3,3.0194666666666663,-2.761259299666666,0.05993361649999767,120.5508172099842,4.550406677399972,10.0,4.445566666666667,1.4261
TiZnP3WO12,0.8302,-2.594298223458994,0.060347142580251,470.9849260964831,4.10409608540877,36.0,3.5384,2.7082
TiZnSb(PO4)3,1.228399999999999,-2.557963428458993,0.090290958950619,455.93445053154585,3.787375266240346,36.0,4.3183,3.0899
TiZnSiO5,3.0316,-2.937937828541668,0.061855347291666,195.46462568097323,3.761032828251093,16.0,4.3893,1.3577
TiZnSnO4,2.79665,-2.428555816190476,0.0522112389285695,811.0522764016193,4.240896684960489,49.0,4.6693999999999996,1.87275
Tl2BiP2S7,2.1415,-0.671671080079365,0.0,1330.445859697199,4.5139021500401295,48.0,4.6238,2.4823
Tl2Cd2(SO4)3,4.05185,-1.7767470050877194,0.000402832105263,1184.6730743417259,5.16825068433593,76.0,4.89185,0.8400000000000001
Tl2Cu(SO3)2,0.098399999999999,-1.383411421969698,0.13225472151515,175.7701517643571,5.974789554425338,11.0,3.258,3.1596
Tl2Cu2S3,0.1819,-0.432277426666668,0.03835139876984,640.034495467993,6.559332051112272,28.0,4.9103,4.7284
Tl2Cu2SnS4,0.2195,-0.532658789074075,0.028296507261903,424.161231099308,6.129355431106989,18.0,5.1164,4.8969000000000005
Tl2CuH12(SO7)2,0.792899999999999,-1.424111553924731,0.0,708.5504303792898,3.620957172952353,62.0,1.2506,0.4577
Tl2Sn(AsS3)2,0.9788999999999992,-0.5746093356060611,0.0,296.9870624954951,4.862794652971724,11.0,4.0341,3.0552
Tl2Sn2S3,0.8386,-0.617530947738095,0.0,399.8075697707744,6.16673491115639,14.0,4.897,4.0584
Tl2Sn2S5,1.4057,-0.667618185462966,0.000452919027776,481.68178773596,5.56070025300685,18.0,4.8929,3.4872
Tl2SnS3,0.9537,-0.623845278194446,0.023536888541665,347.54119938379773,5.959759926967721,12.0,4.6121,3.6584
Tl2WO4,3.3207,-1.698710534523813,0.0,279.8680106167985,7.791650949965309,14.0,4.1399,0.8192
Tl2ZnH12(SO7)2,4.706799999999999,-1.492503597956989,0.0,720.4199344541296,3.569887240545632,62.0,4.2032,-0.5036
Tl2ZnH12(SeO7)2,3.9336,-1.293951471656585,0.0,753.8840242575233,3.824596034907384,62.0,3.1789,-0.7547
Tl2ZnP4(HO2)8,4.7666,-1.970572382749616,0.005841632741931,380.9878649389088,3.757577752953373,31.0,4.9469,0.1803
Tl3Ag3(SbS3)2,1.3068,-0.463188391785714,0.0,1488.864647979589,6.123761567387831,56.0,4.7915,3.4847
Tl3Bi3(PS4)4,2.0969,-0.659405731483516,0.0,5697.573013158132,4.376425176945363,208.0,4.7011,2.6042
Tl3Cu4As8Pb3S20,0.061599999999999,-0.447241161315789,0.068403730112784,952.4923717894268,4.758692768623201,38.0,3.298,3.2364
Tl3SbS3,1.592,-0.549451358928571,0.0,203.05250763868185,6.796676243705639,7.0,4.9905,3.3985
Tl3SbS4,1.5515999999999992,-0.5444094793750031,0.0,464.3382012903697,6.173635234318776,16.0,4.3092,2.7576
Tl4Bi2S5,1.394499999999999,-0.6316266425757591,0.0,1238.0964408242933,7.488308351357199,44.0,5.2161,3.8216
Tl4Hg3Sb2(As2S5)4,1.6625,-0.460443932319821,0.010694152770272,1933.2315139167129,4.987885313279191,74.0,4.4629,2.8004
Tl4Sn5S12,1.2765,-0.6614990201587301,0.012483209404762,1146.1986904423832,5.203462587657166,42.0,4.8471,3.570599999999999
Tl4SnS3,0.8640000000000001,-0.520482668541669,0.033815080416665,962.5684442809004,7.124289083592191,32.0,5.1199,4.2559000000000005
Tl4SnS4,1.788199999999999,-0.626693228981483,0.0,1064.92179150529,6.639545417216424,36.0,4.7661,2.9779
Tl5Sb10As3S22,1.5698999999999992,-0.546418544104167,0.0,1110.1388631248385,4.741235189873345,40.0,5.1567,3.5868
Tl6WO12,0.127899999999999,-1.315919165789475,0.014080941381578,259.89165729747486,10.236587814468791,19.0,3.9191,3.7912
Tl8Sb21As19(PbS17)4,1.5289,-0.52964404590972,0.0,3156.334132559299,4.537461816411457,120.0,5.1661,3.6372
TlBi(PS3)2,2.031199999999999,-0.640154575761904,0.0,514.906573722155,4.306583072939824,20.0,4.9838000000000005,2.9526
TlBi(SO4)2,4.31105,-1.66319476110243,0.0,706.2146097144362,5.703877719641207,48.0,6.0064,1.69535
TlBi(WO4)2,2.7891999999999992,-1.979128261944444,0.0,347.9532548153875,8.676421821718428,24.0,5.5516,2.7624
TlBiP2S7,2.2214,-0.641402386374458,0.0,1134.3078425269528,4.097614805697002,44.0,5.0273,2.8059000000000003
TlBiPbS3,0.027199999999999,-0.6606458676388891,0.042286778333335,165.1132296875087,7.208421911000095,6.0,4.9342,4.907
TlBiS2,0.4949,-0.6623738170833361,0.0,109.0507311577954,7.270899832464815,4.0,4.9809,4.486
TlCu3S2,0.389899999999999,-0.377181454722223,0.000833453333333,215.23476000606644,7.084716902685115,12.0,6.2747,5.8848
TlCu7S4,0.6435500000000001,-0.323944484340278,0.017507406458329502,494.81852343757083,6.515608567733729,30.0,6.601800000000001,5.95825
TlCuAs2PbS5,1.3528,-0.523761019583333,0.013696347249999,487.2994924497851,5.352015332902031,20.0,5.2309,3.8781
TlCuHSO5,0.345699999999999,-1.4706447307870372,0.00863094208333,242.9858302705175,5.207415771204114,18.0,2.7934,2.4477
TlCuPS3,1.9735,-0.594400572996031,0.0,564.4615618480508,4.649214837169444,24.0,5.3859,3.4124
TlSb(PS3)2,2.145899999999999,-0.604686315761904,0.0,528.2060541814405,3.649754023201907,20.0,4.8343,2.6884
TlSb3(AsS4)2,1.534,-0.509510152559523,0.007316214285716,2931.916588850916,4.4223089823222175,112.0,5.1702,3.6362
TlSb3S5,1.6346999999999992,-0.560926528148148,0.003625797777777,999.766734061218,4.849827660845921,36.0,5.4434000000000005,3.8087
TlSb5S8,1.5873,-0.5558374123809511,0.003709182499997,1547.759810961555,4.590593725824713,56.0,5.4817,3.8944
TlSbAs2PbS6,1.4503,-0.553582197348484,0.0,1172.7810914847564,4.958910045884868,44.0,4.9467,3.4964
TlSbPbS3,0.7052,-0.5667479776388891,0.082650380000001,198.4873465980131,5.266698149721828,6.0,3.9396,3.2344
TlSbS2,1.2755999999999996,-0.5735772527083337,0.008495131875001333,305.7362316346292,5.611122621881992,10.666666666666666,5.168433333333334,3.8928333333333334
TlSbWO6,2.7695,-1.932454243703704,0.0,283.8216518890548,7.09074137733431,18.0,4.8133,2.0438
TlSnPS4,1.8272,-0.6800324797108841,0.0,744.7254074863047,4.301842914331503,28.0,5.206,3.3788
TlZn(PO3)3,4.670599999999999,-2.414439971590136,0.000604508571423,833.0916857201086,4.039933431776943,56.0,5.2844,0.6138
TlZnAsO4,3.1473,-1.683771338333335,0.0,451.4895444551059,6.012820638296494,28.0,4.0083,0.861
TlZnPO4,3.8996,-2.22510710185374,0.0,420.1566133705617,5.76646223386107,28.0,5.1684,1.2688
TlZnSClO4,4.3633,-1.771604434166667,0.0,601.2553302496051,4.433307529488758,32.0,4.5382,0.1749
Tm(CuS)3,1.5452,-1.001287381919642,0.0,238.5803343435984,6.344355745518665,14.0,6.9596,5.4144
Tm10Ti6O27,1.9524,-3.786226298720932,0.100756075523245,1074.7139835382768,7.442826151342458,86.0,4.8025,2.8501000000000003
Tm2(WO4)3,4.369999999999999,-2.764842707132353,0.0349240480147015,947.3359307720041,6.360830917726102,51.0,3.5995,-0.7705
Tm2CdS4,1.1785,-1.9535404828571448,0.0,343.2970964592988,5.596827461615331,14.0,2.9681,1.7896
Tm2CuTe2(SO7)2,0.875599999999999,-2.285341291825396,0.019873987301604,283.8226195868872,5.527294022997867,21.0,3.9844,3.1088
Tm2MgTiO6,3.246,-3.722284603833334,0.017065381250002,224.9682843754268,7.470332194432801,20.0,6.1391,2.8931
Tm2MgW2(ClO4)2,2.633,-2.733762223666667,0.131352861999999,255.06721044684204,6.046380195609857,15.0,4.4052,1.7722
Tm2Sn3(PbS4)3,0.5920000000000001,-1.1260816964999991,0.022083064562493,929.9178402058784,6.072675826476167,40.0,5.5262,4.9342
Tm2Ti12(CuO4)9,0.0757,-2.715718284406779,0.065378132076272,615.0681083283948,5.561959921060381,59.0,4.5548,4.4791
Tm2Ti2O7,2.84675,-3.795934631856062,0.010675918068216,378.04145092341184,7.159757234443012,33.0,5.5235,2.67675
Tm2TiO5,2.86706,-3.8445101894791653,0.0700999993749874,419.1652825560762,7.327204638192792,32.0,4.65632,1.7892599999999999
Tm2WO6,3.4169749999999994,-3.3234542281250015,0.01756243687499975,566.7784126519477,9.123226051901064,45.0,5.3717500000000005,1.9547749999999997
Tm2ZnS4,2.3802,-1.965646147678573,0.010165176811227,644.5204960928165,5.477800359308756,28.0,4.4983,2.1181
Tm4CdS7,1.205799999999999,-2.061892934375002,0.067168395520843,265.00660228814786,6.344998804753593,12.0,4.5836,3.3778
Tm4MgTi2O10,0.3992999999999993,-3.564745754019611,0.17994700637255667,231.64629160601712,6.856208291742065,17.0,5.2641333333333336,4.864833333333333
Tm6MgWO12,2.9218,-3.5729323977500016,0.1331038371250115,260.7840433161557,9.002713529763923,20.0,6.07095,3.1491499999999997
Tm6WO12,3.3673,-3.757400671578949,0.0,243.6141887453361,9.470779149332635,19.0,5.1478,1.7805
TmAg(WO4)2,3.1444,-2.379088800555556,0.008676984322923,312.5740100347881,8.207523391570762,24.0,4.8613,1.716899999999999
TmCu(WO4)2,1.1147,-2.39106424625,0.037810486197923,301.2243556605474,8.028105842966568,24.0,5.2072,4.0925
TmCuPbS3,1.5547,-1.34976200125,0.0,261.16189453204424,6.814483589691731,12.0,6.3269,4.7722
TmCuS2,1.7071999999999998,-1.587655723281242,0.003754569374994,324.63088297405136,6.070837087908689,16.0,5.6365,3.9292999999999996
TmTaTiO6,3.338799999999999,-3.663479445907408,0.00495684777778,425.8369882601915,7.701385250278925,36.0,5.5051,2.1663
TmTiClO3,3.067299999999999,-3.5481689280555573,0.0,178.37553207102044,5.590238199791773,12.0,4.4815000000000005,1.4142
TmTl(WO4)2,2.731099999999999,-2.512171203611113,0.0,328.0981958086381,8.796124830794412,24.0,5.1354,2.4043
TmWBrO4,2.6794,-2.671049450714285,0.049805546130949,505.9176127101669,6.520821297539499,28.0,3.7354,1.056
TmWClO4,3.5515499999999998,-2.7576260421428573,0.037397061369049495,247.19815121860063,6.075812412144986,14.0,3.7906500000000003,0.2391
U(WO4)2,0.181599999999999,-2.469348226931818,0.19975040337121,1466.9851170917218,6.644071974746873,88.0,3.4382,3.2566
U2WO8,0.0365,-3.13911347590909,0.050276109469697,657.3576603317122,7.961128128338866,44.0,4.909,4.8725000000000005
UAg2(WO5)2,1.04135,-2.177099550638887,0.0177340280833335,861.7008981929104,7.565124921827131,60.0,3.22975,2.1883999999999997
UBi4WO12,0.8135000000000001,-2.164270105,0.090430515833332,263.2144180140758,9.146238426159911,18.0,5.5019,4.6884
UTiNb2O10,1.9478,-3.285665122023808,0.015214916096944,397.9634682536927,5.271674641964047,28.0,3.0851,1.1373
UZn4P2(H2O5)3,2.2888,-2.137498867117347,0.020051737857139,1199.5059233028503,4.472295249249347,112.0,3.1339,0.8451000000000001
V(WO4)2,1.6754000000000002,-2.1393972872727263,0.14190174749999201,218.83982849028843,6.078802213584479,16.5,2.1628,0.48739999999999994
V2CuS4,0.068699999999999,-1.053339290714285,0.068357790714289,240.51458503414528,4.055322115799774,14.0,5.322,5.2533
V2Zn(CuO4)2,0.176399999999999,-1.800356723653846,0.028848053461531,648.9860796332405,4.322910364521975,52.0,1.8188,1.6424
V2Zn(PO4)2,1.4466,-2.429473843983515,0.074457457874752,618.2411615718092,3.837998839416761,52.0,5.5734,4.1268
V2Zn(PO5)2,1.6925,-2.44527640895238,0.080430963888887,330.3800892127214,3.912690223993687,30.0,4.0677,2.3752
V2Zn2O7,2.2675666666666663,-2.14946445469697,0.021044993939393335,189.48113930360162,4.070708365134714,14.666666666666666,2.3024333333333336,0.03486666666666668
V2Zn3(GeO4)3,1.0263,-2.042719812749999,0.112892439583336,904.1254060170152,5.201488694462776,80.0,4.0876,3.0613
V2Zn3(P2O9)2,1.3392,-2.370440005873016,0.069396602962973,368.1014262791008,3.202848730532685,27.0,1.5569000000000002,0.2177
V2Zn3(Si2O7)2,1.793,-2.64774075826087,0.09019898963766,534.7373767657299,3.940320722394139,46.0,5.1456,3.3526
V2Zn3O8,2.7049000000000003,-2.081534421923078,0.030573436538461,304.55770127791016,4.646504278910031,26.0,3.662,0.9571
V2Zn3TeO10,2.8675,-2.010074728072917,0.0,919.2470212035054,4.232091488055301,64.0,3.243999999999999,0.3765
V2Zn3TePb3O14,3.1807,-1.934742160724637,0.0,352.6364855191094,5.986464982837656,23.0,4.9082,1.7275
V2Zn4O9,2.5914,-2.049996815666667,0.019283209999979,763.5775368214536,4.414724734511743,60.0,3.0067,0.4153
V2ZnCoO7,1.959499999999999,-2.014740191818181,0.074344799999999,1090.3331793652706,4.120789395173842,88.0,3.0058,1.0463
V2ZnCuO7,0.0896,-1.9705130492424248,0.019857152348484,919.7736308240326,3.713667575407009,66.0,0.9255,0.8359000000000001
V2ZnO4,1.2473,-2.2552736532142856,0.08576463773809401,350.3345955937418,4.949807179523612,31.5,5.064525,3.8172249999999996
V2ZnO5,1.9148999999999998,-2.2290284428125,0.110547467812498,206.6494898098338,3.980606676649529,16.0,3.4466,1.5316999999999998
V2ZnO6,1.94985,-2.1524831052777778,0.0641144866666485,155.026296533169,4.250929318572259,13.5,3.0536250000000003,1.103775
V2ZnP2O9,1.6989,-2.531037520841836,0.048659068511903,672.4637155528717,3.68656229061031,56.0,4.356,2.6571
V2ZnPbO7,2.467799999999999,-2.146573545681818,0.011215007840909,1207.384461408581,5.352608208204631,88.0,3.9795,1.5117
V3(WO6)2,0.0343,-2.261390614852939,0.105026940588235,1159.7068908071326,4.080788381531771,68.0,0.8885000000000001,0.8542000000000001
V3Cr3(WO8)2,1.065299999999999,-2.274211439583334,0.108082241250006,288.93718339853643,5.359036051834179,24.0,3.5786,2.5133
V3Cu2P6WO24,0.038899999999999,-2.417059763829366,0.031787805347213,464.6248564068373,3.693964502390084,36.0,2.6124,2.5735
V3FeO8,1.2565,-2.199322245833333,0.103752151874978,224.42806257041528,2.490975862342376,12.0,0.5058,-0.7507
V3Ni2P6WO24,1.7489,-2.48804289077381,0.02188934625,453.71290724854737,3.747285641610373,36.0,4.2326,2.4837
V3P4WO20,0.007299999999999,-2.455163073520407,0.048262922529669,334.8479874690347,3.870800319242471,28.0,2.669,2.6617
V3P6WO24,1.1734,-2.579009747584033,0.0,466.8097252424943,3.224582552689271,34.0,1.9488,0.7754000000000001
V3Zn(P2O7)2,0.450099999999999,-2.486861505162336,0.082764320725516,513.894871738899,3.658587286393486,44.0,4.8583,4.4082
V3Zn2FeO11,2.145,-2.127316360588236,0.012547618676459,432.42918632995617,3.958919516052244,34.0,2.5106,0.3656
V3Zn2GaO11,2.6398,-2.204319336617646,0.005073132058819,430.1442820994109,4.087099005069428,34.0,2.9281,0.2883
V3Zn2O8,1.4052333333333331,-2.233823820128205,0.063546182948712,244.04468102358337,4.672544655312747,21.666666666666668,3.6247666666666665,2.219533333333333
V3Zn3(AsO4)4,0.193099999999999,-1.804257896153847,0.197851967115386,691.2524441827445,4.346709221649959,52.0,2.4364,2.2433
V3Zn7H3SO19,2.701699999999999,-1.922757228674242,0.008098410189394,767.9934315734137,4.107123027120484,66.0,3.088,0.3863
V3ZnFe2O11,1.3171,-2.101035259117646,0.032789363970614,439.0906598751168,3.826520824387836,34.0,2.4379,1.1208
V3ZnO7,2.126299999999999,-2.298497134318182,0.090958485227256,565.601400333951,3.878057255602273,44.0,3.4877,1.3614
V3ZnO8,1.933,-2.275548843749999,0.01751639437499,625.0192941793409,3.679414620843138,48.0,2.621,0.6880000000000001
V3ZnP3O13,1.5596,-2.560559837446428,0.055436177833332,502.8780063333444,3.428520797106422,40.0,3.934,2.3744
V4Zn(PO4)6,1.331899999999999,-2.540851810510203,0.042636521238041,417.43403937250497,3.337527400021332,35.0,2.8531,1.521199999999999
V4Zn3(PO4)6,1.7203,-2.574614389671814,0.010991147027028,425.6033015960701,3.783866191080949,37.0,4.929,3.2087
V4ZnCu3O14,0.3258,-1.8965712686363632,0.003729309431817,305.1585695581397,3.720964657374469,22.0,1.052,0.7262000000000001
V4ZnO10,1.06515,-2.269427683333333,0.069518142499993,214.13461484684498,3.3281505008391155,15.0,1.51395,0.4488
V4ZnO9,2.0275,-2.275278689285714,0.142679621071433,346.8528657826685,3.956053587064106,28.0,3.6131,1.5856
V5FeO12,0.040899999999999,-2.284867542777778,0.091338114583333,258.0119770424856,3.234330874681854,18.0,1.6719,1.631
V5W3O20,1.199349999999999,-2.254392562767857,0.06759649397321149,561.0237715801204,4.975781648866564,42.0,2.1868999999999996,0.98755
V5Zn4(TeO6)3,0.132699999999999,-1.942231522333333,0.104011439722222,733.87610088667,5.37224259846215,60.0,5.002,4.8693
V6Zn3(FeO6)4,1.390399999999999,-2.089877243513514,0.007079119256772,486.347571610194,3.787289417318605,37.0,1.5793,0.1889
V7(WO5)6,0.3477,-2.250670727906975,0.108262927558124,549.4770475420937,5.861577557648496,43.0,2.9217,2.574
V8Ga3(MoS6)4,0.198999999999999,-1.183011413397435,0.037295504358984,695.5504023694867,4.225702420974314,39.0,5.5075,5.3085
VCu12As3S16,0.365899999999999,-0.5404441541406251,0.00720305359375,1185.7093707731972,4.345063798256686,64.0,4.9592,4.5933
VCu13Sn(AsS8)2,0.2538999999999995,-0.564054863143939,8.7934280303e-05,1840.181970108229,4.491077354085837,99.0,5.0302500000000006,4.776350000000001
VCu3(SeS)2,0.891,-0.7908617862109371,0.0,167.31877181192775,4.601246404340043,8.0,4.0583,3.1673
VCu3S4,1.0358,-0.8562810200000001,0.0,154.84416641947865,3.966135452969545,8.0,4.4255,3.3897
VP6(WO8)3,1.642399999999999,-2.524243819936975,0.010404723847962,490.9971873258512,3.9646516272929553,34.0,2.8693,1.2269
VWO4,0.632033333333333,-2.286207901527777,0.042882225138889334,270.5173543983094,7.336131165708378,24.0,4.937600000000001,4.3055666666666665
VZn(GeO3)2,0.0258,-2.059056739500001,0.075427786583334,498.2477097412286,4.767535722546337,40.0,3.473799999999999,3.448
VZn(Si2O5)2,1.682599999999999,-2.83956232859375,0.127163305468746,811.6987025685733,3.180633975969645,64.0,5.4939,3.8113
VZn(SiO3)2,1.179449999999999,-2.7187275343125004,0.0643346738541605,683.5205979323805,3.885651390169124,60.0,6.1229499999999994,4.9435
VZn2BiO6,2.7248,-1.9875375465,0.021287609499998,271.6664645531357,5.950271724644552,20.0,4.4214,1.6966
VZn2HO5,2.8693,-1.928055505694444,0.01024178569444,820.7089804806916,4.25320671088757,72.0,3.2928,0.4235
VZn2IO7,2.7456,-1.678447349090908,0.002066880681818,299.0373554591686,4.671804168140784,22.0,4.121,1.3754
VZn2IrO6,0.2539,-1.6715305805,0.179837369999999,205.52858870235625,7.594158706781878,20.0,4.7971,4.5432
VZn2P2O9,2.6012999999999997,-2.438928385306122,0.015941015833308,377.0688009386184,3.414727981915771,28.0,3.502,0.9007000000000001
VZn2SbO6,0.598299999999999,-1.960753798249999,0.096684581749996,436.1366133591629,6.08443996084807,40.0,5.4209,4.8226
VZn2WO6,1.2084499999999996,-2.0189383445,0.0948753765000025,165.69261988471686,6.889595310637294,15.0,5.085,3.8765499999999995
VZn6P3O16,3.5098000000000003,-2.301695747074176,0.006181177499986,354.24679034240785,3.713956120334146,26.0,3.4162,-0.0936
VZnAs2O7,2.1449,-1.857735980681817,0.072863098238636,607.1314977762157,4.137478892978776,44.0,3.4863,1.3414
VZnAsO5,1.7277,-1.9803461059375,0.057057680312502,427.0657243827793,4.219050252861603,32.0,3.5419,1.8142
VZnBiO5,2.8232,-2.0256164689062492,0.037690197968747,710.256469231573,5.696517831951226,48.0,4.208500000000001,1.3853
VZnH14(O2F)4,2.7277,-1.645869453839285,0.003141349263379,1034.3763980158274,2.147644037480224,112.0,1.2363,-1.4914
VZnHPbO5,2.9144,-1.936224415694421,0.0,433.0472901963097,6.205143206609328,36.0,4.9943,2.0799
VZnNiP2O9,1.9474,-2.33405102994898,0.049327090476125,653.047091763172,3.875017190399085,56.0,4.4006,2.4532
VZnO2,0.5377999999999991,-1.854978619375001,0.193429885208331,190.12316329535292,5.182741626701821,16.0,4.3866,3.848799999999999
VZnO3,0.8621000000000001,-2.124512842500001,0.105327708499996,202.89708302378835,5.380214103185048,20.0,4.0777,3.2156
VZnP2O7,1.6230666666666658,-2.485528154025974,0.038490970673068337,514.049313072448,3.751087909781077,44.0,5.761433333333334,4.138366666666666
VZnP2PbO9,0.046499999999999,-2.366746454323979,0.086978765446581,1498.43247010824,4.694202535880883,112.0,4.2784,4.2319
VZnPO5,2.3139,-2.473775475892857,0.015172548645836,384.318814903307,3.928778103822841,32.0,4.7227,2.4088
VZnSe2O7,2.0909,-1.69861534247159,0.0,655.1468548617518,3.916131331479169,44.0,3.087,0.9961
VZnSiO5,1.8206,-2.563757862187501,0.066440085416667,365.2279902168431,4.081612300447952,32.0,4.0826,2.262
W(BrO)2,1.0112249999999998,-1.5370730144999996,0.0674909796666675,264.468966689713,4.7176018448516395,10.0,0.06517500000000001,-0.9460500000000001
W(ClO)2,1.8464333333333336,-1.7319139109999993,0.08032078183334766,208.2289161075992,3.8132175070261645,8.333333333333334,-0.039733333333333336,-1.8861666666666668
W(OF)2,1.7353,-2.4834566464999996,0.002681794625,161.22169405373842,5.4535027792498285,10.0,-0.16870000000000002,-1.9040000000000001
W(S4Cl3)2,0.6399,-0.9142677503333312,0.0,827.0552268323942,2.622464612648569,30.0,-0.0082,-0.6481
W(SO4)2,2.8632,-1.826408281590908,0.0,1197.2672482060675,4.171532484280435,88.0,3.5149,0.6517000000000001
W2OF8,2.0157,-2.638586075,0.038700925681815,782.5224935034396,4.546810428414531,44.0,0.3105,-1.7052
W2Se3S,0.6423999999999996,-0.6623711795833316,0.011238452083334,350.28073934600116,6.035962632951697,12.0,2.4762,1.8338
W2SeS3,0.75315,-0.7994594854166666,0.0141303974999985,314.8062640077021,5.726696731576663,12.0,3.29935,2.5462
W3(Se2S)2,0.7026,-0.6838547068749956,0.013084966666671,281.10010363461623,5.502579483564681,9.0,2.1616999999999997,1.4590999999999998
W3(SeS2)2,0.9132499999999997,-0.773082194930552,0.0171776461111095,259.8754364954156,5.353427994138667,9.0,2.6627999999999994,1.7495500000000002
W3O10,0.1666,-1.839071681538461,0.183261186057691,188.3147764515256,6.274052497080405,13.0,0.0522,-0.1144
W3O8,2.2788,-2.0294558979545445,0.1193517772727275,231.79720450295105,7.122920720498746,16.5,3.4652000000000003,1.1864000000000001
W5(O2F11)2,3.5366499999999994,-2.6975646087903224,0.0139658200806555,1096.6427001359689,4.243345539214637,62.0,-0.5068,-4.04345
W7(OF5)6,3.4934000000000003,-2.688342463488371,0.015223286860475,718.1323005285522,4.515575944002082,43.0,-0.1471,-3.6405
WBr4O,1.2892000000000001,-1.0597853408333329,0.1539142450694475,191.55866813572106,4.503764115312427,6.0,0.2965,-0.9926999999999999
WBrCl3O,1.9672,-1.316920786666666,0.156367172569444,165.75299648964776,3.868033353762401,6.0,1.1037,-0.8635
WCl4O,2.333199999999999,-1.4038312974999991,0.15598611951388,162.08603504510734,3.500150378166143,6.0,1.147,-1.1862
WI3O,0.8858,-0.8099306324999991,0.033221527083334,756.6442946376959,5.096347798094554,20.0,2.3288,1.443
WN2,0.8485272727272725,-0.3527061130492451,0.11171464965909017,240.2604428457452,7.667954990093134,13.909090909090908,2.7931181818181816,1.944590909090909
WN2(OF4)2,1.9224,-1.850837682884615,0.045126039423077,688.4620864493774,3.818986365388681,52.0,-0.1923,-2.1147
WO2,2.0504,-1.9213226668749988,0.11534385812499966,383.99556658064694,8.419935427237617,28.0,4.598833333333333,2.5484333333333336
WO2F,1.2806666666666664,-2.3140142123611107,0.013147085243060666,200.15606069839484,6.368289678409859,13.333333333333334,1.6868333333333334,0.40616666666666673
WO3,1.4354264705882351,-2.1782118458609943,0.012648760701504736,301.44579262161176,6.701321797444553,20.705882352941178,1.5834529411764706,0.1480264705882353
WOF3,2.4411,-2.610498713999999,0.0,252.7087354003972,6.750600088596528,20.0,1.6644,-0.7767000000000001
WOF4,4.56185,-2.636935385086805,0.046054945746527916,491.9882297713957,4.694475016500589,29.5,0.7902416666666666,-3.771608333333333
WS2,1.6090499999999999,-0.8783382229861108,0.0052417855555555,181.08084178607237,5.241964961378874,6.5,3.391083333333333,1.7820333333333334
WS2O9,3.8323,-1.799107989375,0.0,670.488453351693,3.882975331017899,48.0,3.0947,-0.7376
WS9Cl4,1.255199999999999,-0.843306107589284,0.0,3775.171548430243,2.161416023757217,112.0,0.5986,-0.6566000000000001
WSBr4,1.2761,-0.940918165833332,0.0,765.9801918412076,4.643741710067857,24.0,0.3802,-0.8959
WSCl4,2.0275874999999997,-1.1897639422265613,0.0036035324479145,545.0773118605667,3.0636974783556976,16.5,0.5019625,-1.525625
WSF4,3.3183,-2.235522606249999,0.141922824583333,1005.7698248124676,3.855427260455931,48.0,1.0192,-2.2991
WSNCl5,1.019299999999999,-1.016609358749999,0.106132541276048,946.4711151646744,2.857489495563229,32.0,0.8290000000000001,-0.1903
WSeS,0.9068499999999999,-0.7283150536805665,0.015284703611101333,280.70746212596146,5.970964878557793,10.0,3.486266666666667,2.5794166666666665
WSeS2Cl5,2.2845,-1.027800370815972,0.027493762743054,1117.7171098403971,2.996233974816539,36.0,1.9297,-0.3548
WXeOF6,3.1574,-2.049667546666666,0.135407492777777,738.8318282971236,4.001689166100621,36.0,-1.3087,-4.4661
Y(CuS)3,1.4195,-1.0048013190625,0.0,244.0571509578096,5.112974865237336,14.0,6.7756,5.3561
Y(FeO2)2,1.0467799999999992,-2.409777812571428,0.035286039482143,182.7544864209313,4.808435362030653,14.0,3.88908,2.8423000000000003
Y(FeO2)3,1.2114,-2.11771447425,0.151072021187498,515.241883369055,4.543387026872431,40.0,3.6061,2.3947
Y10W2O21,3.142,-3.594930444393939,0.009312154886396,1836.0231029631668,5.761983223560129,132.0,5.2105,2.0685
Y2(WO4)3,4.8202,-2.739118086029411,0.027185770735291,1551.3780292800548,3.9446100083696223,68.0,2.2582,-2.5620000000000003
Y2CdS4,1.1109,-1.9366310149999992,0.0,356.4053395002699,3.8995312080374793,14.0,2.8938,1.7829000000000002
Y2Cu3(WO4)6,0.334749999999999,-2.1703583129285713,0.086049187035695,690.9528873520305,6.632178934121043,52.5,2.0297,1.69495
Y2CuH5S2O12F,0.2696,-2.044361942336955,0.161873143152173,1131.659367657934,3.060998881189943,92.0,1.6287,1.3591
Y2CuTe2(SO7)2,0.879,-2.270457513730158,0.011501252698433,292.3565006279772,4.456855344770982,21.0,3.8901,3.0111
Y2MgTiO6,3.2132,-3.668897302833334,0.017907437249988,232.60483092211388,4.939824078791782,20.0,6.0547,2.8415
Y2SiSn2S5O24,1.3956,-2.327102009240196,0.057844623345567,1669.151231157683,2.947596085747276,102.0,1.7656,0.37
Y2Sn3(PbS4)3,0.5405999999999991,-1.132077395999998,0.011995596499998,940.5279960392668,5.438996752362359,40.0,5.483,4.9424
Y2Ti12(CuO4)9,0.0757,-2.713519772881356,0.058133921016946,615.6949039176083,5.124622131410926,59.0,4.6116,4.5359
Y2Ti2O7,2.7201249999999995,-3.6654049250378784,0.09055829465909526,622.453893162748,4.643180385549195,49.5,5.3405000000000005,2.620375
Y2Ti2S2O5,0.7881,-3.288295090606061,0.0,166.36412250204617,4.168938740946212,11.0,4.3913,3.6032
Y2Ti2SiS5O24,2.0003,-2.613514219436275,0.046426126764703,1603.959864047133,2.627346428904119,102.0,1.7114,-0.2889
Y2Ti3O9,2.3114,-3.655366920714286,0.047473205892856,674.4983663706558,4.58312157338057,56.0,4.6832,2.3718
Y2TiO5,3.279299999999999,-3.848928632604167,0.0,429.3148804533705,4.729269491188135,32.0,5.1621,1.8828
Y2TiSnO7,2.8832999999999998,-3.369183891666666,0.011568101818188,277.4024836994554,5.463860896514355,22.0,6.4539,3.570599999999999
Y2W2O7,1.8551,-2.93107879090909,0.028492163636364,287.932753024049,7.583601852061466,22.0,6.2636,4.4085
Y2W2O9,2.72736,-2.896248514096153,0.0592702503846166,600.0069631324977,6.872462275002751,46.8,5.041580000000001,2.3142199999999997
Y2WO6,3.0945,-3.2409521448263896,0.03685682322916725,533.689116968046,6.450755920073154,40.5,5.1697500000000005,2.07525
Y2ZnS4,1.4894499999999995,-1.9485450838010185,0.0284025665816335,504.0851495609339,3.672156177614897,21.0,3.6215,2.13205
Y2ZrWO8,3.2777,-3.353686823333333,0.058074341458327,154.86821969446706,6.228255377404345,12.0,5.6929,2.4152
Y3CuGeS7,1.7881,-1.712041366041666,0.0,493.6861784268267,4.220306042839463,24.0,6.0961,4.308
Y3CuSiS7,1.7371999999999992,-1.801121410208332,0.0,486.9777990190118,3.974591429618406,24.0,6.3259,4.5887
Y3CuSnS7,1.488799999999999,-1.6939594264583322,0.013353926041664,519.113323753181,4.308324848046009,24.0,5.9883,4.4995
Y3ErTi4(SiO9)2,3.1195,-3.681512814226191,0.0,662.208947758335,4.862714621982125,56.0,5.3548,2.2353
Y3Fe5O12,1.9136,-2.52611848025,0.023515586406249,990.6826695564336,4.947580148338677,80.0,4.5766,2.6630000000000003
Y3Mg2MoS8,0.518799999999999,-1.819010488571427,0.112560944196426,332.39783724677113,3.336024458368741,14.0,4.0558,3.537
Y3Mg2WS8,0.083499999999999,-1.7594193092857142,0.164374519285711,330.8847662699493,3.792403963059706,14.0,4.102,4.0185
Y4CdS7,1.186499999999999,-2.062261083541665,0.050116775833344,275.5503084506029,4.173124350221999,12.0,4.5383,3.3518
Y4Mg(WO5)4,0.5238,-2.750815691206896,0.116011608836211,419.7541970506566,5.677924247845897,29.0,1.2802,0.7564000000000001
Y4Ti2Nb2O15,2.4457,-3.576364936159422,0.068752522826077,274.07389631245326,5.31448048676495,23.0,5.4288,2.9831000000000003
Y4Ti3SnO14,2.9302,-3.555811256136364,0.012546350454554,270.7803714315349,5.163044155657197,22.0,6.1875,3.2573
Y4Ti6Bi2O21,2.6999,-3.373620836515152,0.024215682045461,810.9923911159752,5.719898621499738,66.0,6.1513,3.4514
Y4TiSi2(O3F2)3,2.716699999999999,-3.930646094242425,0.0,573.4320712883556,4.156307171343937,44.0,4.1484,1.4317
Y4TiSn3O14,2.844099999999999,-3.185061664469696,0.008084715909101,283.8923855664629,5.753328498464345,22.0,6.7162,3.8721
Y6WO12,3.4343,-3.6557847515789472,0.0,256.8390604078093,5.878680865589374,19.0,5.409,1.9747
Y6Zn(GeS7)2,2.0258,-1.780765499782607,0.022877483641302,487.8973581150677,4.060443652512553,23.0,5.9632000000000005,3.9374
Y6Zn(SiS7)2,2.0178,-1.814314229569099,0.01889909959627,481.7282394829768,3.805279833953121,23.0,6.0125,3.9947
YAg(WO4)2,2.430566666666666,-2.350039438055555,0.014945643333333333,271.13623040481525,7.030982009591422,20.0,4.618133333333334,2.1875666666666667
YBi(WO4)2,1.8211,-2.426103407916666,0.0459488778124945,242.2403254015524,8.16980036331725,18.0,6.2802500000000006,4.459149999999999
YCo(WO4)2,0.6519666666666663,-2.3449067618055555,0.098007258923602,208.1156156248026,6.792490559270756,16.0,4.521100000000001,3.8691333333333335
YCr(WO4)2,2.0197,-2.507513225416667,0.116749190729159,315.3105162974373,6.704890397520048,24.0,4.9916,2.9719
YCu(WO4)2,1.3512999999999993,-2.3711245548611104,0.03404729123264266,212.4267338203866,6.70045628348235,16.0,4.8425,3.4912000000000005
YCu3(WO4)6,0.0533,-1.869319161470587,0.170038336691176,460.7759363385626,6.366342845281897,34.0,0.8185,0.7652
YCuPbS3,1.594549999999999,-1.345782553958332,0.000227561874989,394.8145405714633,5.749551793084459,18.0,6.4344,4.83985
YCuS2,1.6927499999999995,-1.5913123179687556,0.000137463437494,332.82709747657015,4.322406453826085,16.0,5.67445,3.9817
YFe(WO4)2,1.4351666666666663,-2.4559007566666664,0.039209300312501,311.75971454891317,6.825827295957243,24.0,4.896,3.4608333333333334
YFeO3,1.4173499999999999,-2.8176811085833338,0.0128005292916645,301.5638943126764,5.375354768179875,25.0,4.1539,2.73655
YMg30ZnO32,0.559499999999999,-2.9648550148437502,0.065990752646484,638.8700179047622,3.627016376103376,64.0,9.349,8.7895
YMgAg(WO4)2,2.1876499999999997,-2.3821380505128196,0.170102564391019,172.30508131939115,6.908648350951896,13.0,5.23995,3.0523
YMgCo(WO4)2,1.6654999999999989,-2.3938718061538458,0.158368808750003,165.70279659354054,6.696860941631377,13.0,5.37695,3.71145
YMgCu(WO4)2,1.7505499999999996,-2.412615693461538,0.1396249214423,167.83144028162621,6.657460340350534,13.0,5.5602,3.8096499999999995
YMgMo(WO4)2,1.8378,-2.373362296538462,0.178878318365381,177.99344951354314,6.575473391751488,13.0,5.5754,3.7376
YMn(WO4)2,1.6614,-2.566241396077585,0.02580501906249,309.8232085056539,6.855176835887666,24.0,4.9855,3.3241
YMo(WO4)2,1.7562,-2.4153964197916653,0.082920687187491,238.51509616796747,7.043415569192583,18.0,5.3834,3.6272
YNi(WO4)2,0.9116,-2.317790333333333,0.116699904999997,311.1975160927749,6.864979953452966,24.0,5.1139,4.2023
YSb(WO4)2,0.361699999999999,-2.288633076666665,0.185164089062505,171.17388836467055,6.8521368479372935,12.0,5.3467,4.985
YSn(WO4)2,1.662099999999999,-2.421590127916666,0.098208683229172,174.28245249620295,6.700859707838786,12.0,5.8736,4.2115
YSnP(SO6)2,1.6224,-2.415199377135855,0.037594254258578,1647.596998237559,2.991590617377907,102.0,1.6565,0.0341
YTa(WO4)2,1.959099999999999,-2.784729673944444,0.087601755416667,310.02531686811017,8.200560571756673,24.0,5.1967,3.2376
YTe(WO4)2,0.158999999999999,-2.280309915972223,0.139739280463542,358.77034748076335,6.592542913991057,24.0,4.4402,4.2812
YTi(WO4)2,1.7127,-2.801049497777777,0.068892675104159,302.43599897813584,6.944971485989754,24.0,4.9515,3.2388
YTi2CdO6F,1.3491,-3.177678023333333,0.142741191969699,267.5215611451342,5.115235582750785,22.0,4.2104,2.8613
YTiNbO6,3.167699999999999,-3.516640794537036,0.015050252777781,437.4235752335693,4.9452945590854345,36.0,5.2993,2.1316
YTiP(SO6)2,2.0499,-2.685221555763306,0.042369524436272,1574.7081095898156,2.681836894633553,102.0,1.7388,-0.3111
YTl(WO4)2,2.937099999999999,-2.494916040694445,0.0,334.0725826083996,7.843242418162665,24.0,5.2429,2.3058
YV(WO4)2,1.4172,-2.561477773124999,0.0868289688541695,229.71703077559903,6.82640367965945,18.0,5.06545,3.64825
YW3O8,1.553799999999999,-2.429232969166666,0.072861971979167,310.9699838667931,8.206535931579655,24.0,5.0202,3.4664
YWBrO4,2.7095,-2.650735798214286,0.029485679166672,522.2602120735801,5.298962867397569,28.0,3.7112,1.0017
YWClO4,3.591799999999999,-2.736427652857142,0.023608035952385,254.12495099594588,4.864116988533671,14.0,3.7941,0.2023
YWO5,0.001699999999999,-2.596063781428571,0.13705929991071,423.547364776565,5.531785406789839,28.0,0.354,0.3523
YZnAsO,1.2015,-1.966997731875,0.0,141.60195113136348,5.751668055450422,8.0,5.3587,4.1572
YZnPO,1.3049,-2.024648146160714,0.0,134.40133490239887,4.973858448756877,8.0,5.864,4.5591
YbTiO3,3.5867,-3.511420170583335,0.092733781249997,120.09880182192474,7.436004073945224,10.0,5.1322,1.5455
Zn(AgO2)2,0.2058599999999994,-0.6631614984047609,0.1161547432619034,262.8871169203081,6.034008974573063,19.6,0.9224399999999999,0.7165800000000001
Zn(AsO2)2,3.546699999999999,-1.691936952499999,0.006490381071425,404.8214639139138,4.581824271440751,28.0,4.4624,0.9157
Zn(Bi19O30)2,0.9177,-1.599492350909092,0.029131682929295,1684.837676012535,8.837312124344054,99.0,5.014,4.0963
Zn(Bi25O38)2,1.982599999999999,-1.605189519055119,0.038886859685043,2256.017963697379,8.634133333749023,127.0,6.0267,4.0441
Zn(BiO2)2,1.2780833333333326,-1.5303885066468252,0.1539592504960325,331.189015509379,8.212873527840008,21.0,5.230433333333333,3.9523500000000005
Zn(BiO2)4,0.311749999999999,-1.4504273838461534,0.1528817103846405,239.96241681908037,7.124506074514856,13.0,2.87165,2.5599
Zn(BiO3)2,0.0857,-1.275546057222222,0.095607607777777,251.02087695889807,7.665180845696079,18.0,2.4945,2.4088
Zn(CO2)2,3.2028,-1.621088253571429,0.05936300035714,157.27202028377692,3.239904815244309,14.0,3.5993,0.3965
Zn(CoO2)2,0.198299999999999,-1.304323560714285,0.158636205789473,149.55969547223685,5.490870501086477,14.0,2.7125,2.514199999999999
Zn(CoS2)2,0.7452000000000001,-0.6098689538520431,0.018742265102041,222.88746233158312,4.641954108247418,14.0,5.550499999999999,4.8053
Zn(CrS2)2,0.0344,-1.047598752857139,0.0,250.2161420962153,3.950808665421528,14.0,4.2823,4.2479
Zn(CuO2)2,0.28887499999999927,-1.0741234179464283,0.05553785919642725,185.1869427909247,5.716536867715576,17.5,2.8505000000000003,2.5616250000000003
Zn(Fe2O3)2,0.8089000000000001,-1.526379410454544,0.122825946818189,231.7300659934819,5.514616208457646,22.0,4.7983,3.9894
Zn(Fe2O3)4,0.363699999999999,-1.62710895515873,0.049661161984132,1425.9320473423566,4.9201005628004,126.0,3.8665,3.5028
Zn(FeO2)2,1.2213199999999997,-1.66487462710873,0.08015128431984139,466.1238126254198,5.1499675339376685,41.53333333333333,3.67024,2.44892
Zn(GaO2)2,2.310499999999999,-2.176957137857143,0.0,145.1475013418485,6.151538832288072,14.0,4.0374,1.7269
Zn(GaS2)2,1.4543499999999994,-0.797238845238095,0.07777168279761862,322.5813398505777,3.852238846176678,15.75,4.1123625,2.6580125
Zn(HO)2,2.600625,-1.443329906083333,0.04305991091666625,194.20136944154223,3.3577806842460176,18.75,1.7436374999999997,-0.8569875
Zn(IO3)2,3.2595,-1.057101210555555,0.0,263.77233989647056,5.227838770760821,18.0,5.3094,2.0499
Zn(InS2)2,0.49560000000000004,-0.762518864991493,0.043646345391156,275.1366540512175,4.246326998929006,11.666666666666666,4.262183333333334,3.766583333333333
Zn(MoO2)2,1.0587799999999996,-1.6787590249999993,0.1324976282142858,496.09421255849577,6.072592905530522,39.2,5.35576,4.29698
Zn(MoO2)4,0.230799999999999,-1.742467646153847,0.165849869423077,187.01772552667103,5.124667724644397,13.0,3.7977,3.5669
Zn(MoO3)2,0.8466,-1.831768327222222,0.122261966666665,224.1749790579418,5.233806295641759,18.0,3.7414,2.8948
Zn(NO3)2,3.3973500000000003,-0.9954735784027776,0.0032692374305555,631.9641233114057,2.990190529040367,54.0,2.8830999999999998,-0.51425
Zn(NiO2)2,0.1372,-1.224641685,0.005636350714286,137.4426286069097,5.963362113090987,14.0,3.5555,3.4183
Zn(OF)2,0.6983499999999996,-1.389778933249999,0.1710721507499975,262.23718219230415,2.7928803768608264,15.0,-1.5805,-2.2788500000000003
Zn(PO3)2,4.6853,-2.495263836448413,0.007178295972222,339.3854570695999,3.383632490699994,27.0,5.1011,0.41579999999999995
Zn(PtO2)3,0.3047,-1.106678720999999,0.0,112.81812775356885,10.989845397667144,10.0,5.0834,4.7787
Zn(ReO4)2,3.992,-2.101178606818182,0.0,180.5979308889308,5.202513788882393,11.0,1.6173000000000002,-2.3747
Zn(RhO2)2,0.9323999999999992,-1.30145586428571,0.0,155.2282326923861,7.171915971174942,14.0,4.7181,3.7857
Zn(SbO2)2,1.9148999999999996,-1.6321239063492052,0.13080262722222283,612.3227082829991,5.411645964978162,37.333333333333336,5.5669,3.6519999999999997
Zn(SbO2)4,1.8582,-1.677023276153845,0.123758735769232,233.1391683805465,4.846479399364903,13.0,4.4031,2.5449
Zn(SbO3)2,0.768849999999999,-1.8272007355555546,0.057518326111111,209.7530596120833,6.416829984172289,18.0,5.0213,4.25245
Zn(SnO2)2,1.3481499999999993,-1.7541217665476185,0.12726100291666148,539.2786106629181,5.678209589730126,35.0,5.85415,4.506
Zn(SnO2)4,0.7372000000000001,-1.840437842307691,0.14529842048077,202.1046884026501,5.49044957293684,13.0,5.2076,4.4704
Zn(WO3)2,0.640799999999999,-1.963126036666666,0.087456210694442,224.460406752438,7.828257900616541,18.0,3.8122,3.1714
Zn11Cu(MoO4)12,0.9283,-1.891289962777779,0.002068860190971,1089.8288344165785,4.117406576076609,72.0,0.9638,0.0355
Zn11Fe25O48,0.9151999999999992,-1.724423650714285,0.012070286428582,940.755729842982,5.089867996508977,84.0,4.0177,3.1025
Zn15Te5As2P8(Pb3O14)5,3.1867,-2.018663458134575,0.00244509942029,1682.8198252177006,6.162045288116827,115.0,5.5231,2.3364000000000003
Zn2(PS3)3,1.8214,-0.446611221017219,0.0,663.2956911847922,2.565174183934022,28.0,3.1578,1.3364
Zn2Ag2(MoO4)3,2.2162,-1.6726700707017552,0.001422220131576,573.1958074403225,4.78794506569981,38.0,3.1309,0.9147
Zn2AgSbO6,0.037199999999999,-1.366911491166666,0.112152593666667,235.85781770859435,6.4270989727966,20.0,3.1142,3.077
Zn2AgWO6,0.0827999999999995,-1.604146638666665,0.077071602125001,128.86708706157071,6.681513042162162,10.0,1.81975,1.73695
Zn2As(HO2)3,2.3191,-1.590389966979167,0.009749889999995,1048.2014239235948,3.862353746063005,96.0,2.4197,0.1006
Zn2As2O7,1.864133333333333,-1.7326636939772726,0.013393362499999667,751.5088512056581,4.488182306599437,55.0,2.4981000000000004,0.6339666666666667
Zn2AsHO5,1.9675,-1.7068521448611111,0.0,449.8480044391553,4.233879053418351,36.0,2.357,0.3895
Zn2B2PbO6,3.473299999999999,-2.255461469848484,0.0,623.0356027127608,4.857520431067896,44.0,4.3805,0.9072
Zn2BiPO6,2.8081,-2.130953433464286,0.033971618999999,513.8154362922604,6.03397545122277,40.0,5.7134,2.9053
Zn2BiSbO6,1.0598,-1.681346604499999,0.139882448500004,253.67022593403092,7.299567962785844,20.0,5.749,4.6892
Zn2BiWO6,1.8144999999999996,-1.7633979590000002,0.1389104145000035,202.2818404881969,7.456531623597215,15.0,4.9369499999999995,3.1224499999999997
Zn2Cd(BO3)2,2.4333,-2.19436090030303,0.030251278545455,258.93514014066085,4.628195342320349,22.0,3.1763,0.743
Zn2Co3O8,0.252499999999999,-1.267367354807692,0.052015465253035006,200.74604835865188,5.442400341361939,19.5,2.436,2.1835
Zn2CoP2(H2O3)4,3.339,-1.780480669271429,0.030314392233343,1020.741075402186,2.939655937711077,100.0,3.5242,0.1852
Zn2CoWO6,2.1260333333333326,-1.802576727999999,0.0647657275,184.70787528369752,7.024126116142692,16.666666666666668,4.5628,2.4367666666666667
Zn2Cr3O8,0.7465,-1.950589709230769,0.056636156923073,285.00504171485835,4.833557269652824,26.0,2.5495,1.803
Zn2Cr5(PO4)6,0.7738,-2.521481432915057,0.007360462415546,419.8178069140516,3.799643776426371,37.0,4.6132,3.8394
Zn2CrFe3O8,1.6213000000000002,-1.87231917,0.006656829285739,155.2267625505002,5.117090535061672,14.0,4.1711,2.5498000000000003
Zn2CrSbO6,1.859699999999999,-1.9098437144999991,0.093493237000002,214.70521947456547,6.196057699997294,20.0,5.7014,3.8417
Zn2CrWO6,1.8289999999999995,-2.001763586499999,0.0831969435000125,217.48482497257203,7.066692302721809,20.0,5.2188,3.3898
Zn2Cu(AsO4)2,0.4821,-1.630548818846154,0.0,165.69255335079256,4.732322103107533,13.0,2.1941,1.712
Zn2Cu10Sb4S13,0.5294000000000001,-0.483425104051723,0.041917241379308,568.5646822607048,4.87784590851209,29.0,5.5837,5.0543
Zn2Cu10Sn5Hg3S20,0.226099999999999,-0.6019061065624991,0.00430985925,853.9822916836428,5.061245247666292,40.0,4.6225000000000005,4.3964
Zn2CuWO6,0.22660000000000002,-1.691858970249999,0.0894039058750015,168.17656086168427,6.973845839657413,15.0,3.10475,2.8781499999999998
Zn2Fe2O5,1.8501999999999992,-1.596725206111112,0.158494750000004,253.6451238057116,4.222688326419732,18.0,2.1963,0.3461
Zn2Fe7O12,1.1595,-1.703861347142856,0.007036667142857,472.49973710291,5.01659357953128,42.0,3.999,2.8395
Zn2Fe9O13,0.7964999999999991,-1.524137046458334,0.11109448,257.419882202994,5.427719097972617,24.0,4.22,3.4235
Zn2FeP2(H2O3)4,3.2874,-1.825704208371428,0.009340421533331,495.41519346690274,3.007694685891384,50.0,4.0471,0.7597
Zn2FeSbO6,1.3843,-1.7346123145,0.082450154749999,217.5165791198788,6.174740479168916,20.0,4.8655,3.4812
Zn2FeWO6,2.5478499999999995,-1.8599124169999999,0.0700652819999995,226.1231695848121,6.852798620452816,20.0,4.6911000000000005,2.14325
Zn2Ga2S5,0.5115333333333331,-0.7553502542344618,0.139146456375662,301.93033492262754,3.95756701388146,15.0,3.977733333333333,3.4662
Zn2GaP3H8(NO6)2,3.9954,-1.830251328533163,0.000204458779763,1262.8986902816123,2.742973057489359,112.0,4.072599999999999,0.0772
Zn2Ge3O8,2.3392,-2.016907164615384,0.03886029769231,581.3440981338296,5.446922781096103,52.0,3.7749,1.4357
Zn2GeO4,2.2752,-1.969291861428572,0.0,560.383815647266,4.755174506972145,42.0,2.0806,-0.1946
Zn2GeS3,1.0527,-0.757342617916666,0.118807170833333,135.77126085147935,3.664880990301772,6.0,3.4868,2.4341
Zn2GeS4,2.3269,-0.8779191107142841,0.014168333482142,152.73465574680588,3.606455230485162,7.0,4.3113,1.9844
Zn2H10Cl4O5,4.262399999999999,-1.328342404285714,0.030772789999998,1125.4085044122735,2.140691649457124,84.0,2.3949,-1.8675
Zn2H16C4N18O7,3.777,-0.6017905905319151,0.091148867757091,1828.9531532502365,2.030482696993775,188.0,3.7393,-0.0377
Zn2H18Cl4O9,4.492199999999999,-1.311024766893939,0.019322354318181,1715.6566160063123,1.683200344668832,132.0,1.8536,-2.6386000000000003
Zn2Hg2H2S2O11,2.2221,-1.553248311578948,0.0,940.8332551750584,5.465305097500092,76.0,2.713,0.4909
Zn2Hg2H2Se2O11,1.4608,-1.22397862274671,0.0,1004.4333644658356,5.739463488150181,76.0,1.6019,0.1411
Zn2Hg2OF6,0.8682000000000001,-2.038081691363638,0.0,300.4589585511679,7.317183289828485,22.0,0.0201,-0.8481000000000001
Zn2In2O5,0.571299999999999,-1.821166763703704,0.082603612777778,243.3887240100403,6.010024461058149,18.0,3.5959,3.0246
Zn2InCuS4,0.7250999999999991,-0.8898318270833321,0.005861585624999,167.34071493390337,4.340781803511167,8.0,4.4798,3.7547
Zn2InGaO5,1.1522,-1.984964748240741,0.012503672777776,220.54970203200665,5.953343642417947,18.0,3.6147,2.4625
Zn2IrWO6,0.9592,-1.6031525725,0.178685241375,218.61166304831104,9.158628573395044,20.0,5.5298,4.5706
Zn2Mo(WO4)2,1.249549999999999,-1.8995329128846146,0.0615489638461535,315.6812228228828,7.615143833309595,26.0,5.156499999999999,3.90695
Zn2Mo3O8,0.56435,-1.8624986555769234,0.0880854325,246.50043957969723,5.511494166465425,19.5,4.330550000000001,3.7661999999999995
Zn2MoSeO7,3.7131,-1.730790659303977,0.0,320.449524962429,4.329106642546987,22.0,3.7275,0.0144
Zn2MoWO6,1.6652499999999995,-1.88402780825,0.04979835075,172.9723935068915,7.264589313766864,15.0,5.428649999999999,3.7634
Zn2Ni11O13,1.963,-1.251597544807693,0.054612957115383,248.07718097939207,6.589469805228637,26.0,7.1393,5.1763
Zn2Ni3O8,0.55665,-1.0203059117307691,0.11114166423076899,196.65567110798818,5.521335826139307,19.5,3.3489500000000003,2.7923
Zn2NiO3,1.1883,-1.4918207825,0.1081403925,59.6177500650616,6.615378290226187,6.0,4.5885,3.4002
Zn2NiP2(H2O3)4,3.7775,-1.777842610771428,0.025203246533333,1016.5004502233044,2.950352660100542,100.0,3.665,-0.1125
Zn2NiSbO6,0.222699999999999,-1.523950066499999,0.13257886,212.13774224703292,6.375896012702042,20.0,4.3622,4.1395
Zn2NiWO6,1.3043500000000001,-1.726087621749999,0.130332038750001,178.7836630661036,6.356890578180609,15.0,4.3707,3.06635
Zn2P2H12O11,5.0354,-1.553040872010581,0.020923341219136,567.5258692225797,2.228702932210528,54.0,3.7287,-1.3067
Zn2P2O7,3.7854999999999994,-2.4139869733062795,0.018818749015168335,642.7108825792207,4.018500744184819,55.0,5.2505,1.4649999999999999
Zn2P3H10C(NO4)3,4.3833,-1.6205112856912431,0.010745332049733,693.8527271951707,2.296731944632172,62.0,3.5713,-0.812
Zn2P3H19C4(NO6)2,4.831399999999999,-1.239497868873299,0.032925725416669,1646.917798538241,2.060660011911434,168.0,4.0577,-0.7737
Zn2PH2CO7,3.560699999999999,-1.91329851978022,0.021082610096153,558.6218406839691,3.422183609046097,52.0,3.8649,0.3042
Zn2PHO5,3.14055,-2.120295610376984,0.0065200409722215,310.6764693308453,3.9120745489085786,27.0,3.9372499999999997,0.7967
Zn2PO5,0.006199999999999,-2.022087633080358,0.129945545937498,201.07877548688765,3.993456636024037,16.0,0.5572,0.551
Zn2PtO4,0.6309,-1.428108532142876,0.0,157.09629632627494,8.242632487108812,14.0,3.6183,2.9874
Zn2SbWO6,1.1103999999999996,-1.7441488157499991,0.16025341374999902,244.48598784472088,7.232277513957333,20.0,5.9189,4.8085
Zn2SeCl2O3,4.10895,-1.5233899514648441,3.0952421874896885e-05,890.6381350869959,3.6761642048520047,48.0,3.35345,-0.7555000000000001
Zn2SeS,1.42645,-0.994523603710936,0.013072513749999001,84.4013042760447,4.7580989174513455,4.0,3.0980499999999997,1.6716000000000002
Zn2Si3Pb4SO15,3.6073,-2.320722304299999,0.0,746.8467826242442,5.8516795011216445,50.0,6.2413,2.634
Zn2SiH2O5,3.0852,-2.076288982125,0.020698322874997,353.6769041452456,3.379984047612406,30.0,2.8933,-0.19190000000000002
Zn2SiHO5,0.15509999999999952,-1.984365387083333,0.132286675138884,355.9822551309118,3.3535174228885056,27.0,-0.33425000000000005,-0.48935
Zn2SiO4,2.6215375,-2.3779762344047617,0.0691472041666675,349.0330774005345,4.607692596487066,29.75,4.3483125000000005,1.726775
Zn2Sn3O8,1.2907999999999995,-1.935669139615384,0.074402744615384,249.53696440722786,6.117400775337536,19.5,4.9241,3.6333
Zn2SnO4,0.623749999999999,-1.859847455357143,0.066730039642858,165.7187601924272,6.284967940833832,14.0,3.9034999999999997,3.27975
Zn2SnWO6,1.5411,-1.803126515499999,0.156477688499999,254.4168568381831,6.910157428965952,20.0,5.4078,3.8667
Zn2Te3O8,3.2965,-1.6091611857692292,0.0,381.5355905088048,5.584924765867428,26.0,5.9512,2.6547
Zn2TeBr2O3,3.3087,-1.509473885989582,0.0,1387.7347886077584,4.463005492114408,64.0,3.6306,0.3219
Zn2TeCl2O3,3.704399999999999,-1.623250546927083,0.0,1310.8138164495774,3.823934389050194,64.0,3.8023,0.0979
Zn2TeMoO7,3.4519,-1.799333107878788,0.0,326.5852634658844,4.742398328320518,22.0,4.3284,0.8765000000000001
Zn2TeWO6,0.434999999999999,-1.6253852731666671,0.199213963958332,253.2732221288097,7.057930968436749,20.0,4.8016000000000005,4.3666
Zn2W3O8,1.776399999999999,-1.780188155769229,0.180857626923078,327.2900250759326,8.222615004846594,26.0,4.7128,2.9364
Zn3(AsO3)2,3.5806,-1.758487328181818,0.005466116818182,681.4800083662999,4.309583251802004,44.0,3.7640000000000002,0.1834
Zn3(AsO4)2,2.0220000000000002,-1.7694653893269257,0.0027124341346205,491.74882073539055,4.746608052746007,39.0,2.4173999999999998,0.39540000000000003
Zn3(BO3)2,2.732533333333333,-2.276152121363636,0.017045247272727,517.9402304645092,4.025047944209731,44.0,3.1031333333333335,0.37060000000000004
Zn3(PO4)2,3.3682499999999997,-2.3555910336950543,0.01754224625,397.9077552361125,4.033987922535175,32.5,4.1545250000000005,0.7862750000000001
Zn3(PS4)2,2.431399999999999,-0.561067944889945,0.006421739332809,575.1076920690618,2.97220981827681,26.0,4.7288,2.2974
Zn3As2(H2O3)4,2.9298,-1.5315479586,0.004652623174999,256.1727633886824,3.540050119966701,25.0,2.5285,-0.4013
Zn3As2(HO)16,2.82965,-1.3879993966216215,0.065110075388523,353.43039129810353,2.9107637768341306,37.0,2.26905,-0.5606
Zn3As2H7O12,0.002099999999999,-1.443088221302083,0.077120530963543,1104.9703772878254,3.276796253095321,96.0,-0.858,-0.8601000000000001
Zn3B7BrO13,4.4924,-2.542295306319444,0.005907802643223,919.036685954591,4.04584546317631,96.0,6.2002,1.7078
Zn3B7ClO13,4.5795,-2.565348350590278,0.000932030703118,457.0404693958493,3.744777702824705,48.0,6.248,1.668499999999999
Zn3B7IO13,4.240399999999999,-2.499980933975695,0.023504502877618003,693.8319705420028,4.368385138460523,72.0,6.80735,2.5669500000000003
Zn3BPO7,3.134099999999999,-2.3166703517063487,0.0198256355555545,554.8092675374226,4.2029984228389194,48.0,4.1317,0.9976
Zn3Cd3(BO3)4,2.2477,-2.169112325757575,0.020877859704544,266.300538508469,4.793272570606584,22.0,2.9532,0.7055
Zn3Cd3(TeO6)2,1.8056,-1.6268220707916572,0.0,986.2831224513408,6.60423867387436,80.0,3.956,2.1504
Zn3CdGa2(AgS4)2,1.3837000000000002,-0.876243099895832,0.009472108437499,351.00323673906496,4.35398033068959,16.0,3.3086,1.9249
Zn3CdO4,0.1909,-1.642847793749999,0.0368643775,108.05964492652102,5.726244721854209,8.0,0.9098,0.7189
Zn3CdS4,1.6798000000000002,-0.8976305507812491,0.018545308660716,167.37634301601193,4.334460796828401,8.0,3.2834,1.6036
Zn3Co2(GeO4)3,2.1989,-1.7156028323749992,0.134475773651312,845.649218488947,5.686710454736552,80.0,4.5297,2.3308
Zn3Co2(Si2O7)2,0.427299999999999,-2.337351344565217,0.134868809273451,524.683384259208,4.116994969798656,46.0,3.1797,2.7524
Zn3Co2(SiO4)3,2.365999999999999,-2.198904756,0.153223719331139,783.8478738550534,5.00243545781693,80.0,5.9719,3.6059
Zn3Co2O7,0.026299999999999,-1.3245903312499991,0.125769236710526,230.91186556318848,6.128206050609679,24.0,2.4724,2.4461
Zn3Co3(AsO4)4,1.8437,-1.6249671267307702,0.037194698653874,667.3093891973448,4.621988771748265,52.0,3.206,1.3623
Zn3Co4(SbO6)2,0.347099999999999,-1.670018547380951,0.0,469.3934615498833,6.137589149785002,42.0,4.2531,3.906
Zn3Cr2(GeO4)3,1.940799999999999,-2.010698294000001,0.122584107749999,886.2031064507955,5.322490611279588,80.0,4.265,2.3242
Zn3Cr2(Si2O7)2,2.061999999999999,-2.594441004782608,0.124081481739128,527.7112529764021,4.00605742777626,46.0,5.185,3.123
Zn3Cr2(SiO4)3,2.681999999999999,-2.501444753249999,0.133931404666672,826.0758878697881,4.635159936130178,80.0,6.2185,3.5365
Zn3Cr2O7,0.39,-1.824380843333333,0.122754257916668,245.5151210473443,5.576024062538474,24.0,2.8445,2.4545
Zn3Cr3(AsO4)4,1.011099999999999,-1.7916916269230772,0.137885063350697,691.9802774752784,4.357321586701938,52.0,3.1935,2.1824
Zn3Cr6(FeO6)4,0.1932,-1.660517430810811,0.128510936351355,496.7305408696242,3.729277919679829,37.0,1.583699999999999,1.3905
Zn3CrH80S8(NO7)8,2.8637,-1.2953581145512811,0.012074301056493,1422.283037410616,1.860318977452692,156.0,3.6825,0.8188000000000001
Zn3Cu(WO4)4,0.050699999999999,-1.958533805416666,0.028330955624999,276.61439022705554,7.5105972655005235,24.0,2.7903,2.7396000000000003
Zn3Cu2(AsO4)4,0.5019,-1.4903446624,0.054167450475003,327.9955998887628,4.450080628436281,25.0,1.2514,0.7495
Zn3Cu2(GeO4)3,0.3811,-1.56906395325,0.163031172812499,870.2791501945001,5.596181632072069,80.0,2.9286000000000003,2.5475
Zn3Cu2(Si2O7)2,0.2433,-2.274659114347825,0.094924306322464,550.9566011175293,3.976280202333389,46.0,2.3159,2.0726
Zn3Cu2(SiO4)3,0.4172,-2.048300552875,0.1857956793125,810.6322706035676,4.9127409374100335,80.0,4.03,3.6128
Zn3Cu3(AsO4)4,0.5754,-1.519146611923076,0.031768855673077,649.535803482117,4.819218501622058,52.0,2.6122,2.0368
Zn3Cu3(TeO6)2,0.5244999999999991,-1.380788468916666,0.028767730916661,459.6980883287868,6.025631151686999,40.0,4.5872,4.0627
Zn3Cu6(AsS3)4,0.6826999999999991,-0.5754768811999991,0.010458906800002,488.60936937468296,4.288803328179367,25.0,5.0751,4.3924
Zn3Cu6Sn3(SeS2)4,0.054199999999999,-0.672556203098958,0.014658027833331,516.1188119204973,4.845318854433366,24.0,4.3045,4.2503
Zn3Fe16Ni5O32,1.0755,-1.5622561219642872,0.086529388124998,592.8553043778948,5.308285143066208,56.0,4.6684,3.5929
Zn3Fe2(GeO4)3,1.91,-1.826336454374999,0.120671465124997,896.8686903788509,5.316204875280693,80.0,3.9239,2.0139
Zn3Fe2(SeO3)6,2.470799999999999,-1.458660788243535,0.0,841.8077194831957,4.220019541783321,58.0,3.3459,0.8751
Zn3Fe2(Si2O7)2,2.0757,-2.452090642826086,0.104454033043476,536.7454815145443,3.986259137056196,46.0,4.4165,2.340799999999999
Zn3Fe2(SiO4)3,2.4973,-2.317652705125,0.131448970541665,833.6751779975189,4.654239387916921,80.0,5.6428,3.1455
Zn3Fe3(AsO4)4,1.6552,-1.696918182115384,0.034537037628206,690.557507365204,4.421830276157983,52.0,2.996,1.3408
Zn3Fe4(MoO4)6,1.0337,-1.8225214127027032,0.06742683577703,543.4291593525206,4.214476854641142,37.0,3.3219,2.2882
Zn3Fe4(SbO4)6,1.4236,-1.647804686486486,0.194166723513506,529.0377934856044,4.815384378574239,37.0,3.2106,1.787
Zn3Fe4(WO4)6,1.5262,-1.884164367837837,0.120256141250003,563.9562979663739,5.613977411671547,37.0,3.570599999999999,2.0444
Zn3Fe8CoO16,1.605499999999999,-1.6993402817857142,0.005111975267857,312.93260164801194,5.083036912519325,28.0,4.0172,2.4117
Zn3Fe9(PO4)8,3.3155,-2.302737440521979,0.012475160480756,625.7299866183523,3.870786350760545,52.0,5.3653,2.0498
Zn3GaAgS5,2.243,-0.8124821436205331,0.013141335714287,421.14826363692447,4.21213015625014,20.0,4.2689,2.0259
Zn3GaB6PO12,4.2006,-2.400930309875776,0.0,228.62547813156976,4.02220078933476,23.0,6.5948,2.3942
Zn3Ge3(MoO6)2,0.530199999999999,-1.85000749875,0.125180639812496,956.1759403484912,5.543511389074912,80.0,4.3527000000000005,3.8225
Zn3H10C10O13,3.9143,-1.040632533055556,0.175234114930554,1798.9938261241434,1.973105995859211,144.0,2.8499,-1.0644
Zn3H12C9O13,3.7954,-1.065788290202704,0.146431749932428,1822.1590265240943,1.911588559418555,148.0,2.4099,-1.3855
Zn3H14C10O13,3.8669,-0.9843716893125012,0.163955401749998,1834.8511488860668,1.9491418074752744,160.0,2.9059,-0.961
Zn3H24C4Se5(N4O5)3,4.267799999999999,-0.8402238242336311,0.143241924272479,2956.399991995644,2.406965560256917,252.0,3.5418000000000003,-0.726
Zn3H6C6(IO6)2,1.5493,-1.246342115086207,0.143863377306028,1795.4800143418834,2.664071016067087,116.0,0.6452,-0.9041
Zn3In2O6,0.9334499999999996,-1.8375805933712122,0.0456677351136345,470.725608828764,5.970006547428467,35.75,3.705075,2.7716250000000002
Zn3InAgS5,1.9246999999999992,-0.785811757620534,0.015650593214287,443.1139995015079,4.341310186765114,20.0,4.3161,2.3914
Zn3InCuS5,1.609,-0.916541355916666,0.012739614999999,414.8000056858478,4.282781596787769,20.0,5.0866,3.4776
Zn3InGaO6,0.9453,-1.947362304924242,0.01254806,135.4101607505067,5.846576854914092,11.0,3.2237,2.2784
Zn3Mo2O7,1.688699999999999,-1.7692878387499982,0.136939311666666,274.1261675812145,6.058817689996812,24.0,5.0331,3.3444000000000003
Zn3Mo2O9,3.1649,-1.8923423817857152,0.009444217142856,409.9309908080126,4.310849943102647,28.0,3.0794,-0.0855
Zn3Mo3O8,0.654149999999999,-1.8041877010714291,0.046316483749998,259.89128482203057,5.86018661681148,21.0,4.7158,4.06165
Zn3N2,0.0032,-0.028787678,0.014135124999999,233.9550754918164,6.366349500684983,20.0,2.9394,2.9362
Zn3Ni2(GeO4)3,0.0817,-1.6195214977499992,0.157896088749998,863.845785176146,5.563234575621787,80.0,2.4971,2.4154
Zn3Ni3(AsO4)4,2.1145,-1.6055884480769231,0.050093494807691,658.6513512125568,4.679117965348089,52.0,3.586999999999999,1.4725
Zn3Ni4(SbO6)2,1.1224,-1.6584935111904762,0.0,480.7409991401244,5.986089620007607,42.0,5.4225,4.3001000000000005
Zn3Ni7O10,1.7526000000000002,-1.322677733999999,0.067251709750002,192.2399091568952,6.6258753345790105,20.0,6.4576,4.705
Zn3P2(H2O3)4,3.8259999999999996,-1.818923754021428,0.0295069883500005,1036.3185388940055,2.937156738499265,100.0,3.31405,-0.51195
Zn3P2H2O9,3.4968,-2.158921154174107,0.009250197031248,737.139560916884,3.641996847604028,64.0,3.9988,0.502
Zn3P2H7O12,0.1116,-1.757498058563987,0.087950444322916,1040.7171801257768,2.9181280322269423,96.0,-0.3515,-0.4631
Zn3P2Pb3WO14,3.526399999999999,-2.180976206925466,0.0,330.7307264653262,6.464837102214523,23.0,5.6225000000000005,2.0961
Zn3P4H20C4(NO6)2,4.9205000000000005,-1.150267361523809,0.065649940472214,1066.8455838455566,1.893723877717389,90.0,3.5121,-1.4084
Zn3P4H24C6(NO6)2,4.9593,-1.001229911932773,0.09634056571078,1149.2150659835406,1.8390619430315664,102.0,3.7607,-1.198599999999999
Zn3P4H28C8(NO6)2,4.9546,-0.8835622123433581,0.120576561864019,1259.882375493934,1.751468606414064,114.0,3.803,-1.1516
Zn3P6H30(N3O13)2,1.0909,-1.411884530216298,0.151369891384976,688.9921181580002,2.198811140946073,71.0,0.7903,-0.3006
Zn3S2O9,3.3638999999999992,-1.860329990714285,0.0,344.56599375032255,3.897318021050869,28.0,3.8465,0.4826
Zn3Sb2H42(S4N7)2,2.0289,-0.499464145543477,0.000629698579721,918.5946231622175,1.689642338559029,69.0,1.4806,-0.5483
Zn3Sb2O7,0.115099999999999,-1.676960922083332,0.140962002499997,292.8330681265312,6.257424955294945,24.0,5.7255,5.6104
Zn3Se3O10,0.347,-1.270154418251953,0.177534071718749,490.4843623305304,4.015897168504787,32.0,0.5664,0.2194
Zn3Si12H78(C13O2)2,2.819,-0.288657791768292,0.092145478582297,1527.445601031074,1.074250078523067,123.0,1.6718000000000002,-1.1472
Zn3Si14H90(C15O2)2,2.7698,-0.274394682677306,0.087475506995458,3473.842002615076,1.055888164520456,282.0,1.6693,-1.1005
Zn3Si3(MoO6)2,1.2614,-2.33302256125,0.14295421375,889.1743632299153,4.962759323309801,80.0,5.6429,4.3815
Zn3Si3(NiO6)2,0.009999999999999,-2.10398845425,0.166152416041664,807.7842401932943,4.850259129895382,80.0,3.4955,3.4855
Zn3Si4(AgO7)2,0.573599999999999,-2.164821830362317,0.101023676195652,581.9739509752366,4.27021312495979,46.0,2.1508,1.5772
Zn3Si4(BiO7)2,2.4696,-2.399651391521739,0.16230939822464,628.3998177508818,5.023483055703386,46.0,5.1748,2.7052
Zn3Si4(MoO7)2,0.9254,-2.466882238695652,0.113032088768116,575.6411848507327,4.179554727457797,46.0,4.6409,3.7155
Zn3Si4(SbO7)2,1.7516999999999991,-2.38915353847826,0.17605162213768,621.7484441873303,4.145445532444578,46.0,4.9102,3.1585
Zn3Si4(SnO7)2,1.3686999999999991,-2.437145035,0.164112023496376,608.6873401838615,4.201115358955541,46.0,5.4967,4.128
Zn3Sn2O7,0.9878999999999992,-1.885603692499999,0.06358686625,278.8439297589315,6.498697580344146,24.0,4.6967,3.7088
Zn3Sn3(AsO4)4,1.9343,-1.6703400363461531,0.188120767500007,782.3188426829115,4.70379418627658,52.0,4.3335,2.3992
Zn3Te2P2(PbO7)2,2.9945,-2.047561250548653,0.0,667.4988693961229,5.73050452120981,46.0,5.7724,2.7779
Zn3TeAs2Pb3O14,2.959099999999999,-1.75472284094203,0.0,332.6846012273286,6.584872728978838,23.0,5.0398,2.0807
Zn3TeO6,1.062799999999999,-1.699591537,0.0,680.464328388086,6.146977535979629,60.0,3.5433,2.4805
Zn3TeP2Pb3O14,3.2157999999999998,-2.0876494763095224,5.551039855e-05,1153.8275492149774,6.319866504419764,80.5,5.7818000000000005,2.566
Zn3W2O7,1.3615,-1.8304135737499991,0.083369245,277.27154852600364,8.095767564980198,24.0,4.6348,3.2733
Zn4(MoO4)3,1.1273,-1.8121479501315791,0.096877111710523,998.6672590025204,4.931391060175259,76.0,3.8774,2.750099999999999
Zn4As2O9,1.8542499999999995,-1.7669507870416674,0.0077232082916675,1129.4675990298886,4.896926846492134,90.0,2.98005,1.1258
Zn4B2O7,1.862299999999999,-2.126864173076923,0.08905654076923,527.919710727,3.7297397470815934,39.0,1.8657,0.0034
Zn4B6O13,3.4134,-2.511587914782609,0.0,208.46291296021224,4.257584657950709,23.0,5.0106,1.5972
Zn4B6SeO12,1.8571,-2.439133157710597,0.0,233.2981476570528,4.2524856964834,23.0,4.3193,2.4622
Zn4CdS5,1.4555,-0.899259150691965,0.026221206785717,432.0495160581378,4.10761058219897,20.0,3.2524,1.7969
Zn4CdSe4S,1.1071,-0.9327474776874992,0.0184366205,241.49345807133332,4.9642317841002885,10.0,2.3312,1.2241
Zn4Co5(TeO6)3,0.9073,-1.5492037505,0.0,703.7341174228247,5.7909167224397216,60.0,4.3353,3.428
Zn4CoO5,0.329499999999999,-1.680190324999999,0.006895194250001,237.16201881844887,5.609294598440744,20.0,1.857,1.5275
Zn4Cr5(TeO6)3,0.1611,-1.848037977499999,0.140042859592589,715.9363861274365,5.5313189452395655,60.0,4.7454,4.5843
Zn4Cu5(TeO6)3,0.016,-1.3410272851666671,0.03630276609259,700.3933443311199,5.9279019874058445,60.0,4.1799,4.1639
Zn4Fe5(P3O14)2,0.8141,-2.081211458787375,0.134577146569761,522.8571770275131,3.730680885005054,43.0,2.0487,1.2346
Zn4FeCu10(GeS4)5,0.198299999999999,-0.6752514148749991,0.007486328249996,757.4212477089008,4.291412818027779,40.0,4.4828,4.2845
Zn4In2O7,0.661999999999999,-1.802474966794871,0.066565790000002,343.6439999780737,5.830159988742724,26.0,2.995,2.333
Zn4InGaO7,0.9546,-1.923161853397435,0.010746780384615,320.29066903916714,5.787666203914077,26.0,2.9784,2.0238
Zn4Ni5(TeO6)3,1.2647,-1.5208404539999991,0.002668768092593,683.7190953153091,5.954614705038912,60.0,5.0274,3.7627
Zn4P3H10C2NO13,3.8877,-1.600505080725108,0.029129109999994,1457.1749773275428,2.783522356127526,132.0,3.5308,-0.3569
Zn4P3H7(NO6)2,3.662,-1.818150035809949,0.0,663.3947319223232,2.911693851332811,56.0,3.3702,-0.2918
Zn4P6N12O,2.971599999999999,-0.75109337447205,0.0,265.609503338748,3.948380371792607,23.0,6.7696000000000005,3.798
Zn4P6SN12,4.092599999999999,-0.7335198824068311,0.0,280.47449560323173,3.834234209637253,23.0,7.7086,3.616
Zn4Si2H2O9,3.115,-2.230838627500001,0.01032237955882,236.2679657340536,3.259803092302817,17.0,2.4249,-0.6901
Zn4Si2O9,0.173699999999999,-2.137268141666667,0.146713734333333,238.0567955384372,3.221246409219058,15.0,-0.5594,-0.7331000000000001
Zn4SiTePbO10,2.462399999999999,-1.991868407745098,0.0,882.6481500908423,5.9036826212989,68.0,4.9791,2.5167
Zn5Fe3(P3O14)2,0.1733,-1.966377318520407,0.187571234464279,532.2841530582325,3.520228540746996,42.0,1.0103,0.837
Zn5P4H12C2(NO8)2,3.6811,-1.624511353074913,0.028300603475602,1845.9296327317852,2.7744852387734813,164.0,3.4594,-0.2217
Zn5P6H22(NO11)2,5.016999999999999,-1.5531462344799492,0.028982429641811,640.5982654879926,2.371996665909281,57.0,4.052,-0.965
Zn5Se4S,1.2536,-0.950423253687499,0.023551812000001,231.80023392138307,4.83511523712177,10.0,2.6701,1.4165
Zn5SeS4,1.7642,-1.025126950234373,0.016090218999999,201.4377188798352,4.404179660842348,10.0,3.6137,1.8495
Zn6B3HO11,2.8322000000000003,-2.155706583035714,0.0,524.7797251313776,3.809061419249039,42.0,2.4531,-0.3791
Zn6P4H14O23,3.7295,-1.866622409278114,0.018090955372342,939.190358541358,3.177003141402554,94.0,3.8498,0.1203
Zn7(MoO4)6,1.3647,-1.853698753783785,0.060795770945946,537.8758590440207,4.376093771792614,37.0,3.3931,2.0284
Zn7(SbO6)2,0.71535,-1.820206851071429,0.010900811071427999,499.38840775818505,5.941213689279142,42.0,3.56065,2.8453
Zn7Cd2(PO4)6,3.0079,-2.319350872957875,0.024938051502848,1896.7336084452488,4.386165868051306,156.0,4.2465,1.2386
Zn7H10(CO8)2,3.0495,-1.572193962642857,0.010088692357146,677.8669616311447,3.664457008315968,70.0,3.0333,-0.0162
Zn7H10(SO9)2,3.0011,-1.616473824256758,0.003206279932431,377.0709524340704,3.611374238795545,37.0,3.205,0.2039
Zn8B3H3O14,2.6509,-1.985946856473213,0.024181199017856,350.2626544816263,3.710751971428744,28.0,2.034,-0.6169
Zn8B4H3O15F,3.1204,-2.1067818623521495,0.011096701532255,565.3933097301351,3.605438759681832,46.5,2.43565,-0.68475
Zn9(As3O14)2,0.024499999999999,-1.433289765930232,0.174034306511631,587.9072070097253,4.197742153887021,43.0,0.1649,0.1404
ZnAg(PO3)3,3.2081,-2.304116618435373,0.003899094464286,1567.5103050667738,3.476298136990928,112.0,4.2242,1.0161
ZnAg2(PS3)2,1.767999999999999,-0.5570410568290031,0.008861191439392,946.9677715422164,3.755947526497454,44.0,4.4087,2.6407
ZnAg2C4(SN)4,2.9874999999999994,-0.023065661732143,0.128968891404761,631.2300418496654,2.7036803278099413,30.0,2.7183,-0.2692
ZnAg2GeO4,0.266799999999999,-1.353360922916665,0.030939900000001,230.9129718435793,6.00871390916307,16.0,1.5187,1.2519
ZnAg2GeS4,0.9342,-0.629615587291665,0.0,176.95041939490488,4.5236130059032345,8.0,3.3664,2.4322
ZnAg2P2O7,2.1142,-1.9803117193849191,0.019343731354171,662.9046852495559,4.5598869447522965,48.0,3.1935,1.0793
ZnAg2SnS4,0.218199999999999,-0.621001458541664,0.0,189.25842423946412,4.633644483182918,8.0,3.0568,2.8386
ZnAgAsO5,0.3494,-1.250092923333332,0.067409769661463,467.28124195041926,4.665130105538157,32.0,0.3703,0.0209
ZnAgBiO5,0.320899999999999,-1.013288228958334,0.098936563333332,478.9430222884089,6.410715148102351,32.0,1.5462,1.2253
ZnAgPO4,1.783333333333333,-2.008885477171201,0.018962258015870665,780.538486133008,4.5197812822367895,56.0,2.7400333333333333,0.9567
ZnAgPS4,2.193399999999999,-0.6447761691156451,0.0,603.0707987673549,3.662239614999156,28.0,4.8145,2.6211
ZnAs2S4(O2F3)4,3.2295,-2.060967351851852,0.031678648703699,1878.5539282729744,2.4732375877188693,108.0,0.4438,-2.7857000000000003
ZnAs2WO7,2.7645,-1.710767309318182,0.166726668977276,676.8309825435672,5.015619038484733,44.0,3.7625,0.998
ZnAsHPbO5,3.2405,-1.685261769305555,0.0,458.7190288344115,6.205105616871198,36.0,5.6222,2.3817
ZnAsWO5,2.6036,-1.732380881562499,0.175099219453128,493.139320120613,5.443784844330112,32.0,3.7188,1.1152
ZnB3H3O7,4.6777000000000015,-2.204841262589284,0.008201045267852,517.9435102767839,2.729757425483529,56.0,4.6348,-0.0429
ZnB4O7,5.113650000000001,-2.6583114582118057,0.0292160414062505,576.6071647515263,3.4799363612789485,60.0,6.737,1.62335
ZnBP(HO3)2,4.7538,-2.220371031482683,0.003715990303031,900.3308156951983,3.02779950216628,88.0,4.9927,0.2389
ZnBP2H4NO8,4.8437,-2.032540208438375,0.0,365.5136199046684,2.582268583748319,34.0,4.8669,0.0232
ZnBP2PbO9,0.3284,-2.340207384532313,0.081193510899235,347.66693916541874,4.674617187167852,28.0,2.1538,1.8254
ZnBi2B2O7,2.6853,-2.207865110486111,0.0,581.9495646982003,7.042067392483385,48.0,5.7663,3.081
ZnBi2O5,0.27994999999999903,-1.4739003959375006,0.068647477187499,741.5985076144083,7.439255504127427,48.0,3.06585,2.7859
ZnBi2P2O9,2.3411,-2.165566192806124,0.159655691071427,839.0898582157072,5.456528249831174,56.0,4.7877,2.4466
ZnBi3P3O13,2.38,-2.202309038446429,0.149628983999997,653.1362542624528,5.050563778305738,40.0,4.1962,1.8162
ZnBi4(PO6)2,3.1523,-2.150765471047933,0.004917878256581,4451.306315003415,6.895494907975508,304.0,6.2368,3.0845
ZnBi4O9,1.117999999999999,-1.4523009257142871,0.054768198928569,417.5159332087498,8.31490821708876,28.0,4.6579,3.5399000000000003
ZnBi6P2(O7F)2,2.5767,-2.093032440971429,0.08058979029999849,762.1173874368767,7.162839623390834,50.0,5.81815,3.24145
ZnBi6P2O15,2.7511,-2.056785870803573,0.0,711.7588535711274,7.564684615402316,48.0,6.3132,3.5621
ZnBiAsO5,1.9917,-1.6683834840625,0.107729124687499,530.9305995986887,5.370816495736017,32.0,3.7656,1.7739
ZnBiMoO5,1.4776999999999991,-1.7517313660156255,0.11988317976562149,697.417377651783,6.331921644414543,48.0,4.860799999999999,3.3830999999999998
ZnBiO3,0.880799999999999,-1.511590225,0.080627896,265.9450071380185,8.051848164377654,20.0,4.6994,3.8186
ZnBiSbO5,1.8298999999999994,-1.6934694378125004,0.135342100312508,710.5920018183363,6.573503369239459,48.0,4.81295,2.98305
ZnBiWO5,1.6662499999999996,-1.773111374609375,0.157049314140624,742.4853333898155,7.187229674832787,48.0,4.59635,2.9301
ZnC2(N2O)4,2.4099,-0.606918752333334,0.177291832833334,860.3104128737857,1.024845362015046,30.0,0.4899,-1.92
ZnC2(SN)2,3.7288,-0.123632142264031,0.15142452905612,595.0255953374715,2.026873403319815,28.0,2.7591,-0.9697
ZnC4(NO3)2,3.7725,-1.199871168846153,0.113154125961539,1019.4428848249717,1.547175499429936,52.0,1.5763,-2.1962
ZnCO3,3.5639000000000003,-1.822014750000003,0.0,93.45393807406116,4.456983341587755,10.0,5.2207,1.6568
ZnCd(GaS2)4,2.1691,-0.8435905412499991,0.006802683571429,316.17057374681383,3.745919759432344,14.0,3.8014,1.6323
ZnCd3GeS6,1.841599999999999,-0.8060083377272711,0.040008389488635,516.9892078783846,4.289046745191486,22.0,3.252,1.4104
ZnCd3S4,1.216399999999999,-0.809569662031249,0.01356121705357,191.0578145593272,4.614223781264515,8.0,2.3244,1.108
ZnCd4(GaS2)10,2.1568,-0.8340568597500011,0.001565983142857,785.6027493183726,3.917943244669401,35.0,3.7038,1.5470000000000002
ZnCdB2O5,2.7413,-2.300204498148148,0.020788362111111,405.8985071086997,4.5727625808426335,36.0,3.4464,0.7051000000000001
ZnCdC4(SN)4,3.1465,-0.104610917927295,0.143861473290815,297.8091081242547,2.286932855210731,14.0,2.3864,-0.7601
ZnCdCu4(SnS4)2,0.3207,-0.675927773749999,0.005246899999999,339.7396343739715,4.525719197635269,16.0,4.6867,4.366
ZnCdO2,0.036199999999999,-1.514723342499999,0.0538018875,58.68753393124512,5.936734617530727,4.0,0.477,0.4408
ZnCdS2,1.3483499999999995,-0.8426500271205346,0.0270033421428575,90.90127221920716,4.420980987230141,4.0,2.7662,1.41785
ZnCdSeS,0.5978,-0.866369247460936,0.08424945125,99.76191323138478,4.807830876094148,4.0,2.0196,1.4218
ZnCo(GeO3)2,1.8053999999999994,-1.8777893718749996,0.037975424124994,484.64897971384016,5.010848921334203,40.0,3.3699,1.5645
ZnCo(Si2O5)2,2.7874,-2.74881651046875,0.093266204427089,797.51849894242,3.303746009851139,64.0,4.822,2.0346
ZnCo(SiO3)2,2.8448999999999995,-2.5444443432500012,0.039189194250001,677.5304944422667,4.0431464442687854,60.0,5.50045,2.6555499999999994
ZnCo3(P2O7)2,2.489,-2.232243030162338,0.065485868295454,488.1266454613919,4.014844084099204,44.0,5.2221,2.7331000000000003
ZnCo3P3O13,0.349199999999999,-1.9610411806964287,0.145330687686568,466.4147635686697,3.867267879462897,40.0,2.0086,1.6594
ZnCo5O7,0.8860000000000001,-1.207956043461538,0.189457757283657,244.7329789354302,6.406099966563631,26.0,5.042,4.156
ZnCoAs2O7,1.4904,-1.6329826236363632,0.033840265984871,567.9679982031765,4.516233049132985,44.0,3.0705,1.5801
ZnCoBiO5,0.0614999999999995,-1.2954599978124999,0.115858836595393,680.6984094941693,6.08374831310363,48.0,1.8425,1.7810000000000001
ZnCoH22C5N10(Cl2O3)2,3.2584,-0.8366988175000011,0.010604360543355,1192.099918118022,1.628210902369563,98.0,1.9159,-1.3425
ZnCoMo2O7,0.6836000000000001,-1.687188429090908,0.142805656136369,1201.8164326644044,4.733319934008148,88.0,3.2928,2.6092
ZnCoNiP2O9,0.180099999999999,-1.974067785306122,0.096816960371358,638.6892639631908,4.04523911630168,56.0,2.2449,2.0648
ZnCoO2,0.8010249999999995,-1.4065310164062494,0.12483411296874974,168.97302286497654,6.192365773922781,16.0,4.010325,3.2093
ZnCoO3,0.213499999999999,-1.326151463,0.05610019605263,207.1137448730862,5.526971835232615,20.0,2.4185,2.205
ZnCoP2H12O11,2.0092,-1.495038618121692,0.083960707067899,556.7284568786021,2.233296859715655,54.0,1.6105,-0.3987
ZnCoP2O7,2.8186666666666667,-2.3200699547835497,0.022684551628790333,427.2123460633815,3.8594219986052507,36.666666666666664,4.9803,2.161633333333333
ZnCoPHO5,0.165999999999999,-2.042817192321427,0.0,420.02735362398886,3.737090723607983,36.0,2.2839,2.1179
ZnCoPO5,0.1264999999999995,-1.9932668915178569,0.0916245607789145,181.28208402321002,4.311210982151172,16.0,2.4431499999999993,2.31665
ZnCoSb2O7,0.526899999999999,-1.6132976540909092,0.194347108636362,1227.8740489219208,5.191561449270546,88.0,3.6374,3.1105
ZnCoTe3O8,2.8426,-1.543669575192307,0.0,799.4019779624491,5.277297210318371,52.0,6.1364,3.2938
ZnCoTeBr2O3,2.6795,-1.284775863802082,0.095266815234377,1385.4025778540797,4.40842356096472,64.0,3.2532,0.5737
ZnCr(GeO3)2,0.5417000000000001,-2.00587142725,0.106283248249999,508.0325752587357,4.689499628352396,40.0,3.2881,2.7464
ZnCr(Si2O5)2,3.3001,-2.87278921609375,0.079980261354167,806.2109264125422,3.210972717968308,64.0,5.5198,2.2197
ZnCr(SiO3)2,1.0325499999999996,-2.675985027125,0.08474733045833599,578.4070801979451,3.8173133335513896,50.0,5.5743,4.54175
ZnCr2(CuO4)2,0.274,-1.4507405,0.117280041570515,643.4083383757826,4.38216000307315,52.0,2.7492,2.4752
ZnCr2(PO4)2,2.0659,-2.375230804945055,0.055673915989014,645.2320339384142,3.699163046850803,52.0,5.1483,3.0824
ZnCr2CuO7,0.2288,-1.557923344696969,0.109956433200756,874.2094390739338,3.931263848102386,66.0,1.4129,1.1841
ZnCr2O4,1.679883333333333,-2.133809085853174,0.14342963200396733,325.2919349414611,5.1794496149844536,30.333333333333332,4.748316666666667,3.0684333333333336
ZnCr2O7,2.4233,-1.585691002499999,0.052586145800001,317.65522908445166,2.94199917987065,20.0,0.4662,-1.9571
ZnCr2P2O9,2.1697,-2.451265515841837,0.053263222946452,655.9160756081492,3.800926832364147,56.0,4.8109,2.6412
ZnCr3P3O13,1.444599999999999,-2.455078625696428,0.076943205687497,474.522098052544,3.655540884688214,40.0,4.2734,2.8288
ZnCr4CoO8,2.7994,-2.202175859285713,0.002648875357134,305.0137786273178,5.012116680400198,28.0,5.5977,2.7983
ZnCr6Si2Pb10(O16F)2,2.327999999999999,-1.9324930320754712,0.013720518553452,830.7670706461,6.107408560517245,53.0,4.1846,1.8566
ZnCrAs2O7,0.6120999999999991,-1.773259136590908,0.095753371044814,574.8406781986512,4.382081280684388,44.0,3.2332,2.6211
ZnCrAsO5,1.9526999999999992,-1.8955060828124992,0.060631057065973,409.4806480856544,4.417343234413042,32.0,3.6268,1.6741
ZnCrBiO5,0.836349999999999,-1.6980985464062504,0.10547772963541499,669.506645319783,5.9801285282777386,48.0,3.4173,2.58095
ZnCrFeO4,1.3234,-2.012926087142856,0.0,154.4069090109483,5.102868476993641,14.0,3.9371,2.6137
ZnCrH28C6N12Cl5O8,3.4335,-0.868687161311475,0.031305430047814,1410.3969181041225,1.627181657673776,122.0,1.9494,-1.4841
ZnCrNiP2O9,0.230199999999999,-2.19890513119898,0.08065031809524,654.5686814401561,3.8767108733920734,56.0,3.0496,2.8194
ZnCrO3,0.0242,-1.8392645584999991,0.139117740500003,200.16963281443952,5.48851766439863,20.0,2.8716,2.8474
ZnCrO4,2.220666666666667,-1.6738165213888883,0.01839435111111067,248.3475832398755,4.070422153943695,20.0,1.9779666666666664,-0.2427
ZnCrP2O7,2.6843999999999997,-2.460326560313851,0.017801735587119002,351.48573599532864,3.6732134091474378,29.333333333333332,5.591966666666667,2.9075666666666664
ZnCrPO5,1.8273,-2.380194891830356,0.055601115468747,188.6711852734717,4.01997835726505,16.0,4.7092,2.8819
ZnCrSF5,1.245499999999999,-2.297015787812499,0.198526024687498,249.1266288968419,3.258896053940437,16.0,0.6968000000000001,-0.5487000000000001
ZnCrSiO5,0.5385999999999991,-2.37838299,0.088496317256942,180.11279699103406,4.157738651435335,16.0,2.5157,1.9771
ZnCu(GeO3)2,0.1103,-1.7468183885,0.101487799999999,487.6007181603712,5.043337144387138,40.0,2.3129,2.2026
ZnCu(MoO4)2,0.4366,-1.735525131666667,0.023288572812498,544.165776464423,4.108858625099249,36.0,1.0824,0.6458
ZnCu(PO3)4,0.0146,-2.3385369890873,0.028952281250007,440.2981246857196,3.355358045773496,36.0,2.4249,2.4103
ZnCu(SeO3)2,0.029299999999999,-1.237838380968749,0.061130474875001,240.76902743274735,5.281185241830343,20.0,3.6068,3.5775
ZnCu(Si2O5)2,0.9117,-2.7061276209375,0.094825568489583,787.6133193664425,3.384195600506102,64.0,3.4479,2.5362
ZnCu(SiO3)2,0.2953999999999995,-2.4238080188125,0.0940182779374985,561.9348095073719,4.102872517722854,50.0,3.3847,3.0892999999999997
ZnCu(WO4)2,0.312199999999999,-1.874977739999999,0.041211673541668,139.32520462597708,7.444617447809453,12.0,2.8998,2.5876
ZnCu2(BO3)2,0.460499999999999,-1.90665171280303,0.072852848749996,468.1492186683704,4.400010581885391,44.0,3.0801,2.6196
ZnCu2(BiO4)2,0.161499999999999,-1.149475383846154,0.132541054615384,762.2954443637145,6.434443267742584,52.0,2.3148,2.1533
ZnCu2(MoO4)2,0.9738,-1.570572925192307,0.072308029807686,725.5749530287329,4.69046343644865,52.0,3.9921,3.0183
ZnCu2(WO4)2,1.2035,-1.612601272307692,0.159875604038459,745.1383691515745,6.134396037640522,52.0,4.0472,2.8437
ZnCu2Ge(SeS)2,0.1415999999999995,-0.640597546523437,0.010082705729167,248.24135614377897,4.896495782898475,12.0,3.93855,3.79695
ZnCu2GeS4,0.438599999999999,-0.6971571446874991,0.0014326221875,220.8308168263667,4.438927084531841,12.0,4.83555,4.39695
ZnCu2H4(SO4)2,3.0321,-1.298199863529411,0.122753192854665,377.0616401977587,3.423216033254269,34.0,5.3039,2.2718
ZnCu2PH7O9,0.480999999999999,-1.5013039351696431,0.02938689213542,754.3383654689918,3.297794868065284,80.0,1.7187,1.2377
ZnCu2SiS4,1.4461499999999985,-0.800965206562499,0.0008102653124995,284.77976975357353,4.068232762120021,16.0,6.1272,4.681050000000001
ZnCu2SnS4,0.094399999999999,-0.707285174374999,0.0,158.3930417553635,4.607265294297925,8.0,4.7467,4.6523
ZnCu2SnSe3S,0.0058999999999995,-0.6428881536914061,0.019237397937498,183.63884168316417,5.246038058718926,8.0,3.8476,3.8417
ZnCu2SnSeS3,0.026899999999999,-0.682614896230468,0.009617070562499,169.08060110784228,4.776596122643641,8.0,4.4201,4.3932
ZnCu3(MoO3)4,0.1406,-1.5492062990000002,0.12752919975,224.52992785942385,6.151679095335773,20.0,4.7732,4.6326
ZnCu3(P2O7)2,0.3547,-2.078048157435063,0.051612191619322,507.8227693283339,3.949627613053539,44.0,3.0188,2.6641
ZnCu3(SnO3)4,0.138599999999999,-1.565534222999999,0.160883373999999,231.30294367567043,6.62541486642216,20.0,5.9571000000000005,5.8185
ZnCu3(WO4)4,0.478099999999999,-1.791806916249998,0.053707149791667,281.55422062988373,7.356849809039647,24.0,3.0468,2.568699999999999
ZnCu3H6(ClO3)2,0.065599999999999,-1.171645663749999,0.04210342986111,200.98065198244535,3.544452350756551,18.0,1.7866,1.721
ZnCu4Sn2HgS8,0.012799999999999,-0.6160297157812491,0.007031118125,339.4146021159946,4.961456723839151,16.0,4.4376,4.4248
ZnCu5P2O15,0.0188,-1.331805404751552,0.113935823260866,1091.265274557786,4.1698311813782905,92.0,1.4429,1.4241
ZnCuAs2O7,0.0292,-1.524946605681818,0.03012694331439,558.736747846942,4.64568479874279,44.0,2.3328,2.3036
ZnCuAsHO5,0.3267,-1.488635239861111,0.007072177361111,457.0743496895532,4.139868507996326,36.0,1.6364,1.3097
ZnCuAsO5,0.3263499999999995,-1.41375354375,0.052872400781255,426.240736350528,4.437534465189318,32.0,1.21665,0.8903
ZnCuBiO5,0.1966,-1.1335098684375,0.131990876874998,434.8961170016623,6.383069889724909,32.0,2.2691,2.0725
ZnCuH3ClO3,0.387399999999999,-1.275127442638888,0.033418885416665,218.36396315238025,3.276456052217606,18.0,1.5587,1.1713
ZnCuMo2O7,0.230399999999999,-1.6420332431818192,0.128136077727273,975.2124467263442,4.42200541045442,66.0,2.9499,2.7195
ZnCuP2O7,0.38227499999999953,-2.204146929310064,0.026561877499998,284.4806114964315,3.994351722425095,24.75,2.986875,2.6045999999999996
ZnCuTeCl2O3,9.9999999999989e-05,-1.372633904270833,0.009065562734374,1218.6203437594957,4.0929214596301104,64.0,1.9515,1.9514
ZnFe(GeO3)2,1.26635,-1.9378372288750005,0.0393772233749995,489.45744906837,4.919706976951069,40.0,3.26315,1.9968
ZnFe(Si2O5)2,3.4437,-2.80490181171875,0.074795979062505,768.3848302217424,3.402313765275583,64.0,5.344,1.9003
ZnFe(SiO3)2,3.0596666666666663,-2.609754564333334,0.034063094583339,536.6896004717656,3.9159331661402508,46.666666666666664,5.7636,2.7039333333333335
ZnFe16Ni7O32,1.235599999999999,-1.516638768928571,0.093650580624999,590.2725347153812,5.293727537928814,56.0,4.9829,3.7473
ZnFe2(P2O7)2,2.3327,-2.413265474455781,0.002973131071424,1157.521981984386,3.012501503993297,84.0,2.6881,0.3554
ZnFe2(PO4)2,3.0221,-2.265990556675822,0.055657675320502,620.753163245708,3.927404049541451,52.0,5.194,2.1719
ZnFe2As2(HO5)2,1.6353,-1.6466722498529411,0.000169523382352,394.3057279013837,4.118246188594001,34.0,2.1972,0.5619000000000001
ZnFe2H28(S2O15)2,1.6923,-1.476442451,0.004911629269273,633.5271968619912,2.132432013502162,65.0,0.5308,-1.1615
ZnFe3(P2O7)2,2.4743,-2.332636473344155,0.055010186164772,505.8355346975494,3.813460763128414,44.0,5.1238,2.6495
ZnFe3P3O13,1.9597,-2.238952221696429,0.063594440624996,483.6744137023409,3.66565270514979,40.0,3.5487,1.589
ZnFe4CoO8,1.45785,-1.626706836785714,0.037171765892857,156.37668817804763,5.051612443402625,14.0,4.0757,2.61785
ZnFe4NiO8,1.143499999999999,-1.5892936428571431,0.078739947499999,593.7489642493905,5.319077102501361,56.0,4.592,3.4485
ZnFe5O7,1.1696,-1.521944227692306,0.101463288076923,279.0132511753329,5.435237349334757,26.0,4.7238,3.5542
ZnFe8Co3O16,1.5578,-1.614646970357142,0.008657977946427,312.281504743878,5.024765434680918,28.0,4.2088,2.651
ZnFe8Ni3O16,1.0206,-1.527566547857143,0.101970881964285,584.9737409061305,5.360742318456863,56.0,4.9198,3.8992
ZnFeAs2O7,1.3387,-1.702977567500001,0.018400468409063,542.2549423766832,4.692559480253417,44.0,2.9973,1.6586
ZnFeAsO5,1.9675,-1.682058298437501,0.058438498541638,423.8232879217306,4.3281754872251,32.0,3.0383,1.0708
ZnFeBO4,1.103599999999999,-2.083584753809523,0.076709092976189,275.8381991870661,4.721167811545586,28.0,3.9244,2.8208
ZnFeBiO5,0.1409,-1.4679498778125,0.066772894999999,453.054334162801,6.014336159523208,32.0,1.8607,1.7198
ZnFeCu4(GeS4)2,0.183499999999999,-0.640931413125,0.018028294374999,302.06641740272914,4.272683054751222,16.0,4.5859,4.4024
ZnFeH4O2F5,1.7907000000000002,-2.002051572692308,0.004053153589741,273.0427285809267,3.068494899778459,26.0,-0.4039,-2.1946
ZnFeNiP2O9,0.201799999999999,-2.068949846913265,0.092708115297623,654.0522066273262,3.918859219498312,56.0,1.9071,1.7053
ZnFeO2,0.47065,-1.4948914449999995,0.14131780500000002,204.73028357770391,4.973119263542743,16.0,2.3034,1.83275
ZnFeO2F5,1.7122000000000002,-1.973390204444444,0.070981293518517,246.00616340849356,3.351299897022796,18.0,-0.0846,-1.7968000000000002
ZnFeP2O7,3.5032666666666663,-2.3876512888744577,0.015048391571976334,520.7477634464074,3.7676264937066493,44.0,5.541966666666667,2.0387
ZnFePO5,1.9000499999999994,-2.1776803217131704,0.0513073935546855,818.545791378534,4.145790591956845,72.0,4.0883,2.18825
ZnGa2(TeO3)4,3.5765,-1.755740536140351,0.0,595.2274963811847,5.061998728708342,38.0,5.3164,1.7399
ZnGa4S7,2.1138,-0.7357006599739541,0.107019789166662,617.2050372594663,3.060381883973888,24.0,2.9721,0.8583000000000001
ZnGaNO,0.3142,-1.165362940625,0.058049345,97.55025285031115,5.622092376426326,8.0,2.9882,2.674
ZnGaP2H4NO8,3.7359,-1.9442515457668064,0.021947933063721,816.9586794900334,2.789815750567969,68.0,3.5301,-0.2058
ZnGaPS,1.67,-0.712288910375745,0.02351833142857,82.52967541505649,3.987296575491632,4.0,4.4496,2.7796000000000003
ZnGe(SO4)3,1.481099999999999,-1.779454087009804,0.002608896323528,1378.7805639555363,3.080038447852949,102.0,1.4258,-0.0553
ZnGe2WO6,2.0897499999999996,-1.8049076836249995,0.1603394951249955,448.1527649297821,5.444961587710228,30.0,3.383,1.29325
ZnGe3P2(SO6)4,1.5165000000000002,-1.978217502282914,0.018545626740199,1330.9335231370987,3.20966215657293,102.0,2.3546,0.8381000000000001
ZnGeO3,1.7524999999999995,-1.9303497264999996,0.09515127550000399,101.41244546056868,6.095263519413277,10.0,4.7009,2.9484000000000004
ZnH10C2S3(N3O2)2,3.8465,-0.6496229473076921,0.15603489069525,591.5988353401783,1.929679309887212,52.0,4.0013,0.1548
ZnH10C4(N2O3)2,4.6737,-0.9232913530999992,0.066506895016667,1928.249887905302,1.8983798688896671,200.0,3.7333,-0.9404
ZnH10C4N6(ClO2)2,4.5759,-0.864699119537037,0.013513190679016,577.1542042001014,1.970679976669344,54.0,3.9223,-0.6536000000000001
ZnH11C5NO6,4.7792,-0.689668168645833,0.134051011562495,848.7093637423405,1.929568855231241,96.0,4.0057,-0.7735000000000001
ZnH12(SO6)2,5.0235,-1.432918314074074,0.028301406793977,299.79480157538853,1.847933310065653,27.0,2.9052,-2.1183
ZnH12C2S2(N3O4)2,4.6103000000000005,-1.004546839999999,0.032392126514348,695.5554273086824,1.803366831233169,62.0,3.3636,-1.2467
ZnH12C3S4(N3O2)2,4.1327,-0.6624066674999991,0.10566495986342,1355.3575429028258,1.910447582708108,120.0,4.1329,0.0002
ZnH12C3SeS3(N3O2)2,3.4695,-0.608404545244791,0.157813014180234,1462.030486406361,1.98410599958616,120.0,3.0674,-0.4021
ZnH12C6(S2N)2,2.4966,-0.231661237599998,0.138624624720001,1451.9835560459987,1.399085789443472,100.0,1.9968,-0.4998
ZnH12C6S2(N5O)2,3.8023,-0.430771158333333,0.103410880908491,798.7988183459545,1.603849787272448,66.0,3.3855,-0.4168
ZnH12N4Cl4O3,3.2449,-0.8890957903124991,0.096760597013881,1213.6561655494052,1.7695978235858671,96.0,2.2607,-0.9842
ZnH12S2(NO2)4,3.7142,-0.942010565462963,0.197683295888887,1212.489867440749,1.783981836862826,108.0,2.2895,-1.4247
ZnH12SeO10,4.0911,-1.29753928780599,0.008826723437499,923.4692178909494,2.276161789514442,96.0,2.1035,-1.9876
ZnH13RuN5(Cl2O)2,2.6024000000000003,-0.842653562355768,0.018466693253202,646.5880764364542,2.174850740117499,52.0,1.74,-0.8624
ZnH14SO11,5.201,-1.409068876296295,0.008502010925941,991.9869904099112,1.925571356129353,108.0,3.3951,-1.8059
ZnH16(IO8)2,2.069,-1.128151785,0.021390578857143,667.8207254465323,2.940715861419826,70.0,1.5107,-0.5583
ZnH16C3N8O7,4.863,-0.7798054027142861,0.115156056488095,607.3109432315234,1.868134527552979,70.0,4.4743,-0.3887
ZnH16C6(N3O5)2,3.3406,-0.986103947435898,0.039940898514966,749.1182241909446,1.762839296984747,78.0,2.4453,-0.8953000000000001
ZnH16C6S2(N2Cl)2,4.1704,-0.393226233064516,0.11889126551613,729.6403689819091,1.568790508484896,62.0,3.4966,-0.6738000000000001
ZnH2(CO2)2,4.460050000000001,-1.3182760065740742,0.12062207453704049,1529.7002704528,2.0548568420975966,108.0,2.4762500000000003,-1.9838
ZnH2(SO4)2,4.661,-1.695202796730768,0.0,308.4613190342052,2.794470625546165,26.0,4.33,-0.331
ZnH2(SeO4)2,2.7465,-1.229102607091346,0.0,338.11742999676,3.4705989965746022,26.0,1.9087,-0.8378
ZnH20C4(N5O6)2,3.4283,-0.8677365511702131,0.139693806117032,845.7946305095024,1.828490897118697,94.0,2.0084,-1.4199
ZnH20PdC4(NO3)4,3.0881,-1.069920590595237,0.058559239047599,419.4807278457384,1.931975344192624,42.0,1.9292,-1.1589
ZnH20PtC4(NO3)4,3.0854,-1.072467992738094,0.055488167857144,411.5971532580588,2.326683874712186,42.0,2.3251,-0.7603000000000001
ZnH20S2(NO7)2,3.590975,-1.2374555673397434,0.0634232865064165,738.4825118795809,1.8085458614665084,78.0,2.291875,-1.2991000000000001
ZnH20Se2(NO7)2,3.637,-1.141515961017627,0.080219342165471,748.1065024620839,2.199647109230318,78.0,2.1227,-1.5143
ZnH24Au2C12S8(NCl)4,1.6528,-0.293366709909091,0.183577244376621,1680.8670075233438,2.13786849694305,110.0,1.0103,-0.6425000000000001
ZnH2C4(S3N2)2,2.3203,-0.178913012352941,0.192397016554622,1191.8535180470542,2.027914959749511,68.0,3.3881,1.0678
ZnH2N2O7,3.49,-1.0824279946875,0.0,1136.7874956525282,2.424040692928349,96.0,2.2102,-1.2798
ZnH2SO5,4.2653,-1.6927066750000002,0.0,184.90296370330572,3.223798799248967,18.0,4.7142,0.4489
ZnH2SeO4,4.342,-1.398530814355468,0.020488866406251,386.88715716608885,3.611888588157187,32.0,4.3174,-0.0246
ZnH2SeO5,2.7214,-1.350304374427083,0.0,203.2545726969196,3.698966775728045,18.0,2.5029,-0.2185
ZnH3CNO3,3.60075,-1.2563350419444435,0.0071377129166665,392.2346729484449,2.417929585952283,36.0,2.6511,-0.94965
ZnH4(BrO)2,3.5964,-1.238572343148148,0.037316098865741,446.3371574122109,2.9158122210736157,27.0,1.7124,-1.884
ZnH4(CO3)2,3.1989,-1.469007309230769,0.026621670576924,261.7783695600705,2.403585452155456,26.0,2.3553,-0.8436
ZnH4(ClO3)2,2.532499999999999,-0.9233586538461532,0.11156276403846,293.5899967653646,2.67350423807078,26.0,3.6644,1.1319
ZnH4(IO4)2,3.2913,-1.134069161999999,0.012192761666668,365.560764370952,4.099508799000375,30.0,4.48,1.1887
ZnH4(NO4)2,3.333,-1.117110082333332,0.004832912083333,308.2296139332892,2.429146667918758,30.0,2.4756,-0.8574
ZnH4SeO6,2.9074,-1.315136836028646,0.017592193125,989.4223456630796,3.281357319045513,96.0,2.2704,-0.637
ZnH6(CO3)2,4.505800000000001,-1.298866051166667,0.076473994833331,593.420443558682,2.143173807552966,60.0,3.0508,-1.455
ZnH6(SO4)4,5.302099999999999,-1.619098948611089,0.0,589.8339661138044,2.565872385513468,54.0,3.9646,-1.3375
ZnH6(SeO4)2,4.2492,-1.314313119246323,0.009395852647049,378.792407280866,3.133272421602208,34.0,3.7927,-0.4565
ZnH6C2(NO)4,4.684900000000001,-0.8590656580882361,0.104670383366009,312.7322625692604,2.28854047630196,34.0,4.7327,0.0478
ZnH6Cl2O3,4.4933,-1.317137253125,0.032088916041666,636.907993024002,1.985226218122714,48.0,2.4702,-2.0231
ZnH7C3NO6,4.5999,-1.1131219332175926,0.0969406598379705,758.7882160184004,1.8884457719168855,72.0,3.2768499999999996,-1.3230499999999998
ZnH7C3NO7,4.4877,-1.093385730197368,0.19666588013158,771.6106924093311,2.018608882983677,76.0,3.2616,-1.2261
ZnH7C4N3O7,3.573699999999999,-1.057540052784091,0.097171482973495,874.737678818206,2.084540964313072,88.0,2.5528,-1.0209
ZnH8(CO2)4,2.6306000000000003,-1.151238709523809,0.140341990357138,410.5791039434715,2.018232111708852,42.0,2.4002,-0.2304
ZnH8(NO2)6,3.2056,-0.8466521024074081,0.14026496623149,1195.0529666951604,1.942566852270374,108.0,2.0463,-1.1593
ZnH8(NO5)2,3.436199999999999,-1.166778536904761,0.000324457202379,786.8529294716263,2.20726189623775,84.0,2.3326,-1.1036
ZnH8(O2F)2,5.1226,-1.539463170999999,0.004822918333333,515.4654930456818,2.2610218539506,60.0,2.6865,-2.4361
ZnH8C2(SN3)2,4.2828,-0.251050591578947,0.173118438736842,460.4315071046021,1.771967653070425,38.0,4.1693,-0.1135
ZnH8C2I2(N2O)2,1.9324,-0.669908798289474,0.063954810493426,1142.7931018292425,2.553470334154052,76.0,2.2643,0.3319
ZnH8C2N4(ClO)2,4.7564,-0.8574706594736841,0.0,472.9870037103004,1.8004917272273322,38.0,3.197,-1.5594
ZnH8C2S2(IN2)2,3.6644,-0.479531515657895,0.035946187158411,1362.2628784656815,2.298755096777529,76.0,3.115,-0.5494
ZnH8C3(NO3)2,4.4522,-0.980149742625,0.166457890375001,758.9421871587326,2.043685664522641,80.0,3.4848,-0.9674
ZnH8N2(OF2)2,4.7084,-1.275271332941176,0.187371581862745,289.4119926739816,2.40381852878143,34.0,3.0275,-1.6809
ZnH8SO8,4.733149999999999,-1.464024271874999,0.022330562291672,661.5043542149338,2.3449074005648436,72.0,3.7515999999999994,-0.9815499999999999
ZnH9C4(NO2)3,4.4984,-0.949647141250001,0.086811747074281,853.5459342690041,2.027478229408274,92.0,3.5087,-0.9897
ZnH9C4NO6,4.606599999999999,-0.8760405522321425,0.1196049746726215,779.5189125652566,1.9813276463497989,84.0,3.5843999999999996,-1.0222
ZnHC4O3,2.059399999999999,-0.9002607118055561,0.172022046944444,1346.9402340818529,1.201691430206242,54.0,-0.4681,-2.5275
ZnHIO4,3.693699999999999,-1.169293312321428,0.041125257678569,206.32668486313992,4.141861426865494,14.0,4.3476,0.6539
ZnHNO4,2.0012,-1.049054579821428,0.134583574553571,404.1779249022858,2.373381585595431,28.0,0.6107,-1.3905
ZnHgAsHO5,1.3969,-1.448516387361112,0.0,440.90399051753855,6.356248593204159,36.0,2.3129,0.916
ZnHgC4(SN)4,2.23,-0.124434516607143,0.143249881683672,302.14425448506097,2.738738519831754,14.0,1.5802,-0.6498
ZnHgS2,0.372,-0.679185416875001,0.040400149999999,93.84923997663743,5.841199157862726,4.0,2.216,1.843999999999999
ZnIn2(SeO3)4,3.888599999999999,-1.523463289879386,0.0,618.8570938374116,4.308619763373439,38.0,4.8405000000000005,0.9519
ZnIn2Cu2S5,0.1341,-0.7680364830833321,0.026894255,214.86270599073052,4.501483407044568,10.0,4.8883,4.7542
ZnIn2O4,0.9016333333333323,-1.8368134954761899,0.09920581357142799,303.4357995741661,6.535672103493352,23.333333333333332,4.933166666666667,4.031533333333333
ZnInGaO4,1.069199999999999,-2.036649674880951,0.019838548571429,85.22481500007486,6.117024186733079,7.0,4.1983,3.1291
ZnInH14O7F5,4.2742,-1.646277527113096,0.0,500.8600322393802,2.661092595509268,56.0,2.3469,-1.9273
ZnMo2O7,3.7256,-1.859907702999998,0.062109753875001,386.8345933490016,3.170408477653025,20.0,1.4853,-2.2403
ZnMo2P2O9,1.2143,-2.257001605663265,0.038958647400793,742.6295295553508,4.143187673819516,56.0,4.3291,3.1148
ZnMo3P3O13,0.397699999999999,-2.267438117696429,0.04576655497222,549.7317933671203,3.951851307244444,40.0,3.8879,3.4902
ZnMoAsO5,1.005299999999999,-1.751313726875,0.098247688749993,450.0481423687168,4.667720235756961,32.0,3.5258000000000003,2.5205
ZnMoO4,2.9244499999999993,-1.9201662084722226,0.0001016381944445,323.7101637341594,5.034149433326411,24.0,3.57935,0.6548999999999999
ZnNi(GeO3)2,1.2118999999999995,-1.8736641490000001,0.044374886000004,351.772541546192,5.202742864364982,30.0,3.34245,2.13055
ZnNi(PO3)4,0.3511,-2.430006319920634,0.011430313611104,437.2795374105674,3.3416656084733862,36.0,2.5371,2.186
ZnNi3(B2O5)2,4.0858,-2.186826588148147,0.021454946041665,174.86539312402516,4.223173472957292,18.0,6.3986,2.3128
ZnNi3(P2O7)2,3.1974,-2.222290257662338,0.05730518519886,475.5738818309085,4.115792132009789,44.0,5.9311,2.7337
ZnNi4O5,2.0628,-1.275379956999999,0.057268105499998,191.63468295158705,6.588609832008836,20.0,7.0435,4.9807
ZnNi9O10,2.2363499999999994,-1.2281793752499999,0.0471873059999995,190.80295918185982,6.558884928167664,20.0,7.542949999999999,5.3065999999999995
ZnNiAs2O7,2.065699999999999,-1.629026573636363,0.027082032954542,531.6658670439186,4.8216055371887,44.0,3.4244,1.3587
ZnNiAsO5,0.309299999999999,-1.453633775,0.083919224999999,389.79226082014856,4.754586660360385,32.0,1.7887,1.4794
ZnNiBiO5,0.2029,-1.18490192375,0.140298322500001,440.20061115922687,6.232932241661083,32.0,2.2304,2.0275
ZnNiMoP2O9,1.436499999999999,-2.194736298520408,0.078815688392845,703.2753906117389,4.023254351349959,56.0,4.5322,3.0957
ZnNiP2O7,3.6319666666666666,-2.3143231747077913,0.016342361306817335,495.2521083710698,3.997395215055718,44.0,5.837466666666667,2.2055000000000002
ZnNiP2WO9,1.5982,-2.2023626813775508,0.0897325170833435,721.3469001649653,4.731844429616673,56.0,4.32735,2.7291499999999997
ZnNiSnP2O9,2.748199999999999,-2.227347512984694,0.063316936607142,718.1074811084782,4.15076816782484,56.0,4.7459,1.9977
ZnNiTe3O8,3.239999999999999,-1.52962794,0.0,371.2614265496029,5.679406438146208,26.0,6.4589,3.2189
ZnO,0.6711399999999994,-1.7186031893333324,0.07229592316666619,87.31550541069264,6.01609615198611,8.0,2.05874,1.3876000000000002
ZnO2,1.716,-1.042271065833333,0.151661675833332,123.66579678431438,5.2329824344417615,12.0,4.300050000000001,2.5840500000000004
ZnP2(H4O5)2,4.77165,-1.79416905079932,0.018569422261906,391.6186307973543,2.515176332835149,42.0,4.1808499999999995,-0.5908
ZnP2(HO)4,4.126,-1.4112593185714282,0.019944779166665,269.6207851330602,2.40668309962868,22.0,3.634,-0.492
ZnP2(WO5)2,2.7668,-2.214582261285714,0.141511986629636,391.95482649369495,5.550148646708734,30.0,4.9283,2.1615
ZnP2H11C2NO8,4.4993,-1.318862366821428,0.055321804599987,1041.3115646323029,1.942087795778717,100.0,3.4808,-1.0185
ZnP2H13C2(N3O4)2,0.3175,-1.126475306735491,0.07112739853189,1375.0545610231306,1.818750901253002,128.0,-0.8698,-1.1873
ZnP2H14C2(NO)6,5.0041,-1.000711493122119,0.050403888521512,653.2403409290833,1.756654820122245,62.0,3.9443,-1.0598
ZnP2H15C4NO8,4.7481,-1.082670644291475,0.066181615564506,1224.3263224968532,1.803973265279228,124.0,3.7351,-1.013
ZnP2H15C5NO9,4.9067,-1.078852240470779,0.097648400454536,1328.1304445352532,1.8030604033306488,132.0,3.9473,-0.9594
ZnP2H6O5,4.7801,-1.319731941198979,0.079071919880953,601.6222277456998,2.356036418452934,56.0,4.2562,-0.5239
ZnP2H7NO8,4.6413,-1.741830974501879,0.0,811.9643103860919,2.261164666112352,76.0,3.8519,-0.7894
ZnP2PbO7,4.224600000000001,-2.434977140616882,0.0,595.7810049440387,4.978457340060184,44.0,6.3094,2.0848
ZnP2PdO7,0.415599999999999,-2.13108648788961,0.059970966818178,510.7064711721843,4.497052491488735,44.0,3.9722,3.5566
ZnP2W2O9,0.7545000000000001,-2.145149638341836,0.161022785317463,736.4852878970859,5.763244228300666,56.0,4.1219,3.3674
ZnP3H12NO13,4.9589,-1.700236457464285,0.03352126975,597.2929814547615,2.181964887300447,60.0,4.1995000000000005,-0.7594000000000001
ZnP3H16C3NO12,5.0917,-1.28331667281746,0.107306840833334,1353.347828659308,2.04410460572994,144.0,4.4892,-0.6025
ZnP4H16(NO8)2,4.9641,-1.6855237307326,0.003095466794892,387.6107096468176,2.0967577310274352,39.0,4.2779,-0.6862
ZnP4O11,4.742050000000001,-2.475968487566964,0.0032034118749995,803.599293087039,3.0211864916906563,64.0,5.24575,0.5037
ZnPH3O5,4.3223,-1.902881223339286,0.012075239999998,593.9332304611098,3.009496434820039,60.0,4.5393,0.217
ZnPH4NO4,4.0775,-1.62067008224026,0.0,887.2340354913553,2.671416219813296,88.0,3.9267,-0.1508
ZnPH5C2N4O3,4.5874500000000005,-0.956505062477679,0.031356938054249994,757.5678737958488,2.011933684647235,64.0,3.70585,-0.8815999999999999
ZnPH5CNClO3,4.6314,-1.223174352953296,0.050041452187494,611.6978191454208,2.2899728348680632,52.0,4.0095,-0.6219
ZnPH5O6,4.1732,-1.739727270309066,0.028701469182689,2036.4600161715084,2.575620284073225,208.0,3.4885,-0.6847000000000001
ZnPH7C2N4O5,4.0413,-1.139769521169643,0.018419354569443,760.1831907730324,2.302206732312624,80.0,4.3203,0.279
ZnPS3,1.98,-0.497663441813341,0.025522434530603,226.03806418074143,2.829460589466883,10.0,4.3243,2.3443
ZnRe2(MoS4)2,1.189,-1.001116660384615,0.029866625865381,231.1591098716933,6.366212060758841,13.0,6.7445,5.5555
ZnS,1.9978009999999997,-0.9577532801358806,0.004945069484654467,751.7871027583908,4.092270739341471,37.98,3.887969,1.8901679999999998
ZnS2,1.4156,-0.496377133541666,0.145421766205357,210.15992820545503,4.094111983860375,12.0,6.0193,4.6037
ZnS2(NO2)4,0.169299999999999,-1.097007789666667,0.138349518555552,267.16950650488974,1.948876191275343,15.0,-2.2465,-2.4158
ZnSO4,4.0428999999999995,-1.8439605943749995,0.0191323731249995,194.3882758215585,3.1211886165724834,15.0,3.1629,-0.8799999999999999
ZnSb2(PO5)2,0.0197,-2.109666095619048,0.155892105249997,403.0187464015761,4.374641389659017,30.0,3.6941,3.6744
ZnSb2Cl2O3,3.7109,-1.6820488221875,0.0,622.2378007020029,4.566959717246277,32.0,5.4131,1.7022
ZnSb2P2O9,3.721299999999999,-2.241176755663266,0.047645980238097,853.7154734957686,4.005848047548551,56.0,5.5181,1.7968000000000002
ZnSb4H18S7N6,1.9308,-0.502875046527777,0.0,1108.0435313684775,2.6348396328834163,72.0,3.2075,1.2767
ZnSbAsO5,2.4172,-1.6681897034375002,0.135026727187497,515.1880252609203,4.410427231585918,32.0,4.2652,1.847999999999999
ZnSbO3,0.3548,-1.6620442704999991,0.1612834165,246.05121608245983,6.348342089104972,20.0,6.182,5.8272
ZnSe2O5,3.0515,-1.372878197773443,0.0,429.5219768733596,4.690653331240539,32.0,4.3866,1.3351
ZnSeO3,3.6834499999999997,-1.4713589468437496,0.031070746375001,389.7466536599818,5.024751801488241,30.0,5.1392,1.45575
ZnSeO4,2.094375,-1.3199136118489572,0.0365395393749995,222.50715329959291,4.677354261697331,18.0,2.83795,0.7435750000000001
ZnSi(AgO2)2,0.607499999999999,-1.764212550416665,0.038422527604167,217.2853685254343,5.70457651359044,16.0,2.2317,1.6242
ZnSi(AgS2)2,1.6859000000000002,-0.601970757031249,0.0,332.8974915414343,4.364531119583839,16.0,4.2361,2.5502
ZnSi2NiO6,3.7390499999999998,-2.535115996437498,0.0431653244791695,557.554180422236,4.106218724377355,50.0,6.2776,2.53855
ZnSi2SnO6,3.0603499999999997,-2.5582655803125,0.096942208437496,635.1679128571161,4.256267675709447,50.0,6.8416999999999994,3.7813499999999998
ZnSi3GeH35C13BrO,3.4324,-0.23378758225,0.108898635281597,1468.3869197382926,1.152630420396295,110.0,1.8063,-1.6261
ZnSi3GeH35C13ClO,3.5833,-0.240470589340909,0.110104004116824,2856.6954695438785,1.08158689294954,220.0,1.925,-1.6583
ZnSi4H35C13ClO,3.7616,-0.239222013795454,0.118724346584768,2837.482821411255,0.984614392923842,220.0,2.076,-1.6856
ZnSi4NiO10,0.005399999999999,-2.680281637656249,0.158455941875002,789.1294271072885,3.336849079946405,64.0,2.8221,2.8167
ZnSi4SnO10,2.4444,-2.792231181406251,0.094585440520828,878.2743352516984,3.452048314392264,64.0,4.8736,2.4292
ZnSi4WO10,2.011399999999999,-2.6848982112499997,0.189143097083333,834.9921413327041,4.14907985921969,64.0,5.1308,3.1194
ZnSiGe3S5O24,0.4457,-1.882118766838236,0.050235487573532,1357.4592513485168,3.140348317804576,102.0,1.7098,1.2641
ZnSiH12(OF)6,5.3956,-1.872398666730769,0.0,259.8151750386989,2.016923266311591,26.0,2.9712,-2.4244
ZnSiO3,3.4797399999999996,-2.624329965875,0.07050584429167059,395.0740015830729,4.13865061714524,34.0,5.4296999999999995,1.9499599999999997
ZnSiPbO4,3.1964,-2.381144441607142,0.0,831.0411472883601,5.829655788345833,56.0,5.641,2.4446
ZnSiSn3S5O24,0.410399999999999,-1.9375702600735296,0.044625198713239,1527.5802681858438,3.241338142921436,102.0,1.9403,1.5299
ZnSn(GeO3)2,1.8843999999999999,-1.834524057749999,0.151163622749997,429.01389585845635,4.884933331932636,30.0,4.5766,2.6921999999999997
ZnSn(PO3)4,3.5656,-2.407036655753967,0.059832047083334,516.1319077741299,3.217320580904199,36.0,5.607,2.0414
ZnSn(SO4)3,2.057,-1.8409355082843144,0.0,1490.0320304952716,3.158122282351788,102.0,2.0753,0.0183
ZnSn2(PO4)2,2.45815,-2.247061469945054,0.0749022944871805,790.5958084006021,4.140000186812218,52.0,4.9587,2.5005499999999996
ZnSn2(PO5)2,1.8832,-2.208525322619047,0.161949090888884,365.33351505414447,4.770446291920446,30.0,5.1155,3.2323
ZnSn2H12(OF)6,4.7197,-1.71650940574074,0.0,333.1885603560617,2.616042356862658,27.0,3.0875,-1.6322
ZnSn2O5,0.8464,-1.964873498749999,0.063462783124999,218.79918759946725,5.810785091889065,16.0,4.4097,3.5633
ZnSn2P2O9,1.556299999999999,-2.2192203295918382,0.128731282559519,856.7416811284124,3.944406329092164,56.0,4.3763,2.8200000000000003
ZnSn3(P2O7)2,2.299,-2.304894409480518,0.080147990255692,655.8292859556276,3.896322944731884,44.0,5.0812,2.7822
ZnSn3P2(SO6)4,1.5099,-2.039268335420169,0.010774122175257,1502.2338878424184,3.30198667162015,102.0,2.5489,1.039
ZnSnAs2O7,1.4142,-1.6728680624999992,0.144552969602292,622.4911141621438,4.758498004004679,44.0,4.4504,3.0362
ZnSnAsO5,1.2799,-1.720031515625,0.161752456249992,479.6584916635662,4.694883460886863,32.0,4.3099,3.03
ZnSnBiO5,0.056299999999999,-1.6624023018749998,0.123039775624999,501.3934984699236,6.267293507914879,32.0,3.1984,3.1421
ZnSnO2,1.3374999999999997,-1.5605761660416657,0.149724591458333,263.2280448368304,5.456583359512,16.0,4.972966666666667,3.6354666666666664
ZnSnO3,1.1692999999999996,-1.9211166918333324,0.05973215616666633,155.99910914773673,6.562206234964413,13.333333333333334,5.184666666666667,4.015366666666666
ZnSnP2O7,3.3306333333333327,-2.3587018331168816,0.042261674147736995,397.9580218954497,3.9716498812854204,29.333333333333332,6.144166666666666,2.8135333333333334
ZnSnS3,0.358799999999999,-0.5004279738303591,0.169033203142857,206.7889340006348,4.501907707628915,10.0,4.7235,4.3647
ZnTe2O5,2.89845,-1.564776449947917,0.022990764218749002,989.1618214025125,5.381254821153686,64.0,6.05955,3.1611000000000002
ZnTe6O13,2.9958,-1.514598883249999,0.017544004750003,568.6811343433305,6.067731039634395,40.0,7.1969,4.2011
ZnTeMoO6,3.0952,-1.765172062962962,0.013359836111116,251.3631142081916,5.086003785571592,18.0,5.0067,1.9115
ZnTeO3,3.605899999999999,-1.6326734050833331,0.000719504249996,572.6336391061509,5.591035434894425,40.0,5.9056,2.2997
ZnWO3,1.8923,-1.8494045585,0.088955001499995,227.8950586455768,8.663471528886411,20.0,5.3924,3.500099999999999
ZnWO4,3.0885666666666665,-1.9806696902777776,0.076870418263888,142.84454921602295,7.32856024779501,12.0,4.431233333333334,1.3426666666666662
Zr(WO4)2,3.41635,-2.564504236060605,0.068926501893936,1564.4250510365166,4.907503012298866,88.0,2.2083500000000003,-1.208
Zr2P2WO12,3.7154,-3.027998928781511,0.010301029485303,1120.1629711859214,3.677726861917132,68.0,3.0102,-0.7052
Zr2Ti(PbO3)3,2.9685,-2.797495223888889,0.030141096541663335,218.24635502395833,7.577795965378283,15.0,6.722133333333333,3.753633333333333
Zr2Ti3(PbO3)5,2.2361,-2.763876234199999,0.024941472324996,358.6427550856998,7.417548433733679,25.0,6.3555,4.1194
Zr2TiSnO8,2.825499999999999,-3.255777128194445,0.054916113541667,146.5332577244963,5.40567165405295,12.0,5.8043,2.9788
Zr3Ti(PbO3)4,3.0578000000000003,-2.8100115769166667,0.029755560359373504,293.2880478264108,7.600609827203087,20.0,6.7729,3.7150999999999996
Zr3Ti2(PbO3)5,2.6725333333333325,-2.782950467133333,0.034981199820829,359.6373198651124,7.597390043674601,25.0,6.641233333333333,3.9687
Zr3TiO8,3.2762,-3.703486623611111,0.033740555625,138.17410153104706,5.402380711012256,12.0,6.233,2.9568000000000003
Zr3Tl2(CuS4)2,0.7078000000000001,-1.365839721777777,0.0,344.2044444341618,5.14292798044033,15.0,4.6249,3.9171
Zr3ZnP2(SO6)4,3.4156,-2.5855040989986,0.006419172499999,1590.7562279738847,2.860012115146889,102.0,3.0231,-0.3925
Zr3ZnSiS5O24,2.724,-2.494666368455883,0.004134068333333,1608.8506537448052,2.822281849477407,102.0,2.7904,0.0664
Zr4Ti(PbO3)5,2.9096,-2.8155250826333336,0.031520544749999,552.6551614777572,7.5894605994107724,37.5,6.588100000000001,3.6784999999999997
Zr5Ti7O24,2.9186999999999994,-3.596759693425926,0.0386133847916655,605.7834624021738,4.80486960582828,54.0,5.5939,2.6752000000000002
ZrCrCuS4,0.37243749999999914,-1.1516976686607139,0.10657325455356513,377.6637139024902,4.258297334699901,20.125,5.140125,4.7676875
ZrInCuS4,0.139999999999999,-1.16520316595238,0.042789482857145,295.20875462399925,4.4757625661211975,14.0,4.7235,4.5835
ZrMn(CuS2)2,0.191,-0.8801543284913791,0.151190354062499,159.26991439784655,4.186162590918709,8.0,4.5033,4.3123000000000005
ZrMoWO8,3.1186999999999996,-2.5041370172727273,0.04569294397727,362.34373405854325,4.444898435544004,22.0,2.1103,-1.0084
ZrNb2ZnO8,3.086999999999999,-3.009404759166667,0.017589558124999,147.06822418636526,5.311722480709955,12.0,4.6343,1.5473
ZrSiSn(SO6)2,2.4248,-2.43314386009804,0.039043039852947,1605.6641180976324,3.066180221733089,102.0,2.588899999999999,0.1641
ZrSnP2SO12,2.8504,-2.616709950693278,0.000199587812495,1563.565842866121,3.160186541254758,102.0,3.0044,0.154
ZrSnS3,0.9944,-1.397594188499999,0.0,497.9424921421011,4.08351704818253,20.0,4.5385,3.5441000000000003
ZrTi(PbO3)2,2.42656,-2.774050304133332,0.0293243826062476,142.10456119655217,7.589969125572432,10.0,6.59948,4.1729199999999995
ZrTi2(PbO3)3,2.3624,-2.7534709041111105,0.025642148937496,209.015371016095,7.569862309243279,15.0,6.7025500000000005,4.3401499999999995
ZrTi2O6,2.652799999999999,-3.558512406018519,0.051397146944443,408.7073890501796,4.598466754988622,36.0,5.1956,2.5428
ZrTi4(PbO3)5,2.0719,-2.740167682733332,0.019536063362497,348.5058528988649,7.426716057754098,25.0,6.4553,4.3834
ZrTiO4,2.7325,-3.6039597455555548,0.056876857916664,208.39406820411952,4.874286312382191,18.0,5.120150000000001,2.38765
ZrTiP2SO12,2.5328,-2.885574782654063,0.006132204656863,1518.7529437508674,2.788692088365796,102.0,2.3033,-0.2295
ZrTiSi(SO6)2,2.3847,-2.7143660203921582,0.016567398210785,1555.0486575845769,2.7120888639185363,102.0,2.0133,-0.3714
ZrTiZn4O8,1.7809,-2.508724112380952,0.083576781964285,165.36437432639656,5.309268529301066,14.0,3.7754,1.9945
ZrTlCuS3,0.6120999999999991,-1.236993545972222,0.0,264.6155434616729,5.714884554160093,12.0,5.1928,4.5807
ZrZn(SO4)3,4.0034,-2.209176872892158,0.0,1540.9980958739882,2.87596325270216,102.0,3.2829,-0.7205
