y_true,y_pred
-3.508055451944444,-2.6832637311631315
-3.349835984444444,-2.319382155708276
-3.322823818611111,-2.0761985799333913
-3.3841361773611123,-2.9078407421880827
-3.411356993194444,-3.0175359407567965
-3.450555661944443,-3.11334415798892
-3.354790039444444,-3.241610822324396
-3.460667529444444,-2.629654128905659
-2.336428945104166,-2.5840393813994504
-2.62952398699074,-1.761043293137018
-2.353810709305556,-2.1750523138568143
-3.778288352239583,-3.2641954654725827
-3.757920863208332,-2.880296865908295
-2.576398636166666,-3.1762853143522354
-3.801601771770833,-3.1325266391092836
-2.206645208939405,-2.3584823771121224
-2.717671577666666,-3.1077972717657305
-2.977037725833334,-2.7971924631509224
-2.707193861288514,-2.378061319609913
-2.184230785583333,-2.4102530345117423
-2.721419733347338,-2.3367961569298514
-3.492236987666666,-3.0657868395995775
-2.765818800666667,-3.202470053534097
-2.250372007166668,-2.1501230096441013
-1.953308989624521,-1.9522781344801288
-2.445641585,-1.8624709252980778
-2.187828246427204,-2.335801930806884
-3.4896585356666643,-2.685244058297813
-2.391802002121212,-2.211783678208701
-2.654464013666667,-2.7795577080121645
-2.505527914666666,-2.076722312080077
-2.858170667761904,-2.311287752098005
-2.421669413205618,-2.267667070080874
-3.490981147333332,-2.9741544952390258
-1.99700330111111,-2.5711672691872502
-2.689368039666666,-2.2994867536586985
-3.5511922376666663,-2.791957279809667
-2.963721880555557,-2.9549234524575576
-3.430002041041667,-2.9122339602349787
-2.301063137619048,-2.2396483128066373
-2.371655990416668,-2.5754151254405504
-2.355785092916666,-2.1714317749626573
-3.806863982916667,-3.0272302357076124
-2.955281040555556,-2.5516557328865024
-3.7528822132291673,-3.0833827710725767
-3.881705785729169,-3.4959586039419324
-3.769536100104167,-2.8971939359587684
-3.918367325520833,-3.3063239464203
-3.894471883333334,-3.2331878640425487
-2.354388872916667,-2.5354528455713
-3.900576050729167,-3.512194169388034
-2.339669591666667,-2.3342878136291234
-2.956461151329365,-2.830261450724925
-3.853453830416669,-3.6193308073413566
-2.374862463205619,-2.047567778354146
-2.751183317222221,-2.036750762127258
-2.767403298055555,-2.6435770685340225
-3.769406522291666,-3.5377893493570425
-2.3508101710119043,-2.54209161906376
-2.7250374691666632,-2.6464631686044284
-2.496834717619047,-2.8299849346577086
-2.4967091722619053,-2.8323038496437127
-2.734459421666667,-2.4625447368611013
-2.845984238148149,-2.8564440190611893
-2.568293105312499,-2.544100820186367
-1.87394941121212,-1.9692473708778473
-2.7541483926190478,-2.346525217729059
-1.6172956599122812,-1.9934802313050093
-1.6036435567543852,-1.9706542285812831
-2.310862949074075,-2.4331707976979677
-2.188011450888889,-2.116931578517422
-2.52842814125,-2.487470014892162
-2.790186679107142,-2.770644944466705
-3.265409376666666,-2.839403302756392
-2.197995938333334,-2.4838246270357955
-2.676270211051589,-2.8978529493648812
-2.588273093968253,-2.399014970093684
-2.841516934420839,-2.632076827201702
-2.269430502380953,-1.9368965276691974
-2.496569244375,-2.27226683766694
-3.536463339999999,-3.461367488373584
-3.5472499799999992,-3.2150527416118058
-3.542939039722222,-3.5192714659507023
-3.190398111051586,-2.4980221610502027
-2.508724112380952,-2.0881051034151223
-2.603764999950981,-2.512522328868901
-2.720623772857143,-2.714175627618785
-2.355935852471264,-2.369388654839326
-2.075316499166667,-2.2906575173627233
-2.301786870865662,-2.4878490980971146
-2.298972156499999,-2.131914070521927
-2.598315238205129,-2.3719267711443246
-2.87189012341954,-2.8974903691426337
-2.752791422083333,-2.760392345867423
-2.909558282083333,-2.829236726725046
-2.8900997666666672,-2.8639215197191024
-2.813554781979166,-2.829128402106178
-2.865297748854166,-2.881926953729241
-2.954632995677084,-2.958892651726465
-3.587298165166667,-2.406211258991016
-3.417164427738094,-3.042945651012171
-3.322996665197045,-3.1517610043920046
-3.335226827458949,-3.2198643571058754
-2.950561660714286,-1.9949327698727968
-2.528971145624999,-2.270432673591908
-2.5446921214814813,-1.9177391670186272
-2.57002451135531,-2.3524902367764318
-2.523824578089081,-2.669191311472829
-3.694526558666666,-3.475902614361479
-3.316128182333334,-3.3401751590917046
-3.516640794537036,-3.077917747526453
-3.082048991833333,-2.9970945138694636
-2.878113699079004,-2.744741877063019
-1.5441004226449282,-2.562189876700322
-2.837470130818031,-2.818648387221311
-3.476201650416667,-3.172714892083288
-2.331133612819942,-2.2640889475488377
-2.806494429651361,-2.8078768170425685
-2.826998219404761,-2.8245273752870377
-2.540023648833333,-2.377409439768754
-2.010395815416666,-1.2526892546159545
-3.142049877188889,-2.574544040794894
-3.681629979333332,-3.0336570048963423
-3.076790906481482,-2.4883659970765817
-2.567294686071428,-2.564880233975666
-2.786374037827107,-2.630348067881955
-3.476083984166667,-3.295082769140983
-2.701590771957672,-2.7138547665635984
-2.8032638016156453,-2.820378161661894
-2.67792677223545,-2.62468055843464
-2.386480012009804,-1.9479251014049666
-2.356803219888888,-2.3598007978020563
-2.9717277023764384,-2.2920113284999197
-2.6729274525555557,-2.774442427037396
-3.136217266522223,-3.0081153755853003
-2.447091006029412,-2.3908793035032585
-2.651131889231481,-2.226053239422298
-2.831692349259259,-3.1527857404830906
-2.721818827857142,-2.6984150199839725
-1.814311564848484,-2.018465827348141
-2.380811781141763,-2.5411802565725408
-2.253139008496906,-2.2548509967081527
-2.501184055357143,-2.447855574938728
-2.39949921637255,-2.410634423500812
-3.572403279333333,-2.9314540571211847
-3.065148448425927,-2.7070846146041103
-2.085944838333333,-2.99488395121202
-3.121685615104167,-2.564110926711611
-2.583638071986606,-2.50688676266185
-3.657415306092592,-3.457771571982976
-2.558047898385418,-2.3777158693467824
-2.862672924632035,-2.6745862240165907
-2.670913726957672,-2.7578410083518468
-3.004470225833333,-2.945219924936862
-2.8746089010416678,-2.8825770631122443
-1.7613155944444432,-2.366769975544339
-1.998511762685185,-2.180445230607503
-3.644004927851851,-3.0695265198452435
-2.565835519374999,-2.5576099386325537
-2.722230576428572,-2.6781953390499185
-2.746771265625,-2.7059507257959683
-2.8423674162499992,-2.1333083508818778
-2.29395415962963,-2.295153625972329
-3.003450768666668,-2.938325466227588
-2.782707665163691,-3.170241352289569
-2.811972047166667,-2.77352263723093
-2.75505324098545,-2.3929600668141093
-2.672959521666667,-1.8931387408785008
-1.678989700920139,-1.3628987830118204
-2.992009080500001,-3.0417400527502894
-3.234394786645834,-2.5167298625592696
-3.237144989739583,-2.581161424488239
-2.6303632045454552,-2.8684870204451665
-2.66396089599138,-2.556101682141574
-2.210799909333334,-2.7782277840016603
-3.988466961833334,-2.631194735363546
-3.046442485595238,-2.991410699060141
-2.65679940994253,-2.4095672459119335
-2.183319190333333,-2.754369963255145
-1.910032613166667,-2.3410942024018566
-2.608101543671503,-2.5294932715846996
-3.256891941126439,-2.6300343868105025
-2.641318095293125,-2.4726538562550373
-3.111669648946066,-2.7717658157424423
-2.358109784666665,-2.4204309041317837
-2.415398239979886,-2.19600802701152
-2.707943851229767,-2.5161919280634146
-2.546825108700415,-2.3143592961901045
-2.558234092706348,-2.077816438700021
-3.242357749166665,-3.23867779155003
-3.08310371844303,-2.651195099171
-3.128781798257846,-2.6893007790872
-2.052234168271073,-2.139315299999098
-2.860745894021229,-2.5573519177224613
-2.572962414894245,-2.5599344400343753
-3.059483910183361,-2.8763552227561777
-2.593299073524969,-2.278870611723649
-2.493886643471766,-2.359257506362923
-2.276909493088625,-2.232087754711522
-2.666781777896435,-2.24199244130954
-1.8974757326282048,-1.7714840700644694
-3.165014318184525,-2.9028377856518914
-2.590579435142614,-2.957755680057184
-2.874417007485633,-2.59914297664676
-2.77161102525529,-2.524474530723542
-2.557963428458993,-2.612491033808657
-2.6282727867923272,-2.8180248600801185
-2.814709046792327,-2.78954782783924
-2.899686340958994,-2.654796587192862
-2.986791975681216,-2.631674781401462
-2.8728153273478823,-2.6554519511766093
-2.6273583806812173,-2.3465558491091074
-3.126783559555555,-2.997504048387389
-2.763581731448448,-2.8404298937303842
-2.677775596053711,-2.852203307252839
-3.085739913663003,-2.760559457842128
-3.069688478385417,-3.193815864195912
-3.01871684516369,-2.5914522312547454
-3.227446001733335,-3.21578088637447
-2.985742559873563,-2.623853299459739
-3.137727508471265,-2.3472245983549755
-3.290828485333333,-3.0104883735839456
-3.641549238833333,-2.9349521728660903
-3.110940223833333,-2.758465636587255
-3.006452671333334,-2.932799143159735
-2.86172069809524,-2.650486445169162
-3.150690798395834,-2.998814033381129
-2.639933244941409,-2.5657297004440562
-2.179380668333334,-2.6499363609559063
-2.517692975888889,-2.2974768755696884
-2.546501085592861,-2.2998888084877773
-2.585247596645493,-2.444696652224363
-2.444615696754386,-2.3670641602517213
-2.718061147106343,-2.7879998315885297
-2.770621761794218,-2.645369646331908
-2.919581371079932,-3.0522146318110415
-3.083868887619048,-2.7694349377327354
-3.190915187314814,-2.3583661613683837
-2.768919104739582,-2.2333226225857525
-2.680262175567227,-2.5258267336251556
-2.361329776106443,-2.3338493438737014
-2.769368228378274,-2.8117534006803226
-3.005437217457221,-2.704735651191506
-2.9402230519309063,-2.804612020658644
-2.859388700444992,-2.69631955779663
-3.076363538656898,-2.9772655830222656
-3.144404161794323,-2.3056452328550496
-2.43506207363822,-2.7122143050615137
-2.739432174521207,-2.7476753916364576
-2.804197641730707,-2.7612069058404454
-2.594453076003587,-2.595080830077304
-2.782334716105706,-2.680950657729019
-2.7795792590223742,-2.6537275021723743
-3.377986524313725,-2.8716054775986333
-3.204199948480842,-2.9522009092318373
-2.326652072113094,-2.292002470167632
-2.493069982759646,-2.4887628201202787
-2.6633438811274512,-1.8867957282985979
-2.001392863430059,-2.4256454651276598
-3.360243750882969,-2.8091765226224084
-3.007276597056218,-2.767104969274995
-2.82771615391523,-2.5587140518186984
-3.07308078042464,-2.8047072599430876
-2.990836011337849,-2.7024561575058748
-3.016195303254516,-2.9171687045042547
-2.951060322837849,-2.516912802098306
-2.933237269213973,-2.8242802853306173
-3.182861771676244,-2.8789403717120114
-3.136823860013608,-2.941587890371142
-3.257102638636015,-2.286400978037765
-3.186178376333333,-2.876126321743692
-3.558512406018519,-3.2959781181114747
-2.132641380833334,-2.182492155500395
-2.128341075583334,-2.128686740855073
-2.133363785583334,-2.1746252747022674
-3.557335001319444,-2.8105878907199835
-2.103465227191357,-0.9517604874052266
-2.8912378951859923,-2.7338079101500727
-2.981115243636364,-3.040609223707625
-3.450403933577012,-3.3741557324739513
-2.682354180027262,-2.499169579664102
-2.660342856629827,-2.5644213563481446
-3.338314180079365,-2.9577915710362848
-3.347455425690477,-2.9161290180222754
-3.77319523593023,-3.556557353813697
-3.786226298720932,-2.8868660718870918
-2.6846286463596503,-2.6416337097555456
-3.149443694523809,-2.971712700239283
-3.18146785547619,-2.733274018233844
-3.09402606522665,-2.4170346761362604
-3.187122484999999,-3.0786446609581444
-3.184938324523809,-3.2115690248091244
-3.350186000390626,-3.1585479803087564
-3.4369442967682,-3.226012928842531
-3.022433631363637,-2.581632249492004
-2.645643797893368,-2.5210690161426386
-2.557857668163638,-2.465742288310611
-2.3700788062666662,-2.3630751566118873
-3.4496308583333333,-1.4291741499088544
-3.262198724506172,-3.0532132605736404
-3.109265585142613,-2.9888484164930986
-3.601691294537037,-2.7469236385477096
-2.66677935074074,-2.665054373145678
-3.7491637095486112,-3.4068842017357635
-3.395710564281609,-2.85374039209496
-2.447975081260163,-2.462040002841418
-2.453160138577234,-2.4408873955443595
-2.4304806761382123,-2.469533459533337
-2.465182558089431,-2.4504812993760097
-2.479351044430894,-2.4829538208837043
-3.626340367236843,-3.567472005370099
-3.58238166574074,-2.452592947927705
-3.540151233916667,-3.3316254917682615
-3.04758549612593,-2.8817231703307122
-2.710172639598933,-2.4867770987276554
-3.043039888290171,-2.8827861221479543
-3.452857383333334,-3.4227569567607095
-3.424161775593222,-3.2035747851875933
-3.485564316666666,-2.749999272937465
-3.500919083333333,-2.7637219291091517
-2.737877959826389,-2.49445611392254
-3.389931943275862,-2.9254441369801802
-2.713519772881356,-2.5955510424852615
-2.719798642881357,-2.7143283057848295
-2.71751210101695,-2.711186783470735
-2.8551456790960463,-2.594102494621786
-2.838707244583334,-2.632957772935719
-2.838905356458333,-2.812434934211955
-3.593129332229166,-3.231919504036733
-3.293196668888888,-2.847125423142112
-3.054930229503546,-3.057427718073877
-3.053451957163121,-3.048719036935479
-3.053315141205674,-3.0350160733086176
-3.053636043758866,-3.047699064740785
-3.790419697407406,-2.8373356582017397
-3.7130136710606063,-2.9441528102767553
-3.014009554936144,-2.4787667105155706
-2.548764408662833,-2.3924509746752656
-2.488192721973179,-2.2895592519301435
-3.091858370520834,-2.653353783530197
-3.781774462878852,-3.775819536049832
-3.7852587137878793,-3.542060716273349
-3.775055662045519,-3.644355054423906
-3.690813383333332,-3.179945370799173
-2.66828517401515,-2.3500687727025844
-2.997387182713922,-2.5420440910649296
-2.557326850555554,-2.5729753599310645
-3.511848975138888,-2.86005662984785
-3.128375366481481,-2.006041027304102
-3.42182468625,-2.9644624298681417
-2.631501136060605,-3.119082165606281
-3.67083449810606,-2.7862474934539194
-3.120236325092593,-2.9242209956793666
-3.422544152083334,-3.08950102092464
-2.454141510166667,-2.911753268282935
-2.79814114633116,-2.8157530045320063
-2.813493403137254,-2.4808305225943084
-2.703295990666667,-2.669042582018552
-3.56773125656863,-3.221382715220321
-2.433815885967937,-2.349062839024604
-2.595415787356322,-2.5777290553561385
-2.354767733666667,-2.556421093836037
-2.075424916875,-2.0429234552073647
-3.677706238333333,-2.853198085084848
-2.649461859722222,-2.6922207439390062
-3.310635647272727,-2.5215032387073366
-3.2589800945454552,-2.8537769809870195
-2.605515773674243,-2.212512863701624
-2.882407713396826,-3.1284528189667844
-2.926053450230159,-2.3655982888545024
-2.877749901063493,-3.0115154152853942
-2.840969761529762,-2.774423802055186
-3.018196908273809,-2.7871716923196574
-3.015865174151616,-2.7901168495476947
-3.032237108769179,-2.941128979570228
-3.010003349107143,-2.6804027748703056
-3.62191468560606,-3.1515605322112505
-2.815537810196078,-2.765172554504909
-3.012669638273809,-2.946905009661186
-2.522961150050125,-2.185668396618921
-2.801985282592592,-2.678152557817559
-2.579832453081098,-2.507009803006576
-2.817225459019607,-2.6812501614963655
-2.703298924166667,-2.5521631876116486
-2.448687708666666,-2.7770639187902573
-3.1405498425,-2.485547124065817
-2.7314645183916677,-2.3571811603190067
-3.341069330391666,-3.0107894890301385
-3.388590142458334,-2.881593693034997
-2.900256020833333,-2.7153441735281403
-3.464602147250001,-3.2013303392338104
-3.441307371304597,-3.4121127783904335
-3.448370448971264,-2.4937591032078346
-3.417433623804598,-3.367357984014231
-2.493317806354166,-2.733246273227782
-2.677723758968254,-2.361082371316664
-3.576364936159422,-3.0287452287267183
-2.577770292222222,-2.6621317930331814
-2.2802448976388883,-2.680047267709477
-2.11622174888889,-2.2316750634496407
-2.354229338333333,-2.3920156701955233
-3.713301631816666,-2.7262130771602093
-3.535593126666666,-3.2777650998444203
-2.7209006378030303,-2.6263910633057743
-2.783058155666666,-2.5949942097452445
-2.785760537666666,-2.7498077432726196
-2.23684739460249,-2.4178457887373876
-3.108646566666666,-2.751647201896443
-3.083949012918263,-2.7777165173874847
-3.12473440229023,-2.973771575232228
-3.13412052929023,-3.1113970312542314
-2.7948038864375797,-2.7239817077279835
-2.20099262375,-2.043820657459494
-1.682541890350877,-1.2068582261332756
-3.249350074312183,-3.1798917305170296
-3.401542441500001,-3.0586246976704676
-3.281745042065135,-3.2643329835704504
-2.287612019778326,-2.4418418827627164
-2.558588264421182,-2.648816201851564
-2.161720211921183,-2.378637361955676
-3.160584147820513,-2.28210767868042
-3.147096488092998,-2.9802347111912173
-2.404460150083332,-2.245782654062613
-3.049631510198413,-2.9380207236612734
-3.460355204236111,-2.825388137908442
-3.14146571429023,-2.9995232740476356
-3.138026117290229,-3.0633282113618536
-3.031087416658482,-2.5833348613480895
-3.177678023333333,-2.4698852856362565
-3.402494333728448,-3.1848297110840638
-2.781965528214286,-2.421745591643405
-2.582566828928572,-2.273111453304944
-2.464251461428572,-2.672490833133616
-2.863966416329401,-2.5888889801185
-3.013535909522374,-2.8750953608279115
-2.749837704342853,-2.623723254736191
-2.83019129005348,-2.5175006792941086
-2.491263567460887,-2.4729375132761184
-2.779332009158349,-2.467370433759052
-2.739678462140806,-2.4380820000373835
-2.535697063237296,-2.4514446984294778
-2.707414345394397,-2.6524855003455996
-2.243620452386348,-2.3466596502600288
-3.101441184413774,-3.0239229528690936
-3.02236422821749,-2.896944363367238
-2.765346122689035,-2.801773318707813
-2.690793060476491,-2.5280273114797027
-2.656460747678865,-2.540877396412482
-2.467538226508797,-2.526081869575179
-2.020802983646709,-2.2159398002893043
-2.720117881137931,-2.9737475673063614
-3.405169280726054,-2.493094482546614
-2.558069298409927,-2.572792745907412
-3.001443728000215,-2.3716547545209745
-3.164957372143091,-2.066737025449171
-3.025248564698491,-2.574695606540669
-3.185935510625,-2.9683091090512463
-2.754532942499999,-2.805175651770218
-2.2633269244,-2.263414386835045
-3.160181039813217,-2.9471014164555007
-3.181542948888889,-2.8369542050948144
-3.5559112699999997,-2.9257304774732895
-3.685967389642857,-3.3825875365073115
-2.486110630526317,-2.396307627868592
-3.192186945972221,-2.956448884644999
-2.123026001964285,-2.30466310483603
-2.548817583157894,-2.5596130702617486
-2.909775419791665,-2.800032017476403
-2.358468660714287,-2.499041336528891
-3.541167437833334,-3.252219278165488
-3.029485180222222,-2.063201670489051
-2.374036210277777,-2.3944179056586132
-2.373073382152777,-2.3809963774846916
-2.758962322261904,-2.592120148945095
-2.37360742736111,-2.371483204641707
-3.5422790535,-3.2297378375258807
-3.333433521926978,-2.2471093398092425
-3.304524156666667,-2.8255865154867146
-2.152333644230769,-2.0821199716055814
-3.337986506923076,-2.741035904699576
-3.055045322828408,-2.905941230605501
-2.39652619531746,-2.191177182111029
-3.32055920451724,-2.533061646914972
-2.943143192083334,-2.90976675611059
-2.926376610833333,-2.6684642164115924
-3.056905109792693,-2.7801765060080283
-3.055663913869047,-3.06997274421276
-2.8533241686904773,-2.5598425759944847
-2.427889249469696,-2.367360999739375
-3.111089365297619,-2.6019171655697315
-2.763876234199999,-2.725191502659
-3.269866175178571,-2.4834660284797536
-3.2707827376607157,-2.455366474067735
-3.159857567894738,-2.6083972914827025
-3.535741514000001,-3.005564767652223
-3.379147885264707,-3.0343820159629447
-2.980961036313364,-2.905753890205902
-3.540789219833334,-3.2537648748197876
-2.904727222287977,-2.5478036152438217
-3.492009656055558,-3.3720632957301464
-3.00614695635248,-2.6154219744307112
-2.944019082420976,-2.639504823739636
-2.400840367124999,-2.6500531708293447
-2.899636271477166,-2.4692902523779656
-2.928299705059864,-2.8314257883678224
-2.923904670598789,-2.872296672772563
-2.913913116657088,-2.6771051039615688
-2.582749950371148,-2.5511335573354983
-3.040210840495656,-2.782720509158749
-3.007345156820858,-2.9239800390948374
-2.563393438459385,-2.303589593566015
-2.930048080746695,-2.9422010892416988
-2.942383245176519,-2.7751321320711257
-3.014164502846714,-2.634876681763274
-2.8751571014052733,-2.790349767243207
-2.867786034806951,-2.8745766787717484
-3.1987688316197698,-3.085928001977133
-3.255805064899999,-3.1850242534498183
-2.854882569131272,-2.855904364477949
-2.8164107439464283,-2.778804027658762
-2.523532372619047,-2.458451982401354
-3.142219466471264,-2.2749043373865274
-2.460648421999999,-2.3618486235206353
-2.980011906891156,-2.7136611575226004
-2.833680421051587,-2.8182050865670876
-2.799088214825534,-2.758332790662282
-2.855109008992199,-2.8311762500735465
-2.785796767440476,-2.8478890773314585
-2.746191013829365,-2.664884278127285
-2.786133101051587,-2.8517933186867612
-2.780649941329364,-2.7224377843983354
-2.692280293829365,-2.7456759136519127
-2.749027559940476,-2.3996410879831305
-3.551738605749999,-2.978182376252123
-3.492115655625,-3.1845138861725575
-2.6478310900000013,-2.8087241494368635
-2.659541970430107,-2.630194841914103
-2.389481004840565,-2.4232272277329447
-2.999493045993103,-2.303646800272074
-3.197571767510345,-2.669042370556187
-2.499353323333333,-2.5809181351189205
-2.270514088690475,-2.099046148808846
-2.676794084761905,-2.9676935055036986
-2.778582677619048,-2.698049318082291
-2.567704118690475,-2.5235258423841356
-2.475815008690477,-2.518605045468754
-2.708462014366882,-2.2253052277878713
-2.598311159266408,-2.6278360823802616
-2.63428653118774,-2.573865766264376
-2.6816721745276872,-2.5519827144852374
-2.931797405943013,-2.772243352930939
-2.410827314808663,-2.3388160843389922
-2.655194416598323,-2.726565921920132
-2.782563697071296,-2.7578333083779567
-2.855535636754076,-2.7932149331569636
-2.952473356546181,-2.771913557233229
-2.850696053671181,-2.7466923856535885
-2.809960601663713,-2.7943964123385676
-3.437927848249999,-2.813692171298563
-2.88720463155425,-2.8311773292306124
-2.901141472753375,-2.8221888210631394
-3.430454232625,-3.398977524687852
-1.8515370491472871,-2.16322276374541
-3.246944389871795,-2.746123662515524
-3.215839766794872,-2.7006007820651727
-3.5136086255952392,-2.9288572144399323
-3.53588052728395,-3.2701005981713878
-2.953340076605443,-2.490062208965587
-2.991900896832042,-2.709995374528657
-2.956596792462584,-2.1343400780140955
-3.70418114513889,-3.526470664511842
-2.599101816742424,-2.3630759416651883
-3.735552778106061,-3.2232854984725066
-2.7513847499166677,-2.5508540540914186
-2.756441758472222,-2.522736347948963
-2.473127291010102,-2.4393614510888026
-3.544934771533334,-3.4349968564237314
-3.4508551941818397,-3.3433928484394526
-3.013164137200645,-2.8988480278799598
-3.4696914617773,-3.2896036761021037
-3.027754263498346,-2.9357632997197327
-2.9751640366480663,-2.7592206892501054
-2.543824499537512,-2.433153452393658
-2.576242463276251,-2.5981766684539016
-2.516961320438413,-2.4297192846687365
-2.4070564313132192,-2.345996981525213
-2.651191821918289,-2.3000185499199346
-2.7511081470749232,-2.7240571102912097
-2.904493720631833,-2.821949203018164
-2.825540193639964,-2.560704776241218
-2.682778147074923,-2.6509180121128146
-2.84401601804179,-2.626267219579048
-2.7792668859560763,-2.536791647774475
-2.540064860860838,-2.4382484686580876
-2.651091547194172,-2.542353443571614
-2.53388543488889,-2.4933067823665014
-2.619926777361109,-2.1441554195798394
-3.495266166079365,-2.2786632935245787
-2.540638539953703,-2.529751919907757
-2.8565283552222223,-2.158233865419063
-1.620684996666666,-1.7896929834684188
-1.44844592,-1.7398524386952372
-1.672388557916666,-1.7528535640375262
-2.688549454374999,-2.1966288112929706
-2.3983149150000003,-2.6750105226718808
-2.479171899441964,-2.5031333310540553
-1.621088253571429,-2.7395020255941525
-1.129661277142856,-1.738218178405341
-1.982325200123152,-1.8096765912665673
-1.9663922169999992,-2.1703249845023573
-1.326151463,-2.0257401884180855
-1.721062048690476,-2.292151207951453
-1.822014750000003,-2.8932164117813257
-1.4863898169999992,-1.526286216130549
-0.611839794047618,-2.1887116544906142
-2.024981503115764,-2.195071670546842
-1.906449286904761,-1.9432539262762567
-1.275546057222222,-2.069140520306361
-1.588084990714286,-1.9688041359233417
-0.6737719751190471,-2.3850386850129057
-1.085974100357143,-2.4922966616522277
-2.7647865047222213,-2.752206033291585
-2.687527499618056,-2.400529721596048
-1.526379410454544,-2.0326656544064194
-1.5774439758999992,-1.8715520616064762
-1.879414984408868,-2.069990218819366
-1.692797643571428,-1.7002971779594622
-1.7473356076190472,-2.4530022095448003
-2.488085540476191,-2.0419476153328215
-1.8965712686363632,-1.9617402049550887
-1.135979535105364,-2.9506204949868247
-2.839284471035714,-2.2514555329111983
-2.376699558333333,-2.731914013618236
-2.810052959824562,-2.42096970312199
-2.335781960636084,-2.2772838302650116
-2.69568648375,-2.6880937594708283
-2.68699182125,-2.5350834700574993
-2.592293559374999,-2.647364250295829
-2.686285319999999,-2.8707053482968847
-2.8691410584374992,-2.8410682783476564
-2.8884619478125,-2.9514979259915286
-2.940666471718749,-2.897127370490395
-2.9400992896875,-2.900343103521956
-2.959631764843749,-2.939986618388395
-2.9592029615624997,-2.9140753794507135
-2.958698197780172,-2.9602590693596937
-2.066136894910714,-1.514025263326516
-1.557923344696969,-1.9894899904611474
-2.066478037039124,-2.489822869913303
-2.83956232859375,-2.398514502520338
-2.680281637656249,-2.0298258835727774
-1.149475383846154,-1.9225047831980786
-1.6132976540909092,-1.9601245313816065
-1.687188429090908,-1.9045849707627587
-1.877849663499999,-1.8968626910677686
-2.222290257662338,-2.6699245253638426
-1.1335098684375,-1.456825936509759
-1.56246736786638,-1.8955257720717607
-1.756109303125001,-1.9470119679344497
-1.789331166999999,-2.209469339953516
-2.205349724707791,-2.298698925711056
-2.505406533571428,-2.6232965638873593
-2.460102732435065,-2.8272517167354665
-2.682106027999999,-2.7550348134905445
-1.91692376246875,-2.1748539928036696
-2.182978319720983,-2.544299112471274
-2.920638476960784,-2.8147520551092917
-3.195823640999999,-2.5323746171946624
-2.148398067954545,-2.444879889678969
-2.146573545681818,-2.584733381352831
-2.5076357704354333,-2.2276324450688443
-2.33091543198052,-3.1342312785465856
-3.139614177222223,-2.847495075525057
-2.289123346190476,-1.9607925303733829
-1.9991775020238087,-2.268672715526589
-2.866188211,-2.743165444986658
-2.68501419838793,-2.572739839948975
-2.429473843983515,-2.2589249244873524
-2.150765471047933,-2.394531951706433
-2.4251888615,-2.2717166578023953
-3.146197094999999,-2.787264941384305
-1.6927066750000002,-2.433634330316533
-1.151238709523809,-1.023809885919623
-2.320608102380953,-2.151415951364956
-2.80993992062325,-2.3606376696831126
-2.036649674880951,-1.7084619280814155
-1.7603467097783252,-2.4496036327822104
-1.884332203928571,-2.293161603466643
-2.55242496095238,-2.0050337419471114
-2.209176872892158,-2.1368429490304734
-3.071309408333333,-2.7273141324611316
-1.97574612407738,-1.737196299044525
-2.022121642410714,-1.9589898306376166
-2.174105661874999,-1.914717756693222
-2.5603488140127557,-2.4691345320964615
-1.9803461059375,-2.2379684969454408
-2.2061608012987,-2.3252772252089473
-2.344408059935064,-2.7947167554159695
-2.387541919707791,-2.5045311214003205
-2.462701210844153,-3.2110608487846344
-1.317137253125,-1.4214297423115074
-1.782189985442177,-1.5274630035990944
-2.203899711753246,-2.4943035826970283
-2.8378817703896093,-2.4626291943630894
-1.565534222999999,-2.004867655643223
-1.5492062990000002,-2.070862743454329
-1.656888559285714,-1.8825272843445997
-1.7536117305665022,-2.071460279531139
-2.367489561666666,-2.1533585303084863
-2.863711808874998,-2.290055699735562
-2.663847809000001,-2.717287755829227
-2.044669127593749,-2.34825695286238
-2.207865110486111,-2.7745207351564742
-2.50704106562755,-2.181064270752013
-1.744064950484913,-1.6549599656881797
-2.133102561666666,-2.5360812114241247
-1.682058298437501,-2.2837894412561415
-1.751313726875,-2.17203945614817
-2.832151200554187,-2.5957573892304553
-2.712629385705328,-2.471813637717349
-2.869875491875,-2.81743257928436
-2.8329861043749998,-2.812934207375948
-2.8872779003125,-2.9428066783527704
-2.553521267125,-2.7783413489646906
-2.702770928043104,-2.949755518576508
-2.451265515841837,-2.663442286193265
-2.145149638341836,-2.0152828292269205
-2.13108648788961,-2.4562681416751118
-3.200785198888888,-3.0127110597265703
-2.493512914185432,-2.333332389810836
-3.296926820833334,-3.2627357004793898
-3.260596762592592,-3.2348040559392173
-2.6422929896666663,-2.415606025920628
-1.238572343148148,-1.748343864284066
-1.527566547857143,-1.8563424208065995
-2.592679571214285,-2.464489156103701
-2.813128769047619,-2.8997549190665692
-2.9494840866071432,-2.891872025499838
-1.712699428342105,-1.9296066367122564
-2.88496281640274,-2.650956645964482
-2.503220007825504,-2.798783084718312
-2.997144487693008,-2.7741508410748645
-2.320623135238096,-2.2481875743815625
-2.355008890741758,-2.3712416833795373
-2.294210762213906,-2.406571357372205
-2.450676232726072,-2.398648515845894
-2.052320823421052,-2.568730424347775
-1.688238596910344,-2.050272512045847
-1.6466722498529411,-1.9006542988842516
-2.82389961495094,-2.613832969912084
-2.878397028987708,-2.3763945716626718
-1.872398666730769,-1.5342986914493968
-1.823150915,-1.6556299556737002
-2.086763378371429,-2.428461039785701
-2.099301503571429,-2.6954905984833384
-2.48736831981488,-2.7112002532215063
-2.642901568783134,-2.528529144231851
-2.7119153357672623,-2.596035008129761
-1.171645663749999,-1.6381883533490977
-2.203033669948979,-2.1928017891334544
-1.093385730197368,-0.9011184475873198
-2.160578759583333,-2.87944095656876
-2.375763820396824,-2.3840404133696786
-2.368156016111111,-2.4563802163525503
-2.900469337951724,-3.207570913260421
-2.111791143986175,-1.9605043131832565
-2.6588697244698123,-2.4511831625810183
-1.980891209190178,-2.4246995697420655
-2.58565019241653,-2.5238019663703533
-2.161283258,-2.394824919664812
-2.1864815515,-2.4426930804248608
-3.129271671233333,-2.641799929726797
-1.26347275486111,-1.8043498220875733
-1.2491973290277771,-1.5750179739853818
-1.761568403083334,-2.002192159046053
-1.284775863802082,-2.0029243882950447
-1.488635239861111,-2.1210062344784553
-2.7677637646811237,-2.759739468604425
-2.764601948698979,-2.817951937321689
-2.227347512984694,-2.68070979253497
-1.936224415694421,-3.1333287038256317
-2.436551599793104,-2.309724650538414
-1.767167328166667,-1.9950334947566162
-2.4661474745,-2.5885250171096965
-0.8590656580882361,-1.3914559556818853
-2.378578509615384,-1.6938220689181416
-3.111526386979166,-2.99472456214619
-2.165621537252874,-2.5108589259980234
-2.7955447312366597,-2.8251007086019606
-2.46385951625,-2.5784834695299703
-1.908345494121168,-2.4701756100189307
-2.788026543323984,-2.373447737419663
-2.120910422252555,-2.1850100257278906
-2.307984283040503,-2.423108671706298
-2.540416372872742,-2.40394221346249
-2.638265824739409,-2.5239658091955994
-2.944250188037031,-2.7553237686121506
-2.175114571223083,-2.3783082571089764
-1.9559007031932767,-2.165582074675649
-1.004546839999999,-1.151553565151506
-3.175454711568965,-3.1294651718231803
-1.467871681899038,-1.9749770521244303
-1.503264309591346,-1.8839288229115916
-2.4082747468428423,-2.0592825731351723
-2.737192260921052,-2.73719119355205
-2.566139742155388,-2.6403516054789105
-2.133286027763159,-2.6231344287523215
-0.842653562355768,-1.6098802093604707
-1.932602388340336,-2.016325062677412
-2.5726324782128502,-2.476722445685911
-2.341456093632185,-2.4760903180231755
-2.283179370076629,-2.3808300620916056
-2.637062114800579,-2.5620857820677165
-2.469491829618875,-2.3976723197410945
-2.75376277237157,-2.749192586198438
-2.310689966810345,-2.325372358079452
-2.330152090778599,-2.3000195767983085
-2.7883134434826813,-2.748523748591051
-2.652261991337849,-2.586541557825666
-2.821760903764901,-2.775391767244005
-2.65899062588064,-2.579633807484189
-1.058989082093023,-1.6448945384253526
-1.021941479534884,-2.0832621204854362
-2.23460673,-1.9605645693293163
-1.862443686153847,-2.0059498566918124
-1.27907114,-1.6047083102263153
-1.950589709230769,-2.1299554137602454
-1.862553625,-2.2243406228678753
-2.431820439166669,-2.410506273305405
-1.251597544807693,-2.620565367981539
-1.909593755714286,-1.8774505111856947
-1.680065142,-2.2463085328274452
-1.700905845999999,-2.0421590858386396
-2.19436090030303,-2.2572417946536096
-2.315471248452382,-2.26360858412334
-1.943526379114943,-1.9570902852582106
-1.5475550834210532,-2.175513711295907
-1.869075080263157,-2.5298696302967865
-1.451901933421053,-2.057877047935327
-1.960753798249999,-2.228236212171555
-1.366911491166666,-1.86842564733546
-2.290894993026437,-2.0295796459384756
-1.9098437144999991,-2.3952743016059093
-2.200857218233333,-2.095048378218732
-1.7346123145,-2.1774269233174546
-2.274960562733333,-2.1861591799698075
-2.318124754555555,-2.31265203339326
-1.594898601555555,-1.9990556920647111
-1.6961654096666652,-1.965215202223096
-2.050211864166667,-3.250588251273074
-1.6715305805,-2.034792933108918
-2.179490987793103,-1.9194546765994296
-2.032559744000001,-2.102381736533035
-1.6828120944999991,-1.8893415813504553
-1.6253852731666671,-2.0299871080019507
-2.727579975137362,-2.140119047362453
-1.8712016285,-2.7655080934511402
-2.013393565532915,-1.8942442082477453
-2.690851440935897,-2.4357749342847885
-2.52694661076923,-2.4343785429528997
-2.024652352206896,-2.101706263275683
-2.318190333095238,-2.319359747575258
-2.289380753076923,-2.185970531766289
-2.341197496656592,-1.806194069832635
-2.127316360588236,-2.544480680450147
-2.646606881897436,-2.756417092615041
-2.705513512252746,-2.3400054180334364
-1.960785937114943,-1.8341650733792125
-2.124911981765873,-2.4934985621954544
-2.852082384166666,-2.3996619971935167
-1.864901672692307,-2.129515412133761
-1.730790659303977,-2.252207806388881
-2.576323540596816,-2.5914854804296423
-2.0793594607499992,-2.076193411223719
-1.623250546927083,-2.0921226138594387
-1.7068521448611111,-2.1143402867177103
-2.248396860263158,-2.2138526449926643
-1.68294542297619,-2.208295917473294
-2.480852163461539,-2.386856072053562
-2.648367861176471,-2.506903713445502
-2.5972754679411763,-2.5810641510925594
-2.543195657254902,-2.508453709201554
-2.596939987941176,-2.520766708776299
-2.021555486630093,-2.065132457224698
-2.16206242907563,-2.4858771698793434
-2.147664576397059,-2.280265159572057
-1.825704208371428,-2.7265954924396167
-2.818007437134389,-2.8073462530911253
-0.6017905905319151,-1.0981716575987064
-2.511193490196079,-2.303759114384741
-1.735378479545453,-2.0734167861586674
-2.37537065057398,-2.0363722144656093
-2.809918850974998,-2.647242444865671
-2.312022066617602,-2.3994285348645366
-2.436826858222223,-2.511049274814938
-2.151119358022373,-2.3153129291894454
-1.830251328533163,-2.2666824793268985
-2.24466184543028,-2.3520569412734793
-2.780483880022371,-2.7085346544104296
-2.393621189333787,-2.4189601832877745
-2.014805891025704,-2.1860752757205417
-2.687887714383184,-2.4010687151674603
-2.346777952844723,-2.412577948311174
-2.72416827087891,-2.5450195065222814
-2.27075862750479,-2.4230368756112375
-2.439019629013077,-2.3825775250624686
-2.696579896451926,-2.690965050935365
-2.707745074310534,-2.7323321760012473
-2.6754182956187678,-2.58718480809017
-2.6126136933370283,-2.619528833215714
-2.41999470111832,-2.3753940837474077
-2.892026146620668,-2.7116248946125663
-1.795891447951047,-2.1265546388149237
-2.609530854021163,-2.3872530295404144
-2.548047774947089,-2.4991402610142335
-3.087274988446516,-2.9630563292887646
-1.30426513486842,-1.9074911253310882
-1.808436350000001,-1.980813993222437
-1.753021211363636,-2.192406546123793
-1.676960922083332,-2.1784646177553686
-1.824380843333333,-1.7558432658596277
-1.3245903312499991,-1.9085037622975418
-1.5622561219642872,-1.7395775609109063
-2.687640255031746,-2.3340239994450056
-1.450620670555556,-1.5375962916112924
-1.804257896153847,-1.8524093970187387
-1.6249671267307702,-1.8424031102371017
-2.158921154174107,-2.3447127849384186
-2.375581695793104,-2.3538615576142705
-2.466882238695652,-2.3032230893779166
-2.274659114347825,-2.0970918039999984
-2.452090642826086,-2.493845760215289
-2.302737440521979,-2.9242076113041455
-2.089877243513514,-2.261168271596601
-1.85000749875,-1.975427246437186
-2.542295306319444,-2.407222104394191
-1.443088221302083,-1.7864726611900885
-2.370440005873016,-2.058317840800974
-2.314103169900793,-2.517254180883495
-2.544709398557211,-2.503462081736074
-2.780898727142857,-2.715870667984757
-2.109983916604406,-2.6967982872071485
-1.920988885169221,-2.022569705178773
-2.63813170721532,-2.469148849663644
-2.180976206925466,-2.417574408977008
-2.6296831402587992,-2.426332017482929
-2.087593965910972,-2.4446511974812597
-0.288657791768292,-0.3353193394934338
-2.087704986708073,-2.588344669937781
-2.150049123331897,-2.415924371654605
-2.123993638854464,-2.4594076031209524
-2.650231999215297,-2.546707373860589
-2.299180331091306,-2.3046691730905327
-2.028714237579402,-2.327999380346544
-2.197635970127995,-2.299866623050824
-2.24316771266352,-2.400761824714553
-2.373479972651288,-2.4706444767482383
-3.103574086409482,-2.8914201931916135
-1.991919412536232,-2.336301040279353
-1.767031405500001,-1.9766102550302362
-1.766870168583334,-2.341906175906371
-2.419465131644445,-2.7554412120511533
-1.680190324999999,-1.7537739444446527
-2.027670962500001,-1.8269493707804343
-2.511587914782609,-2.689630501638768
-0.9258251360651332,-1.9947479042683685
-2.045206261,-1.9780591855241538
-2.327153736303246,-2.510883915628458
-1.980088278578432,-2.223201241033046
-1.923161853397435,-2.07584891051424
-2.439133157710597,-2.6829936497233207
-1.326266947083333,-1.7341539284708047
-1.3410272851666671,-2.559150995480575
-1.6706653331746022,-1.8193645992140843
-2.574244239986659,-2.7542986434899706
-2.471919121916666,-2.3989360466818543
-2.213424988640393,-1.7972781573177556
-1.3624047136444442,-1.4119725729073926
-2.870255206842317,-2.6693521109310963
-2.690522548394397,-2.5296467882648237
-2.319307059932266,-2.6022285564870478
-2.7749593929503598,-2.595577466743324
-2.388539863050766,-2.5040474086674624
-2.5794073115058183,-2.4347288380711474
-2.635689986345532,-2.6042630028481146
-1.376249992461355,-1.6929831965808702
-2.229583089330049,-2.1689911994051534
-2.182652426334667,-2.352138775263379
-2.440952872524631,-2.4027631047640545
-2.182818506825396,-2.4822936075115134
-1.842623962920361,-2.2785632385177825
-2.009521532017987,-2.529473217207747
-2.535057792629695,-2.533083484340621
-2.220740157796468,-2.305218926780232
-2.22017736582912,-2.455158533656566
-1.729306688633331,-1.8205324583550888
-2.258818291046512,-2.2716322608321313
-2.254458063604652,-2.3019824643242446
-1.9885044536591328,-2.2905936275493826
-2.166973642983458,-2.5033958358982416
-2.264250264674698,-2.630835998000168
-1.616473824256758,-2.3343520486694938
-1.951359337206431,-2.318511076221012
-2.36855358220675,-2.4040588353921435
-2.394862740600001,-2.308683445617263
-3.003902968480391,-2.910060928334752
-2.369874906045341,-2.468518299127677
-2.327057124249546,-2.4700430262615365
-2.119227555558934,-2.3829581760054417
-2.100598577798699,-2.445745555116105
-2.063869998979886,-2.209874189604102
-2.390051428985493,-2.3530117113004927
-2.259593095591183,-2.3379000839254327
-2.048058703569043,-2.2555726951008914
-2.060571449464285,-1.794608864810209
-2.181085689749999,-2.2578675760538185
-2.184858871875,-2.1974522924133457
-2.183760965624999,-2.18598631548049
-2.160191838125,-2.0962547401265876
-2.181464283125,-2.1623392002140114
-2.181089881249999,-2.173444131770073
-2.181651673125,-2.1515429205538066
-2.180178068333332,-2.168731616774185
-2.190718048125,-2.0849026630565914
-2.190860606562499,-2.1292669471001373
-2.980749971,-2.963817504943109
-2.282528822499999,-2.276314581335781
-2.378355152295918,-2.3078298306327287
-2.149400904655172,-2.093568859740212
-2.256356684214285,-2.4534464700703738
-2.248733529999998,-2.5168184833548666
-2.460413754621848,-2.4702222446255404
-3.277808968055557,-3.5102425915716977
-2.535440097499999,-2.474349960858716
-3.318034524814814,-3.286711537504491
-3.26699742611111,-3.2072668462196265
-3.341016665000002,-3.317363942581585
-3.180353398333332,-2.235822725225367
-1.756267006249999,-2.227010130601411
-1.56684714375,-2.043729178726841
-2.596063781428571,-2.2789496202959025
-2.595847186785714,-2.3871501125015206
-2.590571221071429,-2.475912622310601
-1.4541762159375,-2.011658129226213
-2.338465956298701,-2.2092522384457443
-3.009926146499997,-2.764352904920386
-2.715302732499999,-2.6486848754517247
-2.642234634166666,-2.627222567731107
-2.623644369374999,-2.554502434888787
-2.403033611071428,-2.1267008693200737
-2.92905175375,-3.264501457116655
-2.7081050825,-2.40596105550789
-2.347262685059523,-2.3856054805613702
-3.6557847515789472,-2.640206477650098
-1.315919165789475,-1.8932122462068524
-3.623329485263157,-2.9132535991389563
-2.9942337899999982,-2.5723318381412703
-3.776021891578945,-3.5593713216355507
-1.647943537916667,-2.1010441603635543
-1.448770275000004,-1.9478249777372767
-1.85806374525,-2.7218923113782316
-1.9930103074999992,-2.6211761683112025
-2.473542989621846,-2.6773592957160286
-3.2789128530555542,-3.106905934432818
-3.296372999166668,-2.7521645865163498
-3.296970305925926,-2.6876147818162646
-1.698710534523813,-2.5770318288604237
-3.316758111944446,-3.310801255386473
-2.637100465833332,-2.5289815874191492
-2.717900925124999,-2.5814971366348836
-2.797657593999999,-2.6539480490810847
-1.7357133919999992,-1.3283480943860666
-1.722245422999999,-1.7944491306628578
-1.956552777222222,-2.550297795645837
-2.280978666249999,-2.29396700149226
-3.28913150425926,-2.913938532555286
-2.524320427428571,-2.4979075043239645
-1.5401844690000002,-1.4668759475548698
-2.295116215833333,-2.535714944431201
-2.479124770063024,-2.339217262617235
-2.02582872787037,-2.757540780773574
-3.339669136388891,-3.3068849619294696
-2.900101233124999,-3.460707687285275
-2.682709359999999,-2.507088098767124
-1.4038312974999991,-1.4913418407317873
-2.729128477500001,-2.6934115902438687
-2.721358199999999,-2.210803292148884
-2.3145440725,-1.8825311833075955
-2.755359075793102,-2.9494662732294485
-2.6154388775,-2.587085019920893
-2.08707701574074,-2.946120512871111
-3.528414108249997,-3.218154474439129
-1.6991840897058812,-2.0067058235942237
-2.519142074837092,-2.2917168438555002
-2.5012528919999992,-2.3732920489432026
-2.296515399107142,-2.3860685728113697
-2.754722916666664,-2.7193452861859653
-2.753375935714283,-2.7474175303798822
-2.422350500476189,-2.3315113244364647
-2.736214926428571,-2.1198448295642964
-1.745525790625,-2.135046492466531
-1.811092410625,-1.7985381275738803
-2.5082420978835973,-1.7921278263298321
-2.544664939234692,-2.489098682594451
-2.700348210208333,-2.650867316892301
-2.860319130729166,-2.8549480783628005
-2.7256794861640623,-2.5883084066666475
-2.8589279404296883,-2.8031308350961526
-2.9356158401778023,-2.905421593777768
-2.894347626832031,-2.8796045596145334
-2.083861997749999,-1.9109516275405065
-2.22755056,-2.2385857305416406
-2.266689377187499,-1.4650845199620708
-2.088061287333333,-2.556588363614551
-3.2903472,-3.1790772158787304
-2.787684323499999,-2.8425814731037256
-2.537602136499998,-2.8046466849280507
-2.409278667499999,-2.7310517664226994
-2.306627134499999,-2.756180582537724
-2.554903193,-2.58660934116246
-2.618560415,-2.7846110920446527
-2.777544282293102,-2.636037042213367
-2.6169339309999997,-2.540050191764604
-2.603880691500001,-2.4299297615925206
-2.9928794245,-2.5708331588971514
-2.5683840177857142,-2.5698120384968317
-2.5384928220918352,-2.671875790052462
-2.791780952733334,-2.6842852594871793
-2.5708851625925933,-1.750519949654223
-2.548564660793102,-2.803266211798359
-2.453638045486453,-2.3433502171085503
-2.262247221701681,-2.165136288103884
-2.579009747584033,-2.0835311969812746
-2.780659837289916,-2.2486737254927682
-2.967192317999999,-2.9323056272166115
-2.551688799377551,-1.9212103743522688
-2.482848292880953,-3.071172314551406
-2.335650475476189,-2.896944698027989
-1.989273714583332,-3.002559993187794
-3.388183151369047,-3.015992605829545
-3.382038129583333,-3.1235733339559344
-3.338328356369049,-3.0364574221549203
-3.110908441538461,-2.428603101146031
-3.083050970384614,-2.483806686122371
-3.107063265,-2.495924034761252
-2.522751010666667,-2.302453793036212
-2.342886569047618,-2.6575642016764887
-2.671049450714285,-2.6475366678351997
-2.66703991095238,-2.619363610413792
-3.259709961222221,-2.9288666659344975
-2.660259241,-2.6626542856146913
-2.543892059948979,-2.5676438748748267
-2.196850389747126,-2.190966568647493
-2.251378753888888,-2.268851044080774
-2.727875745138888,-3.108217939945012
-3.133482762666667,-2.811317150839421
-3.052404307750001,-3.028850987753883
-3.100240127499999,-2.904455554687619
-2.330757987083333,-2.9565046216252093
-2.419001327261905,-2.9434435915070907
-3.271939168888889,-2.7722833026959313
-3.296081272592592,-2.4487406773331784
-2.9310433685,-2.88797946580658
-2.943489943999999,-2.757943158202242
-2.733905529000002,-2.555127790273438
-2.537162221999999,-2.592123859453594
-2.501129057499999,-2.1927628750864816
-1.749527644999999,-2.7506661293980694
-2.909348835462962,-2.754399923717332
-3.291008087592592,-2.735623853434342
-2.516774327296297,-2.6134948557827284
-2.721223896620371,-2.6652506611727946
-2.149047612472221,-2.4444270662268823
-2.824054357230603,-2.841151517633321
-2.723137072726563,-2.566142652092746
-2.506521132999999,-2.1899484279731958
-2.277822098125,-2.0858575094313543
-1.779275683866047,-1.9777094234056052
-1.850837682884615,-2.1105783399920166
-1.9919247153968231,-2.4083004524557445
-2.532645078333333,-2.5509182135116295
-2.102163375153256,-2.6028748116968163
-2.485480366481481,-2.3818814174123415
-2.066465773703703,-2.474197189704974
-2.229603135642856,-2.3778751193408065
-1.774338191428571,-1.3061592084083102
-1.926137003333333,-2.3870610323595396
-3.353686823333333,-2.5998885543132944
-2.595678251999999,-2.6799306532488796
-3.030209073,-3.008295957585102
-1.938879743333333,-2.327011851580015
-1.70973547547619,-1.9377311356381062
-1.95931389007837,-2.003560799195703
-1.1106462622727271,-1.996007345903035
-2.090114732313218,-2.1772928850037006
-2.001304961293104,-2.22745890758853
-2.228694701063218,-2.0438429613710776
-2.014328414166666,-2.5023008636110635
-2.236596615109126,-2.6374062618581613
-2.100243410362931,-2.2719095517309036
-2.480637869391666,-2.4079515281561976
-2.48804289077381,-2.684960885736754
-2.3062119535515877,-2.698531211514246
-3.138968535166667,-2.9028677527100903
-2.642234344107144,-2.3563925362528177
-2.57859377,-2.4140210582016532
-3.090258999,-2.4531520998968057
-3.1278157265,-2.9607655681938416
-3.141914428166666,-2.865018064420138
-2.2729374421379323,-2.411039212479618
-2.703644507666666,-2.658921649746034
-2.87197639663793,-2.852725224759845
-2.913068630137931,-2.9202685096573275
-2.594952043471264,-2.499219602708408
-2.834556823724999,-2.77611377671231
-2.77306310913793,-2.444721467478147
-2.331381478804597,-3.0711552971992235
-2.952167827000001,-2.9008696117306414
-2.802883144887931,-2.7792169082035025
-2.903951260225001,-2.867982878043342
-2.832795820891666,-2.83506877406399
-2.8248962561379303,-2.8106393913727254
-2.9664147825,-2.8862085806471076
-2.442664692225,-2.369325061464529
-2.467767278224999,-2.5182910809208447
-2.937881864725,-2.9283892133253313
-1.187640731799999,-1.3631576093049054
-2.624257397293102,-2.790458628984122
-2.686461859018102,-2.521833531054648
-2.594251217224999,-2.5506481135960835
-2.701236788666667,-2.498955983031453
-2.879206350137932,-2.8641143418436394
-2.243359538225001,-2.708873078454068
-2.276175160725001,-2.667320481736659
-2.726060558083333,-2.5589245270770262
-2.919693824225,-2.9440335995192455
-3.1277053751666672,-2.8643642888738294
-2.843766694475,-2.7635598924773936
-2.323997394475,-2.80008750121413
-2.012235823541665,-2.302300695260878
-2.676908863627232,-2.353223199072923
-2.592528748,-3.2095579398515786
-2.35318953478022,-2.274774161968183
-2.856260825126373,-2.3677983993594807
-2.151015016112931,-2.3875795069083185
-2.431952302426312,-2.4880723517374883
-1.705840937555556,-1.9042559598232585
-2.37714850445238,-2.2333563987106464
-2.766890018928571,-2.369315882270017
-2.507801902584033,-2.2920415738342435
-2.618656246818181,-2.350926433883206
-2.429071281969696,-2.1117823915828122
-1.646673068484848,-2.3018517462752985
-2.241773401515152,-2.4906540898220375
-2.873323668461537,-2.7932157843984475
-2.027191629411764,-1.968288057934219
-2.281041155555555,-1.9417790824396994
-2.376803000285713,-2.2297104162296773
-2.028216003653846,-2.1939987313284774
-2.85736069673077,-2.346573349837237
-2.726846018522726,-2.514397276166317
-2.469348226931818,-1.8932197361378214
-2.5509250122727263,-2.064901834953574
-2.769308367321428,-2.1123872799011396
-2.178441630416666,-2.238703192318408
-2.421590127916666,-2.3487965902252306
-2.346055155833332,-2.2926302068791093
-2.432852343333333,-2.747415083792771
-2.225567947083334,-2.5574510882610175
-2.217203130833333,-2.5704128222511256
-2.558135053814169,-2.0823285502003244
-2.248289101249999,-2.4277207615668766
-2.589670860308528,-2.537384481512858
-2.466193485,-2.5883792114726636
-2.33170189875,-2.233359616916682
-2.158897715416666,-2.6189371984151166
-2.799682574999999,-2.5183622037629045
-2.030783834230768,-2.289210856523874
-1.9414203728947368,-2.2620588972051907
-2.317128255664682,-2.049265964003697
-2.364985081388889,-2.523854287888848
-2.681838703104167,-2.6724583004347466
-2.593915408721264,-2.569209164829778
-2.26362660625,-2.2989239616393338
-2.68189497375,-2.6412693484020457
-2.666756416527777,-2.6656635890404576
-2.662636796666666,-2.6619838511082423
-2.212550154906608,-2.6394239650603946
-2.382025211666665,-2.3726549131974637
-2.394680906388888,-2.3641378281806666
-2.106803241364943,-2.2637546742882777
-2.179834346388887,-2.1246561274776483
-2.488060432071428,-2.440001349270674
-2.281421520425169,-1.7271740539362543
-2.494916040694445,-2.3063554376367366
-2.603652005208334,-2.4665583658437416
-2.477551839583334,-2.4785260112421694
-1.9462747543749992,-2.2543915982410216
-2.63262563226293,-2.6447930859678612
-2.644048072054596,-2.626770793177888
-2.646164072193487,-2.6343715253025026
-1.984436133333332,-2.301368635551296
-2.23836434879495,-2.2582787799627484
-2.6604434064375,-2.5939323223690023
-2.462214699473684,-2.5276529812307227
-2.237725503848522,-2.4575636559684497
-2.580016391854167,-2.487016848271223
-2.135792368243054,-2.3452222946782224
-2.095903530365385,-2.187432845930355
-2.071869630555555,-1.504027204355705
-2.280309915972223,-1.960972837760052
-2.131150751666666,-2.184571269664506
-2.038718333472221,-2.200072155778737
-2.372273168333333,-2.3343058307019744
-2.356497663749999,-2.0515443393253023
-2.709548628125,-2.907911767097055
-2.499558590124999,-2.920272039246583
-2.592223686000001,-2.38285577829174
-2.165738591842105,-2.4097469684087334
-1.912636905769229,-2.0577504817998205
-1.850107338076923,-1.9954101328488079
-1.928333757307692,-2.348946326035897
-2.296912323566243,-2.057400449186228
-2.323819299035089,-2.161824254762834
-2.074744051367815,-2.4270464479178515
-2.5235062580612238,-2.4879951807458993
-2.030422860384615,-2.2883083760628544
-2.622577024090908,-2.1300934184887974
-2.443004988042328,-2.1293450790998647
-2.488767008461538,-2.59182338116104
-2.488751735961538,-2.8574647485203206
-2.211300163333334,-2.175584664296107
-2.230078726578949,-2.1731884379110005
-2.328070694999999,-1.9942092001894112
-2.617553508031611,-2.664240284466065
-2.597649673194444,-1.9418948629631647
-2.186379837261904,-2.4261038618138637
-3.024318170000001,-2.8181818785123984
-2.14850406175,-2.13489844466149
-2.406459720384615,-2.3478122245829565
-2.226133835128204,-2.4276727530542677
-2.56476760236842,-2.178256037964246
-1.895807935,-1.5629074674494499
-2.79071336008772,-2.702380004581432
-2.8645880636842103,-2.801808026349683
-2.9368682575226863,-2.8092923670054986
-2.307249125611659,-2.3950370764582773
-2.052763793333334,-1.9574709490438231
-1.733876700119048,-2.2537002051107042
-1.839071681538461,-1.400979298081012
-1.765429001135903,-1.8446840043600696
-1.723059049339624,-1.8523806855565892
-2.2581741993,-2.2514980945913514
-2.17013535235294,-2.330036713195807
-2.732251823235293,-2.5774408517591714
-2.125507172183907,-2.2251041299769208
-2.743975943823528,-2.729449682699218
-2.260509666249999,-2.1166124165974307
-3.017412358522727,-2.748632015597108
-2.739118086029411,-2.6222846917564824
-2.369710164126985,-1.9894743783744853
-2.241699584807691,-2.2391980717460327
-2.843939285227271,-2.8549552591073204
-2.300224762196428,-2.1987590193853848
-2.425453621696428,-2.1766823356723934
-2.524243819936975,-2.2789367509342733
-2.427377355819327,-2.461040607201877
-2.465278456956896,-2.1252065650675136
-2.112789730925227,-2.274265546756862
-2.151437088981481,-2.317823471725217
-2.344874842449999,-2.1012907130268372
-2.593736447249999,-2.7086582823739307
-1.94592408375,-2.4676946607679073
-2.093523409429824,-2.4244356337107464
-1.466914990282451,-1.4847955493741718
-2.592401870952381,-2.4628874706195085
-2.043602173065967,-1.9101786267031997
-2.201405126197818,-2.2378164832845773
-2.856278014761904,-2.48750678249889
-3.269058061522727,-2.876251085083167
-2.582166238106061,-2.4559060015066048
-2.484404605367064,-2.5503109527876355
-2.358743831533331,-2.3804732304604896
-2.590103537172414,-2.482073663146257
-2.339206570333332,-2.3317528493457744
-2.442604340066666,-2.3902798900454
-2.612167160799998,-2.2034992071924937
-2.566513506972414,-2.3445002764038088
-2.4504957864,-2.3391722010350042
-2.552137600533333,-2.199748876539605
-2.5641532654,-2.5650164526113874
-2.594502733999999,-2.5110806270599797
-2.219585603333332,-2.270204853803094
-2.113012711486486,-2.0070176405073594
-2.158366195999999,-1.8463238451689123
-2.085460343281112,-2.5110103268384023
-1.226552555753425,-1.8242897456502594
-1.566037135651878,-1.7903608697918327
-1.55446794014626,-1.75773073685226
-2.623026266354166,-2.84911035784879
-2.144470525577058,-2.3855762066260287
-2.165220133718039,-2.4447130828671315
-1.901984853349056,-1.9198644124213318
-2.027105573200808,-2.0584679614967887
-1.900158332594339,-1.8635523059064787
-2.451907320416666,-2.3342327804051637
-2.442048085228311,-2.530192580968401
-2.17362289084353,-1.9525097057272867
-1.3658911025,-1.3856107776903213
-2.428380884583333,-2.6077911421274242
-2.015890869444444,-2.0240432778381354
-2.355881203124999,-2.481372391853233
-1.8058337441666672,-2.6016421660642446
-2.350186585798317,-2.0771629832953504
-1.866540179166666,-2.2254487115537875
-2.638101021375,-2.7284973087123476
-1.8695318752777768,-2.2880667772581753
-1.940740663571428,-1.9467676469468749
-1.731321365,-1.6425835241517337
-2.2010718651785712,-2.1555413094855638
-2.5771062312499997,-2.789846839857611
-2.33142286172619,-2.679678337201591
-2.256968720357143,-2.086526636487221
-1.501504890051724,-2.316308851329599
-1.477499018571428,-1.4169713786783782
-1.970647033166666,-2.301855533654519
-1.143366281117789,-1.983345917489021
-1.617114149153846,-1.7354979488478095
-1.938104688571428,-2.5584314924259512
-1.6321763404999992,-2.1792762168066893
-0.526390780282737,-0.6583575675523271
-0.899259150691965,-1.466855274399667
-1.941305193333331,-1.756208477514167
-1.583339704374998,-0.9188643778720065
-2.067291051874997,-1.621656262378872
-2.071692383263886,-1.4808455985913629
-1.665746144423076,-1.762416405932814
-1.79872527021739,-1.6917142606063684
-1.090346006187498,-1.0444605566407077
-1.8148823141406272,-1.712649752136772
-0.6163695210526311,-0.9114484295191735
-1.103938108333332,-1.2363584529514637
-1.280780259285716,-1.4370172111484263
-0.842241462596724,-0.8321810176468424
-1.026567869719826,-1.0287176263612812
-0.901640823095236,-1.12834289363275
-1.793923464092559,-2.343747059794026
-0.185423508421052,-0.8695853008221374
-0.104610917927295,-1.5481907361481237
-0.526542558289473,-2.1251238981695972
-1.320159852499999,-1.9392825986881108
-0.6169086282031271,-0.7824850722691887
-0.327931772890873,-0.7527868855598266
-1.629915077272726,-2.2862252777677763
-0.809569662031249,-0.8545894235263782
-1.888204646228069,-1.7415643303968749
-1.8900743802631568,-1.0370740834604646
-0.8060083377272711,-1.198933562165162
-0.5997514267546581,-2.1578504278654416
-0.702488058124998,-0.960879805072019
-0.56127455228125,-0.6609457993065395
-0.962284030444712,-0.9829153131806647
-0.96197231390625,-0.9620008968117616
-0.9623161397395832,-0.962264398544686
-0.96233469090625,-0.9621581206472859
-0.9623396429062512,-0.962339021128773
-0.9621301714062512,-1.0065744420604705
-0.96193229984375,-0.9837475129532488
-0.962295339461806,-0.9623253971432233
-0.962115688156249,-0.9621819619596389
-0.962029152457838,-1.0115873247053577
-0.950471567874504,-0.9504784072464839
-0.950064182041171,-0.9649484775753312
-0.950469314818949,-0.9419885780376399
-0.9607977189062512,-1.1931709630077727
-0.951108138638392,-1.0341762858247958
-0.9495130923883932,-0.9858884642975873
-0.951354697596726,-0.9511868082307844
-0.95136552718006,-0.9512112516728135
-0.9615670726562512,-0.985810457786939
-0.96235250840625,-0.982501652831576
-0.78422516922619,-1.8944942510066183
-1.266701478522727,-1.2184521789268508
-0.7467899718112201,-0.7871611710292209
-1.177109819821427,-1.9653035849426839
-1.130463663035713,-1.018977032814931
-1.979258615357138,-2.0268055964025224
-1.121856989093701,-1.1602124760643524
-1.122254742319507,-1.1180099746938812
-1.12330115360983,-1.1073521910705133
-1.12360837360983,-1.1319275536058888
-1.060381487507935,-1.0844497633152108
-1.060133595730158,-1.1987527801324425
-1.327102511166665,-1.6794879394292097
-2.150266564722222,-1.2806298168924828
-1.814314229569099,-1.6981650317772656
-0.825959705357142,-1.3340626933600146
-0.8001549412499991,-0.8828413644966918
-1.330450353035713,-1.5161740025030497
-1.001116660384615,-1.5665849982055544
-1.191555289955357,-1.846163100648756
-1.148205004241071,-1.0597335762547655
-1.121468532158217,-1.1296515194500074
-0.7680364830833321,-0.6685636370325075
-0.8779191107142841,-1.7265103725295723
-0.98675810830853,-1.0047276444532696
-1.026923945530752,-1.566940760980008
-0.98218083719742,-1.5061488256425484
-1.005276224198738,-0.8403698214069919
-1.199257054374999,-1.6928047862503701
-1.123913191805556,-1.9149505256598638
-1.001757480812807,-1.1345058262335406
-1.001297700036944,-1.0026930271964836
-1.001364877019704,-1.0028766072716337
-0.785811757620534,-1.4780619357179645
-1.00381593960591,-1.0046665917078077
-0.9943305212116672,-1.1617785519343458
-0.9265030002116672,-1.0825659243968075
-0.6752514148749991,-1.5291892029326386
-0.950599953576387,-1.148536287590664
-1.721378306111109,-0.9900991588367841
-0.97310959167502,-1.0226162743429104
-0.7789774501041671,-1.1231599660569933
-0.8410057831249981,-0.8416613127355046
-0.8448410206249971,-0.8248683767814219
-1.175792686607142,-1.128620856195094
-2.0723019968,-2.047506119627241
-1.053019514,-1.0826426298724507
-1.608051054901478,-1.8332194709097331
-1.5927814264285711,-1.539582922261389
-0.7573406731249951,-0.8909479135844982
-0.7734672815972231,-0.7702506129725243
-0.6496997290972341,-0.6505211468508577
-0.7961516793749991,-0.8571487419584976
-0.6866702639583431,-0.6863503529683068
-0.798961059166667,-0.7943301098973438
-0.739975901458331,-0.7404571491394899
-0.8200453925000061,-0.8217854221558013
-0.8368863883333381,-0.8369234307971055
-0.634202826249998,-0.6339191811413037
-0.651127902083331,-0.6509965516802538
-0.6373920012500011,-0.6514073987892515
-0.247689702135408,-0.2819387718478233
-0.279510438802077,-0.2787296146048399
-0.634613327916667,-0.6344540061262068
-0.799416012500003,-0.8000800112862351
-0.6206985154166671,-0.6132135238411247
-0.7049397972916771,-0.6781846618091898
-0.650796247916664,-0.6764761817701698
-0.703608001458344,-0.7103116679076201
-0.7033039939583431,-0.7096026237862434
-0.816197328333335,-0.8481555838929012
-0.33416401588542,-0.3347241206918034
-0.333697413385418,-0.3337532149433887
-0.6510147445833351,-0.6545727549471615
-0.8165536108333331,-0.8191714778077565
-0.6341112495833321,-0.6432404505366852
-0.636923386249999,-0.6391655353124996
-0.756669213124998,-0.8309371534149751
-0.72312618645833,-0.7236469709239127
-1.819010488571427,-1.5016104306916684
-1.76690564392857,-1.2586562809675466
-1.036451755178571,-1.5107659260601982
-1.103643943571428,-1.1432684804339355
-0.627988230208346,-0.6221711369411351
-1.173355821428571,-1.1730449016820217
-1.1298890883125,-1.141470947940387
-1.8188748652812512,-2.6391314329194477
-0.48352250953125,-0.5187204279378029
-0.386610571979171,-0.38655271853714124
-0.516366963489583,-0.4639322751881814
-0.406601466562506,-0.4107311516711998
-0.387814902812503,-0.35597175140851334
-0.386329603229171,-0.42394905877325095
-0.367484599479169,-0.3423855643806643
-0.38696016822917,-0.39789887008077246
-0.933768647430554,-0.92876966393504
-0.379277150625,-0.4232948889386328
-0.721616732430571,-0.7447439669845854
-0.8005541071527831,-0.7923218616485584
-0.902974851153846,-1.1220009863855933
-1.6498430441956522,-1.8564061988330238
-1.144519545740736,-2.2828497340270375
-0.455976090625,-0.7252110358723847
-0.877465072152779,-0.9343460087748316
-1.045445640625,-1.5881988178657098
-0.778450848958333,-0.7779065463360496
-0.710454795833349,-0.6890595109537039
-0.354546585468753,-0.34721945751834543
-0.7779408497916661,-0.7793175554710134
-0.858882492499996,-0.901578565957681
-0.8587089749999941,-0.8947854507910619
-0.760613853958332,-0.7484601255100565
-0.444317300729167,-0.4304323703064663
-0.5703067434895861,-0.489585444127035
-0.536397687321427,-1.0935029052188325
-0.728512202291682,-0.7339630576341998
-1.287640454583332,-1.2741655480515262
-2.235522606249999,-2.103248699418092
-1.2821507953571412,-1.250171308624887
-1.763944084642855,-1.5984714456571891
-0.7991605779166661,-0.8676025229280893
-0.662113898749998,-0.6706445727021864
-0.225267777552081,-0.2403401329087391
-1.355327833846154,-1.112605523860782
-1.347500041538461,-1.1631315037137535
-0.773251994374997,-0.8363167517687823
-0.592209918541666,-1.6986862186910314
-0.963132853906248,-1.381035086657488
-0.86016902361111,-1.4485497480690186
-1.887795424464284,-1.936956475243867
-1.57731090640625,-1.1830439509698163
-1.474168582656251,-0.9107821509749544
-1.154259101666666,-1.4111000639013629
-0.8539796619444431,-1.0746630814789369
-0.154575128159722,-0.7076786509837432
-0.771219750833332,-1.2150217831579084
-0.304567238906249,-1.0162171257808563
-0.161457488159724,-0.9272206432052308
-1.5935681832812492,-1.5919102296263612
-0.885041404444443,-0.8831379574006135
-0.90318844361111,-1.0261090772844648
-0.90352046611111,-0.9664405872440627
-1.334530715291666,-1.503363170604157
-0.923388710086207,-0.798197928181574
-1.383411421969698,-2.071065533257961
-2.249085525625,-1.8248379481439998
-2.355128379375,-1.6701587789178218
-2.122843359607841,-1.7271618273804934
-1.539641226133333,-1.9923619315744219
-0.956065839214284,-0.9344938864902386
-0.655135611678569,-1.5483458920476203
-1.799584653124997,-1.7172103361812419
-1.691742650624997,-1.7142704845665706
-1.840018362708332,-0.8159421819423053
-1.712041366041666,-1.7033302770047478
-1.805704806458332,-1.6877391773275388
-1.729970365624998,-1.6533631365519872
-1.731557277916665,-1.6756577055314492
-0.716174615220305,-0.944380228252515
-0.6239748623437541,-0.758048894014035
-1.255687668571428,-1.0128470561041463
-1.34976200125,-1.332449214060149
-1.348984452916664,-1.3686649612477628
-1.352142200416665,-1.3392169326467918
-1.287564739999998,-1.1406586782209942
-0.622250799375001,-0.8091058191441912
-0.538091971875001,-0.9711052441695829
-0.5340913018750001,-1.0156888596062927
-1.041079300833331,-1.4173379506048591
-1.425976595416666,-1.161378221507373
-1.893403185694444,-1.2768887881667113
-1.939770980416665,-1.3613410796274221
-1.590038363043978,-1.135301067135304
-1.592364381006938,-1.418676370777975
-1.950495586249999,-1.4389359512176922
-1.890096092156249,-1.7065214934935287
-1.902475528406248,-1.3437515709821286
-1.958185137916666,-1.5555930588173534
-1.913766812156248,-1.2908418256612098
-1.249015790138887,-1.3830042521121855
-1.180671574285714,-1.038481203132248
-1.376971555333333,-1.8551592533913648
-1.375951694999999,-1.8836136351788246
-1.011424582812498,-1.0173140927870612
-2.045733297754199,-2.1648917425852163
-0.819370954797297,-0.9775591421510701
-2.29533932625,-1.758180509645537
-2.199245394206349,-2.026922672651195
-1.527113143314793,-1.7794711394228062
-1.557527835790321,-1.5990510628576877
-1.557165369171301,-1.7493009858788413
-0.300376712499999,-1.791972016505444
-2.266357448492062,-2.402964867674231
-1.677979343079937,-1.7380310447046563
-2.044361942336955,-2.2846398836704815
-1.465584696231095,-1.887982063434463
-1.464732091118227,-1.7528484166801748
-0.420276259471152,-0.6349280264547856
-0.610716915603002,-0.9331170527654704
-0.156250008020832,-1.1714278988761715
-1.445456005588234,-2.0436137597581485
-0.52910290001409,-1.1940298694004896
-0.432277426666668,-0.7169541285123585
-0.9088581621428572,-1.0085937112755397
-1.052913258541665,-1.0663254997790579
-1.024511623541666,-1.0049736255050725
-0.663459818333331,-0.8838628898036696
-0.746472364999999,-1.0433769583383041
-1.58618360159091,-2.0672880643185
-0.6640040223571411,-0.6920955401292199
-0.925924755523809,-0.9397491440996424
-0.843534197499999,-1.1881468285577674
-0.952865096249999,-1.1393393595054662
-0.693283755843595,-0.805969789009357
-0.6253703775,-0.6672971888383166
-1.941332755714286,-2.092126173304391
-1.287158923444444,-1.8896766858727196
-1.535854001804466,-1.9267557822446928
-0.149813585699999,-0.4095144673343814
-0.736743179843749,-0.8316552907185617
-0.488174187129629,-1.1981677328611464
-1.580277127013888,-1.5659649417717632
-2.333242023730468,-1.6333007012655982
-1.6340410226096491,-1.6508617083204375
-0.5004683289431671,-1.7263219784029422
-0.4510341425,-0.9633299317443068
-0.377181454722223,-0.9426771745267553
-0.9260874397767852,-1.276390069848649
-0.990218787872022,-1.6569408112607824
-0.6124818376041661,-0.695846783292759
-0.847748116249999,-0.8618776272059183
-0.802290943710937,-0.8151957769396287
-1.424489330672346,-1.5348119172697636
-0.82992570925926,-1.5149691303442545
-0.462387100694443,-1.7676101582115407
-0.316626001111111,-1.5021168003242564
-1.651837624315787,-1.3889639438743402
-0.9551529058529412,-1.2247034307979845
-0.437329656330531,-1.181687731706718
-0.267547791785714,-2.3169968809301063
-1.634588541006944,-2.4510438307009177
-0.420509159826388,-1.4390437742781017
-0.446457288298611,-1.1502833067277418
-1.250816894259258,-1.6233889674665059
-1.462655032788888,-2.1293771582388272
-0.259026208963816,-1.6970567739466782
-0.4518013059,-1.085847280908608
-0.4192335259,-1.1947895015435086
-1.431046472981322,-1.5332731260313228
-0.452950580604166,-0.6873603156812697
-0.25727557998937,-1.8053021399503095
-0.327612340902778,-2.247542222085974
-0.5765261288061211,-1.253991341679489
-0.759429638148147,-1.1446271074666614
-0.380574081360948,-0.9219883062806776
-0.416553189396551,-0.9269250453106137
-0.5404441541406251,-1.1313685402148856
-0.327047079375001,-0.9771484125852694
-0.8479034251562501,-0.8254879765287061
-0.8714844376562491,-0.969019678646384
-0.986257074583332,-1.1689174235602877
-0.9206185710937512,-1.010759332124823
-0.289824409322921,-0.8838065736474492
-1.240880326777777,-1.5798928047370504
-0.561277465833333,-0.7188437914633328
-1.103540275714285,-1.8905738496052267
-1.133223986071428,-1.4003339303741045
-0.981744473194443,-1.0831215472391162
-1.216155913666666,-1.1942354937578752
-1.200772904166666,-1.3004649715808752
-1.494334856500003,-1.3569762191515724
-0.695284811666667,-1.05143269218331
-1.099223499950739,-1.6891976310725263
-1.084620106428571,-1.1715250775184867
-0.671671080079365,-1.4203426091872284
-1.798163709791667,-1.862784578049344
-1.444259630833333,-1.2337464831728782
-0.196692344107143,-1.7225235242977759
-1.906087325075756,-2.1486312486205894
-1.178021290158727,-0.8078857703529592
-1.167839068095237,-0.7952407762214484
-0.67864431642857,-0.8288663263958228
-0.938219490769704,-0.7735146866440038
-0.7483002703703701,-0.9592140438628544
-0.258434457430556,-0.404148175952975
-1.744100312045454,-2.3855803027874023
-1.3475888879901952,-0.963760218656898
-2.263250876808362,-2.139327217050808
-1.9118815871487864,-2.050044810698145
-1.9289873969636024,-2.13593745374057
-0.6277094283680541,-1.1792577452557835
-0.663987993541667,-1.0514595264912092
-0.674168031499991,-1.3165544736863963
-1.7599811179,-1.9440094028652901
-0.321455426607151,-0.8012234101738022
-0.6773899513775511,-0.8476805033474288
-0.873537722083332,-0.7771513362089665
-1.115353087777777,-1.2673185080511922
-1.10905705642857,-1.2040757610304322
-0.928705797380952,-0.9651868051146384
-1.110837968571428,-1.2697821422435742
-1.131630753749999,-1.3790115334692559
-1.132929824642856,-1.1279639539483814
-0.8528676698437501,-0.9271547089804661
-0.795515903906251,-0.947113183404331
-0.5137061626785691,-1.7124795253215472
-0.549451358928571,-1.1570382556990695
-0.19799694549107,-1.0399593327577452
-1.254551489444443,-1.5128158207643367
-0.97715598095238,-1.3491789179669396
-1.048668195312499,-1.1622997677557885
-1.099593228749999,-1.2383451357692372
-0.603346229166666,-0.9111961407776495
-0.164979653625002,-1.3167100882522376
-1.219773292666666,-1.3633064433629447
-0.9469994555952372,-0.9873215351989605
-0.605854298333329,-1.2625809600116376
-0.966871844166666,-1.1603444221970098
-1.023062761249999,-1.1947776295698405
-0.168058643906249,-0.9688601978363407
-0.249060472031249,-0.6473847056203893
-1.960993307270832,-2.4820636144084096
-0.7633883131249991,-2.2559029013792995
-0.455759605865384,-1.0694978800933284
-1.844906339999998,-1.7589863112507131
-1.828893578499997,-2.0770984868334184
-0.357139425556061,-1.0639320385558264
-1.060522059904213,-1.1277515462227439
-1.816443737194443,-2.002265087869658
-1.809742072555553,-1.7775584718172748
-2.154884372868773,-2.366613119717311
-1.225581935357142,-1.3211666217058657
-2.025876717352941,-2.0095136243039162
-2.080700096324405,-2.113815754575092
-0.286636054187499,-0.4878310331883425
-1.783571731911764,-2.2861904092708225
-1.372295938055555,-0.8163908410185455
-1.4195136338636352,-1.5713383806860646
-1.765762894264705,-2.382883667348902
-1.7690563383823532,-2.478272782192144
-0.615817549464286,-0.9319636796305393
-0.601822604411766,-0.6554697676862127
-0.83944356967647,-0.7169049442239629
-1.108084658147058,-1.0323764530491621
-1.886380310296934,-2.245656874078406
-0.538951603553234,-1.3697452334252584
-0.099433971493056,-0.8995710945516057
-0.812084195576921,-0.8615320652556906
-0.6613551538124981,-1.310319113209858
-0.6407888023798151,-0.7955618827302195
-0.274394061812503,-0.525442377918118
-1.259564848281249,-0.9726051046938863
-0.5985618512109371,-0.8530174101308189
-0.460628250446427,-0.8644321793004082
-0.292335607241842,-0.6874600967053965
-0.6250925138793081,-0.6344355779662563
-0.609623791634614,-1.0970241104497604
-0.6300651594166651,-1.0428826341763793
-0.6585281323026291,-1.58063155214526
-0.507386843111414,-0.8407726750943632
-2.495519182019229,-1.9470792674620256
-0.546418544104167,-1.1472312841172367
-0.470747321874997,-1.2000721066587108
-0.393861536406248,-0.7115980800023324
-0.36158422478274,-1.1148037331124565
-1.5308124535714271,-0.9228040217216197
-1.47520424142857,-1.6885804102993935
-0.9000278957916661,-0.7844170683420121
-0.910355610833332,-0.7756519395566519
-1.211848841166665,-1.2505700602529644
-1.800842197499999,-1.4062814685031164
-0.361613054782739,-1.0240530548730191
-0.6676139742307671,-0.9448084399548108
-0.7108895149999981,-0.5583106412248549
-1.191618576499998,-1.1368413570458977
-1.423567932695313,-1.0556868036939104
-1.278685530166665,-1.081108382041159
-0.8394699596875,-0.811220782191282
-0.642703380833334,-1.020913358762476
-1.205354062499998,-1.2956742469747262
-1.2687797256875,-0.8398112628341984
-1.313819034999998,-1.3968585653150445
-1.224135594399999,-1.2589709201077337
-1.794399468636362,-0.9260047525240225
-2.013809270111111,-1.802273551228997
-0.914654936341835,-1.0188519787469383
-0.46163221195652,-1.1756541440677004
-0.8667852744999991,-1.0242859235881097
-1.616673894666667,-2.21617171721376
-1.095255814324711,-1.3626838178472622
-2.616709950693278,-2.4574842096071565
-2.392792015089314,-2.1535237710217605
-1.9892578812715511,-2.360218447677512
-1.218178907139208,-1.2437357654382053
-2.415199377135855,-2.1616998464769543
-2.078670494537816,-2.5062662839934005
-2.423080437331933,-2.561061371084459
-2.310723696385968,-2.848659710324859
-2.38496090504023,-2.5375105903293087
-2.6971069737081983,-2.7964109485696222
-0.5731951418750001,-0.952240283334907
-0.606163464012606,-0.690667129251764
-2.5388752014152303,-2.548629606966289
-2.637997986748564,-2.5450283668647558
-2.323996733297528,-2.430544978269572
-2.581775769845148,-2.5062353862960705
-0.9660118496874992,-1.1370807692191576
-1.456174255624999,-1.572148763075111
-1.224611323566665,-1.1744162287502926
-1.228766772999998,-1.416683429061722
-1.211135037083332,-0.7927920043238312
-0.939071927812498,-1.06701910457613
-0.447998890937498,-0.6316155771572948
-0.80187052964158,-0.8900442449883404
-0.7854912078,-1.037739651314589
-1.969880211593138,-2.4059961745794722
-1.8828221774999991,-2.4878107437314547
-1.9846988189922696,-2.739328013154315
-2.416467001980776,-3.047802795400781
-0.7076257345945931,-1.5733053704457747
-2.399451203889184,-2.770405140168449
-2.228942943433968,-2.151982914073216
-2.201373624173851,-2.014032620574851
-2.351069818178971,-2.5965161654226825
-2.701856628149578,-2.451744667655969
-2.7305000691714563,-2.7367422238426453
-2.72411183218733,-2.7568537295939377
-2.7276565824734837,-2.688014540149101
-2.355412780631246,-2.572836287730026
-2.478541617028599,-2.7205530507418194
-2.5229008411754643,-2.6374354466537944
-0.5487070521614631,-0.7475924334114931
-1.530751275657893,-1.3467453653590453
-1.073913655624999,-1.1103853761794265
-1.402325277205881,-1.2254141870535904
-2.042419591495098,-2.118394395055739
-2.414952110036946,-2.3856455033002484
-2.240382698085888,-2.3098069214708787
-2.473338799991589,-2.484204858497075
-2.423002266881834,-2.3648931850268062
-2.436498166498563,-2.4445177353229304
-2.508734425221231,-2.537903912931381
-2.255145179413638,-2.4236388335611037
-2.4061187565758,-2.4590228546623054
-2.297814434080225,-2.627474222971638
-1.124169850138888,-1.2267725119977912
-0.7389109379545461,-0.9141096015737402
-1.986009244005681,-2.891839481336397
-2.248586453479407,-2.372948974263033
-2.291500085438413,-2.264098964269098
-2.853066013294436,-2.757090383411304
-2.663756737176549,-2.441823040236062
-2.376567874995212,-2.3304079913455396
-2.502701627893369,-2.355819011853479
-2.552810214546493,-2.315038884163165
-2.390676356001476,-2.4253072310999064
-2.050653182337028,-2.3042055166286146
-0.6614990201587301,-1.0253652854107265
-1.105132370489129,-1.6664259821148684
-2.37086290314692,-2.3608372592109927
-0.640856757576016,-0.8509982581953518
-0.7317328661249981,-1.2354557083150488
-2.500586369778175,-2.443498378374711
-2.30311187344517,-2.248869864125702
-2.291110359683908,-2.270582246495213
-0.340295179375004,-1.9673562816155257
-0.370267589166668,-0.8864257911867617
-0.670049406875,-2.3341604951834087
-1.9666926865517231,-1.8539933904376584
-1.954943913103448,-2.029137295249537
-2.852925804000007,-2.3923727008426856
-1.64759779,-2.6399945955827837
-1.672776781,-2.3269397001951053
-3.205221514448276,-2.9278455211025576
-3.291708990864036,-2.5446014899731924
-2.339003878571428,-2.2172863259180637
-2.411135864999999,-2.104440628256213
-3.192727950384615,-2.747827469874421
-2.5611619880000003,-2.196049035613134
-2.552439415499999,-2.571893632172472
-2.599926138,-2.0009517765191127
-2.992629364021042,-2.1463213720403176
-2.939940837318008,-2.2354985768219096
-2.962402038586206,-2.681206720628346
-2.959823443086208,-2.7745094996008257
-3.098433913846155,-2.5199834148880216
0.091987665357141,-0.27106956725277576
-0.035850256875,-0.7152562215085875
-0.263409605568176,-0.8535239000595852
-0.297201990416667,-0.8012332928668896
-0.186228817569444,-0.28282249144430205
-3.4621163130555552,-2.66121907756358
-3.46857195111111,-2.8391618835480226
-3.330270766666665,-2.9923202763041767
-3.320584981944444,-3.1985838714247814
-3.329509589027778,-2.4734950538148626
-3.495808560833333,-3.03250653514308
-3.471762054444443,-2.991773097691796
-3.464407361944444,-3.2736676989906637
-3.687047675958333,-2.6802396968232522
-2.576704852666667,-2.946320834434668
-2.233100057611111,-2.3818695810809003
-2.286120496577267,-2.250673498721974
-2.925079665555556,-2.6766058982705956
-3.239249709047619,-1.7350678840741818
-3.135141733722222,-1.7689654473779186
-2.189625841083333,-2.411379018803195
-1.227902743872549,-1.5989298556953988
-2.954002819011889,-2.781306728374958
-3.777712461666667,-2.7597018894285226
-2.995133895438598,-1.4225100668906128
-2.739983500598658,-2.773410297416844
-2.654319313541667,-2.4632992191949588
-1.593858672777777,-1.9971614895886218
-2.13580214309387,-2.2367723999643436
-3.712703552222221,-2.6246659760309616
-3.512559820333334,-2.9160056434072663
-2.950766035833333,-3.1004064829925633
-2.320109895648149,-2.657602601600029
-2.495839098666666,-1.9124493424116356
-2.377695598037035,-2.220361623389231
-2.139887115385537,-2.20963511248848
-3.492277977666666,-3.153366994601977
-2.95336542001189,-2.740018801040639
-3.267256270297619,-3.017024490399812
-2.964596441805556,-2.8635128427916707
-3.300946367592592,-2.0900013280763075
-3.755722432708333,-2.8557404300416933
-3.7841771885416673,-2.8051466158876446
-3.8544294107291672,-2.8324876844827487
-2.941646025496032,-2.72035499099322
-2.548111676770833,-2.8488934366772534
-2.5393963802976183,-2.3230027102259703
-3.823237357604167,-2.988338684901538
-3.228739601388889,-2.6415258908736057
-2.6843120737739463,-2.5671464826660633
-2.761319902138887,-2.6454158320335153
-2.692172958541667,-2.970754362381664
-2.9583012575,-2.614007350135357
-2.479710794761904,-1.8956893451731902
-1.704774214206348,-2.376346048695548
-2.759993028611111,-2.9856393760077187
-2.706423556111112,-2.5381288018579045
-3.152919780500001,-2.140914275480175
-3.490321403666664,-2.7095793817967184
-2.937937828541668,-3.1064692301989587
-2.233944711666666,-2.1231124171244127
-1.9167603692857127,-1.9447948314992027
-2.808051106666666,-2.771291394629024
-2.8152307229333333,-2.414733124577829
-2.014490026888888,-2.4623657101416643
-2.147353652857142,-2.158025097415979
-2.079161777604167,-2.232161697262313
-1.9981915122916671,-2.0595788893656146
-2.526243267361111,-2.2523776671249798
-2.342342218466235,-2.185579255183713
-2.108464677499999,-2.2234971840663946
-2.393462251342364,-2.4156134665567657
-3.033137885666668,-2.966140718412589
-2.297207443518518,-2.334300419975696
-2.735517169545454,-2.809451607585228
-2.7018582481349203,-2.4809133266735612
-2.750375674801587,-2.7773183593296653
-3.663344434333333,-3.3619333750299933
-1.874517272348484,-2.0584574140867424
-2.396552254778956,-2.489029455973657
-1.896692301410257,-2.1254733703613677
-3.510568672222222,-2.709152394290456
-2.246014116666666,-2.425838334594339
-2.057772618055556,-2.5205521739048526
-2.787695283333333,-2.635742998228704
-2.816768801458333,-2.78319674526675
-2.894062314791666,-2.8710581640640847
-2.913083967916667,-2.9106838203586833
-2.892115456041666,-2.888837015656703
-2.878121877291667,-2.910740008552589
-2.958468695677083,-2.95285511656214
-2.958739654427082,-2.9552893476761737
-2.906259279257812,-2.9079476142703617
-2.865786267786458,-2.9158048852649303
-2.854386115286458,-2.971869193759853
-3.005080560854885,-2.9833551602496504
-3.102775733333333,-2.6739763033548885
-3.372114857101807,-3.1953882727368095
-2.808320263333333,-2.7479554184317765
-2.575637560583334,-2.502484833396899
-2.789541122056276,-2.9431358353344192
-2.103256670632183,-2.1376319172782003
-3.722284603833334,-3.2572701046336308
-3.324110930583335,-2.9112376667639603
-3.712251910833333,-3.3571216954973933
-3.663479445907408,-3.6108053464165777
-3.465758080876438,-3.3291857418065787
-3.089886917833333,-2.701938281833448
-2.603311615138889,-2.556210367827572
-3.049192665416666,-2.988384927037052
-1.94023294197279,-1.4968346742414915
-3.398667952833334,-3.3101593454750997
-2.3593868152458493,-2.2007177690988597
-1.612069511481482,-1.4789397898983165
-2.825962624404762,-2.7960682077652512
-2.874028041607143,-2.8428124493855607
-2.840856198722944,-2.794703069140539
-2.5621907065625003,-2.5681684926822923
-2.342190586666667,-2.378828597757516
-3.166999982568028,-2.6077178251467372
-2.73653606834656,-2.7850362517397196
-2.640622786033333,-2.0501361020918027
-2.601399950347222,-2.6030522167964967
-2.239493396055556,-2.0530830055591163
-2.792315344555555,-2.7433101739916315
-3.384491992261905,-3.072803629765127
-2.770146432333332,-2.720040739760872
-2.427657176904762,-2.587137471052998
-2.031468432888888,-2.2958561065589724
-3.385292812738096,-2.815223661017462
-1.765857367321428,-2.104921734195172
-2.7245398344642853,-2.6964924122459837
-2.801049497777777,-2.526972029808484
-1.860858989257663,-1.5943362661976808
-3.618757124666666,-2.8564833831910414
-1.894349652444444,-2.0695293542715034
-2.344313676878593,-2.369332485817297
-2.154434942361111,-2.278470912179056
-2.569035525277778,-2.6344769240449146
-3.186946105534723,-2.4851639637444802
-2.833840831450217,-2.825675423419803
-2.882875008030303,-2.2224258051556096
-2.751850674166666,-2.6901860467518546
-2.4544307695454552,-2.173638954616998
-2.321395845,-2.3021450462134574
-2.730646218055556,-1.5639002521000511
-2.0685681454166662,-2.3566294071267615
-2.526923392701148,-2.313754662580713
-3.537095413333334,-3.2621518509296927
-3.397758357333333,-2.9806353657581797
-1.915936893333333,-3.1441574150293463
-2.42945445547619,-2.6721827569338394
-2.9933802128881872,-2.763856081588149
-3.528812414537038,-3.0648987714891796
-3.413155031291666,-2.069921751819545
-2.198120806333333,-2.7368391201950697
-2.762470305840774,-2.8181101960720683
-2.686782680291005,-2.665939180928943
-2.134631340892856,-2.074040592025103
-2.7177809027380957,-2.358593141570103
-2.543628149523809,-2.5829935164410767
-2.688471814047619,-2.529362686675452
-2.965211686397269,-2.9512658973049986
-2.8879412029166662,-2.8864444437238412
-2.295121132685186,-2.4597850841796536
-3.5188527314814837,-2.2028026846443836
-2.6598656915625,-2.5320809841134486
-2.5602585740625,-2.56584122821272
-1.811646385530303,-1.8635245572250796
-2.904185058333333,-1.8454319279790052
-2.387592357962963,-2.2704567439306715
-2.294569948518519,-2.3475482533592555
-2.113099674722222,-2.7145780383460347
-3.392538036035713,-3.1621600161450663
-3.385998550797619,-2.1586676292238347
-3.928887087261905,-2.2155900831496043
-2.623033576346264,-2.596232830174662
-2.338708478412698,-2.3720682424810775
-2.863743589895834,-2.748260234325051
-2.579079419166665,-2.6278395701548356
-2.5682254671875,-2.6462000528237044
-3.350265015833334,-2.559114642405082
-3.395760443939394,-2.6482030323386323
-2.179245595185184,-1.4354688930761341
-1.975002810708333,-1.4848614241370228
-2.690236570909091,-2.6866209936491394
-3.083487563033334,-2.6060944126634826
-2.470376443260187,-2.5121116997677038
-2.5138341896875,-2.5627150943421713
-2.420648552380952,-2.4636780802750904
-2.565256339523809,-2.4447634281092068
-2.40773797862511,-2.395519551120636
-2.156856760833333,-2.386654615911257
-2.91415320109355,-2.4687252258447487
-3.589645374333334,-3.227950070214056
-2.330505696,-2.349194079985506
-2.376967780141762,-2.5316627916051804
-2.707522738214286,-2.706500322422837
-2.420336994166667,-2.4110958358190415
-2.713683967857143,-2.820830932457983
-2.7843979413333333,-2.6629881925660843
-2.808757070395913,-2.5147533871184113
-2.717191807895818,-2.822425236526076
-2.610749787455287,-2.382272634438122
-3.253661642376438,-2.4865235122080946
-2.905228696446676,-2.5314249844210184
-2.754268448921569,-2.3486766467410125
-2.33957412666589,-2.0421728242375496
-2.662386331976363,-2.6963283085339476
-2.09056649253889,-2.1835655931415596
-2.658894087846319,-2.334209416958739
-2.5469447367279,-2.5884809931442865
-2.989740895123564,-2.5207439452468083
-2.438030710400702,-2.0932031690134347
-2.4292951096754702,-2.6770134941364905
-2.322971010588625,-2.4640955229073027
-2.377536913088624,-2.563718885505062
-2.462561439755292,-2.41515395973628
-3.5185186823333323,-2.8084557085630326
-2.8026595140145503,-2.4268145206621616
-2.991754182070105,-2.6752632828700484
-2.67791947790344,-2.374685358062727
-2.896806376792327,-2.674917450871897
-2.718065051236772,-2.671386900809293
-2.720616292347882,-2.716260150464038
-2.688966270361553,-2.3960501763746156
-3.169030266555554,-2.995762263342913
-2.834718550574074,-2.66880107752116
-3.104253134461153,-2.722823614952942
-2.844400630882204,-2.871404860256414
-2.993038152509157,-2.7922964627096625
-2.118466420238096,-2.2363244451120545
-3.090354977083333,-2.8092353241328167
-3.515864087083335,-3.2483556576370343
-3.157936793833333,-2.905822788995576
-3.429838310221265,-2.9887179683026974
-2.915216722058333,-2.9991403818223215
-3.526569539333333,-3.1237248125688843
-3.504452654333333,-2.587888686800267
-3.348764825808334,-2.450016208104067
-2.514728585916666,-2.619462828054821
-2.860998744880954,-2.8343272085074456
-2.586697433518519,-2.3847497327426566
-2.488106462543859,-2.5120290405626493
-2.840082874166667,-2.511510160017052
-2.401965505544217,-2.6485699738692765
-3.018231577534941,-2.842692187845982
-2.621263786981453,-1.7844123432138081
-2.361211955083996,-2.5411561271683953
-3.668365309533334,-3.314815309742678
-2.782505038939393,-2.907900333234316
-2.558465458606443,-2.6833646637920148
-2.733836165264239,-2.630110816770138
-3.010031847123564,-3.0058204164415856
-2.867118922319991,-2.598576742607365
-3.00778477462963,-2.4524668244496115
-2.7835351125757573,-3.0173126265616896
-2.501461233581897,-2.593011328769104
-2.7587635273882998,-2.4420547640560297
-2.668470824171183,-2.7951970498936576
-2.158477693773354,-2.5156432117433063
-2.263474169456897,-2.398062407224447
-2.5120430822755173,-2.6615242467183458
-2.244249274512359,-2.353977350524488
-2.524353779377647,-2.4980150304694346
-2.169005812886419,-2.405748995824257
-2.522949843052635,-2.4517756946012303
-3.113218985230706,-2.9031315248299703
-2.654751535198203,-2.331350296276156
-2.471109463363094,-2.7295157444831357
-3.357529777179488,-2.7221725763529863
-2.8068306619145917,-2.5677811388887637
-3.509077866145833,-3.1809351655409697
-0.374376119938725,-0.5682964674034797
-2.043687683127603,-1.8947797469854428
-2.694803772113667,-2.3831227503644423
-2.709835408780332,-2.7130750237888965
-2.658711920724777,-2.4136210757455547
-2.55625940286102,-2.3746352362051057
-2.786644381331897,-2.4031377183567213
-2.857954193879506,-2.7156866204723134
-2.6022811729985653,-2.6936246296951687
-2.743520545087849,-2.642465592530875
-2.948233770587849,-2.497367782414953
-2.9345352808378493,-2.6669961964149045
-2.938337325563179,-2.3923626923652606
-3.006093163737782,-2.813136223881912
-3.366537321337513,-2.826426429257441
-3.301910415333334,-2.6096897013023272
-3.609619531287878,-3.021797484157694
-2.128958884083334,-2.1356110937977495
-3.64620037954023,-3.223048228437755
-2.753689900539489,-2.609286105686222
-2.596820993678161,-2.5411414785709363
-2.976214296515152,-2.9661031700698404
-3.501803329321839,-3.1584312765301394
-3.417522567156666,-2.360599623109019
-2.554041921555555,-2.417653055003801
-2.5390817557964933,-2.432468489093208
-3.485607767951389,-3.180089605198129
-3.400432430381943,-3.111557628031511
-3.153554724642858,-2.8844065240973813
-2.553961933428572,-2.497963599578423
-2.7843351128,-2.2914163810184154
-3.720283684069765,-2.7321967046811695
-3.06833766970238,-3.1173739602169834
-3.393170181050724,-3.2050326225773533
-3.185039489285713,-2.9772325985486283
-3.349891609140626,-3.2226695827131318
-1.56632761559375,-0.9858323197112696
-3.460742364404762,-2.996137253790505
-1.566321102312499,-0.9792550428252788
-2.746246290022077,-2.6415263275347254
-2.662917744064539,-2.4585267677185256
-3.14308654217965,-3.087799274355907
-3.297761216458334,-2.7892875791414213
-2.659950681435186,-2.656055537952001
-2.973662257959327,-2.6100130105960604
-2.98094886379266,-2.7127398498616087
-3.397887312389425,-3.431656644115427
-3.396741300589425,-2.732555326845342
-3.653333336504066,-2.4457415687846806
-3.263221765388889,-3.100754654155024
-2.472740945162602,-2.472118791164722
-2.573792318630952,-2.4368406587472737
-3.638279348552631,-3.4871453125298313
-2.552959109420573,-2.2865669367878736
-3.004299587996977,-2.8647210026459535
-3.337573271258621,-2.6760681299890146
-3.28920963325862,-2.3515131835380756
-3.385399147864584,-2.8357598281021423
-2.50724352211111,-2.4796788187663785
-3.504956888674252,-3.229102497351911
-3.672647751820512,-2.0392339310374625
-3.515687375044253,-3.207357863288814
-3.523510380394252,-3.234091944310319
-3.478052301049426,-3.1985021949158665
-3.506091387479676,-3.177554824249444
-2.9182348095370383,-2.902142729294035
-2.917955947037038,-2.7687030765006178
-2.719789795480226,-2.6680281001216555
-3.526742619432624,-2.757081345367414
-2.8387362370833333,-2.8389167065647634
-3.625149851283334,-3.259010761136318
-3.618959881483333,-2.990194292781484
-3.054944514503546,-3.060892869405189
-3.474116140166536,-2.9362053555592396
-3.443327226640805,-3.411793487324715
-2.111517420333335,-2.5431869126070215
-3.001663705352809,-1.6869371579009482
-3.099892777870371,-2.8402062767719145
-3.782793325454544,-2.826588745850031
-3.725298062424243,-3.1634705078620096
-3.77932238863643,-3.7683597273936584
-3.240279457222222,-2.9143185607831863
-3.7144391924999898,-3.335895912329892
-3.788647775681884,-3.5008554294317045
-3.791100260378852,-3.4258169216633485
-2.7320689287777773,-2.0685429909918582
-2.798147725444444,-2.4419104341436193
-3.019909160491699,-2.520527216793858
-3.024769961419415,-2.039351977436017
-3.532110458333396,-2.5395081993809177
-2.512837670996168,-2.2328532534776757
-3.766530467727273,-2.474736691786825
-2.44468645878788,-2.311928574874604
-2.489483015237068,-2.163871950668906
-2.808526489062501,-2.4073413034836473
-2.446046844681294,-2.3868353256069623
-2.916625972698413,-1.958487933639359
-2.809993341388889,-2.8043993792311928
-2.571660571649123,-2.141507604382976
-3.202318994215685,-3.0609562164443416
-2.5494550771111117,-2.4557040512416375
-2.689287499305556,-2.578778549003131
-3.39886909675,-3.2612900381164267
-2.839260613529762,-2.875131995361209
-2.653065251166667,-2.789699683294547
-2.906314489791667,-2.6294739040828703
-2.638444638563492,-1.9656644418003422
-3.014675957162699,-3.013214329098953
-2.707693926833333,-2.2076271576605895
-3.64943582,-3.4022089853904505
-2.871506938959771,-2.970122102265301
-2.771451773959771,-3.012884734042666
-2.451012954537036,-2.3890514854970597
-2.845151516029762,-2.774486415668999
-2.8564137244775143,-2.8184284282522585
-2.355089988641444,-2.503025648017181
-2.961221631741853,-3.0033976428957696
-2.699585986166667,-2.6715471074852712
-2.317704219166665,-2.2478723847143183
-2.926395235757575,-2.7129227656656747
-2.555079181777778,-2.4572447191306006
-2.045897611481481,-2.0621738335988575
-3.745536042588234,-3.0172739942050053
-3.540385165666666,-3.447710588194692
-2.621653974677419,-2.707743898376042
-3.423329342804597,-3.339106048665863
-3.449023275304598,-3.169866013719037
-2.5448167226388883,-2.513029437768566
-3.132996232666667,-2.9569343883458936
-2.610631628695652,-2.529262517106424
-2.031293306304348,-2.3358698921317336
-3.014304045730158,-2.2408469614485877
-2.264346311984127,-2.1036102860413237
-3.00834078938492,-2.8730243008272254
-2.971238104329575,-2.8806848699858874
-2.9126261889393943,-2.5929748984368386
-3.566448391060606,-2.592783758193919
-2.749263845444444,-2.705356326453988
-2.360236115980392,-2.4332684944953606
-1.821326314861111,-1.9997911870171283
-1.841648542777778,-2.049667119289183
-3.511223246586206,-2.944525005632469
-3.13440522304023,-3.0440014810773555
-2.790745889641969,-2.785243808888591
-2.68908564667367,-2.941692586144459
-1.662000685087719,-1.4262482164671995
-2.709741790465687,-2.531099260963697
-3.408205343444444,-2.9766465392573793
-2.609368485714284,-2.3485097757458426
-2.37190459,-2.53076269673678
-2.313245089464286,-2.4744137110566364
-2.182809819523326,-2.353544500677032
-2.5948171279474552,-2.557657341981121
-3.12325255226252,-2.318306854130634
-3.122880093774817,-2.8461519939183377
-3.095819796388453,-2.869582388090524
-2.975829658085523,-2.765405475303819
-2.217574712474817,-2.8800827840113166
-3.138747965873563,-3.091683645272575
-3.124206803373563,-2.9830023641597814
-3.12412427829023,-3.190846674551152
-3.282169028065134,-3.2248327564701715
-2.347570655483872,-2.440484212153281
-2.571267269193549,-2.5331008029777484
-2.435768217746522,-2.093538699117553
-3.558764211200981,-3.228056093373823
-3.078613080958334,-2.433187666950436
-3.175224510444445,-2.3910249591465957
-3.171233815606061,-2.38514816907941
-3.272955927683984,-2.750654330513973
-2.556202561066666,-2.728943779685418
-2.358552113571428,-2.43324766372504
-2.628823853214285,-2.471200567378664
-2.658513355714286,-2.7169379100821356
-3.013941487605401,-2.75018219388029
-3.122384848216728,-2.872279524888561
-3.080822898362158,-2.7703236223530014
-2.724762156061063,-2.7169679595757885
-3.06760378292714,-2.9015272162380685
-2.443532864862539,-2.433229937954455
-3.110254309422866,-3.024865349052563
-2.8045003065275957,-2.8212840431676165
-2.517421639266444,-2.5702776552352478
-2.936914676103668,-2.7609447276608634
-2.552305400059314,-2.4262792943102536
-2.786611457282531,-2.7531023871757556
-2.820471468742158,-2.7306124988980627
-2.788159291904552,-2.895680053250735
-2.998475620289928,-2.639365331720334
-2.862228231939905,-2.7641879349290654
-2.9386265731652363,-2.6510779467022525
-2.623957035678865,-2.5057423955854934
-3.027180967488388,-2.4239421851332414
-2.908234405203203,-2.785913039709862
-2.781197893746892,-2.6779454471407447
-2.780688700604035,-2.5933640627734906
-3.071956117680499,-2.80501075113817
-2.674128369461177,-2.527311047066815
-2.8001728564627437,-2.7693450046656904
-0.505971805810502,-1.6120768680227155
-3.157506589806474,-2.6524058243386164
-3.340461791382114,-2.607864709162566
-1.290639852492816,-0.8838678080648911
-2.485843077807018,-2.268034360687177
-3.033737014486092,-2.5442263750324168
-3.670287947142858,-3.263378199128608
-2.509956527894737,-2.3766117198966596
-2.873288533541666,-2.4311860266366665
-2.895715239230768,-2.5141139145868308
-3.343170321538461,-3.030744429761608
-3.027623372888888,-2.816813765576378
-3.508666600588235,-2.4754619259835597
-3.776547035789474,-3.29999988088883
-2.934379348461538,-2.546113167428043
-2.9836072214942533,-2.721948363878161
-2.893947579666667,-2.925645618354486
-3.6406608874999993,-2.9620404475661597
-2.510433100789474,-2.2916944723793806
-3.431557339411766,-2.980886529782487
-2.160797359464286,-2.2908619487810746
-2.672557274375,-2.5402016738208415
-2.2686965468,-2.699931157171026
-2.7662999692156878,-2.1463831869593775
-2.373585775381944,-2.3943885590137657
-3.32467413901923,-3.2572916076456044
-2.8512661323999997,-2.781756809071289
-2.823639573399999,-2.805754388787739
-2.778271787,-2.7424267676723484
-2.791455048533334,-2.7623214477992057
-2.925507641964609,-2.8785416823279015
-2.301117253333332,-2.086389774531134
-2.688387543684211,-2.4382561259622273
-2.422283950158046,-2.265481328683292
-2.431120013994254,-2.4321561393360853
-2.373660337777777,-2.3735993606355668
-3.656562611874999,-2.9537828616393362
-3.433637573750001,-2.855991296041953
-3.17031427,-2.3125950584380277
-3.063526957254903,-2.673234413997508
-3.359358077515213,-3.2133671785982236
-3.480496879215687,-3.155205100272571
-2.707436092224489,-2.395263004083053
-3.019490769047618,-2.8556531631563753
-2.9171616813690493,-2.8400561270944964
-2.982573306904761,-2.9212328607992206
-3.236714967440475,-3.0862771834155382
-2.9254049056547613,-2.7247348554951234
-2.449630743900631,-2.456038474394648
-2.981380438410138,-2.9122650860178463
-3.504784299000001,-2.7739501941825297
-3.167949628947369,-2.413841319924415
-3.5509937615,-3.4219304258639434
-2.8908757264288782,-2.588316784337797
-2.203980591034484,-2.2248204516550696
-2.990403979038461,-2.9505604596077037
-3.3258188501061,-3.2799133239852667
-2.925916258869047,-2.7865514365507
-2.071260583055556,-2.264309048041908
-2.036080600244253,-1.7066006660499733
-2.021471573055555,-2.1419499685586563
-2.4185966859913792,-2.359553911229932
-2.789461677446428,-2.8147328095275888
-2.882794022991379,-2.495454435012682
-2.566815669880952,-2.554258889495928
-2.380618832181373,-2.430633841624201
-2.509471423651961,-2.5462966871814765
-2.630642886443389,-2.6487973796833217
-2.338243520444171,-2.094386663310686
-2.088853652229886,-2.1028583110294847
-2.356162594166666,-2.4915686020427943
-2.431726111547618,-2.2567751308391637
-2.224143112156863,-2.3833201133914277
-2.753343809113095,-2.789229504675752
-2.860577134662698,-2.808103238552948
-2.738430685773809,-2.734708467964866
-2.643572016792328,-2.744683108853997
-2.809053885658867,-2.722392899202089
-2.7055280024404773,-2.6367029293886164
-2.775110052440478,-2.657700982182721
-2.734300250496032,-2.8210771683190403
-2.805860943829366,-2.745860331263573
-2.6509024229960323,-2.3823324643027313
-2.5594473011666663,-2.204840821831946
-3.218012955490716,-2.0067116545218027
-2.322711463038561,-2.3481768317449223
-2.336138354679274,-2.296840053232473
-2.587722428468801,-2.6056391528829583
-2.332072686399835,-2.2844378778087098
-2.453921045373563,-2.586826670712641
-2.142970723333332,-2.2183009962073537
-2.638172730476191,-2.5873664448721807
-2.399832043869048,-2.497288344576238
-2.389765254047619,-2.431067058810956
-2.452314701904762,-2.4901545746108225
-2.693563899806949,-2.735805510295732
-2.611663136604406,-2.5640657834339295
-2.716857296351332,-2.446217691639067
-2.744640647920362,-2.5879945717901873
-2.7908098112869477,-2.7318291020513716
-2.73808780702625,-2.614316762842104
-2.942509723989848,-2.80194933017917
-2.933426047296183,-2.791307616600985
-2.938991640483814,-2.7958450068308403
-2.8542760754838152,-2.7471486462412167
-2.867208602980981,-2.75411046889738
-2.929997843063179,-2.7895960712142966
-2.635650413320462,-2.55751467509927
-3.492195948906249,-2.9840586778187896
-3.095642074194444,-2.408636823976928
-2.964461737843135,-3.060635282040918
-3.284199176666667,-2.8452495917737792
-3.173813669888888,-3.155185739781596
-3.094254521666668,-2.7391054015778282
-3.551595463070175,-2.228991031261208
-3.533106272666666,-2.99365110710011
-1.585865508333333,-1.3347438800357394
-3.552762297716049,-3.0977925084366245
-3.099354685176871,-3.005981076356785
-1.114547609351855,-0.8330557800888659
-3.71649078763889,-3.402642273500459
-2.991876554221363,-2.790756265405754
-2.598600925166666,-1.8091485309516127
-2.37670706770115,-2.4799978772360336
-3.489859179485633,-3.2804064179794206
-3.2745357731481493,-3.2849669522872493
-3.021249765272771,-2.9139846034275116
-3.415820786054598,-2.9685530392686075
-2.704819205309602,-2.3138401615734554
-2.479500795470893,-2.474082775351689
-3.258796063981483,-2.8877154369823415
-3.290712895333333,-2.508218387013321
-2.810094628598133,-1.9084333581317023
-2.912125664717693,-2.488056555797869
-2.958370087749223,-2.700678200025915
-2.672165678200339,-2.6067273335352907
-2.769715986383867,-2.665931488913372
-3.067593033131833,-2.7982466624913145
-2.676028879696875,-2.7596061116751285
-2.755674000641116,-2.4914819503231946
-2.81550984655504,-2.637071120596815
-2.483446102442917,-2.3512811134156832
-2.409967590408457,-2.4245801705781873
-2.973694225401194,-2.706027844102564
-3.03808617795675,-2.65098914317398
-3.378635120617816,-3.2353555083736674
-2.7020103963386117,-1.9362662080176642
-3.107293959151615,-2.8844560936258143
-3.132662160525444,-2.945286390150238
-3.178991151666666,-2.90228555242389
-2.542482623148148,-2.552619863904991
-2.542407836481482,-2.5425723927767705
-2.542877913981481,-2.571659348777588
-2.817256142298852,-2.2888170252575675
-1.7908991124999991,-1.4996059831601298
-1.0260979225,-1.8729250286613333
-1.715923067619048,-1.9347495939277806
-1.575086522857142,-1.9058957292699898
-1.62710895515873,-2.3956089228725674
-1.4503822011666672,-1.6848044531548303
-1.6620442704999991,-2.232114914428206
-1.611746172142857,-1.9817116292657138
-1.732252562142857,-2.178130126429312
-1.920267846666667,-2.4718107131744773
-2.055167530000002,-2.5041728683352966
-1.884719061666666,-2.1361143557106055
-1.511590225,-2.2984830001213616
-1.526711924612068,-1.4509579577767056
-0.710419560476189,-1.1159778105093514
-1.224641685,-1.6649204364369226
-2.534313652916667,-2.2877652360697542
-2.224614076428571,-2.2615506534506884
-2.341038290952379,-2.178455741324576
-1.721539311428571,-2.451745676498247
-1.7014404111904762,-2.268495716673558
-1.681049182857143,-2.0143408327130774
-1.729294065,-2.2664841417422226
-1.894307236,-2.2325038249651232
-1.8195857901326271,-2.141032285269659
-1.428705194375,-1.6439659738990815
-1.483976192,-1.6416270750347126
-1.746068600732758,-1.6904407809652233
-1.484924319374999,-1.5727989694876443
-2.693945698125,-2.717769615670888
-2.176957137857143,-2.3011658823039824
-2.275548843749999,-2.3643857427178236
-1.500674255357143,-2.1881262533013937
-2.9919900877407413,-3.2715026145117356
-1.6326734050833331,-2.44658784848703
-2.298497134318182,-2.4856676676686424
-2.19634080857143,-2.394240950803098
-1.8392645584999991,-1.7216846155596028
-1.440288200468749,-2.883006270743847
-1.867211013333333,-2.1106195416611984
-1.569555230104167,-2.655396195677932
-1.588681546428571,-1.4545957302217827
-2.693377385624999,-2.8035692032146864
-1.106678720999999,-1.9710922344050288
-1.4524088476923072,-2.083930657516209
-2.116110114444445,-2.143742280269478
-1.9622269044088672,-2.264314186048285
-2.246099211999998,-2.1069084613217655
-1.791806916249998,-2.1778371766690396
-2.686737139341693,-2.531875527398191
-1.5235385029849131,-1.7087191771653534
-2.455078625696428,-2.573985725406517
-2.601126258333332,-2.327627981743081
-2.268499522729885,-2.0117923113682785
-3.156415355,-2.410664607613627
-1.320530480357142,-2.051376966838063
-1.809552719116666,-2.3034307916762375
-2.6991901931249997,-2.650712297367192
-2.590880259374999,-2.6195572740736486
-2.879416433060345,-2.845924410155386
-2.832112847890625,-2.8145144051892683
-2.86190693328125,-2.8954832708282336
-2.929104044687499,-2.9388934815416388
-2.921681097031249,-2.9266221857380303
-2.925154815,-2.8262455505658433
-2.939539594999999,-2.8709737564486204
-2.95244807984375,-2.9213411789057866
-2.912890090156249,-2.8736981473573215
-2.9648550148437502,-2.9551708473261984
-1.204289910714286,-1.166440995679818
-1.983100411874999,-1.6983177998850574
-1.874198885624999,-1.455081560907151
-2.060511224375001,-1.5888812955343585
-1.9602675537499992,-1.6585641873608357
-2.74881651046875,-2.6930202241982415
-2.86704476565194,-2.833567266308827
-2.6848982112499997,-2.5139634539610856
-2.638003073464913,-2.2646708226349874
-2.227221631320512,-1.8569285508544189
-1.800356723653846,-1.9478154571442483
-1.612601272307692,-2.103887011613083
-2.551528076219696,-2.6047500669903156
-1.629026573636363,-2.2285885280699325
-1.857735980681817,-2.641866978269497
-2.367767072479168,-2.7784550499570697
-2.304894409480518,-2.525668421772657
-2.361525050844154,-2.7258482962038255
-2.6055048565,-2.334048198492063
-2.9283569619117653,-2.8973948230421853
-1.229102607091346,-2.174150840337462
-1.398530814355468,-2.2170504504190562
-1.314313119246323,-2.106377650551668
-2.253446365999999,-2.3819462308610486
-3.075442359000001,-2.7081934951670306
-2.431135604626753,-2.4858029788720977
-1.87772908025,-1.9672146749492776
-2.251071238406592,-2.5629820386332516
-2.6834657355,-2.773850019778783
-2.737442956,-2.642786204380775
-2.6150553155000003,-3.063109981669334
-2.548374156499997,-2.6058841537578736
-2.5535754722500013,-2.9371720443806355
-2.3385369890873,-2.4778785403803796
-1.596525114285714,-1.8215652510108085
-1.779454087009804,-2.0299346459840035
-3.225355410644444,-2.9298349527501717
-3.070764791666668,-3.1638393610213233
-2.053910819077379,-2.049268873360293
-1.996526119285714,-1.9338927711888163
-2.666855457993731,-3.064350117228668
-2.387038907272727,-2.5116297611204708
-2.20354042513752,-2.0964204420223544
-1.911055405554188,-2.0412231608883062
-2.942027309761905,-2.334013878792615
-2.513886915925169,-2.0683025626426885
-2.241176755663266,-2.4797470798554637
-2.281276830197043,-1.9175476228944122
-2.300204498148148,-2.3418943130256293
-1.453633775,-1.6485879357127124
-2.018102850389983,-2.0046069068040273
-2.484950887474249,-2.5735487591185757
-2.645467374750001,-2.2976838803765385
-2.473775475892857,-2.925485366094386
-2.326732917954545,-1.8884844670186083
-2.613192771250001,-2.925884052558094
-2.243051701483516,-2.680423627512006
-2.458175737662336,-3.1287321172380733
-2.4766714183441563,-2.653729025359154
-2.4745715767924312,-2.80362715204738
-3.110942861923076,-2.318200526594097
-2.2044483937,-2.2196729878207915
-1.3652457757429,-1.6149724103913954
-2.547808231807706,-2.523361534122081
-2.5475482929999997,-3.4179714967613584
-2.005876010156249,-2.2728832666055583
-2.90650200871212,-2.5493936918556925
-2.483276484407326,-2.635311391025229
-2.505753668471146,-2.224210201491833
-2.4498865665625003,-2.3856011469526375
-2.273552041499999,-1.989728195789297
-2.513455971734693,-2.214996279614334
-1.978848924393938,-2.194581734248482
-2.44527640895238,-2.248570739563224
-2.214582261285714,-2.6872323386185126
-2.8519646678124992,-2.85365687769079
-2.879077956185345,-2.727455267851965
-2.93696922375,-2.8832430785886234
-2.056785870803573,-2.0732516493712043
-2.414439971590136,-2.6011461541875804
-2.535313214250001,-2.784962541163279
-2.5218578363749997,-2.5668155508778474
-2.60101560625,-2.967637963752229
-2.700012112625,-2.569393966786167
-2.2192203295918382,-2.1500559008941584
-3.25075140037037,-3.213562656722278
-3.269829354722221,-3.284437350726705
-2.078282849375,-2.0713880789553296
-2.773947109776785,-2.4592981598058006
-1.879291302499999,-1.6404432773859279
-1.353360922916665,-1.6696303880351846
-2.487630072219827,-2.920403367760898
-2.067949246594827,-2.1756671439517303
-1.764212550416665,-1.8916648283652524
-1.5892936428571431,-1.8160648616228523
-2.561958846,-3.2542662529646393
-2.545751063460884,-2.505806669379376
-2.579728225119048,-2.5031830600504956
-2.855288554811913,-2.820713824038728
-1.978217502282914,-2.3140110078660108
-2.6458090039986,-2.3857981886496593
-2.039268335420169,-2.257688398144721
-2.899615652093797,-2.7514285461014443
-3.052841861270138,-2.559398104372742
-2.99678403842912,-2.7536764138120646
-2.025954631712962,-2.563622663617126
-1.275127442638888,-1.6886869783196643
-2.296817968568681,-2.551192605608597
-2.060967351851852,-2.2306224177122655
-1.5013039351696431,-2.1422246467078994
-2.417330569431737,-2.8068959908097684
-1.771604434166667,-2.1169694303501765
-1.629999467096773,-1.6640366370925008
-1.628747323693547,-1.5015213834007073
-1.859168574565815,-1.769890268130502
-1.300562893333333,-1.3472481360955584
-1.628007154493881,-1.817293968994706
-2.772782337025804,-2.0911560712257997
-2.453804436896552,-2.2797667654577842
-2.161910375484914,-2.3011237848093926
-1.707506785763158,-1.9667884381367235
-2.649027670054029,-2.546052764514314
-2.283653276048852,-2.372657627480956
-2.264612986974777,-2.4561074107393206
-2.709447530625,-2.3660070130067923
-2.168857660694444,-2.377203583817837
-2.55452893457672,-2.335811453607673
-2.6057906660989,-2.733245097494881
-2.614760241291208,-2.7398210464907735
-2.663923033021978,-2.8181324856626526
-2.402129284153719,-2.8203962316484676
-1.7306118608277772,-1.6912238987259693
-2.377382144206348,-2.40346516462962
-2.340207384532313,-1.924663991937972
-2.040422040988095,-2.107589324985115
-1.646277527113096,-1.8194298946067917
-2.108493468808756,-1.9413476507775773
-2.133237551499999,-2.514059161862573
-2.446087947891667,-2.5462100846704483
-2.637237054500001,-2.646628842429196
-3.025107013499999,-2.9175701390054956
-2.145771852797619,-2.249814845501114
-2.689399345357142,-1.8388507854998195
-2.660896163887146,-2.6347421725006392
-0.949647141250001,-1.1626994293942021
-2.484791954115646,-2.930127104506582
-1.7411578655025162,-1.6771089274891404
-0.965815299940476,-0.9873762158803219
-2.153155780515481,-2.125953049195884
-2.130668741614583,-2.2986982003171
-1.760378148479166,-1.7026803739094676
-0.8890957903124991,-0.8682378468546044
-2.256264304793103,-2.0566264456474426
-2.4264667495,-2.542036614319407
-2.3682712905,-2.3477867336001124
-2.312481552,-2.7331250646632963
-2.440694418499999,-2.11075732297364
-2.268357516153846,-1.5968369767100716
-2.6366987478958173,-2.4414737189132274
-2.475964258153324,-2.7219213791859547
-2.426129452528324,-2.583097365380885
-2.794740340403325,-2.526962716377197
-2.476684132069992,-2.6512301352676073
-0.7798054027142861,-0.8659851511046205
-2.849004888323984,-2.5680538715148713
-2.608792701095147,-2.5036215850997503
-2.645909070581021,-2.3626376759209045
-2.779663845915231,-2.5082471881146997
-2.8333623777485637,-2.7278063674179647
-2.985894627648384,-2.8973439408889354
-2.5306575541931,-2.6184616870637774
-2.993418575671182,-2.625381292077313
-2.442934043496853,-2.476877731531923
-2.868485393194205,-2.555491800144226
-2.460472428507116,-2.476173978430183
-2.9297386852457192,-2.6941320755070612
-2.212097570382107,-2.173019633332851
-2.756863064889749,-2.5096912512213563
-0.239222013795454,-0.5145774822393904
-2.32136887226601,-1.866047676891129
-0.430771158333333,-0.6900333790264679
-2.874803198092502,-2.669759771073129
-1.078852240470779,-1.0104348041286464
-1.770418752882237,-2.2913375684455852
-0.8574706594736841,-1.502392349094326
-1.072467992738094,-1.4202771621344175
-3.116521979280619,-2.6325741659621387
-2.161481992956897,-2.4186783650766195
-2.599652345677773,-2.498471550206968
-2.083702273478524,-2.2286792317821487
-2.437817097952209,-2.402472257462967
-2.63308903141352,-2.548566352944364
-2.702834613037849,-2.665240526453353
-2.711249729121183,-2.671423366551416
-2.717304518055243,-2.669240969445597
-1.159467276062925,-1.3593952258609572
-1.255663569615384,-1.8781805594732786
-1.92696499576923,-1.8985492166312192
-1.823835586445624,-1.6939265935228833
-1.969291861428572,-1.9507002555725392
-1.944373283461538,-2.264131633115872
-2.016907164615384,-2.4220427459249927
-1.810101155,-1.835839305035305
-1.7460570564772722,-2.1116462819724777
-1.428108532142876,-1.256402856655034
-1.7236026880000002,-2.4630457835220128
-1.600054833166665,-1.6840296695446113
-1.810825605999998,-2.549600901534185
-2.315042295952381,-2.2893528725840673
-1.88765235,-2.497366849323982
-2.310161318214286,-2.0776905446862823
-2.077048730384615,-2.0778042572087587
-1.9302291096428568,-2.0725944310008275
-1.9804297134210511,-1.8818866791102562
-2.068585134233333,-2.0372209530172447
-1.7217127884999992,-2.002157856788952
-2.31999644952381,-2.448194682680369
-1.9187364857816087,-1.9942157758242998
-1.979870222916667,-2.114828270582985
-1.328342404285714,-1.3318605495445037
-2.01060831576923,-2.455439862979673
-1.526426246071428,-1.6620606763363992
-2.009660486499999,-2.2042429794699534
-2.005316944999999,-2.2530966026061092
-1.843273854090909,-1.7594924561894407
-2.589419343051282,-2.859205598882948
-2.425479831538461,-2.4943729530918763
-2.836145986128204,-2.8442223466838246
-2.515929143687003,-2.701776784824831
-2.678555380969054,-2.6372164403585936
-2.122180268444445,-2.550916840497236
-1.311024766893939,-1.1192327815642975
-2.023256349052632,-2.4899417341996424
-2.5606685724871783,-2.150173295469522
-1.013930407444443,-1.7970476061950176
-1.509473885989582,-2.264041594047215
-1.928055505694444,-2.1859853850281996
-2.856035180833333,-2.5215824802154825
-1.710629617727273,-1.8248236067327102
-1.75662196590909,-2.1376457040858745
-2.577631846764705,-2.646819009867912
-1.85679721590909,-1.8711042361598786
-1.947225000763889,-2.4807755166370313
-1.6127394830357131,-2.8182565755267763
-2.212177890157408,-2.4783663566719873
-2.526777520987395,-2.487034818496302
-2.653446005999999,-3.0899700428215255
-1.600620045264422,-1.871712160192268
-2.37575792162755,-2.403065197220756
-1.679816809850498,-2.462461526021609
-2.499110348431372,-2.4677933377981427
-2.621540029705881,-2.4786726871179012
-3.07096433903589,-2.5857509446923577
-2.905894588055556,-2.7841234500960246
-1.780480669271429,-2.253312533615942
-1.777842610771428,-2.0645226632350857
-2.352888780588236,-2.472011708100718
-2.565506678280423,-2.3963928447967557
-2.6197120456878302,-2.3886180634185417
-2.5541032545767197,-2.3061479328535923
-2.572073934206348,-2.3503733540011225
-2.242401183232815,-2.334301704180697
-2.358229964202208,-2.323989513954466
-2.363248830169751,-2.5306869742214397
-2.237781700744601,-2.36812376269878
-2.8468068199695957,-2.794654726331272
-2.215933592537834,-2.6673600540808415
-1.974750667433967,-2.289117469231539
-2.309844439204612,-2.311316243696025
-1.92524926733873,-2.108113097730765
-2.235573222392952,-2.4451683864792253
-2.517956578546798,-2.4977600678464214
-2.814589990916387,-2.599464663132653
-2.497921589401499,-2.270701333623287
-2.808577762886419,-2.742439319607687
-2.500586000163519,-2.5359296996498655
-2.968662731877278,-2.663502672215265
-2.653209083727012,-2.5873210717562194
-2.174012154334809,-2.2706118465481753
-2.6451487635690443,-2.765643200017825
-2.232348079686064,-2.2952672047535354
-2.514368926436064,-2.517452069590201
-2.556811496813219,-2.227272570647124
-2.355414388318321,-2.3537814100075556
-2.610638870364489,-2.4297031410082544
-2.352167853121795,-2.2885258311300274
-1.239497868873299,-1.450270595572747
-1.5131357032610842,-1.5667325006272723
-1.845857040984849,-1.988029418252978
-2.368701328791208,-2.0543765449622233
-2.347010148791208,-2.3830809615705832
-2.3335193772527463,-2.607029960749862
-1.699591537,-2.005255402798632
-1.678057365555555,-1.9087816696774156
-2.274198815984848,-2.2565509956089884
-1.810975869393939,-1.920189064324435
-2.996251845,-2.945857448004729
-2.089444236874999,-2.1204476091833833
-2.851670529027809,-2.6457501752340096
-2.474306230628352,-2.7388667247654057
-1.6993402817857142,-2.216347510853103
-1.696918182115384,-1.8745970858230765
-1.7916916269230772,-1.905042038537067
-0.9843716893125012,-0.9529817169301201
-1.6703400363461531,-2.3134249446211395
-1.458660788243535,-2.466008817478806
-2.437145035,-2.2409833680076474
-2.337351344565217,-2.1271265789065863
-2.164821830362317,-2.0278942164461835
-1.947362304924242,-2.0004470786652018
-1.380788468916666,-2.729286968614739
-2.574614389671814,-2.6327154951556397
-2.33302256125,-2.2096215840038678
-2.501444753249999,-2.4675831411453073
-2.042719812749999,-1.905945690846565
-1.6195214977499992,-1.4851613112415936
-1.56906395325,-1.8692716406743715
-2.010698294000001,-2.220900568708754
-2.503299783611112,-2.717214686882629
-1.958533805416666,-2.429269384618746
-2.099200858209877,-2.8739898459323228
-1.813121743398147,-2.1054713458302916
-2.112355526508233,-2.430734507655286
-2.432398993157349,-2.2924927441648877
-1.8964141835951471,-2.1510015919019665
-2.61534620370377,-2.578790431818667
-1.75472284094203,-2.358334412580323
-2.653723902826086,-2.6055920000653985
-2.493450898520818,-2.3388157953095283
-2.533679460192307,-2.333329222416166
-2.564559670185186,-1.6839798325354967
-2.831183797037037,-2.859026185578292
-2.810163555740741,-2.8124456572908323
-1.4719035014375002,-2.2468821564278407
-1.4719308331875,-2.041503786083717
-2.196014411521103,-2.0735584079840956
-2.284213469040231,-2.5229671235982387
-2.3084981347545157,-2.4805946652141238
-2.209230159364869,-2.226252654906591
-2.3434350899875263,-2.345065075953633
-2.218185777649363,-2.4983893805027173
-2.378155258734949,-2.3700760193925605
-1.001229911932773,-1.067674723020223
-2.126864173076923,-2.08470060163743
-2.463705317477778,-2.8658480099431585
-1.389915010113636,-1.8178315558488587
-2.324909601161765,-2.39669670972203
-1.942231522333333,-2.152943938215803
-1.9594191620370367,-1.5537131265530462
-1.877066480557691,-1.9861895067676363
-2.603018250365853,-2.62515965748548
-2.07195647497773,-2.36222171316448
-1.618795975771656,-1.5668657638602976
-2.137498867117347,-2.2963454755025996
-2.037539623731211,-2.206997836950282
-2.748948004696969,-2.752519872037474
-2.743375837045555,-2.411460594974875
-2.7633002241546283,-2.5034023898393696
-2.211344746485492,-2.3164614269393446
-2.5863547755040983,-2.492412172191611
-2.027212247578052,-2.3831226929200042
-2.325492173839314,-2.4363073636422676
-2.433116903636611,-2.608499138991782
-2.491941891717433,-2.4430216623698837
-2.382344844546493,-2.2634636347178163
-2.123394091768716,-2.431280791565846
-2.652221966622743,-2.470577465534247
-2.303588911302565,-2.400924558690521
-2.438765740743075,-2.3076719138581914
-1.477233700399495,-1.4693941479968342
-2.2761994524580222,-2.3636133869167084
-2.231166561630862,-2.464651090402369
-1.298968205392389,-1.7376803957643305
-2.410650117783035,-2.4179748303404334
-2.443965903345248,-2.4704655197028993
-1.624511353074913,-1.9725449551284797
-2.20064317854023,-2.382958513655184
-2.391054593085071,-2.4134300560718476
-2.208743401921715,-2.355246945280108
-2.261235652209303,-2.261011317826011
-1.9699761093348087,-2.2664629743841704
-2.096316820999484,-2.5557522692008554
-1.938140870269494,-2.2249149953765364
-2.035260943039764,-2.272338774416861
-2.041382013670395,-2.3646079697262676
-1.985946856473213,-2.280129164166796
-2.3750034018,-2.3506429167243654
-2.1130953277553752,-2.3195280303522194
-2.021848456405467,-2.4843536338442798
-2.962589080147059,-2.7146036649190464
-2.730032609770139,-2.59310488097376
-2.64776665914051,-2.3842140670229885
-2.7323896628066318,-2.6701653904390197
-2.495699727545577,-2.5722426570382915
-3.057379607663794,-2.8272073476335207
-2.2847868582049182,-2.563708354534979
-2.446984782691938,-2.5695714762335773
-2.465152730453455,-2.5331497709751347
-2.178675455141935,-2.442623195918771
-2.184491169374999,-2.184629662269021
-2.1836139025,-2.134132669211051
-2.180437679999999,-2.1475269573029188
-2.18104009125,-2.2326339719399533
-2.190560256562499,-2.0717590928465306
-2.180197120625,-2.1778719983469204
-2.18165659625,-2.1574792839241597
-2.1903476925,-2.170456489975597
-2.865173970999999,-2.4512530576629885
-1.458629158181818,-1.9053617062618051
-2.410133454935064,-2.3386928661493984
-1.543672295,-1.42573196887916
-3.329502641944446,-3.3386241614347845
-2.022696756666667,-2.3953570522976215
-3.311442006203702,-3.3261045625523638
-2.140316082222221,-3.2339537968273824
-3.273854661666666,-3.2398710867491216
-3.317423112222221,-3.3230783572846225
-2.305236911666666,-1.9623951997882023
-2.188273766666665,-2.434887333259143
-1.617213095416666,-1.7253353602279689
-1.777760717249998,-2.556809413252144
-1.9309384737499984,-2.5022173648951562
-2.6228449583333333,-2.594389396296434
-3.163984226666666,-2.5214253174920067
-3.182906400833333,-3.1647282148468143
-2.315005526249998,-2.248896969775402
-2.158982824166666,-2.5750472306965877
-3.275113600648146,-3.2864990441045734
-3.237745801111111,-3.0024164005983183
-2.37304279172619,-2.049653669014985
-3.264933481388889,-3.053117022931801
-3.30486013425926,-3.2846433566026194
-2.045622432314815,-2.796081266407611
-3.30309511277778,-3.0178335350196446
-2.078901624233332,-2.313859667137247
-1.448381621785714,-1.6421878382394532
-2.370661098833333,-2.515853212289651
-2.62405689,-2.6130377340407587
-1.704732234583332,-2.247578929306606
-2.214918839679804,-2.4042932326526376
-1.5256264849999992,-1.1898167687336767
-1.538808808999999,-1.395517774899074
-1.98548962739224,-1.9903999523126563
-1.961205790555554,-2.0018352368997254
-3.157249177222222,-2.5806575517040913
-3.279175164861111,-2.862938763651573
-2.8886354675,-3.1357837648872064
-1.8649676208333328,-2.03758617332862
-2.709974389166666,-2.7271452025699925
-2.7457271574999997,-2.5240080260322766
-2.28850792,-2.6577726357184868
-2.346025758499999,-3.1262550401591853
-2.145787471166667,-2.1426964263482104
-2.409013977083334,-2.451977721146492
-1.942283500654762,-1.9761412196724097
-2.560280628499998,-2.619844188519685
-1.433863569750001,-2.083450391665211
-2.54498483782091,-2.5860847314947235
-2.560774401481482,-2.3992729838924105
-2.756657644523808,-2.6977524045218657
-2.681892906111111,-2.3124699825297044
-2.688816068812262,-2.200315856476836
-1.752120892999998,-2.309731142136653
-2.8110356556196123,-2.8726833943007994
-2.143967177727272,-2.2567879531707082
-2.672509629,-2.7215784087735786
-2.5780566335,-2.7143979919015924
-2.279452549,-2.37254892651503
-2.391784851999999,-1.8674883573007788
-2.608180873,-2.650092954892408
-2.663015328,-2.5724249214604034
-2.429373616641351,-2.364025528634844
-1.9161186351136368,-2.651043595229768
-2.603991555999999,-2.485916011063811
-2.49996778125992,-2.4477094429406963
-2.517189992343073,-2.3967010866462255
-2.411782315,-2.8828261611648536
-2.436051941000001,-2.9947658569610796
-2.560821232999998,-2.6557777803259253
-2.650164957499999,-2.8507696953989017
-2.3447259974014782,-1.5982248922663904
-2.279918928333332,-2.0869363594953874
-1.437208741750002,-2.190252742136996
-3.58001398375,-3.086465230659903
-2.145863094959769,-2.172271958924377
-2.358283379940477,-2.6491332609385516
-2.491348323716929,-2.6020612231062152
-3.103403415789473,-2.6176757027232798
-3.350879025654762,-3.186903666260309
-3.211033771153846,-3.1252830227806867
-2.095575829375,-2.26460899037911
-2.556919393116882,-2.6318927368753866
-2.689101072023808,-2.2602524338559977
-2.669785819285713,-2.6331645548169886
-2.657839921071428,-1.7008651164270976
-1.112864384501915,-2.305525124827305
-1.701415623958333,-1.7138956361078848
-2.472349700997024,-2.763064068877844
-2.4783779801058192,-2.464957708360042
-3.086228743,-2.817432155651408
-3.128878083166667,-2.9496424403092196
-2.877325457,-2.707836258130095
-2.511424981499999,-2.4118709077036953
-2.9532242795,-2.6567513148716317
-1.741501380882352,-2.0021370770708096
-2.2618786684375,-2.1596784007021905
-2.516418642965368,-2.535067806208776
-2.499947684384921,-2.3096876717605674
-2.505321567050262,-2.6177176182162034
-2.163121958611111,-2.231337961297432
-2.446842509793102,-2.8293124150410414
-2.543734323520407,-2.6282771908562252
-3.027998928781511,-2.047030125631187
-2.784309477685186,-2.203471480843201
-2.368873922126437,-2.3634353420290934
-2.925349647954545,-2.2978748649241028
-2.375812148148149,-2.5660233572049735
-2.671873227079182,-2.6377831223163573
-2.659525187,-2.8204336042853924
-2.594690849,-2.719938422215552
-2.681302489767856,-2.474835396041812
-2.575366141446429,-2.614950235225037
-2.544104279041256,-2.4869259023227395
-2.0643671535,-2.0020423888117747
-2.955550162000001,-2.7962197368792716
-2.719376552666666,-2.6758375681587463
-2.269151468829364,-2.3020193616624804
-2.202097734940476,-2.3916832934118966
-2.345185899166667,-2.235706588703574
-2.96133452625,-2.6585493456684217
-2.5558304058,-2.386128735927378
-3.0662759705,-2.5289033234320275
-3.121935595666667,-2.744607653565567
-3.0862584675,-2.6306914887416055
-3.113751713666667,-2.6647171193035293
-3.022443909166668,-2.8346520062177833
-3.111030098500001,-2.7533789605197407
-2.9465436050000013,-2.8303391182108157
-3.05956385025,-2.9892354785589608
-2.9388034203916678,-2.9510333732805725
-2.207533469725001,-2.413414596483543
-2.4822156423916653,-2.3992709170756505
-2.8895061221379312,-2.8693095599432046
-2.409012613225,-2.711031652173953
-2.478732321681033,-2.5247545824557385
-2.727974288333333,-2.536159800431817
-2.260939558500001,-2.631239942141662
-2.720117146304598,-2.4075406476964183
-2.230546700793104,-2.3477096852513233
-1.730307628724999,-2.2544135539547185
-2.577525444891667,-2.4972244585650203
-2.734499136793103,-2.753942189236376
-2.883098155,-2.576125360533558
-2.208315371416665,-2.477199151186011
-2.9272165753045973,-2.8964389083496385
-2.392116216804596,-2.819553235717881
-2.863551791724999,-2.7830150735795542
-2.8783435038916663,-2.834892592435993
-2.425233589725,-2.3955126300363143
-2.791639597137931,-2.803116638417183
-2.7819652076379318,-2.3789332359379034
-2.810496332225,-2.7203485852307474
-2.893746595137931,-2.754126053976553
-2.4898946800977,-2.514294961747531
-2.863351370224999,-2.831732519333733
-2.743557708225,-2.6029229180900835
-2.532502573391666,-2.4771473336469283
-2.720760687304597,-2.4875574254984634
-2.647926801833333,-2.396136284392441
-2.839973089304597,-2.8112903712982513
-2.820778298725,-2.9252877829658908
-2.48992279138793,-2.5467827173326336
-2.657176452181033,-2.693263723857359
-2.682671373931033,-2.671096489592969
-2.258123517444805,-2.1682840304328668
-2.291984825137932,-2.8204570891490497
-2.818647699554597,-2.6693124320384656
-2.875538655725,-2.7414594723188737
-2.851047782891667,-2.8132620564844553
-2.892787356724999,-2.9170595232571093
-2.647074470333332,-2.2906491935977837
-2.380788189102564,-2.3265921339219875
-2.890700132,-2.001334755436133
-2.81037581595396,-2.7582312261150634
-2.803679728646266,-2.7327067505614715
-2.806768939415498,-2.767524276356285
-2.346228930688709,-2.3430055893680732
-2.42167491485119,-2.719126357195517
-2.8462178882931037,-2.6671252152478426
-2.914788871,-2.520784983698368
-1.4424206348472222,-2.3131378234365134
-1.4692841237361112,-1.8536210754029143
-2.525338647962963,-2.177462954528004
-2.44123913388889,-2.3722550834295304
-2.729680524642858,-2.074121070425047
-2.93107879090909,-2.4024773308566396
-1.93316775840909,-1.9313527018933994
-2.27656303590909,-2.1897606138142685
-2.503737767142856,-2.107769605750913
-2.359123784740259,-2.30803043563051
-2.123354522727272,-2.1005212802612725
-2.875526185000001,-2.3997148133425186
-1.88802101840909,-1.9559108755989367
-2.732290424464286,-1.7483397665188636
-2.94616747951923,-2.8833046902732993
-2.507513225416667,-2.438935993060092
-2.15473907735294,-2.029893295574115
-3.094720945350876,-2.250586497068101
-1.530240159000001,-1.6727637773829387
-1.6878804804545462,-1.6477859709250224
-1.946915806944443,-2.043194738019113
-1.854503409305555,-2.543406665209367
-2.334682275000001,-2.3808606561060164
-2.360401465555556,-2.4498235201408445
-2.453547619166666,-2.190454459105229
-2.013348204090908,-1.5730640382557441
-2.6117525587499992,-2.507102274949602
-2.245235919698275,-2.479917685896015
-1.8255250661176472,-1.2756980718735114
-1.8444932040384607,-2.1307211888854023
-2.660715329375,-2.4607396510799475
-2.6575918316666662,-2.478347130836046
-2.6608461868055557,-2.4036209175883716
-2.656026314305555,-2.363395201599147
-2.477413577619047,-2.655101344695416
-2.476933429197993,-2.399065955235612
-2.484256281821429,-2.623610604453099
-2.671693730208332,-2.65727643322973
-2.484275819236111,-2.504699555293129
-2.628959178611111,-2.4956244219632397
-2.487807592361111,-2.4457617606788253
-2.506151887499999,-2.503271772212335
-2.5078555927777773,-2.487444368787128
-2.638217751221264,-2.6137557129108906
-2.646561712471264,-2.5977450458407234
-2.654935861458334,-2.001370745527838
-1.915357530972221,-2.333862764007167
-2.597089624554597,-2.4502099876443246
-2.653592392471266,-2.5361204527714523
-1.495319213461538,-1.1695796141142325
-2.377088294166666,-2.259519431001763
-2.354457971805556,-2.321335931255175
-2.668482140694443,-2.6474207401980543
-2.351124633749999,-2.309125595699036
-2.36571629875,-2.3406802142442915
-2.76785060653846,-2.53642431949837
-2.379824535972221,-2.311382338754528
-2.065498311282051,-1.4588784831287744
-1.9243642434615384,-1.9585991048380997
-2.100044560835543,-2.12076035386476
-2.713646580934663,-2.899997577438087
-2.070765568596491,-2.1949174685390207
-2.356339737539682,-2.545192736086061
-2.44617683454386,-2.223009733862205
-2.655209157466665,-1.8667814277916914
-2.694899280499999,-2.6950786626191516
-2.604790827444445,-2.252838481071054
-2.103113212754515,-1.9359500692313945
-2.599648561920497,-2.5857954795591582
-2.5768881642361112,-2.575302822603065
-2.310962862499998,-2.400074701084057
-2.07468559875,-2.2896489389699655
-2.147972214249999,-2.0824149157932843
-2.395191347884615,-2.3477572510724003
-2.403325858205128,-2.255807569266282
-1.9957553636274497,-1.9366070324575557
-1.982499053039214,-1.9447992957156988
-2.173857955063218,-2.040947777341835
-2.247668473666666,-2.7171490207346984
-2.110001612666666,-2.0684192723257184
-2.373262855166667,-2.661862448312134
-2.404083534563218,-1.9805331230150862
-2.144770536904762,-2.1861138151335084
-2.8144427359999997,-2.835621402072983
-2.143203441456896,-2.119159350383192
-2.146792943012821,-2.2519311629977343
-2.910924030499999,-2.8071302815535106
-2.6624941852222213,-2.54005302764371
-2.663624927888888,-2.5203705838277615
-2.767006752916666,-2.290969900006933
-2.877668525485482,-1.8644077169530846
-2.05818200590909,-2.218885944591426
-2.000729789999999,-2.217703047169625
-2.181867512499999,-2.3644893643288643
-1.947416420624999,-2.1557432069282743
-2.248275459285715,-2.2476134366085283
-1.750911648148149,-2.051447681089183
-1.975592756249999,-2.3651967759399404
-2.494467935441175,-2.4936794121890267
-2.718853712549018,-2.655394790400695
-2.760625001764706,-2.6347529595883885
-2.693502823235293,-1.9792497392097759
-2.742251112843137,-2.637693783403766
-2.746300615,-2.7610029464458554
-2.720304992647057,-2.7155170982040344
-2.454305197307692,-2.8547436852277444
-2.302265464583333,-2.223100383109209
-2.7872313581372543,-2.6859402726553507
-3.006730109829544,-2.8025533001245226
-2.228646656711538,-2.184632982663891
-2.579305248742236,-2.727003475779527
-2.208757912184524,-2.229630531429104
-2.319179365714286,-2.1618041803188457
-2.209880723166666,-2.362353076903868
-1.408657404595959,-3.0680727049045147
-2.597877944961685,-2.649320563291936
-3.116453225632183,-2.7247686540271023
-2.779990600866666,-2.8548851915263795
-2.262974589563218,-2.39351115282692
-2.555746231628352,-2.441971430290898
-2.274927868928571,-2.0304137477681583
-2.305504829523809,-2.377714339019485
-2.482790629138321,-2.0439550633316146
-3.04800620575,-2.6601488802931827
-1.46677515451322,-1.5127293504381556
-2.204790990294117,-1.9558285580393486
-2.19337880617647,-2.0397516509582436
-2.215550446724137,-2.0188945193473247
-2.547652140952381,-2.701642125138243
-3.197089119886364,-2.919192322288043
-2.228919877261904,-1.91951568502073
-2.461930786820689,-2.405992798519308
-2.447279826866666,-2.448617911973428
-2.357783247533332,-2.367320256967969
-2.563480612572415,-2.614144323463917
-2.533317162933333,-2.4896613260566864
-2.540459035399999,-2.484040554702121
-2.433982476066667,-2.526983550161375
-2.574207974105748,-2.4917384998445553
-2.568675322133333,-2.5192162885141403
-2.578939970533333,-2.5614545442889414
-2.591263523333333,-2.573683225776571
-2.842544778418103,-3.0087007996169253
-2.337555783933331,-2.4269236992624696
-2.531262675372415,-2.5193371335716708
-2.422287630400001,-2.136018580959555
-2.5583171694,-2.5331211363703807
-3.03323918727314,-3.0576996597622244
-2.1823504298571432,-2.010235900471463
-2.211236309189188,-2.151785206970892
-1.770014516589196,-2.030839866547075
-2.170084131875653,-2.1630154241145756
-2.6882984611627903,-2.6887483185166916
-2.182249405922213,-2.1131993419893895
-2.227268613953443,-2.2907645350854002
-1.335382447654136,-1.799561631859858
-1.46745752625,-2.46174303207326
-1.368032654999999,-1.3048338094804612
-1.192572768125,-1.9391439346962915
-1.2427507216666671,-1.983050443852433
-1.427995825312499,-2.0868539632415017
-2.023126442777778,-2.0879148561057463
-2.199322245833333,-1.7450724234499864
-1.951375469,-2.6720829221763864
-1.774976544310345,-2.3133600348927676
-1.494205457187499,-2.0588257911324255
-1.836257250333333,-2.912911521190156
-2.721021712249999,-2.9026765537372463
-2.646509484374998,-2.747273460073303
-2.881206051122449,-3.264441222060625
-1.587311184285714,-0.8351750294432844
-1.630391092916666,-2.4420597415903282
-2.302412865,-1.6631469136786463
-1.4988049775,-2.3949875054390897
-1.45180559734326,-2.415000403930969
-1.961743484090909,-2.3530142419630673
-1.8356684158333327,-2.9840034489573037
-2.392583402142856,-2.063437365162137
-1.579900850357142,-2.1640287809673926
-1.574990760357142,-1.0364001028943433
-1.425860090999999,-1.4842347768021762
-2.247920941071428,-2.4384411681586617
-2.009599506,-2.1196281185991115
-0.7738951664062481,-1.4395430966221232
-0.643201676406249,-1.5749970293828528
-2.150178460441175,-1.4865145996849092
-1.842055654285713,-1.9715789136499464
-1.639232371249999,-2.1042183741432843
-1.9143529824285688,-1.5615513942057206
-0.8976305507812491,-0.8510331786284987
-1.794121224464285,-1.1539010003597066
-0.7876428866071431,-1.0675584678496863
-1.823653553749999,-2.6740679117064956
-1.8014078649999972,-1.634951906821463
-0.8257759216071421,-1.3518603543600423
-1.891905452826086,-1.652015100295088
-2.003563805869564,-1.9224788993691646
-0.9742906963793092,-1.6756795950167094
-1.2880203396428551,-2.0029055138839986
-0.9362300285491052,-0.9022840485535717
-0.922036687812499,-0.8043546705714334
-0.679851513374998,-1.1569279371420549
-0.8435905412499991,-1.4792408763475708
-1.070172342699999,-2.1551795630177817
-0.317591679565216,-1.3714474212659045
-2.198542333333333,-2.2804922996813963
-0.543601461666666,-0.6734231714197945
-0.5592520466463411,-0.5203225473345985
-0.185136490925925,-1.4934234675831752
-1.089039348518519,-1.9733166299329359
-0.698483738606769,-0.6686344262015183
-1.119460227499998,-1.2773668933656563
-1.6993236903125,-1.8017453668882712
-2.124230686619318,-2.079530835177084
-1.027765066749999,-0.7434033041193845
-0.8655152778409041,-0.7911081459783347
-0.961700991322216,-1.105781849742724
-0.9624543522395832,-0.9624866673172064
-0.962250998072916,-0.962194771791697
-0.96252313640625,-0.9625073400113235
-0.96210754340625,-0.9621155143630181
-0.962344216656249,-0.9623422680086052
-0.962300640572916,-0.9622962647069747
-0.9619335808883932,-1.2134671164098392
-0.95078232343006,-0.9507828350967251
-0.9504746987078372,-0.9504713482368222
-0.962023470572916,-1.2025365811468738
-0.961122745572916,-2.2341525349178175
-0.959653981406251,-1.700990356968482
-0.9620232339062492,-1.2029947069289
-0.496377133541666,-1.523000973586908
-0.8663840866071421,-1.251165044331351
-0.866643078035714,-1.1988895426712511
-1.079045481607142,-0.9392685675274366
-0.7803547551785711,-0.8791155688398753
-1.077456207321427,-1.173747392793721
-1.242468616022726,-1.220943936759792
-1.875742454999999,-1.0086183204921049
-0.792174898239792,-1.023410273371813
-1.047598752857139,-1.0592225044115247
-0.7357006599739541,-1.3876179113392226
-1.046111127321427,-1.1864062538467837
-1.189737413749999,-1.5729145516473428
-2.297015787812499,-1.7733590495625453
-1.061173488841269,-1.0605705020411482
-1.060527731285714,-1.0629376916854436
-1.060542670174603,-1.3372465733580874
-2.062655861944444,-1.1072776824812833
-1.780765499782607,-1.919074300500015
-0.712288910375745,-1.2485280608395857
-2.010336966458333,-1.9898519267839727
-1.062608932007936,-1.0773384015084078
-1.121298877964668,-1.1174345279885498
-1.12158388877112,-1.1215821389920182
-1.028982239107138,-1.4225334990227063
-0.026998848398811,-0.6523706311940396
-0.6451603524609371,-0.9362829945474351
-0.640931413125,-0.7465055814417321
-0.636034740585937,-0.668320701093737
-0.178913012352941,-0.43865030591207876
-0.301684750254789,-1.5069132018309774
-0.996167107460936,-1.0555646332841413
-0.446611221017219,-1.0287250090247786
-0.757342617916666,-1.116070049623368
-0.8898318270833321,-0.79106663247643
-0.6019061065624991,-1.3273380487276167
-1.081724485624999,-2.3683627317358256
-1.000707174384921,-1.7835835660461843
-1.128061952083333,-2.0858932292443866
-1.00157198986453,-1.021694459053575
-1.001733216761083,-0.9958506502940149
-1.001518707364531,-1.000213970187566
-0.916541355916666,-1.511703538910954
-1.001562400812806,-1.0015698646996134
-1.184043788285713,-1.187403925458325
-1.075971276789054,-1.0148020465070346
-1.08457020151266,-1.053800733342748
-0.974498421411862,-1.083665530418057
-0.962461010208334,-0.9718452138485931
-0.951702631874998,-1.0025675178739726
-0.9644498168750012,-1.0230776187153834
-0.8370842072916651,-0.955203834463274
-0.900574325208332,-0.9086662656916439
-0.921363480208332,-0.9386490237877413
-0.921263456041666,-0.9275745535582729
-0.906229715208332,-0.9159695343061586
-1.888405173142856,-2.1302902496276284
-1.034332540538194,-1.1037812601154824
-0.6497182568750121,-0.6517441647735621
-0.6273845346527921,-0.6466782610014432
-0.7403665539583291,-0.7402263127083298
-0.6342752045833321,-0.6326580561637224
-0.8371937383333381,-0.8313880150000044
-0.74037636645833,-0.7401795014402134
-0.636692752916663,-0.6406142845501199
-0.6868482622916751,-0.6883362451449387
-0.651270362083333,-0.6487668304470965
-0.570900736406249,-0.5070641550551237
-0.7405068031249961,-0.7405462490126773
-0.33383324088542,-0.33067703951653243
-0.8201170525000041,-0.8152469658559807
-0.8369945266666711,-0.8368384205978304
-0.6366603870833341,-0.6368692187499992
-0.7040366114583441,-0.7047892291395049
-0.6859351881250101,-0.6904602231713916
-0.7569645464583291,-0.7514324043206496
-1.0362119278571411,-1.2238051338545517
-1.82346250392857,-1.6684838603087424
-0.407348681562505,-0.42572771899909784
-0.430479184642856,-0.6707312076588243
-0.314149937611111,-1.7633338653179056
-0.7898154766666651,-0.8057109788633621
-0.898522817083332,-0.8565964114343398
-0.411806855468749,-0.40113547738262495
-0.6995491690972371,-0.6935336252400529
-0.37839611173611,-0.45478086177438043
-0.8012280182638971,-0.7972749227279637
-1.05750460730769,-1.416340343448305
-0.813296359977678,-0.6565175972185211
-0.8047744168749991,-0.8065556058648938
-0.761647303958331,-0.7671641861639492
-0.777814518125,-0.7776514593297091
-0.8576554283333301,-0.8579424934782555
-0.727211084166683,-0.775308415902713
-0.7107062033333491,-0.7104479888224798
-0.7269717950000161,-0.7768344191575435
-0.375024952550001,-0.7692341603362687
-0.93897091767949,-0.9191870467876504
-1.183011413397435,-1.7022299399706013
-0.9943389080855852,-1.2458243200591794
-0.8797867568750011,-1.000422258537244
-0.8694221118750011,-1.070962747685013
-1.292232199791666,-1.3899880618640672
-0.8851230854687481,-1.2955750515273123
-0.9142677503333312,-1.287648024033531
-1.289699437083333,-1.330377443647197
-1.289077672916665,-1.4002505982210913
-0.7997583929166671,-0.908541388001135
-1.34242177076923,-1.4805567956798857
-0.355704667395831,-0.3626364921150344
-0.356305521562494,-0.36318419563858423
-0.684087393541662,-0.6866255363375562
-0.429427245892859,-1.1739874034156157
-0.301248878782739,-1.2750871669931052
-1.044239608571427,-1.2564487328677227
-1.593449684322916,-1.2677014033425582
-1.686310688906248,-1.3721813769474362
-1.631051361874998,-1.4954736962680253
-1.591174854531262,-1.2298382990098289
-1.59301068328126,-1.4977779760054666
-1.053339290714285,-1.055613135207717
-0.699669817142855,-0.718365050328331
-0.388733632857127,-0.7570187910521142
-1.168626543333333,-1.999472168824359
-1.588405923489585,-1.551503134632344
-1.581217371822916,-1.8387277964290578
-1.150238291785713,-1.1357431331682923
-2.279969743203125,-1.9999549522013345
-1.561600344791656,-0.7106620237757229
-0.594400572996031,-1.6741732129494835
-0.8920867621798011,-1.0618027854916585
-1.014379339502746,-1.2182966841975784
-1.044429628095243,-1.0783221491370347
-1.6841397852083322,-1.8573086899027311
-0.457303506406252,-1.014704198402269
-1.752400725,-2.022802594784819
-1.449014392777778,-1.6267875382295183
-0.583769869843747,-0.6873278419171599
-0.6055132236363631,-0.7677881293690452
-0.423170259375001,-0.7034826192491563
-0.78785236340625,-1.0401800805270036
-1.2682848381249991,-1.2462860279553238
-1.967056765833332,-1.554925855342261
-1.624224324074074,-1.1646662544897395
-1.116282527499999,-1.1445745020831233
-1.13527165642857,-1.4778916046667643
-1.966379829583333,-1.2831029753330174
-1.297852007868777,-1.1333072573638874
-1.9240625094444432,-1.266645206981878
-0.6030350574999991,-1.09091591430613
-1.91560955236111,-0.8194785259234921
-1.9047816453125,-1.5192651860631758
-1.922079287916668,-0.8624574371130436
-1.657662942859194,-0.9476274738423602
-1.507553859125,-1.280033711731526
-1.348462691541666,-1.4063007417213271
-1.293870691812499,-1.2070688407817138
-0.6947142281249981,-0.7598954324277054
-1.4706447307870372,-1.9986004713511027
-1.8994435972959192,-1.971424276176032
-1.96506136703544,-1.7995955846482083
-1.350806480185184,-1.5391100262591884
-1.7073151706715062,-2.0346179229853427
-1.9235822532291664,-2.001952351718671
-2.270457513730158,-2.2871819310941057
-2.285341291825396,-2.3156764063888
-2.282444884206348,-2.363920418435248
-0.523761019583333,-1.3204121327362572
-1.365792348981481,-1.5385375749709882
-0.8246716286029401,-1.6538183139844078
-0.212632069758065,-0.6998392647323807
-0.139529359270833,-1.030623449919849
-0.199436317465275,-1.6452356063890663
-1.120346294499994,-0.9770002927757185
-0.5254914395974241,-1.4412554755953866
-0.408675473489585,-1.000631470338045
-0.409857308072917,-0.8257575485707173
-0.573292520416664,-0.9896684765421296
-0.530609594180757,-0.6295122320816942
-1.615130286,-1.8622929303139144
-0.907607542999999,-1.0501188599960354
-0.6576931637857131,-0.658611700544922
-1.781498495219298,-2.456069068315464
-0.914884422083332,-0.9202725482939961
-1.043014072708333,-0.8975871161342144
-0.667444031071427,-0.7818874386259802
-0.941036904999999,-0.9851347209276085
-0.973086576785714,-1.2806835250440236
-0.997331535880951,-1.897154719181885
-0.6722343421071421,-1.2679319614992515
-0.6908516649999991,-1.0401143186619592
-1.084312144687499,-1.1634442453355696
-0.7149766524999991,-1.083398840562571
-0.8383718468374891,-1.1665637869761674
-0.6148252997058811,-0.7323073553132327
-0.8295413326562511,-0.880581050352043
-2.722424895,-1.459288863441088
-0.387808171457142,-1.0772284971883537
-1.349249576911765,-0.7677728819303675
-1.005112281205354,-1.1030618262945402
-0.265667770271294,-0.9611551912016136
-0.275765569598212,-0.932843579267665
-0.8680332296666661,-1.5301789194507605
-0.7809892127330721,-0.9369708659373714
-0.560269797,-1.2872716417562948
-0.418212242749999,-1.388245254020066
-0.8109799696276041,-1.3626256561184953
-1.469203079999999,-1.4901182960465171
-1.464414154090907,-1.5158268811310902
-1.764306700510856,-1.8266926428973118
-1.733723846066412,-1.8985742188132029
-1.739586764399745,-1.9357598884189584
-0.6716761982407401,-0.6946744295944383
-0.6304044837962961,-1.9005438163796953
-0.319815881194853,-1.2471753902245206
-1.6435172180263131,-0.9534462505316939
-1.650922205719296,-1.6107670218286174
-1.486922169999999,-1.8701219480942852
-2.3413110421777352,-2.2588912923763416
-1.7569074757792191,-1.44600105127642
-0.53413887625,-1.096934087934082
-0.468166617472527,-1.2466372474422351
-1.1986462129375,-1.9961502101058077
-0.320276627777778,-0.927075211223666
-0.287839268802083,-2.68047898486117
-0.322508141499999,-1.937251743841227
-0.367151567666666,-1.737095130864607
-0.891555477974137,-1.7070447946160234
-1.044244286957141,-1.1398846193872685
-1.226900747541666,-1.5987606594829518
-1.114201416428571,-1.159932889784134
-0.9727562208333332,-1.2147540067782912
-1.182777544642856,-1.8111982278480543
-0.6623738170833361,-0.6728419755612063
-1.169743164999999,-1.9850368811093788
-2.067490063,-0.9172822994110402
-0.7979409535487001,-1.7298251816635477
-0.933161731736452,-1.0340583019716258
-0.641402386374458,-1.8177300620665977
-0.338825210782738,-1.2826790067685305
-1.580356138571429,-2.06291592608671
-2.151375182452108,-2.3229098227928624
-1.858549197941177,-2.4010475975281467
-1.8637996989706,-2.141564263371693
-1.153065220119047,-0.9068579810941624
-1.767422012241378,-2.3565218512130635
-0.6316266425757591,-1.0884006254409346
-0.707342042023809,-0.8492961955404527
-1.099962459500002,-2.270330290681783
-0.992738863224138,-1.0645987473599556
-1.9448106613271592,-2.114836087779542
-2.152121861099403,-1.7891073392769552
-0.5913392163112791,-0.6020717773244513
-0.372202277673611,-1.074482661018728
-0.8052837649166631,-1.116013893740912
-0.832183550204669,-2.013906945978571
-0.403449692812506,-0.7624289590698173
-1.7633620660999991,-1.8221157556094911
-0.395958504358547,-0.9105278573536515
-1.582359658397436,-1.8336175409585176
-0.9841099063095232,-1.1407624618704943
-0.250111398906248,-0.7987581855304045
-1.136182761785713,-1.6123358671086658
-0.177533570491068,-1.3252411858036146
-0.192763776406248,-0.7064960167226089
-1.032703557083332,-1.5150882076867074
-1.181014803214285,-1.5467810234280726
-1.151684633526786,-1.5297228405545489
-0.566105210208332,-0.9517856434577745
-0.316625607916666,-1.2228099384367201
-0.5979237114682521,-1.2939813766591945
-0.5725541633333341,-0.9150838883951439
-0.5905719459375021,-0.6843375877695833
-0.153785503906249,-0.8463470592293278
-0.5667479776388891,-0.6650422321712465
-0.47151298855123,-0.88216110024319
-1.938461452890624,-2.1561014964994176
-1.118060334027777,-1.149350708185086
-2.196961363392856,-2.2313222846630993
-0.955573647431034,-0.8943554659419803
-0.537853720947412,-0.9257948150562226
-1.839902485166666,-1.5671677693664712
-1.152291726305554,-0.9374415898383142
-1.271056237424242,-2.3796323797255066
-1.815229022361109,-1.796868933112336
-0.731129418398146,-1.0406397918844381
-2.14160334219697,-2.2568615082168977
-0.553582197348484,-1.054117921798351
-1.209506117689655,-1.2937835918324734
-0.8903663961344531,-0.9779259848213602
-2.04098646925,-1.9127342481184448
-2.080679546145834,-2.146974951032121
-0.63380179047619,-0.620671940508736
-1.962743718287499,-1.3655415003792886
-1.993167136533331,-1.2556317505018029
-0.173465543458331,-0.7899462890428753
-0.9438673709999992,-1.06071915762764
-0.9498377925,-0.6894109172415331
-0.375935072832028,-0.9083892876272597
-1.7599323115441172,-2.389242909967767
-1.036312138214285,-1.1827110964742058
-0.495418450714285,-1.7363172991520428
-1.803163485769232,-1.9729359137712388
-1.130440239323528,-1.1238525892591065
-0.6089930461764721,-1.2689489603828787
-0.7346905439583311,-0.9909176309343869
-0.319822018053151,-0.7357498984363741
-1.603971059166665,-0.7909613100138858
-2.103376007341269,-2.305029874751967
-1.871448981408046,-2.015067210831289
-0.221898186282051,-0.6507423497512878
-0.356000306290321,-2.022809724661843
-1.51924776875,-1.3946038011627053
-0.7600440034615381,-1.734688552976937
-0.5472571222537861,-1.278822797005976
-0.436201956969695,-0.9471817772647012
-0.521505182884605,-0.9317536671520097
-0.822465349807691,-0.8432482941505051
-0.564335487763156,-0.9032977103459018
-0.440548647869315,-1.4509673554054663
-1.046912921609194,-1.0806826223015107
-2.881236617700001,-2.210375724269287
-1.043002797941175,-0.8075093566175914
-0.6540880306786021,-0.6499549194370633
-1.710180376617647,-2.4641838263606615
-0.454317721498016,-0.8061480357447949
-0.200290888281251,-0.7472271075014006
-0.6158170607608671,-0.7102566282889667
-1.528057044758063,-0.8976591610844673
-1.588929315647726,-1.0674687637840978
-0.6386233828676451,-1.0752256069223782
-0.38690704640625,-0.4053136562377054
-0.393388538906251,-1.3527483850015145
-1.552027074999999,-1.268745457307564
-0.7452037152499981,-0.6807953870417066
-0.405286348933821,-0.8621671087915105
-1.703901759999997,-0.9684293409391234
-0.626693228981483,-1.3429814377571792
-1.304293756499998,-0.9665289139703482
-1.733499701388887,-1.5412096124449293
-1.297493524499997,-1.3334345917879435
-1.880788701874999,-0.8198935660990171
-1.564866143214284,-1.8498547448713683
-1.607678309285713,-1.313396760295968
-1.223231063499998,-0.7531940416092762
-1.8143456282954544,-2.6856878778503424
-1.588682956785712,-0.966746431592923
-0.7322082604999981,-1.0526439959449352
-1.274180585092592,-1.2923416611705831
-1.678317246785714,-1.0445655421308138
-1.276139485499998,-1.2323609082669478
-1.287100282687501,-1.0914669920387667
-0.407239591782736,-1.216675126104164
-1.6754186795370352,-1.525281105301954
-1.320681702999998,-1.3145522220820347
-1.19166455490476,-1.1924222081420317
-0.8508673041249981,-1.1042963185223433
-1.18001691310476,-1.2445104768745885
-0.6455925621428581,-1.0697363869903267
-1.7935577528472222,-1.8855457262050819
-0.5008193689457551,-0.8988312978209259
-0.6800324797108841,-0.9820519474094623
-1.140699378571428,-0.9948592891963713
-1.052219424607147,-1.0827686341824874
-0.9168598063282892,-0.9295595237558851
-2.467599055312499,-1.3407000248435528
-0.6941361497619031,-0.9693966751359919
-2.275660020382107,-2.474727430285045
-2.003946511180555,-2.0756487002758597
-1.835999781072796,-1.8448182117297747
-0.8564255769999991,-2.1564559100615925
-2.059949830273109,-2.05671170497613
-2.712845088960981,-2.66438264412967
-2.673453923083788,-2.33479584977453
-2.265354081394783,-2.305079422536157
-2.297741952142647,-2.458952454541863
-2.475174166410046,-2.743560623775031
-2.534791169941793,-2.5681843917327396
-2.341583002536947,-2.5110179051938872
-2.599356213231391,-2.4261303685177413
-2.317781180916575,-2.6474586893138707
-2.331508542391444,-2.4877123971625412
-2.292614619180279,-2.4277969288373855
-2.5062957684847893,-2.4556836720677264
-2.391448087373564,-2.4593858398335526
-2.607191573248564,-2.3312347973750387
-1.028475990222223,-1.018862345954453
-0.944395865937499,-1.1805714110698518
-0.457951257968748,-0.7058056399078676
-0.7331438765,-0.9527050308702031
-1.372541168958332,-1.2493743898859262
-0.792442982833334,-0.9829265700373532
-1.86761311837963,-2.2294087646328604
-1.976610498377192,-2.41805666259474
-2.308120350220589,-2.4503540185296706
-2.327102009240196,-2.3716308187030553
-2.319540240612746,-2.2469766961741127
-2.446102053764368,-2.715488840222032
-2.380851151855717,-2.500007685139033
-2.405703946932647,-2.323031070006686
-2.569545429497925,-2.379486778363197
-2.266556096677151,-2.6299824186454046
-2.535446870210981,-2.299424573501461
-2.776549631894397,-2.5008157554280093
-2.451660114069365,-2.7537744865341844
-2.431927747708886,-2.5190626666719016
-2.765768363184666,-2.7333496792917895
-2.6493475579016152,-2.684962691444419
-2.620841201122132,-2.5069740387376274
-2.422143642113124,-2.7568001676389273
-2.5070571434174878,-2.565472372705432
-2.388397398269397,-2.386234048499664
-0.340693383292682,-0.7131281653098528
-0.8848432061666661,-0.8129944914347188
-1.754651519239129,-1.7047467028478764
-1.587026506086955,-1.9894059153864578
-0.639291724166665,-0.8725353516563333
-1.1260816964999991,-1.0661028608558454
-1.139831664999998,-1.1381450809057954
-2.168301205420169,-2.4221651228335017
-2.210692780539592,-2.149816588180016
-2.335830718444171,-2.373073267559691
-2.3848791349541782,-2.3261115551631066
-2.554801447465106,-2.499514202906039
-0.792660563630949,-1.2019206737015944
-2.419574948157605,-2.3557915422462874
-2.7595629966618773,-2.782861192653486
-2.534996811831021,-2.6122596558863864
-2.501082584830305,-2.6120707286697558
-2.227670547127602,-2.552350954621739
-2.067591321860838,-2.1767285154037825
-1.091414814749998,-0.9717963238231349
-2.2805342139294043,-2.3194738456784534
-2.159045697575123,-2.1562254982509548
-0.5594446886666671,-0.8133210872849637
-0.5787556264299171,-0.8294680498416827
-0.9574430648437492,-1.9691833861492487
-0.373068869375003,-1.1993443120882257
-0.361949071597226,-0.9908890884360102
-0.276705684375002,-1.8126254585617356
-1.768713978323863,-1.2568018706552275
-1.956044023793103,-1.2770666715657348
-1.94541938,-1.661755361929288
-1.933338595517241,-1.4775587888411763
-1.98548949137931,-2.009770969510241
-3.3584037165,-2.6383942809166725
-3.246115302884616,-2.812135626497221
-3.059662738242528,-2.676185570176459
-2.976234489742528,-2.353891256169993
-2.963487972818965,-2.5102670939204734
-2.852127680450001,-2.210920713236477
-2.844397452450001,-2.673618241893235
-2.427372985714285,-2.6398913842175253
-3.335345201379311,-3.1914317076193064
-2.958365908586208,-2.771296121549748
-2.602793055555556,-2.73905241543568
0.121676485357143,-1.6122703401412728
-0.106404457749999,-0.17915113609426528
-0.300212524663455,-1.433291746828561
-0.027807742222222,-0.5687211634778747
-0.023970549027778,-0.2490706816213269
-0.092074158958334,-0.3171374682470074
-3.328620551666667,-3.0720357181766986
-3.454227132777779,-1.5887422463990861
-3.464416747777778,-3.187987851965523
-3.390097015694445,-2.6382971377388778
-3.505014124444444,-3.064329670194311
-3.433592911527778,-3.1138969926024633
-3.442752224444444,-2.6302361265367327
-3.752069025677082,-3.26059675947975
-3.613995620555555,-2.9166500478478725
-3.169513764833335,-2.2386214001557114
-2.960710096805556,-2.356308410163796
-2.033745003499362,-1.950054726481365
-1.916160810323756,-1.9490260882079848
-3.703486623611111,-2.806666863926294
-1.9756995158912032,-2.2733072744690968
-2.961131424511889,-2.6554725668378176
-3.551662291666667,-2.4254261188358694
-3.551577543666666,-2.9291071749589324
-3.230934103888889,-2.870287299059515
-2.9546040562528733,-2.5989931745602366
-2.903543185833335,-2.765984663309282
-3.527734468666666,-2.581965229570231
-2.683055854666666,-2.443481922129059
-2.730494912916667,-2.2575733222044105
-1.872129730694444,-2.141449145229215
-2.981954403333334,-3.0688548868331567
-2.7069040842296923,-2.688951326602504
-2.697939042666667,-3.0922267345209566
-2.729712792666666,-2.898478568210005
-2.725401510666666,-2.5177093213704764
-2.353875447638889,-2.0426326874586143
-2.348202192222222,-1.8858487168499534
-2.5965887846666678,-1.8492323278170588
-2.5418407671726198,-2.551657494814082
-1.588837904833334,-2.6116695901885882
-2.693698897604167,-2.8637242728683345
-2.5355466347835502,-2.282916035360167
-3.563759733333334,-2.220004429016384
-3.29867361162037,-2.739424954200649
-2.7088778324281613,-2.768531542773898
-2.211851757007574,-2.118250293029917
-3.848928632604167,-2.9080505697267007
-2.254204047916664,-1.65999286447488
-2.894614254252874,-2.4312170230669388
-3.828376365416666,-3.3245425522505654
-3.878109022083332,-3.514550881205938
-2.774804165666667,-2.463137543856233
-3.890509348541666,-3.716641912948296
-3.825951333020834,-3.335762180595556
-2.606594366666667,-2.6279704550019845
-3.808684084791666,-3.7384481813967314
-3.8785095670833343,-2.945630255523453
-2.278633164791668,-2.2917842743009538
-2.9580379530555563,-2.333224528917476
-2.6231933701819923,-2.5970022743658614
-3.25266409547619,-2.910422792993613
-2.699036905555555,-2.289410974523372
-3.7835834419791663,-3.486661147232758
-3.814804013541668,-3.6374985618054123
-3.2730648479761912,-2.677183646273803
-2.7305897856666643,-2.3580649774397306
-2.672346497884738,-2.7276465380810673
-1.8516121989393928,-1.9517833458793874
-2.704956361428571,-2.7301617928687216
-1.595150340964911,-1.8844331655404907
-1.602061093111111,-2.0168610330428596
-2.449344386041667,-2.6913860804870593
-2.5166206950000003,-2.3996292293639203
-2.5609247928125,-2.5842422678003523
-2.665084392866379,-2.6713230473689347
-3.44362643102564,-2.4775000966973626
-2.5712352845370363,-2.5464741030197695
-3.058558297574073,-2.2671365094636617
-2.923018801740741,-2.219541353805356
-3.120324705074073,-2.8421922150052477
-2.839151304333333,-2.172001764728189
-2.62711359787037,-2.6616799974099963
-2.5528774215625,-2.568755227708441
-2.567209141875,-2.530156505792408
-2.568698478571429,-2.4931485596213596
-2.477416759516284,-2.4967340327641803
-1.861561438939393,-1.9622798441598504
-2.179556314166666,-2.2502423526458326
-2.142854342833333,-2.3758158425970803
-2.977144272516025,-1.3676991614397196
-2.5859067252222223,-2.6350983474249032
-2.7111137322354493,-2.12442064304341
-2.810185670901361,-2.901603203433846
-2.005218391212121,-2.1863508246647005
-2.8867532871695403,-2.901240499489687
-2.960741950416666,-2.8586743841769016
-2.796725448829023,-2.8013704265367285
-2.885995127083332,-2.967691125727998
-2.866696489166666,-2.841796171577102
-2.844468488229166,-2.8324254227772614
-2.826703976354166,-2.830180266581634
-2.874906876666666,-2.8823497656689248
-2.965570258802084,-2.9559802252748226
-2.963554499895832,-2.9582063189269814
-3.017730840260416,-2.9828465658854104
-3.021911186354166,-2.973300988902196
-2.965429619071614,-2.95363435499935
-2.921788238333333,-2.9166789669429347
-3.457510000985507,-2.6318994188241818
-2.61335156734355,-3.059539497053347
-3.053921933020834,-2.746637175452502
-2.099228140595239,-2.762215474748124
-3.699462831166665,-3.379594071676782
-2.751074262142857,-2.4937366995094137
-3.662955973592592,-3.4760972254824516
-3.040507400126437,-2.9643616078914983
-2.87141152793402,-2.5640773310270184
-2.840055451045305,-2.789364062463292
-3.436049351626438,-2.4596766830661703
-1.846768380833333,-1.8720506238610481
-3.044169573229167,-2.9564084053970197
-3.621842082870369,-2.1179717319550533
-1.610938900925925,-1.6169388394953699
-2.997470088044437,-2.9817075702332874
-2.8083045501870743,-2.842910197299342
-2.824264652813852,-2.7822004273932026
-2.818097556677489,-2.710648940940725
-2.674657069041005,-2.7007771006050563
-2.899257620075757,-2.3622698578622776
-2.640688813070176,-2.6141348435484595
-2.754197971180555,-2.784911964781942
-2.357281466275862,-2.940519847840256
-3.381660124333334,-3.0538037616476985
-2.5081423273333323,-2.396353971793537
-2.645508060333333,-2.402393374936925
-2.7329245475132278,-2.806080467073286
-2.730021838513959,-2.693735253454956
-2.430665049166667,-2.398218999241516
-2.601261254722222,-2.5657426151099796
-2.7067211177910053,-2.721943940290767
-2.678442103662465,-2.449900749904353
-3.038387667623249,-2.4242445162606114
-2.520460233956581,-1.9076378011530277
-2.713153336897758,-2.651561948114044
-2.764524700721287,-2.422117629244262
-3.801901171969696,-2.739347591404845
-1.999395607685185,-2.1530199803270733
-2.981840128484847,-2.679548949657402
-2.433767227509579,-2.622933732966977
-2.179262007000004,-2.938050490551531
-2.159922030583332,-2.5142694859930432
-3.101656860971265,-2.7412276081658096
-2.149384447857142,-2.018297297167515
-1.610726378425926,-2.099683355518803
-2.309071880500001,-2.3444545523424263
-2.33554984360427,-2.3649596988599577
-2.387315356252874,-2.4812556314544163
-3.103055708974359,-2.5855961225408883
-2.197114999,-2.231945869592898
-1.974278714642856,-1.73478441817915
-1.940748564880951,-2.648795063130802
-3.401734061208331,-2.594673406897254
-3.576497801333333,-3.0844065623020214
-2.5426973203160923,-2.9448097151691486
-2.992997699010217,-2.9639219239567782
-3.035101684090773,-2.9738209103066064
-3.6162270658148152,-3.406284311043893
-2.5627845675729173,-2.4370886399227705
-3.038539595684524,-2.4551465594103155
-2.786311612819942,-2.966895145545801
-2.882356848541667,-2.330149296925147
-2.3820509656280797,-2.4100308217260955
-3.189101877201389,-3.091448212326766
-2.833436615180623,-1.7859593023429532
-2.8736643126041663,-2.842145034925641
-2.841197323541666,-2.8516929362861716
-2.812880836041666,-2.8115084918183864
-2.890853728541666,-2.8917121999832647
-2.889843011851853,-2.5593742110132998
-2.597552742222222,-2.591144026890081
-2.392560261296298,-2.1761362133770303
-2.322336289,-2.343643907195427
-1.91044780642857,-2.0990015814842238
-2.214288864999999,-2.346060712458806
-2.236922448999999,-2.4429291699022557
-2.5753816615,-2.4209886791551654
-3.349002095797618,-2.8736497216544525
-3.364131046154763,-2.6396726302751
-3.129753534041667,-2.9131354665260987
-3.227981648525641,-3.103757221817773
-2.865200347447918,-2.075319117438022
-2.981015462731937,-2.8612253162332406
-2.434443654098484,-1.9942081950474322
-2.109930225454545,-2.219120410694825
-2.781423856758518,-2.633423675025861
-2.259794660868055,-2.154295574891242
-3.467046486202899,-2.792553648665047
-3.460472078594203,-2.6664136520702972
-2.851319267592592,-2.07358748051944
-2.706944250574534,-2.323616950518649
-2.61753856595238,-2.5508852717436783
-2.937961547380953,-2.630215429517627
-2.658590150277778,-2.7246427260457047
-2.734534714487179,-2.7208260601020977
-3.027922375126438,-2.9685847874296023
-2.56365062375,-2.562423541710019
-2.767506492333332,-2.055534524734967
-3.094835633612706,-2.8386765381253447
-2.615919612860693,-2.49566542651206
-2.586906745022856,-2.4439275693613625
-3.046900321233001,-2.6711045194921756
-2.332957388921569,-2.6042438506887193
-2.365084667352942,-2.423416716222983
-2.535306267261905,-2.635360698275863
-2.626674907557787,-2.7361984628466596
-3.042318846403942,-2.8866819042978857
-2.832048888316414,-2.439784799858139
-2.636062853374589,-2.3158612796993125
-2.590617163279761,-2.6127979834337545
-2.7059857200392923,-2.381423931443128
-2.390106242863094,-2.6143581603721695
-2.573216753303571,-2.677823609325304
-2.347539233111112,-2.0835721854969687
-2.328680203111112,-1.917193159863023
-3.266062606899999,-2.4502617528605772
-3.27615508615,-2.8929060893568117
-2.739685529183772,-2.820768675393203
-3.096523987167489,-3.126690299208099
-2.809461886770663,-2.9441099678157134
-2.540672195588624,-2.4950682745846278
-2.597554239083334,-2.7896302014464776
-2.644312324801586,-3.089818110946001
-2.635650319755291,-2.5834592301116728
-2.619693126051586,-2.376791264341524
-2.345600785496031,-2.1721706037237865
-2.560653827070106,-2.184421614010645
-2.498834501236772,-2.4015751248475175
-2.8989516217923272,-2.718165549789477
-2.985116810619047,-3.016285845990866
-3.015660785277779,-2.7910456560656653
-3.204366553020833,-3.2300113877746606
-2.004591144353741,-1.697439496908133
-3.112630032333333,-2.5765143146119254
-3.495079097971265,-3.119770244454466
-3.049584787333335,-2.8747261080665054
-3.418630780558334,-3.1444800550042076
-3.404611897971264,-3.1287752135893245
-3.34591554463793,-2.6308095206136493
-2.849120785308332,-2.6715568393260236
-3.4255440913333333,-2.8380312824362735
-2.242974695376345,-2.458909705811483
-1.992922357206155,-2.3110537835112566
-2.7678868206011917,-2.6824399065337747
-3.020582440626438,-2.643613303558381
-3.086774677487468,-2.674352056654892
-1.947677705833334,-1.795068224838333
-2.448222573070177,-2.507153048399383
-2.524585272017544,-2.4765735305887633
-3.191545713833334,-3.0391525687171823
-2.330213801777778,-2.030247097605918
-3.028232238583333,-2.7846069726807197
-3.261212056376437,-2.7539410525531465
-3.327212825102171,-2.1475836356786684
-1.985095523533334,-2.5157079176231445
-2.351895718666666,-2.4116760377985345
-2.920439093621829,-2.507582139865046
-2.667110493704482,-2.5708415382761762
-2.332152183018208,-2.387535975615923
-2.685221555763306,-2.595141368687607
-2.955512954737923,-2.467196684126076
-2.689902839444992,-2.7968628829341613
-3.075336937865229,-3.0237804342120977
-3.011356401540231,-2.89669006183318
-2.772856553939394,-3.051472937416351
-3.156169491333332,-2.455841427435045
-2.773129960821554,-2.222348013614903
-2.916930489750454,-2.716692463621675
-2.57657756329023,-2.4146123656501253
-2.421566767129516,-2.510144531903455
-2.7898109624204253,-2.2205179604575025
-2.421513478681108,-2.2992082092484876
-2.799395645189039,-2.678193150162046
-2.67245147059808,-2.577646684934411
-2.353260939846059,-2.4433758739158598
-3.111022910355707,-3.0367173673512977
-3.533616396319445,-2.8809613701142682
-2.399087382363094,-2.667242818499974
-2.655057635438596,-2.5894860372801434
-2.554518929330221,-2.1933040874367133
-3.258588925227272,-2.4950839561250318
-2.856371071472131,-2.5793101980161843
-2.436928047067371,-2.654479489062037
-2.7789042464721323,-2.5997699337124005
-2.394268863780332,-2.4996689431109513
-2.817020077953614,-2.516403951140954
-2.707031190502333,-2.785038047433558
-2.5618380414609803,-2.415746144961663
-2.539440503760491,-2.6700931062739324
-2.868418132581898,-2.708274491212879
-2.344928320334565,-2.445383993449439
-2.554275426492885,-2.4765926587875877
-2.7761490148378503,-2.7851153381912006
-2.736216056171181,-2.6526125769047892
-2.77757944071285,-2.6994511759385444
-2.786465470047307,-2.745799796271874
-3.366515650201151,-2.8225238018432854
-2.854483076256336,-2.856404878661484
-3.294318548961685,-2.9059276491962804
-2.945039620416666,-2.8606786782976097
-2.128963146833335,-2.128679666887682
-2.129529336083334,-2.1524091316709772
-2.126624498583335,-2.1282886936920304
-2.128542864333334,-2.150423024037687
-2.1301088293333352,-2.1292040213713768
-3.639021277407409,-2.6924099554900303
-2.726534698305555,-2.0875502678381563
-2.856713074022989,-2.8988550897556977
-2.453995502430556,-2.35470359784829
-2.634365574642857,-2.4413104232246043
-2.6778312021428583,-2.3975963193550256
-2.788818240714286,-2.74677424785498
-2.793268047643679,-2.5285110297487985
-2.904325832856933,-2.6866047128947907
-3.338322098787879,-2.981941030257333
-3.337391526011495,-3.108173160735152
-3.349115810886495,-3.3285731968973904
-3.413051621810053,-2.1750850121208978
-3.435018943277011,-3.3079381788707156
-3.3320984680952392,-2.674638692163531
-3.50576490425,-3.1221865678040293
-3.808818687945737,-2.820668922260034
-3.733564375503874,-3.1060490697247665
-3.01938519691358,-2.9405871133782058
-3.298587596543208,-3.2070086786567806
-3.017936583765432,-2.82167507358905
-3.034456432738094,-2.6990697387192424
-3.144623599285713,-3.0533950766428397
-3.184132717857141,-3.1012201077264274
-3.194544857857142,-3.2150496442222134
-3.153649963571427,-3.0118756285975725
-2.551763977194171,-2.4966361906196695
-2.575318046622743,-2.5576195100633115
-2.572997552583333,-2.4873380288009797
-2.352948651066666,-2.3795531988390506
-3.591828092314815,-3.1051795759493284
-3.029333526277777,-2.6149984956258963
-3.325449274003832,-2.962968174090207
-2.667086627407407,-2.664858433863225
-2.664360139907407,-2.637987952776772
-3.314539395849425,-2.6204594289030614
-2.9503784040052192,-2.895463950980968
-3.407552762281609,-2.9396593097890586
-2.743330600472197,-2.731262298471227
-3.353443061984128,-2.719024911403823
-2.483639849308943,-2.484567513121201
-2.482711298821137,-2.50848334405793
-3.620715909078947,-3.335940143287941
-2.9811329793106958,-2.749159058143649
-2.518330920451149,-2.6067646335273147
-2.6770933908261503,-2.5086752962778465
-3.318146108166666,-2.8601234828243123
-3.515651867903225,-3.4123848678836217
-3.083462628035713,-2.561688318531118
-3.427623457517241,-3.3739389145713914
-3.741473997256411,-3.0910021781923103
-3.458237928599425,-3.382704601820437
-3.478862383449426,-3.336638680018632
-2.624049638277777,-2.9076373626241216
-3.495529189186992,-2.825219344210473
-3.301994975641025,-2.7888632696848354
-2.91847836675926,-2.8736230040398265
-2.624334760493422,-2.689875582033923
-2.508431548305085,-2.8297188119777585
-2.7180944230508493,-2.713843451569638
-2.839119302916666,-2.7887425811819533
-2.83854834875,-2.817050013756058
-3.763499655766282,-2.8312797553763716
-3.278476845555555,-2.8940515071980606
-3.055171652695036,-3.05493644037311
-3.053958180780142,-3.053842510733887
-3.393986905305164,-3.104734416872995
-3.4166427002683912,-3.373829856878703
-3.432563550165805,-2.6329679489551334
-3.743230137386362,-2.5094644382365137
-3.700774554924241,-2.6498166156574796
-2.474207512662835,-1.3341793713772703
-3.594203237962962,-2.5416903957430916
-2.805912543777776,-2.826132403271578
-3.733646127424242,-3.353604074257335
-2.977516870213921,-2.3175882606263842
-3.400287616458333,-2.7363945939320273
-3.406048300972221,-2.9893394209140385
-3.280589323333334,-2.592813636165746
-3.543918041458333,-3.0203673717687805
-2.291028517156864,-1.8898346272821533
-3.3514725558333343,-2.873478223431896
-3.487876726458333,-2.627242826878013
-2.543623140011111,-2.3629857199467983
-2.392943238333333,-2.332335189895464
-3.5243326922549,-3.195514319452509
-3.403120878205129,-3.131555767541133
-3.275363665606061,-3.1766022511633434
-2.087631376089744,-1.9278844596702662
-2.312563503974359,-2.0646034550010324
-3.053701853208333,-2.58878256775099
-2.725611933560605,-2.2316769273287234
-2.878048461779761,-2.8100486818893917
-2.888954799896824,-2.560626324068602
-2.931290467310606,-2.8675097528189544
-2.747048690972223,-2.357895829118587
-1.692818279277777,-0.9889566809312074
-3.065384292000001,-2.691534156178865
-2.591566627424242,-2.195431679874549
-3.496087226747312,-3.3148919535819674
-2.789753270942029,-2.4402985351142896
-3.340408718985506,-2.9989697687612655
-2.8624680217797622,-2.806359555854692
-2.780032708066667,-2.7122765280031502
-3.020120663165252,-2.908994320186187
-2.925584695751459,-2.8538683070012114
-2.799099418921958,-2.7808069804019846
-3.018519860713624,-2.9151939519281598
-2.545212362183907,-2.547910055476737
-2.816132776078431,-2.8001310340992553
-2.5971276612522702,-2.7037934680234263
-2.738901046842106,-2.6550817294298246
-2.445688105526316,-2.648368249503434
-2.344333659607843,-1.712597064699622
-3.454162931257983,-2.4059882431659125
-3.437854374471263,-3.372498502776359
-2.171867892247428,-1.7154946913765732
-2.263140436086956,-2.367671526208479
-3.359480408154763,-2.4212021909163646
-2.8557530493487397,-2.756205814907659
-2.107153793055555,-2.1612635080044553
-2.468359278457855,-2.3917351202674206
-3.160490493461686,-3.14082515119988
-2.9977018776275512,-2.7293822983982694
-3.585377973030303,-2.623616073964286
-2.871380471266666,-2.4093725655640923
-2.415682423897436,-1.3547720160281613
-1.699190995277777,-2.1083889050718185
-3.12026041741523,-3.033058344078693
-2.777775458006655,-2.8293456440777796
-2.7486949469813213,-2.6470706411920735
-3.059772932501513,-2.178689272395512
-2.605716603161766,-2.498699677387705
-2.263233080220588,-2.4571837794108977
-2.597728224730393,-2.5961265269234817
-2.7761640809950983,-2.4743644600175
-2.115063275588235,-2.356843815829606
-3.142051489229361,-3.016327887682948
-3.357076941640476,-2.0711185702842436
-2.563326933458994,-2.676746030050583
-3.562411621333333,-3.070590061912794
-2.799276135654762,-2.858225513134849
-3.018798374364481,-2.872333450729897
-3.021760561848856,-2.9894494442057966
-3.046455474479167,-2.793132781187182
-3.218951309105447,-2.9752834245260043
-3.386013704877873,-3.3021604504356405
-3.259998187604166,-3.2147541774173876
-3.356631151159421,-2.3187358779562772
-2.170809488348165,-2.3676163172661444
-3.274081647666666,-3.134148673733406
-3.458847388520116,-2.3245787945965866
-3.403617111957615,-3.353627933285945
-2.168366610178571,-2.300384864083646
-2.242344912142857,-2.043873540388667
-2.123967623349754,-2.607120757135227
-2.297546010535714,-2.584765587801877
-2.49226313149123,-2.4053964972495203
-3.080951584973484,-2.911510188606126
-2.396127371947422,-2.5044496312640248
-2.5126688547757032,-2.3563509703825862
-2.699517244421507,-2.5657209329389397
-2.872957998294221,-2.4594465004941664
-2.990315359477731,-2.68841565040532
-2.787578264038251,-2.733049993117042
-2.27866732519237,-2.552863615004237
-3.001826864315051,-2.729902653862519
-2.940351414092091,-2.7014344129203938
-3.020283292481475,-2.7527232587654704
-2.955642045176186,-2.612582353996815
-2.9608632118428533,-2.8533792078519173
-2.992599060686603,-2.620094301190627
-2.5277737501033792,-2.5050068320693986
-2.982106714536008,-2.7067555938065135
-1.313046876951387,-1.261793105286018
-2.94712267898659,-2.165584719573934
-2.82676606526791,-2.8402727320967798
-3.021204501104054,-1.9120840635674679
-3.356045146093916,-2.807514477572356
-3.18490112735577,-3.1368862013157357
-2.887297783541665,-2.712128141471694
-2.4281175005,-2.3855022540977613
-2.2665258668,-2.3529372932839836
-3.229605154722221,-2.9816608080574314
-3.153193498181819,-2.563031818195354
-2.842795002205883,-2.148231038966509
-2.989651255555555,-2.689223005212046
-3.131908545833333,-2.7693796480680843
-3.7241358615789473,-2.8713924537582094
-3.684434159642857,-3.1508525836463015
-2.979183314423077,-2.7628596233537555
-3.086527976363635,-2.622352609322581
-2.366318885402299,-2.244972477554395
-2.674874465625,-2.608697824484781
-3.317280524423077,-2.9791341499194552
-2.078727263293165,-2.3725110331547334
-2.827300417,-2.699992594052435
-2.8026290362,-2.8027955151391466
-2.933392721815005,-2.9060469041196866
-2.682163240526315,-2.4388099556041936
-2.9466309200000023,-2.42632121973061
-2.373916755902777,-2.373893880574427
-2.850499548750001,-2.1285598325712503
-3.431758464970588,-2.4902610599173887
-2.878812087584031,-2.3536464915008715
-3.000462087797619,-2.833872722774924
-3.096477802666668,-1.825898180033309
-2.947250478511904,-2.8866909579936095
-2.905705824761905,-2.630758999282343
-3.403740778125,-2.5251719707846974
-3.090340075328408,-2.916970537129125
-2.94809631547619,-2.410830680739269
-3.066334227649835,-2.783315363383129
-2.722509049784948,-2.6438181407290107
-2.978975377982719,-2.8269855740075713
-2.360028226666667,-2.644784072340467
-3.6561050765625,-2.8979139478256317
-3.6812204284375,-3.403177096263589
-3.641620338645833,-3.2416910367018024
-2.113902347205883,-2.306699628172669
-2.322096805296935,-2.218283465286483
-2.40406810849138,-2.3224894895160118
-2.536331334035304,-2.5357176724835053
-2.9992788567096222,-2.5706893833986926
-2.959592868115422,-2.7354618174178627
-2.952205971587642,-2.7343245845585495
-3.5991774852500003,-3.0732591228113257
-3.331690765520834,-3.3015142830989497
-2.459033060567228,-2.3463641271090414
-2.8428134694747653,-2.7167613028730484
-2.997757947846714,-2.653383772319594
-2.478265615254516,-2.5835824388487763
-2.7378953981855503,-2.748033507307784
-3.506303025571427,-3.0888019277816183
-3.59224034675,-3.1648780764675055
-2.9184285906666663,-2.8524374421693843
-2.734366823771894,-2.744762315024528
-2.71963627952381,-2.7742386511707506
-2.75101111262566,-2.1645322981292
-2.74462880188492,-2.7781929110240258
-2.847361820891157,-2.9105357672391015
-2.810669209940476,-2.8718242226515907
-2.893720924431216,-2.8366968155750736
-2.864182918436645,-2.7644878417059067
-2.786359611827449,-2.779760610037333
-2.739388042440476,-2.5862206642248795
-2.775856005381089,-2.743035544088724
-2.661499568829365,-2.7492816217218
-2.757854983829365,-2.7155031818940714
-2.772104283829366,-2.755763832918899
-2.625377506051587,-2.6884310650557413
-3.067235874375001,-2.711812921935311
-3.564906104250001,-2.916711708345076
-2.44505788123656,-2.494044016204155
-2.68716149123656,-2.583373390073201
-2.86126431518045,-2.418609123146862
-3.019325906851852,-1.9736457460300505
-3.284521129423077,-2.062586386378375
-2.594553920833333,-2.5357889240937697
-2.296384598095239,-2.441881459502763
-2.422871346011905,-2.802917951506694
-2.6695900144047613,-2.495753400996097
-2.384046537619048,-2.3784650342446825
-2.379518366190476,-2.3337782837650023
-2.61573407275484,-2.618082553830057
-2.592181813568825,-2.6122213311036897
-2.642814689117607,-2.60726591443254
-2.702752024831897,-2.6979063577657443
-2.936470217129516,-2.810477530871965
-2.949417962396005,-2.8019827267471853
-2.849359281626773,-2.767636541726979
-2.785258847266695,-2.7455456481237595
-2.9860913179445703,-2.7750365858570762
-2.754413305543474,-2.749798302798324
-2.664572832239381,-2.685411872935757
-3.465145833308333,-3.2402139979232625
-3.258138655522222,-2.7611024210066093
-3.004671247333335,-2.9701997696102436
-3.655330315490194,-3.062369594535647
-2.8064369426543223,-2.2162630935914005
-3.533323718333333,-2.827275527102638
-3.396168862192982,-2.4342987806314396
-3.273427647133333,-2.347687505524959
-2.685265057430557,-2.451362741328563
-2.811787434720854,-2.3562132742311004
-3.047504249034013,-2.7688450700577514
-3.529738348735632,-2.710731255156941
-2.8990401529166663,-2.49563220160761
-2.769540981533332,-2.545745003559196
-2.816638275376345,-2.6266473681397047
-3.328509340166667,-2.746397852075231
-3.581129524598765,-3.3831009720403955
-2.943943989644397,-2.738925954453859
-2.459493442741936,-2.8151155950588294
-3.469045650110632,-3.4593472570010246
-3.438849050402299,-3.268507119278875
-2.957115782857144,-2.9904139379935386
-2.505430643533333,-2.6771873718138948
-2.356179599180571,-2.3213591538963736
-2.496197868924732,-2.270132392865874
-3.252879392453704,-3.07720793974325
-2.891255292713188,-2.7410101370555737
-2.565733839492467,-2.471336031932755
-2.951713419012306,-2.7851530544282492
-2.888763952583054,-2.6273050755854315
-2.600076942174699,-2.627657961839709
-2.722913195489558,-2.660984961168787
-2.754995227262737,-2.6936979784632378
-2.546450026725981,-2.4116817383932787
-2.4388480672656,-2.31985254397906
-2.356941836194172,-2.4762240368116513
-3.033449140297629,-2.7600860056026812
-2.282510069166667,-2.285681374143996
-2.299665019916667,-2.3332880809778587
-3.203121053333332,-3.001460801918634
-2.477571054222223,-2.4547705063911804
-2.771185909602491,-2.4084918741439614
-2.888576598505748,-2.624799445782056
-2.54315272037037,-2.5557724620463476
-2.542436684120371,-2.5338487604838793
-3.534173573266666,-2.9860643899320167
-3.476984463666666,-3.282458767061384
-2.89062126901455,-2.7449937805824525
-3.622963055747126,-3.176179743604252
-1.7579994199999982,-1.8457415583495898
-1.058444209166666,-2.3792624516991006
-1.543169016666667,-1.9646286474303223
-1.605189519055119,-2.0389455056883965
-1.417277728124999,-1.6509441278705597
-1.275379956999999,-1.933349874231489
-1.4523009257142871,-1.8222351629583309
-2.036438191818181,-2.294968791034521
-1.4158313279525871,-1.0388637273857326
-1.434642110312501,-1.301814650545919
-1.6469667305517222,-1.6873232840685073
-2.635991705,-2.455883287996626
-2.545076481,-2.6150295753283075
-1.748259253526646,-1.9856194391029096
-2.014035849999999,-2.4718758526587665
-2.644600209,-2.4920239332202363
-1.939425192999999,-2.1982417620810426
-1.504858570625,-1.7370658191517765
-1.6098740974999992,-1.7466372515941493
-1.805502940123153,-1.8140951471132072
-1.824828221249999,-2.2435540595113044
-1.489554818571428,-1.7835596152054478
-0.992204340972222,-1.9069599876967405
-1.7696824094444432,-2.200351559005898
-1.307295509557291,-2.3208240269353326
-1.057101210555555,-2.944593476377959
-2.19371996,-2.3792685643837883
-2.087431627499999,-2.3436509424176175
-2.186161565,-2.2571393395193318
-2.639511696874999,-2.6317361614636625
-2.124512842500001,-2.0841103157467185
-1.8630929675,-2.5119125106945934
-3.2478440160714293,-2.7343173374537657
-2.271895320625,-2.320673042039415
-1.354736871223957,-2.0621009160906323
-1.6922108724999991,-2.0892023497055026
-1.831768327222222,-2.088374423925291
-1.757593737857142,-2.386947230538679
-1.752760403095237,-2.331568711303547
-1.779305158571428,-1.8728531193678344
-1.626429130714285,-2.144742997980751
-1.872805690833332,-2.3969395089269354
-2.186826588148147,-2.617428920805456
-2.398616829583333,-2.144428837578394
-2.874823608115943,-2.4969497700775203
-2.8750379171014497,-2.4969497700775203
-2.267438117696429,-2.632465856914271
-2.580144032916666,-2.513215493253735
-1.614646970357142,-2.1815076662649595
-1.755740536140351,-2.3838423310865045
-2.601221215624999,-2.65741512477238
-2.623139504375,-2.6910881320986517
-2.73440992375,-2.82492529335092
-2.788715801874999,-2.802992336914441
-2.8149790525,-2.8256598244882265
-2.757563885781249,-2.736615226680289
-2.853101275625,-2.8883008170034272
-2.9457428814062503,-3.1194377499145993
-2.94567936015625,-3.1037613648729105
-2.932393669375,-2.9607955836084683
-2.939510157031249,-2.9981073656028103
-2.911499864374999,-2.82958909628423
-2.989378069687499,-2.984581071352477
-1.966997731875,-2.005414428905021
-2.7061276209375,-2.600622632940128
-1.6728680624999992,-2.162169643036007
-1.773259136590908,-2.015640831465743
-1.702977567500001,-1.9810748201581558
-1.710767309318182,-2.1825562450743363
-2.059056739500001,-2.1729721647811546
-2.332636473344155,-2.5507889607569543
-2.486861505162336,-2.622972651992049
-1.7310511621875,-1.945340639324644
-1.3288091171875,-1.5384942558374568
-1.18490192375,-1.2189275676275448
-2.499341746110613,-3.052603660461017
-2.322479808571428,-2.5175986896470017
-2.722127817727273,-2.3526769789826907
-2.204841262589284,-2.2579789399124945
-1.128151785,-2.1145889253428227
-2.002384780782312,-2.0780772120407116
-2.578072024,-2.57660754658834
-2.014740191818181,-2.316934858150229
-1.9314949100779968,-2.110110142136229
-1.298866051166667,-1.5107488317665
-1.695202796730768,-2.086100818866711
-2.113569017461537,-2.3190841247638447
-1.69861534247159,-2.1752333680350167
-1.3197557829629631,-1.2104520172646032
-2.487791209788881,-2.2861435484332087
-2.8457895049350643,-2.37286130998091
-2.620949977498515,-2.0550034769201146
-2.536784898636364,-2.0385746410006926
-1.90606380271875,-2.0700339654385553
-2.543098923520408,-2.179666751219824
-0.9002607118055561,-1.3420690832583595
-2.876989743,-2.9034509189497664
-2.375230804945055,-2.7153163265450515
-2.049281800543104,-1.9435066892231263
-2.287088834071736,-2.748828679595701
-2.5630098935,-2.6485891019861905
-1.350304374427083,-2.1089228516095297
-1.6271173957258611,-1.8417338253169
-1.8409355082843144,-2.3809200995485855
-2.024648146160714,-1.9618272298361408
-2.426658605238095,-2.1804428295246656
-1.6683834840625,-1.955901273538152
-1.8955060828124992,-2.222041564561252
-2.491926767000001,-3.0285595716380764
-2.474506510162337,-2.5352172558459247
-1.097007789666667,-1.8447141091148145
-2.63292252315909,-2.209542181467604
-2.68336307975,-2.774033077664696
-2.280953402866379,-2.2751983907954427
-2.370172388571427,-2.396521009240096
-2.00587142725,-2.0274541147193017
-1.998382703080357,-2.0376247966956043
-1.902881223339286,-2.287165758815048
-2.559930456004135,-2.306155392741205
-3.176747228999998,-2.744803171590613
-2.6546294450000003,-2.7944917010762453
-1.165362940625,-2.0768389609379625
-2.546068404710883,-2.1645925367469903
-1.316796230185185,-1.3871264217427426
-1.8228102997222224,-2.42644987454351
-2.8005746340625,-2.770096107116848
-2.832769919375,-2.796870430542157
-2.8645145696875,-2.820240495154955
-1.52962794,-2.4527882094987605
-1.4112593185714282,-2.2592829310312275
-2.3742254678125,-2.381440924106525
-1.7040065509375,-2.0147593322510184
-1.0824279946875,-1.6213951575449617
-2.998382463715518,-2.5573617800211217
-2.0128398053125,-2.631491789567297
-2.165566192806124,-2.3335566449702143
-2.010442540775863,-2.157274644518005
-2.362216990499999,-2.422527972153278
-1.973390204444444,-2.071321990450216
-2.680265133,-2.7520767507470647
-2.380194891830356,-2.75691966567806
-2.545254627121598,-2.4408120025521387
-1.29753928780599,-1.5641943465837795
-2.702398248636364,-2.7141370318205302
-2.5855040989986,-2.3919305081858684
-2.495372527676519,-2.6347473037138296
-2.949734516501622,-2.844576863076695
-2.440082222413361,-2.444864949220452
-2.947244463948449,-2.7134616022392293
-2.530452665040952,-2.6278538515802112
-2.155013013083788,-2.258005116080601
-2.4701412895,-2.524899805529128
-2.0073026070952382,-2.632686539344362
-1.8481179275,-1.899218688070894
-1.707280695,-1.7548909611520163
-2.256929683915487,-3.1410273435854354
-1.424782442393144,-1.7204010496366116
-1.427161236280241,-1.645727621474239
-2.914872931747688,-2.692000991734423
-2.232857107039409,-2.6758870612613235
-0.986103947435898,-0.6796232594401809
-2.133258146789591,-2.539042212865678
-2.503955974775198,-2.582281486893145
-2.741093777830753,-2.654289688043416
-2.854017015789474,-2.9362121337804186
-1.685261769305555,-3.049443806482969
-2.337114669391163,-2.345043118954064
-2.74431135593975,-2.6298972899884467
-1.970572382749616,-2.382678465892012
-2.35949664563492,-2.0205584302931117
-1.71650940574074,-2.155069045090099
-2.456841777593985,-2.5209600748396177
-2.450607601363636,-2.5826714648366966
-1.6855237307326,-1.3884218006585005
-1.700236457464285,-1.5316370904719867
-1.67501230961111,-1.7290138444599692
-1.585142802606101,-1.8175224086938928
-2.612264107,-2.4440267715059387
-2.144975024797619,-1.9447388203044644
-0.980149742625,-0.9130864376113734
-2.02901853543254,-2.0973444322923487
-2.285215172983137,-2.5213380726335974
-2.638737280961538,-2.475567323243442
-1.108126894930555,-0.7776352212614879
-3.021150068749999,-3.035641554915211
-2.220371031482683,-2.5650761472499
-1.974067785306122,-2.089493847218739
-2.200974691041666,-2.075270152235334
-2.201691692806122,-2.2246441638503307
-2.33405102994898,-2.6591699500675823
-1.891309105292146,-2.2505565550000903
-1.655471332002314,-1.6333619377328414
-2.2860955825,-2.0698781602402976
-2.293344613743698,-2.5733564541486493
-2.299474207999909,-2.529058756927952
-2.664182799335888,-2.662593630635611
-2.3526867667706632,-2.4859643946426826
-2.200431412710981,-1.9834283234734997
-2.317039215439039,-2.402559236862328
-2.518354633629802,-2.389678860851786
-2.360369599956897,-2.3841255706618405
-2.244591391823548,-2.288083205438632
-2.929580051957328,-2.669005336491227
-2.493671576876027,-2.4586033790710995
-2.908881506314313,-2.799321527189469
-2.853676816234948,-2.613814132494407
-2.508230445430193,-2.638397413361235
-2.541215990920323,-2.660122664915225
-0.959875022868304,-1.1157019608548386
-2.032540208438375,-2.3484737935667055
-1.683367651520936,-2.162625519467823
-1.082670644291475,-1.163802365507226
-2.179329086665231,-2.413189191335255
-2.328231130504516,-2.602657786384633
-2.417538891956897,-2.4977335985703872
-2.521325086601761,-2.637220997747095
-2.43780941079023,-2.451377305910895
-2.157118397363237,-2.372388743913266
-2.446963358810604,-2.2716070200085956
-2.488787836895379,-2.50857912438066
-2.448736900942998,-2.3756850748651703
-2.096613439130862,-2.407554385973977
-2.479751795581897,-2.3858243485689066
-2.462888411075305,-2.4595813690272412
-2.887369755214114,-2.5758756494670116
-1.223174352953296,-1.6051478742248262
-1.343222935691057,-1.5096015611434255
-1.524137046458334,-1.8383320299078694
-2.138217623181819,-2.303814643332908
-1.655289340642857,-1.9617293970049479
-1.703861347142856,-2.359831754836925
-2.170509448636363,-2.1662030976748916
-2.409946489935063,-2.5655176384985494
-2.221953101923077,-2.383732223063284
-2.302588759285714,-2.487192721703333
-2.363772901785713,-2.86816520847595
-1.705382088965517,-1.9363039717617243
-2.424497761128205,-2.294215620466283
-1.865587174999999,-2.2261401032116637
-1.698801698214286,-1.8713725381737718
-1.681346604499999,-2.059629480949143
-1.8639964069,-1.632777143087374
-1.939004747781609,-1.9552227683821934
-2.243042449117648,-2.3490013695108356
-1.9938666864999992,-2.1055962051639243
-1.782443369499999,-2.1000022400465546
-1.523358999042969,-2.17714542084649
-1.8144612084999991,-2.2541656830723094
-1.832735473181819,-2.221836062689964
-2.533209058435898,-2.8936300066539076
-2.2731216034615382,-1.7279478169026792
-2.374739018461539,-2.483323926424166
-1.9705143389609807,-2.2516889550154717
-2.484653124181817,-2.4121896799960254
-2.609507023257576,-2.4247846026098943
-1.64319253590909,-1.7812591987312754
-1.848545049642857,-2.0094423883530443
-1.916399896448276,-1.895299090542363
-2.038081691363638,-2.058290491707225
-1.853803592894736,-2.1273499218169576
-1.9819749229166672,-2.02592363551596
-2.0732185035,-2.18453005594652
-1.614469969555554,-1.9231881007421234
-2.104454531153846,-2.426905957350667
-1.684235366999999,-2.317397173086724
-1.523420903886719,-2.304384582334236
-2.255461469848484,-2.5376966839229893
-2.039395784298245,-2.2515316897581137
-1.68219853297619,-1.727768913213561
-2.634386385882353,-2.542910347411227
-1.910698767727272,-1.874413315802432
-1.996083126630093,-2.0439793109015105
-2.208979991044117,-2.3792193643414463
-2.694844786674838,-2.4532503158586216
-2.581653290171569,-2.180938885974703
-2.097951424647436,-2.3157814341614897
-2.639456902691799,-2.56911581949569
-1.856506085909091,-1.9025120131272615
-2.016068168448275,-1.9383431951343337
-2.349551331470588,-2.3119012801773
-1.6501129265705812,-2.1796409514954367
-1.832137262017544,-1.887248781008846
-2.320722304299999,-2.2954539889925525
-2.454597664711538,-2.7386471357283506
-1.22397862274671,-1.931855913862367
-1.553248311578948,-2.31235588682012
-2.565742234206348,-2.570576029860654
-2.764836012397374,-2.7342447286124316
-2.3641241273601032,-2.374292715380158
-2.371570521340923,-2.3481313464573588
-2.354905516385968,-2.4138250519413407
-2.530974285600897,-2.2577707847408943
-2.363568159624443,-2.4808536510773553
-2.243609177136543,-2.455743175352224
-2.869058412542403,-2.746467723361112
-2.38923755424972,-2.3216565713748385
-2.5250934376066283,-2.453001261078384
-2.251509817544472,-2.2172286505611365
-2.662477445615864,-2.634589606254068
-2.722233316867896,-2.692489794678457
-2.389360773870364,-2.5351359261867428
-2.8502735335598173,-2.537627148585985
-2.646085727866091,-2.4780179484866833
-2.796942907666152,-2.6238769001468154
-2.743160510144784,-2.5177045412529657
-2.203503100936064,-1.9995380463341337
-2.036730764860837,-2.146597255152131
-2.560250617169311,-2.311896246597409
-2.569673314206348,-2.4493761512184626
-1.847204738939393,-2.1641004989595465
-1.766752955192308,-2.276193246076397
-1.642847793749999,-1.8257375709202806
-1.885603692499999,-2.258000837229661
-2.096002005,-2.218244639265642
-2.6648829522078152,-2.171117409210003
-2.146375008585858,-1.9472906598359012
-2.232187988282828,-2.007326471293231
-2.98165895625,-3.3525019749054477
-2.010074728072917,-2.351821593386935
-1.630016071613095,-2.1567264840110894
-2.38915353847826,-2.194317255423833
-2.64774075826087,-2.461716081483423
-1.884164367837837,-1.9588912898517166
-1.670018547380951,-1.9409347193707132
-2.200165770916666,-2.1979535200954703
-2.048300552875,-2.224667491810064
-1.865301701543103,-1.925625610457906
-1.826336454374999,-2.09283139686316
-1.813411270971428,-1.8731488817068886
-3.026572536499999,-2.9394294789137962
-2.575529962150707,-2.574044245714642
-2.048688363670395,-2.7135501666011526
-2.112848045787512,-2.3819062266998916
-2.047561250548653,-2.4208433699634138
-2.090361479659963,-2.923275857212774
-2.010032948201314,-2.1670299645328646
-2.595922260687896,-2.578390053866597
-2.933404789648168,-1.8697387804588215
-2.400930309875776,-2.4955433046754605
-2.841748926002335,-1.8231289410566605
-1.9063401682058192,-2.0882460119718744
-2.55743831204747,-1.8219557604856496
-3.133536617916667,-3.066642549606156
-2.472227174212849,-2.4999917490333483
-2.198233295605717,-2.414329721411994
-1.150267361523809,-1.2806450002284064
-1.8207886605431032,-1.7323301380831233
-2.327878003666667,-2.5586865396185923
-1.802474966794871,-2.0662331842249695
-1.399992659810606,-2.015556646468227
-2.492094681034483,-2.329451318693948
-2.327454889411765,-2.3249431349167433
-1.5208404539999991,-2.3139610291013004
-1.810188886988506,-2.212283807535521
-3.168846013,-2.7301971036300348
-2.043663311666666,-1.8820977603473228
-2.058985383,-1.8332839959066616
-2.436645855933927,-2.3270569941409507
-3.257222851184209,-3.2177422707682983
-2.596692964512194,-2.6049617233045543
-2.066526441171951,-2.400708821054281
-2.233919021286595,-2.412182463391169
-2.612001353689437,-2.7988594691415916
-2.620743566786657,-2.7714919800866493
-2.83470902891414,-2.569618435183378
-1.3258784332,-1.5730496018453046
-1.361997323644444,-1.447878063627901
-2.833601998024535,-2.5848265766992653
-2.084852959132106,-2.230005442630245
-1.886657942932266,-2.1613407673893232
-2.8540414183003597,-2.7439252490060695
-2.272088624161878,-2.3794943491234726
-2.401905754973843,-2.4405359182731297
-2.179151123713159,-2.25378746384082
-2.7636737197497263,-2.6289801296592112
-2.385976755672485,-2.3886604907572804
-2.476052748030208,-2.486021486164366
-2.467344155713135,-2.5589036640064693
-2.367169006271745,-2.368201894906505
-2.419408238875349,-2.433258933871293
-2.956917459318573,-2.8216476728776025
-2.304666013803695,-2.3895712086328293
-2.226994237474889,-2.157345599661693
-2.216142038640393,-2.14891153777291
-2.439536960122252,-2.6239507949756775
-2.472118801707617,-2.7998492812935702
-2.152894497848933,-2.190549899467304
-2.179777956039409,-2.2888765443802965
-1.884164847682266,-2.2004638591914203
-1.98628303280811,-2.267345445128957
-2.514000257116466,-2.608021925958297
-2.037329938630317,-1.8183930948379023
-1.5531462344799492,-1.6233072029731814
-2.473626557776142,-2.4825113785901327
-2.369430830629515,-2.6616200618463175
-2.273067047093023,-2.2843883547568
-2.255265978023256,-2.327037124481466
-2.245714933563587,-2.5800993870210864
-2.175589228721265,-2.2881107698848373
-1.853698753783785,-2.135815367582655
-2.319350872957875,-2.697973526186212
-2.3680574742,-2.4758969994984787
-2.114230000692809,-2.3837424133955962
-2.112816303338729,-2.418872845698014
-2.141869092044222,-2.0805893560563438
-2.182408500926938,-2.325227004027732
-2.360603148680509,-2.3288391850319043
-1.433289765930232,-1.7075374508326122
-2.413636920594923,-3.1028674064378126
-2.09247570809768,-2.2975874490084887
-2.110714573995577,-2.4010867697564984
-2.203378427510485,-2.430832521635746
-2.103821082592583,-2.1619943928391963
-2.34567331191259,-2.358815614496086
-2.307558636106322,-2.5226574921445617
-2.179940107916668,-2.0034321880509807
-2.183374786875,-2.1840403392991607
-2.1846297275,-2.1843796964673894
-2.183259834375,-2.138681433680967
-2.183839005624999,-2.1840993911005424
-2.179955638125,-2.1091328003859675
-2.677268006666666,-2.455652699535016
-1.900100025833332,-2.591677565115963
-2.434393480833333,-2.7099463497219114
-2.9821638769444423,-2.5042843074738066
-2.326179438178571,-2.5407369947129212
-2.007447980555555,-2.1729596575615813
-2.017046771874999,-1.9295767479114685
-2.019028827083333,-2.21041187201348
-1.491878883749999,-2.2002503717275856
-2.009854296666665,-2.658496654916605
-2.239032617071429,-2.374317531191131
-2.020597898947368,-2.5905419916394448
-3.617686128421053,-2.6154791594435407
-2.264166848461538,-2.173895684743363
-1.718310138333333,-2.2506367781077574
-2.532815379545455,-2.1313680682901963
-2.723799885833333,-2.817742221465204
-3.181993228703702,-3.3882979017217894
-2.726256033333333,-2.6967690639044792
-2.463097264033612,-2.486467010295789
-3.271210547314814,-3.1541063083884864
-2.143709030833333,-1.9278978524002042
-3.307979824166668,-3.279676510200423
-3.262929069444446,-3.11394308386123
-2.610498713999999,-2.1959359553076756
-3.299127436388888,-3.304520152580516
-3.3019640280555542,-3.0546281520891667
-1.940912165,-2.6038801645898397
-1.875199534813218,-1.9715318349649769
-2.625666420833332,-2.624375920996379
-2.447840477091835,-2.2736804885639006
-2.4835484759999997,-1.6561770582656945
-2.04722267375,-1.9516581009925391
-2.471584959033613,-2.098808357330182
-1.956102882222222,-2.394730572112411
-2.020210412916667,-2.2348543641107708
-1.954579286249999,-2.0511367617939
-1.348469886904761,-1.970790362888975
-3.309871926342591,-3.2710658523748366
-3.303259354537037,-3.149743274332909
-2.373189851,-2.6156703052903985
-2.40897969538961,-2.3074315123777636
-2.483364816999999,-2.133330393493997
-2.5332766925,-2.6570207454127734
-2.915953204060605,-2.1625785108867883
-2.337595145833334,-2.7605482164232042
-2.682990330833333,-2.0916543572898907
-2.033919541249999,-1.862447987561697
-1.0649816275,-1.0883831878394121
-1.860550681666667,-2.4340305025936932
-2.003273380833332,-2.1112906054310936
-2.980786833833334,-2.965935603434978
-2.610230057000001,-2.7999160023938914
-2.361840363166666,-1.9977423500927878
-2.502261803,-2.549114414285722
-1.985671309666666,-1.5413381671978585
-2.621619960000001,-2.385629007716498
-2.768342862999999,-2.360924705255783
-3.58494106575,-3.486189200705116
-3.567097481250001,-3.4862144771496237
-1.69212719735294,-1.8488832777035555
-1.91987250125,-2.1984711103170964
-2.7694489315,-2.748789840968804
-2.605262132499999,-2.464427596573219
-2.117101610638792,-2.0632815753707305
-2.299218670151514,-2.3232173674710275
-2.590224262586206,-2.6586423878158025
-2.83627360936198,-2.840755789475299
-2.8616850703125003,-2.668950856681962
-3.049108923,-2.874209909136067
-0.599101347878787,-1.9853780569587702
-0.9954408537499992,-1.910334716255845
-1.297845875989504,-1.7335681833986758
-2.4033288505,-2.699195673775065
-2.343753924499999,-2.2866959513829355
-2.749370825733333,-2.628373887354905
-2.2545116655,-2.135959436386949
-2.310273343000001,-2.6437492712984407
-2.555455280544642,-2.4505148619562784
-2.556341935148808,-2.2273421111302083
-2.171600656772726,-2.2478499328632937
-3.025775993049999,-1.9730121184051905
-3.026190428499999,-1.9080406217982955
-2.483888379783549,-2.593484760333955
-2.496563519783549,-2.6413417645239483
-2.4879858508002632,-2.5256306584826764
-2.500814100009921,-2.62692935473778
-3.3083688602314822,-2.6992828161635463
-2.504505649090909,-2.2576085227380887
-3.450033932249998,-2.38669022063632
-3.540198678749997,-3.2564034528236885
-3.38995178825,-2.615637619720373
-3.578767314250002,-3.295589391327855
-2.483796874789916,-2.533680645321788
-2.343831983466385,-2.169980857556976
-3.145924291,-2.861046532009047
-1.447737265250002,-2.1265115025115056
-3.14332548225,-2.2361279173730297
-2.2218440345,-2.0445279106456495
-2.0513894145,-1.9477192030177548
-2.424273058690477,-2.3129305005588234
-1.7721352225555562,-2.6839132640526224
-2.530987174272485,-2.3564639998845194
-2.503768385454545,-2.38213956832528
-2.096294097592592,-3.1543240511242674
-1.8659939045833327,-2.8190519305686808
-2.423999625476189,-2.381343010373918
-2.922402567083334,-1.6993046505392824
-3.328955441547618,-3.179111005056815
-2.421827291190477,-2.4710851764835677
-2.789545172999999,-2.8006970440596253
-2.760944345714286,-2.7528422726966886
-2.665364907857142,-2.6448663906358614
-2.659549848,-2.6777715883190107
-1.499240029270833,-1.932404194194999
-2.5552004782738083,-2.5945768774042532
-2.95444087975,-2.8265241557800307
-3.12685046075,-2.703730468957735
-2.490761532999999,-2.4231907935054564
-1.893074984293103,-2.171286393467014
-2.912938223000002,-2.4429096966072863
-1.714655161,-2.6845731989831685
-2.674874771793104,-2.6571208095170205
-2.7321225107931038,-2.366447496502156
-2.9759653285,-3.065461545555049
-3.02969635,-3.031033257130434
-2.563658962499999,-2.875795512429843
-1.925250536793103,-2.0285870520254154
-2.588048145805556,-2.5131423958369443
-2.172665121072797,-2.612257427838307
-2.8642498435416672,-2.8292292323993884
-1.945015348888892,-2.3109383676958717
-2.501670083999999,-2.816798913449329
-0.736430562619047,-0.9280173104901696
-2.540299199999999,-2.634350878524949
-2.533854144304029,-2.61340750720867
-3.173533566666665,-2.491861332651395
-2.609218550555555,-2.860846755705367
-2.6130161891666672,-2.428716845656282
-2.308930576628352,-2.135894534785655
-2.630096228850576,-2.500074536181969
-2.164202981944445,-2.1727991398352096
-2.253760137037037,-2.077943041322935
-2.492815807999999,-2.5314967825012333
-3.028352509999999,-2.8989018658982304
-2.9851568834999997,-2.8047232669956896
-2.510576962820911,-2.457708167346014
-2.660248955907407,-2.500906358489531
-2.491925077137931,-3.161750014181593
-2.463712781741855,-2.0057960173207707
-1.942540556333333,-2.272824049126161
-2.692706408999999,-2.713249445526271
-1.9914027056862744,-2.7434320662445835
-1.988481568627451,-2.7811362486893265
-2.373108686029761,-2.5222525870799135
-2.892416510137931,-2.875416635764001
-2.8047361933045982,-2.4362791328289797
-2.400710667575757,-2.4536877280871283
-2.384250190303028,-2.3447805025075676
-1.916597251923078,-2.6594268806097063
-2.325642961156952,-2.248066169299639
-2.366778818295019,-2.2702213103426208
-3.124584572,-2.908163900134464
-2.941962965,-2.769678228292918
-3.05058572975,-2.926357591838523
-2.767707228021977,-2.3338565270124825
-2.7144057861022173,-1.907576444324288
-3.0740205875,-2.680604867476741
-3.040154876166667,-2.9236464140398466
-3.132688880666665,-3.0759553570454905
-3.005478443500001,-2.9199981951425493
-3.026129641,-2.936402526331335
-3.042953516750001,-2.8179219784851206
-2.518941813497023,-2.8068176753801652
-2.062424404999999,-2.5584820897677774
-2.5385660235,-2.5325207721268095
-2.644630696471264,-2.400707064379582
-2.841569939637931,-2.80104718959657
-2.799099223391668,-2.7304254600356392
-2.807287282637931,-2.6924987925986548
-2.454467606431033,-2.5601341860480193
-2.9172991638045973,-2.9224522888216264
-2.236657977224999,-2.415591152893504
-2.24982658413793,-2.3176900892986163
-2.262229163293103,-2.4610084219592743
-2.766406959637931,-2.752558648560634
-2.818332404304598,-2.762500855441837
-2.254128255666665,-2.5753045626912408
-2.574597847018103,-2.539456922587903
-2.812806633224999,-2.8113748732753634
-2.99914351,-2.8796253256881075
-2.771698829637931,-2.6431159281177257
-2.439539054804598,-2.552416944948592
-2.778743498304597,-2.8110885635919645
-2.471966453391667,-2.7593097345564277
-2.809645793137932,-2.7037378956252214
-1.997697944333333,-2.3185297191423797
-2.651206464268102,-2.9394708829767606
-2.569487316137931,-2.6192961280550806
-2.222896158906926,-2.259154530089898
-2.869249961887931,-2.8320810604141213
-2.274731191474999,-2.162495763822882
-2.928468507725,-2.7997923598409797
-2.305324143475,-2.7322642488458215
-2.871091192975,-2.838090050608195
-2.910136708975001,-2.794341812850857
-2.9949944365,-2.9265096978660634
-2.835865834554597,-2.8292514135975924
-2.884684258974999,-2.8941055231342987
-2.831570657474999,-2.6045259524788356
-2.937307452225,-2.833586990755189
-2.810566961466779,-2.6696860168449716
-2.8002153524283173,-2.7861418564136895
-2.3549107591648357,-2.4600132328124285
-3.026779163999999,-2.9056818841461176
-1.811421575151514,-2.1266322038619836
-1.905036561060605,-2.353637880435617
-2.155440051818181,-2.0303760322483724
-2.283939672227272,-2.09829558356508
-2.925593314807692,-2.94501967180427
-2.431593655496031,-1.6371838217975858
-2.916366752499999,-2.85270944421068
-2.91553006923077,-2.77949605827423
-1.770031690681817,-1.9933748736548618
-2.31024284617647,-2.3070044629482855
-2.573420193636362,-2.1655749956784485
-2.804791172857144,-3.164610714592027
-2.555373581363636,-2.3607252102798255
-2.210054734404761,-2.6051611388947293
-1.675195252272728,-1.9035956899866202
-2.423819611884921,-2.3228175803704887
-2.620781343970589,-2.436882120602284
-2.026650056346154,-2.1003744317305655
-2.226846243887147,-2.2439408391154885
-2.870395381346153,-2.5361529585425484
-2.3783694224450542,-2.4229673908897897
-1.8648419474999984,-2.3136827451160906
-2.162271753333333,-2.306124018625703
-2.323592272499999,-2.298982360436309
-2.288633076666665,-2.4342032472258026
-2.384500118333333,-2.2229583628451937
-2.059033433589743,-2.539087551002105
-2.466136721198718,-2.3305929075419796
-2.361369367368421,-2.1663099719530465
-1.98494947730769,-2.2429671119059544
-2.561109834999999,-1.9422475445601608
-1.89503243107843,-1.9860559371030135
-1.9127482044736848,-2.352754360703577
-1.905763792368422,-2.2823325247114616
-1.935460576052631,-2.0509941452620746
-2.267903499292857,-2.523571548637555
-2.274211439583334,-2.1038113465130164
-2.375720084027777,-2.4017772251972858
-2.380905389444445,-2.5366753139531104
-2.339730888472221,-2.464338329147272
-2.6731323460416663,-2.6113301316728847
-2.654838397895833,-2.657361151265823
-2.178751104583334,-2.3534892580144704
-2.669882129861111,-2.671521029231582
-2.5996205834482757,-2.4975562345933
-2.36937824375,-2.4804997596001686
-2.23247940798611,-2.6667763948412735
-2.487998615946428,-2.5059725469405634
-2.014379472749999,-1.9922200820543625
-2.274192492361109,-2.8568969384039367
-2.6804663364374983,-2.6552649153632397
-1.979128261944444,-2.262823904395798
-2.505724759583334,-2.4755309205095437
-2.659604904791666,-2.617959536230254
-2.677106441180554,-2.448773692051558
-2.509048591666667,-2.399531859652287
-2.635020870804597,-2.6210113638819648
-2.645976054554597,-2.556857706159532
-2.645444619276818,-2.6383321719691715
-2.650168553333333,-2.6231358640165903
-2.145657781180554,-2.546917452958361
-2.359475323333333,-2.417659589514698
-2.566241396077585,-2.652806056051369
-2.468656441666667,-2.766984696630337
-2.318004796666667,-2.2669902260337698
-2.199146546666667,-2.557007721617672
-2.646701078194444,-2.6247990128577228
-2.254103944999999,-2.3819629030643843
-2.435835594166667,-2.3709719204386817
-2.392477915416666,-2.4086086352926954
-2.371085475555555,-2.4345446809600686
-2.104769703749999,-2.671862600086107
-2.360119415624999,-2.348688956846432
-2.617479555850574,-2.275173233562957
-2.361350544999999,-2.5818722824383373
-2.411102331250001,-2.6039512370371605
-2.236336968684209,-2.29608244375704
-1.928598120263158,-2.386746514622931
-2.5246945945701063,-2.69220837574226
-2.603722262013889,-2.559229436464974
-2.437850165694446,-2.655643285595036
-2.367450279770408,-2.42019581050438
-2.474325542115385,-2.7586210375274116
-2.162666044473685,-2.4135062792190105
-2.595128481666666,-2.597244709708196
-2.577654039444443,-2.5582196832643285
-2.620629098520833,-2.616682694169615
-2.072926606923234,-2.6834996116645526
-2.654990083111111,-2.5477924332406463
-2.692975977777778,-2.491087923584229
-2.0653479045,-2.160332342429033
-2.0722065845,-2.113287689693183
-2.381319239743589,-2.34074929178692
-2.383122517884615,-2.181281295302372
-2.373362296538462,-2.2607730707253593
-2.221953959615384,-2.2756370340165106
-2.381283891923076,-2.261501267998406
-2.395905491153845,-2.3033482677817427
-2.011237426470588,-2.040229593252417
-2.1899885537499992,-2.232915745524452
-1.875398349047618,-2.007445133297003
-2.661276716333332,-2.61167100044161
-2.690661457888887,-2.4938561503576255
-1.789078247569786,-2.1040068127867615
-1.906440485666666,-2.0147458026101965
-1.975568400611658,-1.9999279440158642
-2.204269110833333,-2.181157370238495
-2.875573709146551,-2.6649827565221234
-2.685191557058824,-2.7393779535731215
-2.074234350049019,-2.2078350941702576
-2.769026879117645,-2.7658323041722057
-2.726176271176469,-2.671230589226566
-2.741138151078431,-2.7154122518102572
-2.3535704609285717,-2.096027984475235
-1.920147098235293,-1.8753069837473992
-2.402068029411763,-2.2228089631981893
-2.494557517352938,-2.4224759076545554
-2.116957999558823,-2.2225255918516638
-2.843757409545453,-2.7019182861909297
-2.07566646362745,-2.2632084372145234
-2.480630746701681,-2.487860750879498
-2.5794550396428573,-2.3110580235224876
-2.110305304019096,-2.3101216183205233
-2.295315651166666,-2.5831339371148254
-2.431489804340986,-2.14281263426268
-2.443864616819922,-2.4282015060421833
-2.251699962605264,-2.036728263697442
-1.911220199485293,-1.9258733068157163
-2.759454872586206,-2.4234710428021127
-2.658462523275862,-2.332604674139271
-2.393462013983201,-2.4442671247766525
-2.403046100329355,-2.5750469495896073
-2.537987881372414,-2.5055699131115143
-2.581930958933333,-2.5412498933842183
-2.589749374905748,-2.6258501895194115
-2.431596407709567,-2.064853061658777
-2.260637902733334,-2.1201906006731592
-1.259552922804877,-3.040446062813964
-2.554232358933333,-2.5788178405997173
-2.447240387266666,-2.397164794505386
-2.549136841266667,-2.6238865627411845
-2.697861106774194,-2.663044767664232
-2.177772337619048,-1.842682672439933
-2.909702043862583,-1.9724291822691327
-2.163457768362931,-2.3585598785908313
-2.250670727906975,-1.7727717642569778
-2.24515610212766,-2.2310595531363355
-1.7415931210000002,-1.8688115058096522
-2.416912783101719,-1.9702894666306747
-0.9003421515983611,-2.010005047341217
-2.436652322077625,-2.555956418904947
-2.424955424157303,-2.1216097082548275
-2.285789908829365,-2.5833932745040897
-1.438313112812499,-1.619049448617393
-1.374048236406249,-2.1188255935351563
-1.994977820166666,-2.115957673526924
-2.019570044999999,-2.0263243299679297
-2.018058560555556,-2.0929637931073857
-2.029238075,-2.160183709430036
-2.6404651864999997,-2.5891424639577063
-1.360140903,-2.3858242537988783
-2.493895478333327,-2.2308468327350557
-1.67789142775862,-1.9039730144353597
-1.535039363214286,-1.7473094130994
-1.547254847352217,-1.5688922296359635
-1.525675772564654,-2.0939976510736433
-2.178420955583333,-2.349654627267492
-1.498143178735633,-1.2510859420611542
-1.222069072465278,-1.7753720766470489
-1.699692442916665,-1.7301100886015472
-2.342906614940476,-2.085940561185685
-2.202243455678571,-2.0372605807427
-2.297583960357143,-2.0683754827101715
-2.099655274166667,-1.8318812758236436
-2.476683481941963,-2.5666866381671944
-1.526746542222222,-1.5094601279950381
-1.396129417453704,-1.8192155454151113
-0.466972191874999,-1.6951105479878819
-0.642430023906248,-0.7020071803178832
-1.814121167142854,-1.1749724460526512
-0.5271939382827381,-0.7129514793433868
-1.8371262714285697,-1.8248276126977805
-1.632222597499999,-2.2343845040358903
-0.938738242526937,-0.9252902804500343
-0.7454701112499981,-0.5959845386343605
-1.12634982232144,-2.4412789019649197
-1.824414109583333,-2.265000231676651
-1.147233041607143,-1.6291345795836507
-0.8601711219999991,-1.2183034525190328
-1.804262099782608,-1.1116006216266399
-1.805736119999998,-1.4133557602702644
-0.8770219093965501,-1.0719338281503055
-0.866369247460936,-0.7014468018210975
-0.747742256145832,-0.8289062718456066
-1.983620872708333,-2.1431160595783187
-1.099162789583332,-1.315508641872201
-0.583503417916664,-0.9227181392098022
-0.739189207124999,-1.6694837773824571
-0.990020083181034,-0.9646537149364428
-0.8536747171249881,-1.1804363197235193
-0.5322799706547601,-1.20074210778423
-0.876243099895832,-1.2003482130071412
-1.4275910639080451,-0.9576245929166796
-0.543498092569443,-1.3920200851714124
-0.8425974399609361,-0.851093343627372
-1.626804096363636,-2.0775726445659237
-1.777149837192983,-2.7126655232762844
-1.776344172982456,-2.7247086795691264
-1.998486268921052,-2.1457629619769154
-1.8306823824999992,-2.0172992719051424
-2.125365378437501,-2.2733518451620736
-0.762807941534088,-0.9653402169752844
-0.796762149090907,-0.9422783938110071
-0.8340568597500011,-1.3063138295126702
-1.525100331449275,-1.084721440182611
-0.703847313124998,-0.69660958612786
-0.844677733295451,-1.3530575352027499
-0.962012003489583,-0.9620418975825661
-0.962457384947916,-0.9624290798513443
-0.9621898253348212,-0.9622142919285648
-0.9626829801562492,-0.9626499315712327
-0.962192134441963,-0.9622095057816068
-0.948980154675481,-1.6950148573893924
-0.962111316614583,-0.9621696828042398
-0.962455199739583,-0.9624622991848071
-0.96198588529514,-0.9828724978944329
-0.9625760230729172,-0.9624371940732164
-0.9617357624776772,-0.9672871482857299
-0.96172175640625,-0.9866270161136552
-0.96143963033482,-0.9952691609876436
-0.96234287740625,-0.9852793159858585
-0.962299075850694,-0.9622942683808872
-0.961858802041169,-0.9772743593807661
-0.961838825904019,-1.2188844805643728
-0.962115584831574,-0.9840412022609443
-0.950462961207838,-1.0080144798068396
-0.9504548223189492,-0.9895640282222881
-0.95136465093006,-0.9857227372847647
-0.8060035630357121,-0.8643363318311322
-1.022016536276938,-0.8477123058013917
-0.7475801232397911,-0.7501764616494968
-0.719427493749998,-1.3766023852913067
-0.679185416875001,-0.7034549477645049
-1.127432804999999,-1.9061174656872422
-0.7363085132397931,-0.7615547677392721
-0.5004279738303591,-1.2607458133327503
-1.074967317321427,-1.1909114534144145
-0.7549627123214281,-1.6092427840964425
-1.154505132335067,-1.1032694964744532
-1.142337230425,-1.356737557662361
-1.897216927358632,-1.6437290077781876
-1.965204210178571,-2.0706074029718833
-1.965646147678573,-2.205353865747522
-1.9122406191666648,-1.1971439673870385
-1.252977908624998,-1.5013279734255718
-0.8750105280357151,-1.3327655447769335
-1.121908958125959,-1.178179820278352
-1.123036004577572,-1.1108651877417544
-1.060207638619047,-1.0620787787275423
-1.3275438255977,-1.7207227634997082
-0.6985897668749991,-1.0170006316982287
-2.059574781203702,-1.6165562216728062
-2.011831341956521,-1.900010767432846
-1.136056408958332,-1.218648909115371
-1.060883978507935,-1.0645614602451403
-0.976167164341691,-1.0233787965041092
-1.061344245257936,-1.02444102036379
-0.707285174374999,-0.7212172826833556
-0.946639962568026,-1.4603050997545541
-0.6450904649414061,-0.6963381028134265
-0.682614896230468,-0.7173288768467334
-0.640685842441406,-0.7723469737632328
-0.692295134444444,-1.1043851036089365
-0.293366709909091,-1.3569162911046664
-1.023891978308531,-1.3847846091773726
-0.753255059975202,-1.1899826895437862
-1.002273678830048,-1.0012174102538238
-1.00133413598522,-1.0027276911245198
-1.001401086933496,-1.0013933848083088
-0.499464145543477,-1.0303350190703928
-0.672556203098958,-0.9383423568153255
-0.7335198824068311,-2.4254439569579285
-1.075155528007811,-1.045057165340194
-0.950423253687499,-0.9405024780653656
-0.958906750208332,-0.9865571679305924
-1.798556277916668,-2.0802257420415486
-0.9211757693749992,-0.904964691366106
-2.067353063052396,-1.6719859105488413
-1.108780208749999,-1.153098673001555
-1.590889728214286,-1.5258710193811524
-1.579048702071428,-1.325233273995923
-0.7733375115972221,-0.7742681636579111
-0.740573382291662,-0.740463682346011
-0.7406897106249961,-0.7416431124547067
-0.300012272552085,-0.3095680869429363
-0.6862816139583431,-0.6879220685416761
-0.819978711666671,-0.8192581396739171
-0.757177663124996,-0.7611148676403942
-0.279618547968742,-0.24850834988903592
-0.703511566458345,-0.7039175459873291
-0.333730565885417,-0.33423385440896936
-0.636681701249997,-0.6367910091847816
-0.686537140625011,-0.6888203554800831
-0.333785680052083,-0.3330244386118687
-0.279621996302078,-0.24637006429120997
-0.279135206302077,-0.27987815782381714
-0.300560755052084,-0.3034234891009982
-0.740193779791662,-0.7402753272373167
-0.762167285624997,-0.7885350974021755
-0.7407123414583291,-0.7315623033061577
-0.8373508141666711,-0.8372903223550757
-0.7570578572916651,-0.8221913905643319
-1.321667652857142,-1.0680242517620069
-1.777505670357142,-1.050718286173468
-0.821783762152777,-0.847046887421898
-0.7019046200000001,-1.5719562428413303
-0.575086519333333,-1.5774456877455847
-2.145927878818181,-2.221547516399322
-0.387433836145836,-0.3750681225860539
-0.483633544531253,-0.49316972093523576
-0.421822790729171,-0.42073353253510365
-0.406369148229169,-0.4020233728668523
-0.406625489062506,-0.40880850904438865
-0.421002400729169,-0.42197623755435115
-0.7870107717857131,-1.198258699159605
-0.578132262878787,-1.362568219294809
-0.8980820154166641,-0.8289261402316872
-0.904702752916665,-0.9735367088886978
-0.7212793779861271,-0.7254330540640237
-0.378411128402777,-0.4273667374684974
-0.7111031466666821,-0.7257946935227888
-0.857993430833327,-0.8579358396920249
-0.354288132968752,-0.43759704295629726
-0.7608916064583341,-0.7921391242699566
-0.710494512500015,-0.7061180135960303
-0.8403255241666631,-0.8613732766438899
-0.7780812931249981,-0.7791072008469201
-0.354639200468753,-0.40270504037968335
-0.7103071350000171,-0.7081453166802685
-0.901689264062499,-1.055788162918326
-0.89936493222222,-0.8339376770939139
-0.533234831607141,-0.8129767323697057
-0.940918165833332,-1.4450799039023852
-0.728917852291682,-0.7332908081612447
-0.889349470468748,-1.2791778874515582
-1.134914741964286,-1.2501350899665493
-1.12378187095238,-1.321089261378689
-1.027800370815972,-1.8178413456652012
-1.7594193092857142,-1.610253855884866
-1.265116464285713,-0.9880292817938177
-0.641373546874999,-1.7192699536358362
-0.593711712833331,-2.1227930424241763
-0.444261411904761,-1.406793170099845
-0.59661094560606,-1.5339150200921698
-0.356843165729164,-0.35921458484261903
-0.772912395486107,-0.8232093190579698
-0.6836220202083291,-0.7173692124593107
-0.6988556876562481,-1.0689022680642015
-1.154751894583333,-1.6004305343863476
-0.859134065156249,-1.544403971341067
-0.523712357656243,-1.6952800918920514
-1.59056209953126,-1.6048393614973344
-1.134864995833333,-1.587834797753296
-0.878669020277776,-1.0782327450932587
-0.921985167416667,-1.147365585113379
-1.065123988466663,-1.2509054793164471
-1.315347740488505,-1.287503282632002
-1.648559671574074,-2.128111425002779
-0.8912720592580041,-1.124279357431042
-0.263375289538908,-0.9538780240772375
-0.474978506041666,-1.131163479748092
0.024059021171876,-1.4805192630297919
-1.833644232291665,-1.4963819524209416
-1.6939594264583322,-1.470047349935858
-1.835891927291665,-1.8055982500226502
-1.705177416458331,-1.640606006100708
-1.746015828541666,-1.7391177934002149
-1.842290476666665,-1.675289370743466
-1.732246598541665,-1.6935992813564824
-1.810544322708331,-1.7119556438092134
-1.821600580624999,-1.6313845857231062
-1.253904014312499,-1.1759817940197712
-1.113901583333332,-1.2702126999245338
-1.185066812857143,-1.1328731957642295
-1.088031450357141,-1.04785330505654
-0.554877909166665,-0.866151645343692
-1.349183927361108,-1.413803971021143
-0.5360772075000011,-0.8816087334619769
-1.909333639166665,-1.161850567750789
-1.719101605791665,-0.9884670580731797
-1.236993545972222,-1.4201129006810533
-0.389578175119045,-0.7281276326816347
-1.280063318124999,-1.1253993124175687
-1.316151084999999,-1.128158328287813
-0.910110392142856,-0.7792378602695529
-1.210745809999998,-1.2589482807776649
-0.6463600932812491,-0.8124988146272452
-0.293557251765045,-1.4750814636326866
-1.6591049707870371,-2.02332542212174
-1.537511169545453,-2.207675995216408
-2.117465202812499,-1.9197490045306123
-0.41775022497899,-1.2760215330431435
-0.438877462478991,-1.0213884858178106
-1.484982750300333,-1.7219873790023634
-2.283538695793649,-2.320984702667655
-0.176750911513158,-0.8881737258347568
-1.889739489699999,-1.3498627348374426
-0.459682140069444,-0.7087979559653239
-1.447609973636364,-1.5024631770023553
-0.395186128557692,-1.0633027181918802
-0.518234119568966,-0.529750788562712
-1.2742292455010071,-1.926884769347711
-0.192599801770833,-1.9120495050361779
-1.462423984264705,-1.7533056414756387
-0.646991443863635,-1.6004367824545118
-0.452371218896551,-2.1653772913223968
-0.571040271249998,-0.9642473940150161
-0.9756267914463592,-1.3006211656081534
-0.034292619381943,-0.9419049728100074
-0.922349028738094,-1.0304610295372607
-1.243509303639846,-1.2729467221844952
-0.844362185,-0.8581579756844413
-1.276396080370371,-1.011355495635374
-0.797405277499999,-0.9294950993068555
-1.024496204791666,-1.0245116235416654
-1.058076236458333,-1.2855931205776496
-0.6965487631785701,-0.8319577066491921
-0.633011808437499,-0.7442075951219838
-0.7006014016666661,-1.007270609334947
-0.679966887822925,-0.8512926462476856
-0.882589302777776,-1.1287164884769942
-0.532658789074075,-1.1576469408572012
-1.9028966760975607,-2.3600591190318663
-1.572224192229406,-1.7904628309673727
-1.300769066119791,-1.6956379840285216
-0.1373505849,-0.17315849619363294
-0.644585197547891,-1.096970145067436
-1.659681622171053,-2.3066893593231774
-1.694923831682856,-2.1308550981304224
-1.611312544188596,-2.0575039368459174
-0.6254775112083331,-0.9004997343148722
-1.010130214062499,-1.1080611402114113
-0.9921145540625,-1.2797906762979183
-0.8562810200000001,-0.9019291350746653
-0.362578313028272,-0.8562921265804243
-0.304462018965772,-0.8978416409267358
-1.196502549796875,-0.9376589747378248
-0.442706928707482,-0.9570762352071768
-0.9094283984166672,-0.9719192903415678
-0.395738584890109,-0.6306179689865614
-0.5457013773571421,-1.156338652798992
-1.551446760616665,-0.7999542822107619
-1.209867136817707,-1.1663747142322842
-0.7119237470234361,-0.9632025010029167
-1.746499240510856,-1.656674910598024
-0.630868652962962,-1.6519268704209877
-0.8240477865624981,-1.3372711594721987
-1.438913448235293,-2.0630047438899455
-0.447241161315789,-1.306243761124574
-0.6148537779956891,-0.948334774830499
-2.321739771533203,-1.9224875181145213
-0.8580247160833321,-0.9891152368275078
-0.8047231396951211,-1.0025979803715048
-0.5639669288636361,-1.1180912831045158
-0.8511451694999991,-1.1466004446629214
-0.5640077746874991,-1.0550418784511262
-0.702496671607144,-1.911148672997632
-0.8667762614062541,-1.066183824201741
-1.142195164285714,-1.8104072622779552
-0.26139601557292,-0.28176858745363464
-0.291916004322914,-0.695442211072165
-1.2515234546666671,-1.1840072691716803
-0.6783089225208241,-1.2347788938746
-0.8459528145862071,-1.040507486815477
-2.095540906,-0.813910255032279
-0.6870099889983571,-1.129313704126601
-0.92169864142857,-1.087267891568825
-0.91117355607143,-1.235012260418744
-1.496538960052082,-2.4544937445554
-0.265333344869797,-1.3625209505887532
-0.920902356666668,-1.8148320206376494
-0.9383685105862072,-0.9205094111748455
-1.535049917692308,-1.2620682107485581
-0.414615469187504,-0.7609075740678817
-0.582541794642855,-1.041431385538408
-0.9299614942948712,-1.0650067613056295
-1.888413521029423,-2.5902832451441156
-1.853890268076924,-2.5900687089466152
-1.809994519264706,-2.2780279082350243
-1.85026301661766,-2.329994371433754
-1.768959725499999,-1.100687507258722
-0.6893279347222211,-0.9505566891757191
-0.732841008970587,-0.6116294036957556
-0.7432608783823521,-0.754551084295949
-1.487824404749999,-0.9758806205382543
-1.922407928074713,-2.115928556730556
-0.601954282062496,-0.8492408493468497
-0.6585908918402791,-0.839858068999065
-0.659405731483516,-1.4358257790957807
-0.598810868787878,-0.48415242782744844
-0.340740989718739,-0.568649605796353
-0.740109845362318,-0.9244554735099648
-1.7734160003,-2.1564324820066885
-0.351237027064392,-0.5779002195719395
-0.642151824642857,-0.7185674491585907
-0.7723579326562521,-0.8374175619001109
-0.921434160833334,-0.892144215963203
-0.967709961309523,-1.421145890120045
-0.519048123664772,-1.4301187222279161
-0.36000416885417,-1.012750705203527
-1.150135861562497,-1.6521614383296217
-0.5933227426041671,-0.8624783317788117
-0.9381749869444432,-1.0198983467607794
-0.98377196345238,-1.5748513861677835
-1.177502668666666,-1.2532899079361781
-1.138582374687499,-1.2331635332623112
-0.522175905687501,-1.2179515069535392
-0.7882413033333321,-0.9144897963360311
-1.039422276874999,-1.1592077756631114
-0.534248575208331,-0.8905756246418141
-0.8879440811458321,-1.0221604215860143
-0.537381230694443,-0.527693039426098
-0.245937132148378,-1.5082795503227386
-0.505611512361109,-0.7696059391400832
-0.178491079419645,-1.0228761028678375
-0.63330489927083,-1.2957010535634845
-1.17285275186111,-1.2751454164634104
-1.278051135999999,-1.3223973226664028
-1.9454637675,-2.3342880971110906
-0.7550770369713521,-0.9932819624324786
-0.6295230662499991,-0.9670888573729147
-1.838969990999998,-1.9678614973807027
-1.836028762777775,-1.7531503464007472
-1.843069935777776,-1.7086642454600132
-1.430873837499999,-1.3230128703998032
-1.738829275833333,-2.005085598818916
-1.210869094523809,-1.4049523422522256
-0.931345534931034,-1.068415605493537
-1.912280083402777,-2.7382725116683324
-1.067910455459769,-1.194584395772299
-2.122721678035714,-2.029740769311154
-1.991401288214285,-1.7664940987033284
-2.021338385416666,-1.9003559323331733
-2.403104645705329,-2.6043001603892093
-0.8708529181730771,-1.1724109354762646
-1.7565987455277772,-1.9251415364358302
-0.287243025187498,-0.6772027428882343
-1.3956291817857132,-1.0379803773976735
-1.120472408749996,-0.6825682198722597
-1.516091671041666,-0.8777332075477382
-0.828725695378787,-1.3259046028048151
-0.858202121724137,-0.8808542078041023
-2.205997224,-2.2200111100585356
-0.6074913829545441,-1.1618401565839191
-1.917020341882714,-2.3650435506230125
-1.868545164185823,-2.1805266687788696
-2.298663042857144,-2.1199087548174
-2.323136091469774,-2.284773632624756
-0.430534099166666,-1.1510083571142622
-0.403115014419191,-2.2861125067277657
-0.560926528148148,-0.9318563521975411
-0.2368524879375,-1.032998461967523
-0.8063513457686771,-0.9220948199217657
-0.509510152559523,-0.8405620472531604
-0.443890066060604,-0.7729860880215496
-2.064947771206896,-1.7387737683126223
-1.002829479985623,-1.0402501666062731
-0.58056713455357,-0.7720547210879466
-1.8146211885344807,-2.76804853107122
-1.863519594110345,-2.46441062585239
-0.473668063541666,-0.8842173286303903
-0.693855182499998,-1.1234640779954288
-1.201716223833331,-1.2320482350080595
-1.55547421392857,-1.498458560612968
-0.684868667,-0.9001865641807608
-1.224967454499998,-1.2032289712169517
-1.54161022892857,-1.4582325420932245
-1.246450446666665,-1.3924120657810037
-1.132332549027777,-0.8649967838303748
-1.67870910509259,-1.55033109099683
-1.810432952083332,-2.314675904798146
-1.519035873571426,-1.309278858065797
-1.257259677222222,-1.7030491878205025
-1.58750342642857,-1.143476389822157
-0.204963409791666,-1.357721121861154
-1.600842348749998,-1.735542593986459
-0.385651192380956,-1.2171159726288951
-1.656994172142857,-1.0009821869944242
-1.2236287818999991,-1.2354272532537867
-1.57652549892857,-1.2895758940419118
-1.810702072555555,-0.9141392697226907
-0.584547191785715,-1.5173936434368196
-0.6654889700000011,-1.3019688087810015
-1.871845140758619,-1.7726365372568353
-0.5746093356060611,-1.0760882907535398
-2.052149200441177,-2.5071620820374023
-2.124230477401961,-2.128659545694384
-0.497913288095237,-1.5813743866356011
-0.8999656099444431,-0.936985887105864
-2.040846587628204,-2.482987303851196
-0.164219499739582,-0.9004250165885905
-2.657066617752101,-2.6528362380922026
-0.5059452510869561,-1.3870245118052125
-0.393038553913042,-1.2062224350110335
-2.213435170771073,-2.201802780725096
-1.663234342941176,-1.0118813365574393
-2.267850087429973,-2.5476203118325773
-2.399593024782914,-2.3764181128800463
-2.678639721352048,-2.259898285998278
-2.524502266393679,-2.4428413793886206
-2.6312229552122632,-2.9126457713649785
-2.680379556480254,-2.5577184941792748
-1.041971005735026,-0.8464211249161153
-2.421251839613666,-2.2426270416332827
-2.290995250982713,-2.563476037079681
-2.503273818556377,-2.498057507289525
-2.636763777581896,-2.332050880770348
-1.583597970624998,-1.5716286403911723
-0.617530947738095,-0.8242722870362053
-1.039641787812498,-1.2173838546041358
-1.456835643541666,-1.299562936851276
-1.523177801458332,-1.4669404153540255
-1.048363350624999,-1.0580546799835264
-1.472512986041666,-1.1919766395046527
-1.145194613749999,-0.7688293852975354
-0.965806566249999,-1.0917994219498741
-1.980316683245614,-2.353607089256833
-1.981913591053922,-2.326063885409897
-2.484827378446078,-2.1386942589379734
-1.925655319741379,-1.9763437390669252
-2.357535563614088,-2.441095712271816
-2.219661441720148,-2.230878886325207
-2.804359676311064,-2.76468899228298
-2.175291667529205,-2.319584799056186
-2.596302239511389,-2.4277805821952403
-2.6999433250444733,-2.59351152219604
-2.4416251845906,-2.542181200984524
-2.766405290250294,-2.5472926742602264
-2.401574028889749,-2.5428565316727916
-2.511970096032607,-2.3956494941674698
-2.512329474699273,-2.617303718132849
-2.192092475842131,-2.280770679330429
-1.132077395999998,-1.0505699961672024
-1.138409421916665,-1.1110461068620203
-1.129093213999998,-1.0280055514098223
-0.6607841430714191,-1.2410770882688626
-2.077651145073531,-2.1285775973222827
-2.217093082063218,-2.2362881026683654
-2.3949076584165763,-2.5212224398206273
-2.537700371790504,-2.5254678159033572
-0.907031276166666,-1.164876146578177
-1.732108828518517,-1.5120518411684833
-1.98518299900568,-2.240324082473891
-0.8360240519642841,-1.1808073789211044
-2.392065865583626,-2.559428305734507
-2.664391520663637,-2.6435646849026493
-2.320492536023999,-2.4600123962807863
-2.128083952551314,-2.2879954588898013
-2.815384897115574,-2.6743050568596964
-2.427050977826956,-2.567654161829911
-2.600790531729395,-2.480916431746974
-2.500055982758232,-2.3524786208343786
-2.538733083598933,-2.5910089181617364
-2.3788086519084573,-2.149333788307558
-0.5923213417045441,-0.7212592483859813
-0.583335399374995,-0.8684591574610512
-2.255933648253727,-2.2760607769184324
-0.378293760486112,-1.0487409741243685
-0.6633181693749991,-1.4064717806574252
-0.028787678,-2.5542544594280487
-0.192389701428573,-2.2000634092332465
-0.083905939285715,-2.6903943725401964
-0.12912161,-2.7884535845630674
-2.6317179504666672,-1.9306656268176021
-1.987830883810976,-1.1744806880570693
-1.78777891309659,-0.8478586358961463
-1.784153161874999,-2.065286399417453
-2.722917310000001,-1.5079634390146428
-1.603436871969698,-1.888715151286082
-1.673642153333334,-2.2977195039168263
-1.6628035179999991,-2.4228607322041524
-2.318986056293624,-2.389975878086855
-2.967343368242528,-2.541218735486499
-1.685816469312499,-2.4540986948682466
-3.000114529986843,-2.291576211501472
-2.431233042857142,-2.390844647609083
-2.440143290714285,-2.2856105371005624
-2.11771447425,-2.103521418170859
-3.195001350769232,-2.524064947906001
-2.544780892,-2.582933455513719
-2.523377392,-1.1413304705239071
-3.332089309071619,-3.2240868539691814
-2.9596377066363653,-2.9642329253776807
0.147556111071427,-1.7644668014224378
0.088740559642857,-0.08330531501645734
-0.0748816567,-0.4727006752075982
-0.106805800892857,-0.1991835846328706
-0.115087861513158,-0.4591819069854384
-0.182988051597223,-0.38025390337992765
-0.183661757430556,-0.3353883927655898
-0.185746366874999,-0.25459167270332594
-0.024021965555555,-0.04144069956503992
-0.025224794305556,-0.24100967851440647
-3.337827311,-2.7620584515771758
-3.318757430666667,-3.1683930696439164
-3.501638054444445,-3.0478607856868494
-3.493553009444445,-2.6509580938088466
-3.358393413055555,-1.957207111185717
-3.349036991111111,-2.014947501981714
-3.350655979027777,-2.2889138114718603
-3.416520455277778,-2.935279691130565
-2.097732848333334,-2.2627550697696774
-2.965574162638889,-2.76652006209556
-1.742646489404761,-2.19934112301486
-2.5807775575000003,-2.642211283741657
-2.578309968333334,-3.03260550889985
-2.738304679722222,-2.6243695860336786
-2.063405258170498,-2.016709649975757
-3.568734357083334,-2.5324280019948984
-2.432151184404761,-1.7952013445649784
-3.448543979047618,-1.7169827182472088
-2.93785821013889,-2.6118172673901987
-3.399091214047619,-2.5299129852724342
-3.263125456481483,-2.4337750856090636
-2.156462737333334,-2.4624978760304383
-3.362936645666665,-2.6959570397879857
-2.754611473666665,-2.287831174017451
-1.594166781944444,-1.9800207041542452
-3.593923870555555,-2.8648750893277692
-1.618431934444444,-2.1957163587771373
-1.8112921922222207,-2.19387243619571
-1.945541897380951,-2.4884664066057134
-2.826142144722222,-2.5083081928012243
-2.360442101555556,-2.5093689400474073
-2.691691609333334,-1.8423157789100555
-3.477498397666666,-2.630830571165343
-3.491619559666667,-2.6177026481101926
-2.631892803166667,-2.86779506544448
-2.632716396666666,-2.652435652091253
-2.492965067440475,-2.700002550608532
-3.556087157166666,-2.9358216060097817
-3.884924218333333,-3.7750060948777278
-3.837612175520833,-3.583241583605521
-3.862720507916666,-3.8462712068465903
-2.295040512481481,-2.126635983687642
-2.707544761296296,-1.8828045772367532
-2.628130938379629,-1.939745578102449
-3.544675346666666,-3.4332537791257747
-3.165674799500002,-2.9089484168383546
-2.964774912638889,-2.960918124811266
-2.151592306136364,-2.045102454656517
-2.9294113643333333,-2.2751282048036243
-1.857963303777778,-2.086222243452653
-2.818029466507024,-2.6098579529593446
-3.266128816666667,-3.1566163600959625
-2.658947957361112,-2.7565766774492557
-2.5646057184375,-2.5737826155309564
-2.578851184749999,-2.4778600908220514
-2.5572843897457123,-2.383087622377849
-2.401230611702033,-2.308936248692409
-2.3442553475,-2.355404297651973
-2.071420500416666,-1.9796401344175063
-2.840646448268398,-2.8279042818754188
-2.397410851695403,-2.5296187944971775
-2.323607316693712,-2.4491569030882614
-2.605904547013889,-2.5957113068874413
-2.882482311428571,-2.592658663783209
-2.3326630835,-2.3899056667365426
-2.348828121386494,-2.495246474327377
-2.506217914375,-2.6939588025295746
-3.424073574102564,-2.488026171645462
-2.894512731410256,-2.1979189930932663
-2.50617269,-2.4983782621834916
-2.173551195999999,-2.4251551454249376
-3.174895955218253,-2.974502600834893
-3.511843787222206,-3.2439465292190666
-3.450860982450979,-3.117452242823969
-1.843593594444444,-2.0341325500280454
-2.347867770932803,-2.3753842134348377
-3.538176204166665,-3.508882787741975
-2.7426694395454563,-2.723499593526834
-1.989714283939394,-2.106295318527463
-2.115317930208333,-2.4261377748826156
-2.070562201979166,-2.17465551524488
-2.42899347621212,-2.124088469616814
-2.535075455757575,-2.456131339875247
-2.858181493768229,-2.905314971380573
-2.998424067395833,-2.9400513458976465
-2.911044170755207,-2.934233010228573
-2.951897933020833,-2.9587347912979283
-2.9686787684895832,-2.9199611610639375
-2.932613284583333,-2.916933021798182
-2.890402429109195,-2.905860383010776
-2.922516118177083,-2.9216952901412485
-2.7158954927777783,-2.5821611281476993
-3.341147849958949,-1.944192995572872
-3.4517405823809533,-3.302654750864542
-3.348860017101805,-3.1636033332671065
-2.6372626627777773,-2.5347412116087757
-3.143555529479166,-2.453243596234069
-2.894883685238094,-2.9346350783400985
-2.304061655583333,-2.152384165023151
-2.718836496333332,-2.668367331784879
-3.369564110833333,-3.1850314598011438
-3.668897302833334,-3.0614531944208254
-3.703829085833332,-3.7025635619927546
-2.878090893419913,-2.756449121518126
-1.991042413515325,-1.2453771973727903
-3.683122239833333,-3.164773974542559
-2.708730081585497,-1.694574782403183
-2.747393434308036,-1.8604216506527456
-2.455016632654128,-2.3891884397730245
-1.31082131962963,-2.1517970865375635
-2.755456117440475,-2.738441662678143
-2.688312071607143,-2.7809322724515853
-2.8563602617125072,-2.680470411976512
-2.232510610833333,-1.9053405178709941
-2.725434473439153,-2.8509981018973822
-3.187188815997023,-2.961707493101682
-3.180023392301587,-2.756580983447688
-2.568535188571429,-2.5198588548154475
-1.8878888182222224,-2.034207725924725
-2.068174020729167,-2.1451904775859565
-1.8512387968939392,-1.919962182866971
-2.23113864,-3.065546141655836
-2.3310433735,-2.544954238823108
-2.238254834,-2.3291606268815563
-2.112472437009804,-1.9985023797854808
-2.324109869852942,-2.2196386159088304
-2.441583086111111,-2.4667707433886266
-3.185061664469696,-3.275212807739681
-2.225647984222222,-2.433699682959491
-2.709517515714286,-2.3779878023643977
-3.1350080442222232,-2.748329870743702
-2.612005185555555,-2.0214793697995446
-2.225215498222222,-2.3884725360214962
-2.542343447142857,-2.3616488372433495
-2.640770230952382,-2.5746397132213974
-2.795934390645834,-1.9488787857743206
-2.823458807864584,-2.0929641617135415
-2.896347842840722,-2.5044450221189365
-2.6961085069642863,-2.7252686974088083
-3.081361529801587,-2.7169609070460994
-2.951929362296296,-2.8463936832476406
-3.731331069666666,-2.900551003121006
-2.15203797892857,-2.233172527184229
-2.664508581428571,-2.71776518552976
-2.348510070316092,-2.4036216160887585
-2.345715365628592,-2.3605700777038536
-1.926909874583333,-2.256438548735956
-1.886679626888889,-2.061523464309697
-2.347266914691093,-2.3670724562038608
-3.162325138996599,-2.2977317996594206
-2.738663519278274,-2.6690871023657907
-3.095602548666667,-2.9915090937825872
-3.5609177323333343,-2.910056112125549
-3.027896759626438,-3.0378045507534273
-3.479441290333334,-3.0867037152498997
-2.721022644333333,-2.3302381397574394
-3.622099957333334,-3.147854870010513
-3.490021248333333,-3.0576693470371796
-2.862202506666666,-2.679456980175803
-1.613745919247312,-2.000834342730245
-3.255777128194445,-3.091330619578086
-2.9183172786111102,-2.8112590012337173
-2.309175717552085,-2.678183772149405
-2.111761136435185,-1.4837386875206553
-3.65394793812965,-2.7352988265656064
-3.048965920184524,-2.9086055331509644
-2.418253728166667,-2.9065725142879604
-2.9982658267944373,-2.736689009279773
-2.821140971041666,-2.4568260928105095
-3.039747980666667,-3.038502668236616
-3.219980293998358,-2.326901690688969
-2.559184923124999,-2.5720981282271547
-2.890721142291666,-2.863178937747698
-2.492750830462963,-2.540754232261091
-1.986309178768518,-2.0800543516819037
-2.206396463,-2.259669750887119
-2.592092726666667,-2.6023833628956727
-2.2287190685,-3.003676637297456
-2.513370937586207,-2.404650321219227
-3.246325474479166,-2.3795906128234874
-3.397059059839901,-2.559108503164463
-3.366103771869047,-3.094619979853437
-2.765539527356321,-2.4280728873309125
-1.837991591172619,-1.2540117166879063
-3.226706660641025,-2.947632329424879
-3.107562951322917,-2.705665860121158
-2.559215438333333,-2.3486509136502103
-3.046197983913691,-2.9621061835376317
-3.079378131533334,-3.0254557940084226
-2.7420402407279703,-2.7936684186354355
-2.748221734583333,-2.2206499918494673
-3.257794921884058,-2.221692147996944
-3.259863379710145,-2.919344943701707
-2.439223495238095,-2.4409729562492264
-3.369183891666666,-3.302534169555269
-2.990602174666667,-2.800463091413655
-2.842122063095238,-2.6891412670394503
-2.543400689166666,-2.590514685195227
-2.384689698750001,-2.40204049799219
-2.88641666845238,-2.7213239998656285
-2.717186281371101,-2.563146507432201
-2.801615003222222,-2.781397219474205
-1.8528600297777784,-2.0592556679061813
-2.479132459516283,-2.4898412131912626
-2.7429981467948723,-2.647971173539038
-2.633486926222222,-2.726369368547554
-2.7408929996666678,-2.8070707786172875
-3.025512895376438,-2.6588296497272177
-3.283568783044219,-3.213587399226373
-2.117265942309523,-1.2443326094693825
-3.189001834493054,-2.9426770072901354
-3.19604436552682,-2.642043488549412
-2.606658436666666,-2.6523666432971402
-2.192551325333334,-2.4375271541585737
-2.63045575015799,-2.4515232048426294
-2.375540340444445,-2.3216216717609943
-2.664362418370849,-2.6749385518988826
-3.011138610860596,-2.9206733251608195
-2.931338183242296,-2.342778289659593
-2.459471703129854,-2.1626845040561764
-2.014997147859584,-2.4163886655581828
-3.088377105882204,-2.4684345675674253
-3.237140147233333,-3.0557650323012773
-2.291365708125001,-2.400083409280071
-3.211297158222222,-2.098537107603521
-3.319039354921264,-2.4254518015338693
-2.260828330418719,-2.4317863916978757
-2.755892690206766,-2.8096893219508625
-2.840068570206766,-2.861256400052734
-2.6642944546288323,-2.6810504942927413
-1.995355853555556,-2.5763210141523656
-2.768942283165253,-2.72742954812919
-2.803054788346627,-2.5906577785680924
-2.580331306977514,-2.692966484768319
-2.113115530666667,-2.4385282801006696
-3.228068358626438,-2.655654803421041
-2.092950813166666,-2.2942613398738088
-2.422282721249544,-2.42243368918662
-1.954286831971706,-1.2848098836399549
-1.91753701301282,-1.7161498441059388
-1.946449740240937,-1.2995625729045492
-3.363385603888888,-2.796469468916582
-3.340604243888889,-2.853524039375182
-2.812786353736773,-2.2921146898367133
-2.739739190681217,-2.2981473027939945
-2.766052407070106,-2.5444514443714037
-2.913297633736772,-2.7508529780649824
-2.7732097931812163,-2.5523231390678656
-2.594298223458994,-2.55894010332569
-2.784313409455164,-2.7193675110337274
-2.6880493789471203,-2.3926460540452203
-2.929323469888889,-2.9147770883469106
-3.087265079961152,-2.810872225700024
-2.9132177983,-3.0241820836254703
-3.118003473208334,-2.6991403459330234
-3.436459322808333,-2.9657548955554724
-3.193491268833334,-2.9223273151457874
-3.436572658333332,-2.6524943255796574
-3.438231605637931,-3.2572138326366455
-3.145945214833333,-2.817997995320428
-2.903552660083333,-2.41411266026815
-2.85432833077381,-2.821452918472466
-2.641559012997024,-2.6519669296434265
-2.161460973385416,-1.537682089238611
-2.524994709385966,-2.512024885044771
-3.253095403109833,-2.3109130201400494
-3.179631894145834,-2.989687315745609
-2.624441073737841,-2.8406284121714576
-1.525441788395593,-1.5056223216695177
-2.547477593044218,-2.5668536203589256
-3.297078093704598,-3.3445103789991464
-2.7719001941666663,-2.9363325538391023
-3.114244638109834,-2.277938352226577
-3.110899164498724,-2.24680361719907
-3.205446717554279,-2.416206962127903
-3.025161112720379,-2.8320998069230354
-2.689216526069992,-2.5875501931035285
-2.858326396569992,-2.8113308728390565
-2.402838482848324,-2.2772182721017313
-2.468675048113095,-2.574032865943083
-3.515364937708334,-3.172462385165466
-3.221428657480842,-3.06271110183653
-3.11704877730058,-2.9490058259914305
-2.781411264581282,-2.693473816065192
-2.621801675803087,-2.40667245925613
-2.803943360326408,-2.615330825924978
-3.071604253605707,-2.775903343709977
-2.6308526714333613,-2.557810982333352
-2.5676817386159,-2.518072667270338
-2.504059411309825,-2.5969995018529386
-2.803551970090313,-2.7751063306883164
-2.6037366687079238,-2.618511337956214
-3.521060034513889,-2.911178298837375
-3.303244765530304,-2.575353246780513
-3.353007685428422,-2.9863444960502568
-2.610722885076629,-2.713355647004095
-2.86888155786102,-2.6481733399277694
-2.541523653390805,-2.60193943317971
-2.85160941173665,-2.806326847638489
-2.863734388415229,-2.6544051861919216
-2.561515118853084,-2.549912549313138
-2.996451293171183,-2.845604464668303
-3.015023648212849,-2.7464768359014182
-3.075079170999909,-2.9270001846204594
-3.00470553411102,-2.7847673778031634
-3.362534379216301,-3.1701298627621064
-3.356587951564786,-2.3559309447997947
-3.364455222121212,-2.1375988846145897
-3.186073894226053,-2.711022097605937
-2.127041635083334,-2.1860854379463057
-2.738186664444444,-2.094537597589091
-2.8797325872783253,-2.674270905453844
-2.763268330848385,-2.5182147836732343
-3.350653072636494,-3.0196530486799764
-3.331826344761495,-3.095567995917896
-3.48443669682184,-3.4588443988309336
-3.314977577512348,-3.215933591879387
-3.7646084644573614,-3.595670407377755
-2.707786648815789,-2.695774958021993
-2.501904418670272,-2.341930256773932
-3.300521523765431,-3.190618002352754
-3.392609160507246,-3.1347617848636617
-3.205108132572463,-3.2553136428394716
-3.155664597380952,-2.923348276667215
-3.1492670226190462,-2.9171197481367144
-3.1927373040476192,-3.009102173468064
-3.163588438333332,-2.7740755381790017
-3.172124203095238,-3.051886184083982
-2.939626018789403,-2.7172266435149295
-2.818383083761916,-2.7201497602614766
-2.831347736566793,-2.6126210963236374
-2.744164272751622,-2.6475558074877994
-2.4572588337179813,-2.592414962681296
-3.243218656237653,-3.0717467976572017
-2.667241576712964,-2.667033637983954
-2.66651774837963,-2.665869457857287
-2.6663822654629623,-2.6544034121445947
-3.000955081588276,-2.9288333632668055
-3.38731642378161,-2.7267635964733357
-2.44063555589431,-2.4420408796127675
-2.473076079065039,-2.5169048442984407
-2.468842461504065,-2.426881897118629
-3.521579584416666,-3.305660953987912
-3.618475929342105,-3.4068310633493466
-3.458661670822192,-2.350874150749322
-2.819870301429405,-2.686622970017724
-2.992316805684249,-2.618969272557047
-3.442608122858908,-3.4133511998784942
-3.74859832602564,-3.3617166703702934
-3.411967056509522,-2.8609362291521956
-3.381346201301667,-2.5959306555750534
-3.456979112246409,-3.423937974185932
-3.267274226410256,-2.7294697661820884
-2.91835646800926,-2.8754133044221613
-2.39365276909465,-1.2546431855240687
-3.551977940163934,-1.968333538915095
-2.776512731217106,-2.4377185333579425
-3.227854914866666,-2.897981684437897
-2.714581798644068,-2.6976071966489887
-2.908128610162356,-2.840376688771545
-3.5185973574074083,-2.9861746579813895
-3.053956955673759,-3.0538211939508186
-3.052970817482269,-2.9841455336527254
-3.586036154816666,-3.32422369306443
-3.586404329316667,-3.0007737029471127
-2.345480533040947,-1.1971287124295387
-3.72757864742424,-2.474629685910998
-2.799529663777777,-2.7202870174159908
-2.5439347390111102,-2.4058312374670137
-3.001884589658366,-1.8343961121220858
-2.509190043444444,-2.3678857970470064
-3.006412830491699,-2.9514353660310486
-2.477761884444444,-1.2020392477706046
-3.003068215677083,-2.844782720248468
-2.339579653777779,-2.414054996116898
-3.74501564060606,-3.122787636846283
-3.784009469469697,-3.1753752407598084
-3.775860681969699,-3.4923124494513424
-3.013006910416666,-2.6077003501115903
-3.730971776515151,-3.460101249447978
-3.785560298636429,-3.3182584315083945
-3.020799182708333,-2.4920290276817916
-2.341758083777779,-2.4329963861889707
-3.5537791395098037,-3.369372855612707
-2.377098543039215,-2.458447342193754
-2.254275718333334,-1.9892080073887457
-2.435965561231095,-2.4427074057079468
-2.9921210066071438,-2.9609939977396325
-3.009925975079364,-2.974867013245388
-2.869611538529762,-2.766186680594705
-3.23747311970977,-2.4365359899133496
-2.817230613804599,-2.6408064381505763
-3.570296004777778,-3.0925259648545387
-2.699382086138975,-2.8139650526228737
-2.151294387350876,-1.448439639978784
-3.168799028916666,-2.7104253705239816
-3.513404691666667,-2.9984600262194534
-3.123574121416667,-2.482696331708051
-2.392578074166666,-2.250777429669673
-3.017262740079365,-2.9267556883468226
-2.870970304654762,-2.8639389459729343
-1.765899656844443,-1.0747206572702068
-3.147307040063492,-3.013789677421594
-2.7990293697301603,-2.259052397538795
-2.844193647999999,-2.8491195154850746
-3.177372535686919,-2.6093716412476984
-3.334670470637256,-2.928660636573268
-2.931885007810845,-2.9066803298745088
-2.805604998088624,-2.7938083276257175
-2.854402623366402,-2.8313078731520704
-2.813757399019607,-2.761572099396706
-2.023926583119657,-2.3292520059195185
-2.177655187037037,-2.093193629652825
-2.4310700825925933,-2.4657198060715992
-2.212030808166667,-2.2296967336541402
-2.444674881111112,-2.412245910416563
-2.833888380779762,-2.9520485437430564
-2.757677962777777,-2.4664418223399083
-3.436417339804598,-3.2992798540957664
-3.4056719695545983,-3.384555977290036
-3.439443815971264,-3.413169468195309
-3.016703070634921,-2.919425828162566
-3.00509087673913,-3.0203824408454536
-3.140570073205128,-3.017615482826037
-2.424784506808977,-2.347348837151838
-3.173204534063492,-2.842922806733014
-3.711835930666666,-3.2170362628613383
-2.838569332279761,-2.7623603905327054
-3.363461813402314,-2.3603308435921706
-3.43978659125,-3.144058773620186
-2.772240358030303,-2.822485482131016
-2.806051606388886,-2.8069552503051143
-3.195955519509805,-2.8387990404722974
-2.351696187777778,-2.5074965267191858
-2.645450403333335,-2.566562937801795
-3.114777331123562,-3.04680953616267
-2.470284296887256,-2.6361949006764434
-2.2772075931127462,-2.4841164162206573
-3.276577290021646,-2.644094438269728
-2.537920631333334,-2.1871328932054777
-2.612677450858516,-2.4144051854936106
-2.490164277992611,-2.3986717662106227
-3.092499200479362,-3.0837288391216746
-3.172647440128206,-2.145197511919934
-3.118503749229363,-2.9094407132758198
-3.12611748179023,-2.915921999900457
-2.7223261674712638,-2.7711797632414257
-2.765905523246032,-2.326367947276958
-2.9440710005741773,-2.4842521045068455
-3.12847544816523,-3.0797667027034676
-3.13359011129023,-3.072948601872172
-3.374880277333333,-3.2765432796961087
-2.991129180838349,-2.7305134029797435
-1.950546748548387,-2.173816463993376
-3.281800600065135,-3.0215660630974934
-3.521493201968751,-2.9965650715961063
-3.523692033978449,-2.798302142178553
-3.142004831126438,-2.547949957619663
-2.206642737321429,-2.3190568069742286
-3.021870058897373,-2.907841742012603
-3.459167585885417,-3.070400981422128
-2.776419450739249,-2.6837837511776343
-2.498242691702208,-2.4296845460793
-2.645156259474771,-2.7073946255713266
-2.761689526516884,-2.6685948376729343
-2.221503588606322,-2.351270311845718
-2.616349927631048,-2.4658384617893274
-2.985895128036008,-2.548844127762987
-2.309677666119639,-2.3411168136399043
-2.748203643592586,-2.7047810703941044
-2.972715389950962,-2.669986206544357
-2.6152561907693963,-2.3396909367905674
-2.934036861711139,-2.8006659381275893
-2.637053400769396,-2.320451750936787
-2.718954646988917,-2.7150350551001496
-2.484552953508798,-2.597460474892587
-2.738833906734293,-2.929572682407548
-3.236774455458994,-2.111308499224644
-3.497703789027777,-3.0717112235541246
-2.826585325267911,-2.7853272889059015
-3.717084966842105,-2.935424577204376
-2.846263075034483,-2.798752035802151
-2.8119189108843523,-2.818389353605972
-2.170765118695652,-2.2115231126889867
-3.637799156071428,-2.3576912556115106
-3.355213158846154,-2.7657519799936154
-3.628609801785715,-2.7067281851794815
-2.853883743124999,-2.7263311994704353
-3.4778934443181813,-2.6052753017257175
-3.338316207727273,-2.57992659548614
-3.6379192075,-2.4062797172872803
-3.429214726764705,-2.900313867175277
-2.488671570166666,-2.725131678549454
-2.875748531458332,-2.8732916381727196
-2.7553079804166662,-2.7606030450896664
-2.651225216250001,-2.617499243855015
-2.542993825000002,-2.5091217826730965
-2.821795270999999,-2.747554014425019
-2.797844278599999,-2.7384125429816417
-2.8015759248,-2.4504699230087357
-2.91702496999042,-2.7251256619489377
-3.552151340921053,-2.1055538350953085
-2.438016854499662,-2.7355535386326215
-2.083002485833333,-1.9355645778635227
-2.37362264079861,-2.3736201912265993
-2.37340055923611,-2.3733867406627414
-3.368034806250001,-2.8570616932155617
-3.529607489666667,-2.9094168825870717
-3.412753374868154,-2.9047369462557224
-2.744947589642857,-2.3836720932412043
-3.555811256136364,-3.396406957030313
-3.045533013542694,-2.734376005107952
-3.074562339761904,-2.7553210301545064
-2.868105422083334,-2.574311696292565
-2.426720491287878,-2.4759134229053656
-2.958395378511906,-3.071231230946616
-2.779018792603688,-2.8369583098914273
-3.680801599375,-3.506989869227346
-3.6833114234375,-3.419949029323557
-3.205351060601053,-3.193910425533935
-3.5978766634999992,-3.0391213630133156
-2.996779545942307,-2.9519927079808808
-2.4629035938690462,-2.3018870200124524
-2.700224681547619,-2.427695960746138
-2.252621894761904,-2.118918377193521
-2.484475679093138,-2.3822369434262005
-2.832148578862088,-2.6822008953891396
-2.870503275223878,-2.7549792088021117
-2.80046380519643,-2.79075784761707
-2.405072265254515,-2.444437696940407
-2.575889314047619,-2.4964551457256543
-2.604187353333333,-2.5588303095581435
-3.022760592092471,-2.6601678824264012
-2.8018315901607838,-2.7169699762072055
-2.7165216054960317,-2.5963165083927513
-2.828710141214422,-2.73317632211306
-2.7893069446866443,-2.7031634236155244
-2.679191422579364,-2.786225599199666
-2.706359212162699,-2.7718598488950055
-3.4461226928888893,-2.9462005772709845
-3.605261031041667,-2.91987488982941
-3.46496732310345,-2.891783793738233
-3.33933064953125,-3.130445123013558
-3.494323240000001,-3.361112106560359
-2.844651223733083,-2.7554332809754385
-2.917692798599999,-2.633812497678437
-3.3461760694,-2.959354525400863
-3.020453605847702,-2.2232969330837955
-2.568949824523809,-2.503731667567205
-2.7009794865476198,-2.586460727202013
-2.457595889404762,-2.1863113526050055
-2.287136176130953,-2.4979474816465825
-2.436691187828407,-2.4969722472925144
-2.6023725423973723,-2.365514575103117
-2.83549590704023,-2.568280407035683
-2.687692597797619,-2.6227266084953027
-2.642338308185551,-2.4072199594172976
-2.419310604047619,-2.5382696172483508
-2.766862809404762,-2.70937492404915
-2.312349553468802,-2.243820275255799
-2.682961379266408,-2.7048527387388193
-2.639408936833976,-2.6191251432047236
-2.698206416570629,-2.613729162996166
-2.779903103123563,-2.6886193890299475
-2.79575289816523,-2.7294106488442087
-2.782037703152377,-2.7173248971746498
-2.767178727341566,-2.757835262361965
-2.638438677837061,-2.742042617499493
-2.948186553171182,-2.905545372374304
-2.85777384287889,-2.7375476816291777
-2.8684587415725837,-2.6403074921673384
-2.698802306889749,-2.6227300029658966
-2.578411701556416,-2.481211108272826
-2.676112893604035,-2.6556803087805205
-2.988804707133759,-2.8534886490118807
-3.07078258228161,-2.663452768095846
-3.084584238666954,-3.104345684488336
-3.123070114470443,-2.6092024320708544
-3.209056514628352,-2.9953391350263074
-3.231590101176247,-2.8587296668518865
-2.963749749901962,-2.6499916991156947
-2.658385749122806,-2.3083031833771055
-3.2976162166666683,-2.999560657935626
-3.435326306309524,-2.7276086839833984
-2.417654663035714,-2.1434440057104145
-3.124555092843137,-3.0210404614465998
-2.897617218492064,-2.0248931262329144
-3.247345544444445,-2.7934272945377994
-3.104235324319727,-3.0118478671781124
-2.975456780605443,-2.9546588031094227
-3.472092738364585,-2.858348874717987
-3.491660836802084,-2.675715221605336
-1.739123310964912,-1.1223373666922705
-2.699205424916666,-2.3588855539377183
-3.222096965208333,-2.7097706892526925
-2.606267821978123,-2.5713412391151316
-3.63746459984568,-3.3786778501098067
-3.545401757666666,-3.373078194396041
-3.597420561512346,-3.0725898230959006
-2.771920271933333,-2.607654847731083
-3.015209182811321,-2.873487018029613
-2.776296096349777,-2.57357047329196
-2.913380679012199,-2.5062928295271503
-3.4893750348189663,-3.3778398619398837
-3.447405203985631,-3.0803170715874555
-2.956778669308756,-2.92398738316999
-2.933977314953917,-2.6308554198371867
-2.829707446098132,-3.1896235450269295
-3.681512814226191,-3.1423287675886824
-2.659993329948091,-2.4486805036323314
-2.544218663763441,-2.5098520180563715
-2.738276737150537,-2.6241282207275956
-2.762740471505376,-2.5605476094554827
-3.413997269633333,-2.586238325700338
-2.643367490971423,-2.320101192133289
-2.3404655652131883,-2.6048834643740086
-2.208980536598934,-2.4898709686857003
-3.023178923619639,-2.8338785354800997
-2.650688744005818,-2.714941554062634
-2.416137669012305,-2.431779805795945
-2.90613849416842,-2.7390983883248112
-2.536429974757851,-2.4872345031355523
-2.826000976597775,-2.711795317093195
-2.764299092127602,-2.698681467393213
-2.785399256597775,-2.5494745825215994
-2.646089066857332,-2.431732954123011
-2.771983620932267,-2.427798841901654
-2.659937589384647,-2.3541569929014314
-2.640676342956077,-2.5310775993284698
-2.3015886219166672,-2.366937408836958
-3.5131783265686263,-3.244248886732959
-2.8886146697616,-2.7321674641285356
-3.4684068836190463,-2.8457709112630694
-3.318825024466666,-2.8341705886914554
-1.617655459166667,-1.948333832592715
-1.677023276153845,-1.8402564683811087
-1.5604703549999992,-1.5814435158050535
-1.644203928571428,-2.0885117516086242
-1.854978619375001,-2.1111496210718745
-1.4456325535,-1.5555352680182877
-1.421811709375,-1.5303073874690172
-1.9454554794088672,-1.853181298034024
-2.19748324111111,-2.072226730937508
-1.559997669791667,-2.6620934464539103
-1.7498168192857122,-2.802664305451602
-1.599492350909092,-1.790010020629866
-2.101178606818182,-2.586340829482705
-1.925918267999999,-2.210441146342796
-1.813649822586207,-2.429140469827202
-2.17570627047619,-2.0326310508594854
-2.127202338571429,-1.7493620844287658
-1.726393004107142,-1.9919116706313387
-1.7104793921428572,-1.9154692960934758
-3.300505136666666,-2.490395048824795
-2.690448746875,-2.7391377266238917
-1.541207099388714,-1.8975399470480272
-1.001660356428571,-1.653355263975592
-1.487419703312499,-1.323080664566796
-1.396250840999999,-1.564815660382069
-1.228111955,-2.66348010069936
-1.2282467955,-2.3994888160846712
-2.472765075691964,-2.2746389432067446
-0.9987428158333332,-2.0954865024507403
-1.7450259114285722,-2.2471483519537605
-3.021072628571429,-2.4301850388018265
-2.940178779962963,-2.9436341242733257
-1.963126036666666,-1.9033163371706068
-2.272829188,-2.2527567461465257
-1.635393708571427,-2.5300830717548557
-1.386391348499999,-1.832318245845756
-2.097728228214285,-2.4863106858182387
-1.5454219996428562,-2.248354477608712
-2.266026178666666,-2.2442079564085438
-1.372878197773443,-2.928952746596424
-1.898006614499999,-2.2960133427324965
-1.8494045585,-2.2448909102366925
-2.43478201625,-2.1362030534883307
-1.964873498749999,-2.0841784252027398
-1.521944227692306,-1.8488593769946329
-2.629095416805555,-2.636672687777802
-2.102619105555555,-2.117252949994428
-2.231394723571429,-2.245121989434607
-1.304323560714285,-1.6884013060253427
-2.893775984285713,-2.74362969281364
-1.840437842307691,-2.228009269665857
-1.567557462142856,-1.5102184478868361
-2.252320789761905,-2.16251933367949
-2.275278689285714,-2.469610037075818
-2.263213024999999,-2.410937458033303
-1.735525131666667,-1.7191599687098813
-2.811698610877192,-2.3539868670347808
-1.9610411806964287,-2.2006114204552425
-3.181093632083333,-2.718794046378483
-2.5043551414285723,-2.315030875877141
-2.3766585565,-2.8285771533950905
-2.046143497623153,-2.0250268253838377
-2.5897776125,-2.6841691618197263
-2.602406831874999,-2.575097654548454
-2.625695633125,-2.587343977078172
-2.7183606923706902,-2.644406072720354
-2.7182955492456893,-2.6223274483237393
-2.832335093124999,-2.8011765622141303
-2.832979849375001,-2.872018962248445
-2.847963958749999,-2.8444541202649827
-2.91412392953125,-2.9219793067812505
-2.96449730703125,-2.8899666006167637
-2.92478885671875,-2.967334596084001
-2.963811766562501,-2.882882410609124
-2.958871248405172,-2.912122308793123
-2.96526484125,-2.9842396826449287
-1.8622293629166664,-1.6858866790444025
-1.9705130492424248,-1.9844064454720443
-2.80490181171875,-2.6467153753816257
-2.87278921609375,-2.6621376908328878
-2.648206880135965,-2.207968011498412
-2.935606226078432,-2.8627705010103806
-1.570572925192307,-2.244153003732799
-1.4507405,-2.057589492232129
-1.6329826236363632,-1.8571437404367146
-1.7468183885,-1.8481895437617393
-1.8328167597499991,-1.9988617699243572
-1.682932324687501,-2.3309784506407594
-2.47788466533475,-2.673477372846177
-2.232243030162338,-2.495278790551154
-1.6624023018749998,-1.7428093644702252
-1.4679498778125,-1.7223234819789675
-2.394058465616882,-2.411728609886817
-1.806148116156463,-2.0272336249995297
-1.619098948611089,-1.8435858913249574
-1.90665171280303,-1.966617259386799
-1.237838380968749,-2.3868503785117157
-2.479458015979357,-2.218734336892572
-2.434977140616882,-2.0959547908155187
-1.166778536904761,-1.111869359775093
-1.470385593472221,-1.6608166163100164
-2.55136103704536,-2.5130653980188584
-2.541929695,-2.421496039658044
-2.745950435961538,-2.255096019104279
-2.656429330007936,-2.30393602620281
-1.319731941198979,-1.6015272559858005
-2.187826759433497,-2.1746259626039506
-1.531324562523511,-1.6894149561978011
-3.190330179444444,-3.023454615611868
-2.538450849999999,-2.667305426085783
-2.907802132499999,-2.9232045223654826
-1.8743939525,-1.8625854947540172
-2.407036655753967,-2.467748300952542
-3.0329841,-2.772209199771962
-2.376370183275863,-1.8904220623118198
-2.486674538252873,-2.8766032770696204
-2.029670577410714,-1.8410165580082023
-1.409068876296295,-1.3839537226276541
-1.250092923333332,-1.952171891302705
-1.821930925053879,-2.3349590276039374
-2.310011806298701,-2.4542599967853573
-0.8466521024074081,-0.7856588143981387
-2.101035259117646,-2.4470402719095423
-2.310477909253245,-2.4750573098998383
-1.432918314074074,-1.2153362709406237
-1.682974977115384,-1.724525153173104
-2.734427540409092,-2.621042578359973
-2.114221985409091,-2.3186093908284153
-2.540304109,-2.7417287786922913
-2.083584753809523,-2.109774706544235
-2.466005657124999,-2.551713743752246
-3.009404759166667,-2.9721541132879206
-1.199871168846153,-1.2375328431843176
-2.3747757078125,-2.3176469101547776
-2.655753135174602,-2.3198811261877297
-1.720031515625,-1.7088169138360774
-2.22510710185374,-2.7380488822636764
-2.109666095619048,-2.155761889379761
-2.7595118670312493,-2.7823145371561187
-2.8465450574999998,-2.8408308476362247
-2.816657130312499,-2.77749003827217
-2.265990556675822,-2.574075405296199
-2.304116618435373,-2.692686205847942
-1.4580736865625,-1.8162865818830582
-2.66850431875,-2.7763103363950163
-2.356872857479167,-3.1664295472043626
-1.50076511833513,-1.8150445381213982
-1.74735342890625,-2.1579526437311256
-1.2621108784375,-2.0834449253601934
-2.549484510870205,-2.489024997718341
-2.137781833937501,-2.0306087191844537
-1.315136836028646,-1.9056343208159459
-2.257001605663265,-2.65670526123178
-1.6820488221875,-2.371861676366827
-1.739727270309066,-1.5880004852714942
-2.504769920681818,-2.4413709305282545
-3.226324356388889,-2.618297086785654
-3.187293293888888,-3.0717727173909126
-2.310961422166666,-2.4339624880206214
-1.811880224736842,-2.3982722299593395
-2.3420452395,-2.6008577107546627
-1.695330738492063,-2.045821651663135
-1.685766479821428,-2.0801879486797246
-2.530657917727273,-2.347888248712969
-2.527968935,-2.816300209586904
-1.9375702600735296,-2.1253671537879164
-3.005428739299325,-2.7961107993587513
-3.07047415702014,-2.6505615874891917
-2.50774622084221,-2.827518278732869
-2.21980375527677,-2.3861324430024364
-2.8902915226235653,-2.744316527146427
-2.452393150076443,-2.759439543551011
-2.488912064889455,-2.6205817974366603
-1.567097049166665,-1.332599731557313
-0.8677365511702131,-0.7822538751529212
-1.298199863529411,-2.7614318520708583
-1.293951471656585,-1.9620298299507297
-1.057540052784091,-1.1126672392112322
-2.582073273784585,-2.3492875386781122
-1.136492698333333,-1.050022780643512
-1.741830974501879,-1.7458655677499049
-1.947184141777505,-2.163940616552353
-1.9310376980870272,-2.3800902920695255
-2.856684243902822,-2.5276875264059937
-1.959046029567369,-2.2938660666101445
-2.74603309933869,-2.6220569869025705
-1.11811697150463,-1.1886172820798926
-1.62067008224026,-2.2763518676404013
-2.931747434166666,-2.153560370195627
-2.25680877784512,-1.9059862067756892
-2.52207390032967,-2.3598445246162107
-2.714811444175824,-2.667485478072156
-2.750004623791209,-2.641929671938442
-2.376287267698412,-2.3837636828960966
-2.751361338499999,-2.81644248800407
-2.652137123919414,-2.4494250184929696
-2.611145653598901,-2.4609493554463517
-1.488347683286638,-1.967623309730407
-2.053062063582433,-1.4831843096821031
-2.652970814999999,-2.6536348947109247
-2.61301376269742,-2.3354342250035325
-0.942010565462963,-0.8348074760835572
-3.167569670833332,-2.4726331644882165
-2.002051572692308,-1.817409204338657
-1.372633904270833,-1.9265850664824473
-1.80846829538286,-2.0813259131458604
-2.068949846913265,-2.1913061869179575
-2.805843499233333,-2.7873465405742937
-2.436186583749999,-1.7338135781431168
-2.895056545000001,-1.5526867756862457
-3.088509426874999,-2.8752960532130474
-2.228973175371148,-2.359827254245956
-2.760511356486659,-2.760821700422197
-2.816154769444445,-2.330643112622355
-1.913428371482279,-2.9563066723147036
-2.080240902900703,-2.238811027217257
-2.510070067331887,-2.5467711933853145
-2.468400313363633,-2.5040921453251945
-2.6972460362636133,-2.564654016610474
-2.26710021444281,-2.4852879270875468
-2.299675165154192,-2.4311720789553295
-2.367961073439039,-2.3690321571997472
-2.479126650421183,-2.497903761262374
-2.942802350504516,-2.824125793307968
-2.997813131254516,-2.8569318750326307
-2.522897122546183,-2.698538996760701
-2.939020182546182,-2.553807679167036
-2.511002564015561,-2.531339033526156
-2.464391847623837,-2.536230151303092
-3.002395443848997,-2.827433028672707
-2.347336255851862,-2.3771810821487276
-2.92789920877979,-2.70756397262935
-2.797751801440666,-2.3852787289225557
-2.120599636842131,-2.4208685767417277
-2.695617000794511,-2.2675587993934987
-0.864699119537037,-1.3313182680923286
-1.700828806774194,-1.5894415302003566
-2.994244540530774,-2.7244775887244845
-1.126475306735491,-1.148362280931025
-2.456638984064725,-2.3796771902629343
-2.323759081212849,-2.5946513223867225
-2.32330460879023,-2.4329088703701505
-2.483102158046182,-2.5127430456807662
-2.144874847845692,-2.4615591639198677
-2.315609364512359,-2.3707384235759172
-2.427537000126395,-2.4128133834438503
-2.239004456905842,-2.193845370143613
-2.53442275161523,-2.4896353304806786
-2.998113200067915,-2.6007603589296067
-2.429025796260491,-2.419920492812914
-2.710514353271073,-2.551464830920539
-2.038969209964194,-2.104595550161267
-1.5714665236464151,-1.573984406952152
-1.387631600143118,-1.078124067604396
-0.8366988175000011,-0.8272054596403373
-0.868687161311475,-0.8888868457567792
-0.608404545244791,-0.7454143951600638
-1.029510656153846,-1.5840645869274446
-2.399208707662336,-2.8077216744023854
-2.139666292272728,-1.9653090193253235
-2.44712343857143,-2.3938333363040902
-2.244911628461538,-2.2596722442987534
-1.011101167307692,-1.814949170371966
-1.780188155769229,-2.3528011422970754
-1.596725206111112,-2.000461900948634
-2.395569417499999,-2.4774372484712286
-1.4918207825,-2.3355182147805014
-2.325065105357142,-2.5671953436116497
-1.6726700707017552,-2.174988471509775
-1.9651151697816087,-1.9151879425554688
-2.244518078157894,-2.2207007108825016
-1.9327521337816087,-1.9582980366034806
-2.438928385306122,-2.90021567311148
-1.814858134793103,-2.037917257619224
-1.608238444166665,-1.9927517306088465
-1.963816235628079,-2.0791635902524352
-1.583987967023809,-1.4961385766848778
-2.043182530236842,-2.217634822908295
-1.772110101499998,-2.466805327527466
-1.9523525852931032,-2.222267423691714
-2.198581394233333,-2.0356308937645484
-1.80319323,-2.2010729621023493
-1.766584842999999,-2.1108314062228315
-1.8804032665,-2.489564434369021
-2.729195811098901,-2.3810502356615437
-1.905633360454546,-1.8393170847477436
-2.558007215743588,-2.6337058682517696
-2.431773333051281,-2.032648494785432
-2.641493843820511,-2.271796051505994
-2.439375908057472,-2.7733641921259
-1.87231917,-1.8207420817664184
-1.984964748240741,-2.137774066580531
-1.7305168370652182,-2.158510771436194
-2.2453090482051272,-1.9396211315914695
-2.204319336617646,-2.2506967708769743
-1.620162134090908,-1.7676238216997187
-1.630548818846154,-1.8939753791993703
-2.3470490295454542,-2.841415994075071
-2.009839246538462,-2.113861914121552
-1.799333107878788,-2.5203587384669803
-2.194247685,-2.3399764251316046
-2.069230128076923,-2.1913483497449313
-1.969476709114943,-1.9274528689000499
-2.99216316966129,-2.447094074126467
-1.678447349090908,-2.689604533363381
-1.939593369199508,-2.106053399976618
-1.947404328485222,-2.0382971274616097
-1.853699174473684,-1.9856062249025341
-2.520005134411763,-2.5129886730510616
-2.181834199705882,-2.0285467777381014
-2.398609600335068,-2.249672043703504
-2.08167769441092,-2.4899942754128337
-1.612248451618075,-1.3770683664748986
-2.554058480818965,-2.806968203571349
-3.046180561866667,-2.643062352524725
-2.6220906870527543,-2.4696617609151597
-2.198246627310924,-2.757267877100138
-2.354977655136786,-2.353226703947352
-3.090634864479592,-2.83589372966378
-1.5671358559474462,-2.3297646863052885
-2.848246662619048,-2.423320574821257
-2.535643941613756,-2.363832826575192
-2.574172549021163,-2.542538130609541
-2.572113444947089,-2.5589219220125954
-2.590091942724867,-2.4276889127078207
-2.064951866971553,-2.4442765194221354
-2.998159552139936,-2.615661811816912
-2.865605345372372,-2.6836717403148325
-2.356934148851332,-2.4622069685774224
-2.055740807827409,-2.5615384934782113
-2.4514215149829117,-2.4220322335624394
-2.23689807322773,-2.50939405417397
-2.572103954790086,-2.5060812138146003
-2.445064388522369,-2.5535556126496006
-2.392791015595539,-2.472313672688067
-2.4002526802562,-2.4232503659809117
-2.413092106363541,-2.5327420711490407
-2.917776033880572,-2.6384119116795444
-2.48230799031389,-2.518784399005624
-2.40690824683828,-2.6468632431143666
-2.653046449033401,-2.688282850657763
-2.138380858163638,-2.184353361538858
-2.4258584072041343,-2.4779238328385818
-2.550187352293304,-2.5414663616895337
-2.999140934341468,-2.6017616498650313
-3.127718875045978,-2.9829289330144193
-2.6965114194756,-2.493650312435738
-1.6205112856912431,-1.425403199541298
-3.086494195074068,-3.0689608670791806
-2.843503078867831,-2.814124723302756
-2.754437174230404,-2.527904658910348
-1.8923423817857152,-2.6370670362914
-1.860329990714285,-2.3644020359089404
-2.077012358124999,-1.9489623592102914
-1.772177823461543,-2.062509722576872
-2.442323447307691,-2.4961419290582367
-2.63218461228205,-2.499984636920714
-2.373133279945054,-2.3541726685505906
-1.322677733999999,-2.4735961454150237
-1.270154418251953,-1.9044624107255808
-1.7692878387499982,-2.213422915170505
-1.736770375071838,-1.963236170095295
-1.683007745903448,-1.7723799082605418
-1.434221421216216,-2.010553507039943
-2.7706511228571413,-3.100862626979605
-1.341777372027027,-1.581780218016487
-1.41142985547619,-1.3270607487992705
-1.8186721655305047,-1.9894220969922112
-1.519146611923076,-2.110435245355703
-1.6584935111904762,-1.9958921514867516
-2.565348350590278,-2.438899139803389
-1.757498058563987,-1.6319268957922426
-1.6115942854148702,-1.7187792441883842
-2.093190847635852,-1.7475893279024717
-2.5638497582162163,-2.158324001508679
-1.5315479586,-2.040084203795106
-1.660517430810811,-2.16694605850946
-1.6268220707916572,-2.241110528958424
-2.10398845425,-1.9587398286473354
-2.317652705125,-2.57597674413794
-2.347973940168104,-2.212665823291032
-1.7156028323749992,-2.570377451407741
-2.320574276791666,-2.8695747063728856
-1.824436237071428,-1.765198122900695
-2.785675031428572,-2.3144597959408855
-2.122804299165891,-2.308984697490996
-2.482237578262916,-2.70836525886767
-2.849834191617616,-2.4003253794261106
-2.429771543818471,-2.32145070703685
-1.97946280903941,-2.0308327237976433
-2.447803513743451,-2.429994800096487
-1.521288741190133,-2.145224725442802
-1.65504466412069,-2.7160808900285396
-1.934742160724637,-2.5465349838800324
-1.676072638896073,-2.3085351938339174
-2.198912545377559,-2.226861418713839
-0.274394682677306,-0.9524545546412532
-1.411884530216298,-1.331959795936699
-2.762903461316177,-2.4380706882004324
-2.303989921956897,-2.407037714681819
-2.450330463212849,-2.4667968170422427
-2.282665112407096,-2.3151065215303044
-2.31431368549972,-2.356955427491975
-2.383943382820302,-2.3654666350105664
-2.365544133076713,-2.2992473173269716
-2.533671682366735,-2.5286657406284245
-2.393147157448036,-2.6997929166208126
-2.245441108852048,-2.291483068819644
-2.608613893275126,-2.448628902937521
-1.2953581145512811,-1.101229188474788
-2.481726668811112,-2.837113083916877
-1.820997740293103,-2.023509208931088
-2.148980768793104,-2.2241693968518446
-1.353732884259259,-1.8835634362978677
-2.035872131,-1.9668380208970022
-1.9203241388624992,-2.3583316847606794
-1.5492037505,-2.296471113223291
-1.848037977499999,-2.0373682260657175
-2.023088116316994,-2.24058334100989
-2.230838627500001,-2.1257945499526034
-3.215541759342106,-2.6094028912987723
-3.190955525131579,-2.752792438863298
-3.24790919127193,-3.0449645242282126
-3.282880889078951,-3.045978673097309
-3.269581095921052,-3.1047468025790077
-2.7995524986458333,-2.8240046455401067
-2.7504719614545463,-2.886943566319838
-1.991868407745098,-2.923857298629216
-2.314889897217693,-2.3616656933178195
-2.31572635951499,-2.5273954007653034
-2.203757559396921,-2.522860949870588
-2.01246284924472,-2.5618917375629784
-2.50049955931274,-2.3710957615608446
-2.7706768398832877,-2.6464100669622534
-2.2834359445513157,-2.497685809301997
-2.768173037884406,-2.619639604109314
-2.316911233131834,-2.4658118940083615
-2.855919205541144,-2.7952617500557393
-2.622258279770045,-2.5537413231815607
-2.109981557495211,-2.4174511741910814
-2.510495117943929,-2.529462355362181
-2.474113769859476,-2.3631203552306697
-2.241576716607444,-2.3289050937951017
-2.732810242428071,-2.685247754585414
-2.241482796194171,-2.1720286305513015
-2.849286153990937,-2.7885260849171827
-1.966377318520407,-2.20537667864914
-2.6729634499206343,-2.4875797629016008
-1.9991172801923072,-1.8338814329592281
-2.516522809470696,-2.4010706231125285
-3.075535121272989,-2.780172844410273
-2.189904031003586,-2.570182236573453
-2.301695747074176,-2.1942021147765747
-1.9400844525621488,-2.1069484019239555
-2.263457518255815,-2.2636790107425058
-1.866622409278114,-1.9836303368386172
-2.226591964069767,-2.2606261636261364
-2.15505467487535,-2.268087890898931
-2.345999126648094,-2.4055977146776444
-2.328120609412321,-2.352161406031602
-1.82219273952381,-2.1213331824296873
-1.818220962619048,-2.154991410990092
-2.652967243597674,-2.633784244062203
-2.413088394485951,-2.3647232678005636
-1.131169355974337,-1.6731408145801887
-3.014212638284315,-3.001930516990849
-2.545804682870845,-2.4769542318630244
-2.158251413903808,-2.4201093955594373
-2.621873811527982,-2.688522391205478
-2.2983473015781373,-2.3163564547866096
-2.3038561107190763,-2.458586164114292
-1.724423650714285,-2.180229565059184
-1.891289962777779,-1.9153664898538494
-1.9360232446953232,-2.1681923238808536
-1.9906288095022264,-2.529828697265645
-2.018663458134575,-2.555440733359437
-2.183644125625,-2.1782412931861397
-2.184233883125,-2.18432826865489
-2.18494683875,-2.229293683691008
-2.180720356666666,-2.186058147189156
-2.184668538125,-2.157331079181385
-1.928077109166665,-2.741077380715764
-1.930798278333332,-2.4562369316775294
-1.416452656363636,-1.6055391798403515
-2.954560287500001,-2.7695721583314645
-1.875032835624998,-2.730630267924803
-2.65028594,-2.2119237573697443
-2.562331308333333,-2.780052565918196
-3.347299822037035,-3.230419354374351
-3.00140826027778,-2.6739956143672603
-2.037185625092592,-2.5656891448646504
-0.8099306324999991,-1.058872497320855
-2.016313206249999,-2.4116876838576875
-1.799107989375,-2.0593946258427662
-2.054140709166665,-2.4519845795107775
-2.719104288958333,-2.645941897379272
-2.6269006716666663,-2.558072993287108
-2.3364574059523813,-2.1515175427221895
-2.133976629879308,-2.841085959349903
-2.117255039777777,-2.9804617330126004
-3.081071199499997,-2.8501188357585363
-2.00990686,-1.8509629503762626
-2.32005222,-2.2594089170961227
-3.230895530277778,-3.2870387506384016
-1.309973076621212,-2.1782391907806566
-3.272756562222222,-3.049435493166631
-2.405053593571428,-2.318442584863242
-3.319237694259258,-3.2741722331326426
-2.066720564259258,-2.357367151970665
-3.295611517314813,-3.2510087827693384
-2.033217402166666,-2.159351917779671
-2.135016239551723,-2.42617848195709
-2.306984890833334,-2.0145137375507507
-1.737782917999999,-1.7745427416116217
-2.6403311181249998,-2.53012065577307
-1.50247408375,-2.5073463633661874
-2.461611074591843,-2.1354052139538737
-1.345724475654761,-2.0897105399612528
-3.230300189814814,-2.7694682732490987
-2.189594627222222,-2.880664451280448
-3.327959800833333,-3.3385732812878155
-1.826408281590908,-2.3581325184023445
-2.2648037361904763,-2.697508855467885
-2.869734222187485,-3.5021663907861806
-1.754318643928571,-2.034074461853092
-2.39245443512755,-2.195719246968781
-2.947097070277777,-2.3447036190114274
-2.237397004999999,-1.7512276990594586
-1.716680832058823,-1.8537062925733967
-1.944658659999999,-1.9561370973616008
-2.754307738571429,-2.7408765509317137
-2.7925790935,-2.8320055596943754
-2.968149434,-2.945368250208202
-3.032736570999999,-2.896074892916306
-2.621072878211206,-2.675456333308346
-2.821577181605604,-2.8149475847666774
-2.837675439830729,-2.8387092185264784
-2.9361663478340523,-2.9301967644813764
-2.954541314739584,-2.978995433310325
-2.817898137807112,-2.7434831783938542
-2.762719481499999,-2.558502684761598
-2.9611088878125003,-2.6932374283193266
-2.1305074390625,-1.9215478316739663
-2.173310577272728,-2.3386478595833746
-2.308324216392856,-2.2730251831699415
-2.325683379999999,-2.633861829977735
-3.034219709733332,-2.6763493837196806
-2.529327250999999,-2.566111276572792
-2.9907515225,-2.7454288162019407
-2.508164225522486,-2.4496072392776753
-2.756959295293103,-2.946303161084954
-2.381990084999999,-2.9174524290707464
-2.103372088466385,-2.1989397773323045
-3.111161335500001,-2.9912198042788414
-2.546837436587301,-2.4608176426633057
-2.465395261309523,-2.5346270787171705
-2.639823302,-2.7388029531681135
-1.897879435208334,-2.3824200829405453
-3.311746417083333,-3.1426160389567266
-2.197778575797618,-1.743874059381415
-1.645143517797619,-1.941119794051677
-2.505402365426587,-2.4154201053078794
-2.5223539769423557,-2.662232684428221
-2.693539959615385,-2.0306844571371694
-2.637373253999999,-2.947815503117005
-2.757886050238095,-2.7242752598775337
-2.563859008761904,-2.6813672356629175
-3.079033571250001,-2.75931097487244
-2.521390678999999,-2.2954374878426025
-1.731523378999999,-2.490149357814172
-2.023034342499999,-2.5833383023166867
-2.64105161127586,-2.47992103562317
-1.720748663823529,-1.8616584087777195
-1.722226101470588,-1.8445731540003458
-1.63887794551724,-2.3544904693078545
-1.6330794024451412,-2.507029407565933
-1.9453142978787872,-2.308209432791824
-2.546781067999999,-3.0938408843826672
-1.932454243703704,-2.950741376570995
-2.597554579694445,-2.4715989293455665
-2.490311893419913,-2.632018663816493
-0.5712287160119041,-1.0982333521013978
-2.295432654523809,-2.56469968341914
-2.111403034259259,-2.5001837990083295
-2.748144636695402,-2.178548700787624
-1.925368126543102,-1.9954098496351955
-1.8341967722727264,-2.554187450134598
-3.290893364545455,-3.1186693568755444
-3.246651754999999,-2.930593770327513
-2.763755162998724,-2.4941285980685697
-2.173342098295019,-2.120086188360228
-1.855912433333332,-2.3828097504332812
-3.28151785,-2.5348631817822866
-2.597509709999999,-2.6746442806211737
-2.367260936794871,-2.433548478853427
-2.779832911969695,-2.517268416186215
-3.354204817999999,-2.9290609294687497
-2.069703236203703,-1.9279253629189355
-2.96927733980451,-2.268811914616905
-2.78816411,-2.944922126170561
-2.00998853007837,-1.9626551829105607
-2.398043205446427,-2.741135601830241
-2.620005365696428,-2.640154016887575
-2.671546507637931,-1.7946400399796678
-2.891095693137932,-2.8758414615686974
-2.651414223181034,-2.109067916564403
-2.433707769224999,-2.296907705301266
-2.451092032225,-2.2857207129573442
-2.256657990658866,-1.989009266351524
-1.9856686787781104,-2.235555007277684
-2.593378885277777,-0.9937606154490145
-2.517085584000001,-1.97999526855951
-2.573686414,-2.6315619163111243
-3.022523993,-3.0564617135305734
-2.994646916710525,-2.3777438689336945
-2.542481697426588,-2.5636633846151686
-2.180419757510504,-2.646551299761647
-2.886149864099999,-2.855897889204666
-2.5257852090000013,-2.2798229030221795
-2.578346735,-2.5060946724030155
-2.9574843515,-2.911266756063632
-2.9437157665,-2.7618754276228135
-2.201507767637931,-2.6349851658512304
-2.425240351637931,-2.6011927558280306
-2.268816717725,-2.233938916679934
-2.839237538887931,-2.8178258557430835
-2.5340102095,-2.6267443461595352
-2.236169800137931,-2.4673490289841227
-2.863498008637931,-2.79658361669128
-2.359078096391665,-2.6353407821480688
-2.908479982304597,-2.8777065670863746
-2.878617618804598,-2.860713452449247
-2.854753604475,-2.841974852884385
-2.81802165,-2.6092606436075014
-2.349893803891666,-2.5965815780221733
-2.674870084793101,-2.6617986253224486
-2.8595784695,-2.415560172649693
-2.918474499391667,-2.8636279638825215
-2.762086675391667,-2.9218643553088244
-2.948991591891666,-2.9319874777181654
-2.866703820391667,-2.855693757737113
-2.3139778385,-2.591610140628011
-2.737379819,-2.6063109502698936
-2.751319041891666,-2.7547640292668794
-2.643391949225001,-2.6704499096994763
-2.629427775637931,-2.717502353103682
-2.7429578738916662,-2.699080321018198
-2.780165153225,-2.7416668112625997
-2.511125722684769,-2.4134362260791797
-2.8741321578916663,-2.919209720610715
-1.501829202138887,-1.19768200528487
-2.656909701543102,-2.710997212217657
-2.651699235518103,-3.116354444406849
-2.637586802043103,-2.8418161276384244
-2.548066084387931,-2.6948118062151956
-2.6879429475977,-2.55044317315429
-2.823447297141667,-2.734822362487875
-2.856957951137931,-2.883723186657442
-2.88655321863793,-2.550244173486373
-2.915984618724999,-2.3506419008631174
-2.7973999356416672,-2.723870497761294
-2.387539291901709,-2.2752262669200163
-2.802022066082164,-2.7426612352538897
-2.789904791146267,-2.415564895537895
-2.430548347111607,-2.53578901203949
-2.432804767892857,-2.534851337596703
-1.815266833571429,-1.7611511521211622
-2.344126390666666,-2.1060133241564194
-1.932043958902821,-2.0058574105850404
-2.067069726363636,-3.023465057161077
-2.638586075,-2.156061383663512
-2.423149759662697,-2.259111481989666
-2.573634890757575,-2.040951109844096
-2.010121209545453,-2.3024417802897874
-1.982454211818182,-1.6083825310417614
-1.6681697854545452,-1.9829966879945702
-2.8947232221794863,-2.838739987020914
-2.874989288653846,-2.9289213859508734
-2.7305517425,-3.078769230119715
-2.31493449875,-2.4193561334519553
-2.657902518977777,-1.7501280456113535
-3.594930444393939,-2.8454586898520664
-2.205326644114419,-2.412252778949304
-2.398659196666666,-2.3228498276160647
-2.511202987499999,-2.23562541878377
-2.3592743547916672,-2.374432370963262
-2.38053245097222,-2.337578201863478
-0.56257210548387,-1.0224752597083118
-2.188413657916665,-2.5330490439680804
-2.087652360416665,-2.2944885604096315
-2.292736947916667,-2.3738109038936694
-2.160654868749999,-2.6092015018604386
-2.168895138749999,-2.4286925342135492
-2.262538364583334,-2.260089732777057
-2.343213707083334,-2.3309876133805996
-2.201521076249998,-2.841269155267099
-1.856842060384615,-1.937777303604722
-2.305613157499999,-2.291172341751118
-1.867399923333334,-2.202379940972968
-2.657963636854166,-2.663898564459586
-2.650703597409722,-2.642748562946692
-2.378641556805554,-2.40314754149502
-2.166466304999998,-2.1467693463644713
-2.317790333333333,-2.248572665014882
-2.484224144166666,-2.3551503722278087
-2.284469296249999,-2.537772411236861
-2.484737683749999,-2.720543102606182
-2.784729673944444,-2.4161113110210635
-2.654157191944444,-2.5998293727771333
-2.659734967499999,-2.699741796864295
-2.146169153611112,-2.4309259395121243
-2.386358747083333,-2.3998753412593903
-2.461674574855889,-2.250535068107001
-2.529690222208994,-3.0832770152295494
-2.497922331696429,-2.4274127038538733
-2.299114368341837,-1.8962755252194465
-2.443704648076923,-2.1841942389884808
-2.512171203611113,-2.473655195969655
-2.340068339583332,-2.2876357176674524
-2.322173241111111,-2.7427190574943934
-2.623011134354166,-2.6661944363905463
-2.65771794038793,-2.6260775841302895
-2.673083131116668,-1.888757406199251
-1.9787619011111104,-2.036110406542726
-2.690631258243055,-2.629748055885487
-2.663045768937499,-2.6484164538317323
-2.6854459251875,-2.619927285735406
-2.642320862291667,-2.5036730975023516
-2.590245261041667,-2.5858633966638775
-2.6480976220138883,-2.54286490972568
-2.065663175298409,-2.185591273958526
-2.623181658194445,-2.485227191411853
-2.385774121494252,-2.260119799818809
-2.383931325833333,-2.339089264585792
-2.151807988205127,-2.699782015185349
-2.479931707807018,-2.694010982212849
-1.8554361816666671,-2.24630660656906
-2.530852503458995,-2.9370176245841124
-2.469953406697993,-2.2856061414010194
-2.217386750125,-1.8909444767951564
-2.179453322280701,-2.486936744913426
-1.9829460003846144,-2.1445570032532015
-2.267331930128205,-2.9274707454529967
-2.649455267307692,-2.40569866157344
-2.550618318499999,-2.3682694100073944
-2.535977704948979,-2.9984967278157892
-2.078135593448275,-2.790338424729718
-2.066170905999999,-2.118976896063668
-2.38295686128205,-2.399466392223323
-2.739066017888889,-2.719785712915601
-2.5733956955263158,-2.3870508407171935
-2.271926831923076,-2.25960287439741
-2.429325895769231,-2.3751932767838833
-1.9538563180769224,-2.4492590159764362
-2.164475514916667,-2.5179667616382666
-2.211354143666666,-2.171615439444598
-2.187274011813217,-2.218210177662694
-2.813640635793103,-2.7111997740104736
-2.384233187976189,-2.4468065814348674
-1.926887760968801,-1.9745029429393872
-1.054922089177629,-1.6712943150903419
-1.737516117592593,-1.4279006971669166
-1.957286668541666,-1.9924104914738274
-2.429232969166666,-2.237226350951521
-2.7352461095588243,-2.64385261511635
-2.761743254460783,-2.679641299491654
-2.774494153382352,-2.7601965893829927
-2.735250980882353,-2.4495364282117187
-2.732801243823529,-2.663501854062627
-2.298027052666666,-2.6218945853322895
-2.313746582956896,-2.3198368005648287
-2.139743847037037,-2.28787562410373
-2.417316159210526,-2.4514162156289796
-2.426476608121597,-2.513132462656354
-2.34307488595,-2.5202501154071104
-2.723052532647059,-2.708165143060928
-2.596190917183908,-2.511133233488855
-2.85663138382283,-2.4224728486684275
-2.126276935112931,-2.330225006897196
-2.237763749117647,-2.1529194277914856
-2.577597201428571,-2.1922408653755032
-2.756472671551724,-2.4933761756606994
-2.19377489063793,-2.3180586320281757
-2.398197092380636,-2.6854297440116115
-2.396076004784482,-2.451668637054128
-2.461490888066667,-2.46150510242217
-2.597489208972414,-2.6269559377453735
-2.473862746866666,-2.5437626423420285
-2.584136799266666,-2.530820970518265
-1.947662006933333,-1.9357357424149328
-1.964028504933332,-2.0375591200136434
-2.573634490466667,-2.514432957173944
-2.236961159533334,-2.2327839135161427
-2.307253790666666,-2.1050481745529823
-2.9598721997,-2.797231306099399
-3.012676367750001,-2.9002182117718176
-2.98017458925,-2.766393599692726
-2.697268110806451,-2.665903972576347
-2.726873544779412,-2.6746685126586693
-0.8235882727027031,-2.0599394833339457
-2.688386465813952,-2.6425613768009066
-1.788975333999999,-2.2383605606867545
-2.364912453684921,-2.313351064351417
-2.6160910177083343,-2.7443046215094977
-2.237162583609693,-2.2324265870868203
-2.174219009367816,-2.611924037839479
-2.103150165824373,-2.2522667466892363
-1.481519387499999,-2.075283596446712
-1.370251641249999,-2.6245220114403303
-1.416117276406249,-1.8356844265494312
-1.636051653091132,-2.308911969631304
-1.451262402551724,-1.9012521671470661
-2.324165084523809,-2.0062971616332517
-1.619026768692307,-1.782808408782848
-1.793922999836208,-2.2604606750227574
-1.984746780916666,-1.9878410138464535
-2.45801764,-1.9922549207399036
-1.479434971562499,-2.274602053287205
-1.875182581666667,-2.136098897719907
-1.8947880305689664,-2.256876897206689
-1.543383047079741,-2.001975896042714
-1.87444594736111,-1.7939771391504935
-1.707838569642855,-1.5028050491133707
-2.2238986135,-1.950064952517301
-1.7015766634482752,-2.4317505224043248
-2.323403891746032,-1.964915373741812
-1.571419339209769,-1.9987817422270302
-2.4769597816294637,-2.873205342193082
-1.565138240714285,-1.3452298264910336
-1.996121979666666,-2.145228196796254
-0.8494902226562481,-0.9534043489746997
-1.843084071190475,-2.236680259367737
-1.811448284464286,-1.2679907077807668
-1.771557907499998,-2.01081537317398
-0.835809831584821,-0.8356471750351178
-1.5482983012499991,-1.7695377671423274
-1.9526325049999984,-1.7882751378328035
-1.9535404828571448,-1.8362083559375326
-2.062261083541665,-0.8189563556165607
-2.061892934375002,-1.6980438419806363
-2.068842918541665,-1.9008725424977986
-1.8850526117142832,-1.4845228823365402
-1.48787850767857,-1.5243160659275068
-0.835361653979884,-1.1822491149743068
-0.037342773590562,-1.2800742013193784
-2.032487770981431,-2.6386259192310617
-0.338181971416666,-0.7893058076246864
-0.86805010446428,-0.8676507827516006
-0.660444638214284,-0.7329558697761334
-1.856575441848965,-1.2840064479165496
-1.3807889647500011,-2.1073627599370988
-0.980324310566501,-1.0636977413453217
-0.819796971145831,-0.844423846724024
-0.6501249718749991,-0.7608024607180844
-0.7558171031249981,-0.6646436410815298
-0.9327474776874992,-0.900747264758367
-0.8581666820758911,-1.1642209996705386
-0.751294832227271,-1.7566791932737853
-0.363044717407407,-0.5846425596316888
-0.8298291465116281,-1.9544254016779734
-0.7372363434274201,-1.739377290088762
-0.25704983294408,-1.1159688476644625
-2.003035405631578,-2.1835521414028904
-0.8115381298958321,-1.2716287645009974
-0.642272887656249,-0.8108229564802024
-1.009371341805555,-1.2192305887029546
-1.88162114868421,-1.8566215178831056
-1.381384893157895,-1.753182447969153
-1.737310749166666,-1.794672519699773
-0.8327739073545211,-0.8161359816681732
-1.00185828703409,-1.1435428347852123
-0.821371864502839,-0.8153978187132058
-2.582043845326088,-2.44965050839959
-0.961685718191964,-0.9645915991227815
-0.9619794758293272,-1.0184537388007735
-0.961932960572916,-0.9648246722951906
-0.962055389739583,-1.0199618953211635
-0.962043871197916,-1.0047247369041208
-0.9624169718750012,-1.0058278241585419
-0.962087775724432,-1.0033769404794008
-0.962133913191964,-0.9612606417538043
-0.9622874519618052,-0.9622951812135474
-0.961798177477677,-0.9615911234616968
-0.9625815027698872,-1.0044555137804871
-0.961724637477678,-1.027429835432292
-0.96210580915625,-0.9621053810089069
-0.9622368147179372,-0.9621450630773701
-0.950782835096726,-0.9507544541003506
-0.9504713439856152,-0.9504407034421365
-0.910413025763392,-1.2857789618012678
-0.961571241406249,-0.9919193059332949
-0.911230661763392,-1.1521291452271185
-0.9511080561383932,-1.0622438341726217
-0.9508194417633932,-1.0552337457771224
-0.9508279367633932,-1.0552337457771224
-0.962524704218751,-0.9831584191762094
-0.9621595995312512,-1.0342126725353482
-0.96258830415625,-0.9631750359233715
-0.9625521039062512,-1.4196895312568392
-1.342352204999999,-1.5796409281646622
-1.82563608,-1.7104690348757154
-1.168440589125001,-1.7378343755243648
-1.065424809464284,-1.0747379390840062
-1.201725221874999,-1.4408670481569765
-0.7462561203826491,-0.7353071932197043
-0.6098689538520431,-1.7124821928662983
-1.190503468035713,-1.6036404090672765
-0.730902938750001,-1.0613957732986632
-1.098607519107141,-1.865272923348155
-1.961039766845238,-1.9680425174360376
-1.164517224125,-1.5451199302327263
-1.121165779577572,-1.0936554330994426
-1.060578911063491,-1.1858489840833304
-1.060273646841269,-1.0688199799189038
-1.061676519841268,-1.077530799283862
-1.058223775591269,-1.040782873556689
-1.320778135116665,-1.3320229046863157
-0.621001458541664,-0.9684730731707814
-0.123632142264031,-1.0705317242642283
-1.016192887709358,-1.158345509293552
-0.695724522499999,-0.7164809805192204
-1.121313861513056,-1.1486342293405212
-0.8017754718749991,-1.0570204400838392
-1.149664108333332,-1.2617103754075814
-0.979059697978055,-1.2085790307045405
-0.231661237599998,-0.34001465923426133
-0.502875046527777,-1.6618689212289999
-0.6160297157812491,-0.8089439339236968
-0.019132475065475,-1.4163944988557073
-0.479531515657895,-2.02111371798957
-0.393226233064516,-0.529912294562184
-0.982354384975198,-1.2110612389945354
-0.7550744049752021,-1.2430451381239351
-1.07444103513393,-1.130637108627855
-0.483425104051723,-0.505704495159226
-1.083664459845778,-1.620765629130873
-1.005992441051587,-1.704661627495618
-1.181669884444444,-1.7440144219416458
-1.15109476625,-2.1724762051258795
-1.00136382434729,-0.9854024331802834
-1.001433208743841,-1.0002344417617792
-0.8124821436205331,-1.9545190205348602
-1.004933042881772,-1.154295918587587
-0.9063480796527772,-0.9072480362185978
-0.8410383814583301,-0.8413210960597813
-0.8404064414583321,-0.8645440846965562
-1.000267434409724,-0.4176089654657925
-0.899989985,-0.6082350570331655
-1.791176325208334,-1.9597895651104313
-1.241346462142855,-1.1727449358269018
-1.5822535142142842,-1.1637437694886064
-0.723642228124996,-0.8526791611886293
-0.7729094793750001,-0.775133011379832
-0.299836661718752,-0.32266662084352477
-0.7680747547916671,-0.7874107200800122
-0.819692225000004,-0.8236489000543527
-0.799264117500001,-0.7991097679891325
-0.7400020731249981,-0.7400683600996344
-0.6870614072916791,-0.6922406603759148
-0.636932654583333,-0.636803000652174
-0.798993502500001,-0.800997141503627
-0.300663935052085,-0.32631000970788143
-0.7982816908333341,-0.7306486185873745
-0.739645168124996,-0.700934036145083
-0.723836323124996,-0.7186560061600984
-2.092612203432601,-2.1786040475005155
-1.608473800615764,-1.4171665799391406
-0.769435118666666,-1.2855217898068214
-0.406609276562505,-0.41454246260643635
-0.412261486562504,-0.4318878044248214
-0.38641767739584,-0.4010834087262263
-0.420756180729171,-0.4212308788813433
-0.521964904531249,-0.5231962417451707
-0.421379079062504,-0.419510150185692
-0.422165262395836,-0.4764084270115833
-0.387444165312506,-0.28285171237318696
-0.422214672395838,-0.42330614655910603
-1.1760195038,-1.2986075519201439
-0.7895566524999981,-0.8133127951048102
-0.41253617046875,-0.412209307614656
-0.6989595590972391,-0.6951578177098575
-0.6990017168750171,-0.6949301314221159
-0.823439622708339,-0.841178263668106
-0.82459298381945,-0.8035651820429893
-1.850473041933333,-1.1951955827798095
-0.513840080972222,-0.496394962408647
-0.9420386727083352,-0.9379273952322579
-0.8047593013194431,-0.800977128456824
-1.021349624749999,-1.5644684378713958
-0.444539969895837,-0.4325271844553912
-1.0766599675,-1.1068584259353436
-1.545740604291666,-1.0137728464771412
-1.676655798019002,-1.2987344191006396
-1.081040314166665,-0.96829387460073
-0.8784126318749971,-1.0480643465640227
-1.135161088095237,-1.1312832899263598
-0.721761578958336,-0.9270506493866841
-0.729211363125012,-0.7286477789925222
-1.292384519583333,-1.3378501116048256
-1.204560789107144,-1.3044538405858594
-0.3365074984375,-1.0200298345742953
-0.9764076735714272,-1.1169343396747526
-1.062539698571427,-1.1232445794464545
-1.012043285714284,-1.0742412635208003
-0.662628460416665,-0.8003465584073313
-0.225498714218749,-0.2726947019780292
-0.356241218229162,-0.36261664423459905
-1.602238972656248,-1.5008006990300249
-1.1420360720833331,-1.3504818195093464
-1.582860885572916,-0.9285260572011083
-0.5427530701562481,-0.5773307413578138
-0.768421636249998,-1.068181038998941
-1.5709257986978962,-1.8694081743857358
-0.90458490861111,-0.9069137118209158
-0.868768357499999,-2.5740623761233805
-0.8359936381944431,-1.785779467284472
-1.591449781406249,-1.1376135623805497
-1.59167361328125,-1.5770289021071124
-1.591410292656252,-1.5641616215081524
-0.8532056802777761,-1.2609593905555092
-0.161548739826391,-0.7341418638025854
-1.210664334166665,-1.447679339334225
-1.1932968907142851,-1.0553671684193489
-1.21731517142857,-0.9796238284206921
-2.261039174999999,-2.213292297937976
-1.270412721363636,-1.2666531811468587
-0.6711518198611091,-1.0395476919794746
-0.8882653358333321,-1.3781157177465675
-0.688937804285713,-1.5524427783910184
-1.940521206875,-1.937193698876682
-1.836235165624999,-1.7449163759156994
-1.752089916666665,-1.5260347729086101
-1.7123762989583322,-1.7331907186444406
-1.710859635624995,-1.7512878137397265
-1.750185992291665,-1.4466507624888816
-1.72139590895833,-1.7708813422305472
-1.7299277624739582,-1.8818705380781513
-1.743606352708332,-1.5553958253175575
0.023948139921875,-1.262440061472436
-0.5527390520833321,-1.2483449094629764
-0.445553596507934,-1.1410878855598383
-0.8500360760937401,-0.848104161415274
-1.286045914285713,-1.138781534004332
-0.595384234999999,-0.7038000929261096
-0.6218811781818181,-0.609561121631917
-1.066794004642857,-1.087199939592873
-0.587382019166665,-1.0181362565973917
-1.3492028631944422,-1.3480399979589355
-0.263227873452932,-1.0340525260987532
-0.7168959827083321,-1.4333960232692453
0.037774511171875,-1.8906153697024435
-1.883206700694444,-0.9368942197963636
-1.390063838333332,-1.9764086576135957
-1.709838627129629,-1.6383057654241413
-1.346010115833332,-1.8414115123080463
-2.74157057611111,-1.7792609039532798
-0.628352296874999,-0.6585140335525471
-1.872111682083332,-1.2752356697250644
-1.897284443406249,-1.1467678176350364
-1.874289024031248,-1.6794903201518678
-1.907721698197915,-1.1919493139947814
-1.93318916236111,-1.2631581696638345
-0.6645855136875011,-0.6094670141675448
-1.16520316595238,-0.8522349590703421
-1.870488594097222,-1.9356121250887517
-1.558720560322579,-1.6703542934061146
-1.244384119743589,-1.2307890275251328
-0.412492535452381,-0.5008139728627198
-2.283999654365079,-2.292305317789686
-0.697559239642856,-0.7408222708223491
-0.199600002554348,-1.1815619198472986
-0.256267619034091,-0.24957104432847546
-0.437138275240383,-0.8941251631823419
-0.9757985890250792,-0.5389377044578344
-1.440933330147058,-2.2341733979481035
-0.7279118759999991,-0.8736786663923795
-1.126581507999994,-1.524691984486572
-1.269847122499999,-1.6575886891540095
-0.51409364001409,-0.6140292314126223
-1.602186038666666,-1.9861676402003345
-1.273278239203703,-1.067120223037701
-0.716490147083331,-1.6329286373390466
-0.676598793784235,-0.8739468351809749
-0.326520030528271,-0.8604904134434461
-0.5297745340624991,-0.885632077825526
-1.082700341531248,-1.0424440540817224
-0.980792377672412,-1.0289452949173392
-0.997045115797412,-1.049439606111999
-1.068431111531248,-1.136853810205667
-0.623648711666665,-0.8121126476326657
-0.604181742443175,-1.2020623669979935
-1.133605603764705,-1.18188868039323
-1.57246645167385,-1.5538721934683644
-1.589814590333333,-1.6534462366283358
-0.635833396018319,-0.703739551234287
-1.5587774951041662,-1.9564262144099192
-1.693163901644737,-2.284204373218087
-1.7031814748026322,-2.2662378005436787
-1.635665490504386,-1.6018419933443233
-1.616814959999999,-2.1840291354487222
-1.6353622005043862,-1.7109863752700512
-0.615274059583332,-0.6096461280845062
-1.0048013190625,-0.9905063957168404
-1.001650598824403,-1.0083094825471643
-1.008076848348214,-1.0026302566258218
-1.223357986963542,-1.5870148290999873
-1.747348909261904,-1.879292702089148
-0.263728169486611,-0.5608118273883852
-0.7908617862109371,-0.8342415728555197
-0.6172918947321421,-0.669680327985321
-1.251640933712121,-1.3391870500469911
-0.341317411783089,-0.7934123718864428
-0.810136815312499,-0.6689122452775461
-0.6282909362962961,-1.3352583520934063
-1.216632803690476,-2.0903489280862226
-1.653541321184208,-1.4036170116938356
-0.489300773389355,-1.082760032029117
-0.8623881510833331,-0.8527959411958596
-0.7440582091176461,-0.8304664399958068
-1.311933914673912,-2.1291185150229235
-1.767616892825397,-2.042214579360731
-1.061458859298029,-1.227632619479813
-1.054999649357141,-1.0900581556942437
-0.419055455833333,-0.9124039165886364
-0.847494942656251,-0.8283486501584146
-1.239109208416666,-1.6927511345601054
-0.348625160437501,-0.7584409609003128
-0.7342089301041691,-1.267513809208786
-0.8865928066666711,-1.4636436823067194
-0.26199175807292,-0.32782484147154617
-1.139530151794046,-0.9771137605909199
-1.017656257038264,-1.0613748038558581
-1.829850562152778,-2.2850553497292823
-0.7182401963095231,-1.7206905576364735
-0.640154575761904,-1.1305598022666004
-0.81036056915357,-1.2292462413016414
-0.5514059090277761,-0.6181837642177574
-0.945593287833334,-1.0498124878207147
-0.586369676249998,-0.7587441194889266
-1.8964879517163,-2.151834264936479
-0.446167505984848,-1.0319568333302067
-0.322772328749999,-1.8057786586993592
-0.721297862727272,-0.7709082791254088
-1.8314688134558832,-2.3968041264790405
-0.7091096272727261,-0.5324242526224567
-0.842193859583332,-1.003966123311221
-1.831758991157407,-1.9536015636059985
-1.944081205030864,-2.286428596852519
-1.883549676061236,-2.7105339851085404
-0.5385584668124941,-1.4505797939846414
-0.623697197102525,-1.1595953749408756
-0.5358576370141891,-1.223321286265869
-1.7755594803999992,-2.351321211776239
-1.7052643568589732,-1.9954667480665476
-0.95342559861111,-0.764163857262142
-0.8373178748263891,-0.8203263205865272
-1.037354446249999,-1.4128990676713682
-1.183391649291666,-1.390243622391744
-0.482026049166666,-0.8218137445170397
-0.443575371484374,-0.8870732374369957
-0.206789332633925,-1.2285831453949247
-0.9653269774999972,-1.0447683015851994
-0.7862292416666661,-0.7792494985440495
-1.171406391071427,-1.1600310041636728
-1.0566366803125,-1.281621666516515
-0.326247906354169,-2.028686326846984
-1.092780222968748,-1.2201255047793362
-0.945646650181034,-1.0664382273695938
-0.7980574005862061,-0.7217542085305252
-0.421892825711546,-1.2442085269888892
-2.27621725875,-2.1500800675057046
-2.259452741136363,-2.1134463416698885
-0.724686881316501,-1.2857430110413162
-0.770323153291666,-0.9581250510536152
-1.798695719374999,-1.9048885565168923
-1.862913860681818,-1.8989009543740565
-0.897385242622125,-1.0610807990164919
-0.604686315761904,-0.7862940795917226
-0.77477469415357,-1.3346756083658449
-1.604592454821428,-1.798401901598135
-1.935759029861111,-2.120390799279869
-0.596515239999999,-0.8587380802899327
-1.779381451249999,-1.5226743154011932
-1.934096300770474,-1.9829389760867442
-1.672766481666665,-1.005647564717065
-2.45447916790909,-2.2333061943532173
-2.288091154683907,-2.250169138794955
-1.890310051439393,-2.3964696637887895
-1.8887534026253912,-2.3660025933699136
-0.5176742761761051,-0.9417623989725749
-1.764497357499999,-2.55795586180041
-1.711118435344838,-2.46589950398221
-0.6431805041666651,-0.6824764766931279
-0.463188391785714,-1.0350193836164276
-1.6897623055882351,-1.8170199207225368
-0.366901241470054,-2.3517446540048006
-0.409336553255336,-2.483610649542818
-2.337999399907407,-2.491005172255792
-0.5158655965151501,-0.676591800988007
-1.652918828152172,-1.325745016991555
-0.5829080383559101,-0.8120382803321888
-0.390239662840908,-1.762999466652109
-0.702253898400733,-1.2422913254612111
-0.6463465379172401,-0.8097792057708996
-0.685180447343749,-0.7836113591094799
-0.632199356648934,-0.868303897371389
-0.52964404590972,-0.9582431136329808
-0.47208111515625,-0.6890009334019277
-0.623845278194446,-0.8875933136226005
-1.234767925749998,-1.2097535362388125
-1.278870858833332,-1.6264848557923168
-0.40020340978274,-1.3418178727513652
-1.569763672142856,-1.5115506376521148
-0.434344480625002,-0.8917095580139209
-1.605510031190475,-1.6195945890774377
-1.164566427,-1.0172768027661492
-1.254591205999998,-1.3547732064927838
-1.698731106607141,-2.0118993648656582
-0.5444626404761951,-1.3082923896353738
-0.489024208571432,-0.7645444844858906
-1.721246515104164,-0.7739677536070936
-1.731748506354167,-0.7207357661034984
-1.650275890714284,-1.1272890090991299
-0.691784061324995,-0.7585876134837326
-1.394803844999997,-0.8366652907293669
-1.242619582142854,-1.4641479217299658
-1.298689991499998,-0.673617604101585
-1.135290066458332,-1.1252060150306926
-0.7117132560714291,-1.3092126467008154
-0.711055121166664,-0.6203419043975359
-1.010130186041665,-1.0107266691993435
-1.094466779012211,-0.8431806447354554
-0.785777391749999,-1.2650921488375164
-1.032798735039787,-0.9972825063156475
-1.959406370381944,-2.547323108011251
-0.928738233256704,-1.27795438564899
-2.034315259607843,-2.21388497838849
-2.461208021470589,-2.607805265485481
-2.43314386009804,-2.4924844548290643
-2.218766057850141,-2.4903592019794827
-2.307417633965517,-2.0795377740040992
-0.2147292038,-0.6304161390920473
-2.194504198718749,-2.3205478841689673
-2.392847426266744,-2.7244894613502075
-2.560424208162183,-2.6298306760786976
-1.46865765875,-2.411581849623992
-1.332587060416666,-1.6790277149307566
-2.447784405261814,-2.3613727654100503
-2.138519202854407,-2.352923756813257
-2.518383795546205,-2.611765888398972
-2.6286934137869453,-2.6340692223371276
-2.166437300215518,-2.5060535266170856
-2.627614001472131,-2.5642751051291883
-2.3342451481276463,-2.420151982776982
-2.647102583678481,-2.555406825537418
-0.473891994187499,-0.8635395769410392
-1.810662711093749,-2.3872200981345983
-0.586933628392858,-1.5618628525811653
-1.832339810147058,-2.2552406293174023
-1.83974065838235,-2.796419413830855
-1.040353154374999,-1.0716951152001033
-0.6698857326736101,-1.0618091929557674
-1.797001708308823,-2.4494019450650937
-1.766364476166666,-1.2839431938894454
-1.742267925631578,-0.6961601667918987
-0.7845301964540231,-1.1545897562444496
-2.070898654019608,-2.328008413973711
-2.258408084516807,-2.5473764207612093
-2.172949801397059,-2.5901962218217
-2.048092998535714,-2.5660290193833544
-2.020369124249999,-2.339638470816218
-1.8970324325191568,-2.058504097912601
-2.443823953193437,-2.4040187320487916
-2.475415066894397,-2.650724422475347
-2.559291074383184,-2.7945725473801053
-1.396695109411763,-1.366173941230754
-0.5970052913095161,-0.7820913528563298
-1.134881928916665,-1.1276687331161088
-1.611662576249998,-1.3469349823866836
-2.137078401706076,-2.113465437400686
-2.366105873129885,-2.3745516405397518
-2.45347615979023,-2.4214885540103315
-2.403572438602828,-2.4958053453145506
-2.493849896797808,-2.5374925773622055
-2.272513322138863,-2.36959962438965
-2.498601115561063,-2.6413331030403997
-2.616155379807783,-2.418478563074593
-2.717109808109585,-2.7616695193627097
-2.189508150170362,-2.1851448574099814
-2.688183134900126,-2.7390601254620783
-2.493083055855412,-2.4577897165156815
-2.581357867946553,-2.6673527998384983
-2.447332416058663,-2.5066529362959513
-2.489025529888374,-2.3989474931921104
-2.316499133990937,-2.3637737514597346
-2.496344086503696,-2.432098932384252
-2.372908762003696,-2.4086468708450774
-1.019601450880951,-1.161501141964963
-0.543799694886362,-1.0848412184282126
-2.48666506725785,-2.524885489647935
-2.131374900670362,-2.1619986510283797
-0.960317447894736,-0.8992127976596117
-1.3475262210606052,-0.840208970139224
-2.311859195708684,-2.233323174476923
-1.286734426343752,-1.6670578304187758
-1.560564780178568,-2.823661997912661
-0.371487142500001,-1.837706700675376
-0.373745432708337,-1.0797960568708056
-0.401277016875004,-0.9111006187082155
-0.317413261875003,-0.7165506430171358
-1.953373604482758,-1.9533964309295357
-1.889054910689655,-1.6791919596485194
-1.88968741275862,-1.8422564835667488
-1.992742736206896,-2.016579356393497
-2.738956553333333,-2.570319428070937
-2.5266957703750013,-3.2697165452500783
-1.78395767,-2.0542420349149
-2.746178183500001,-2.210698924531531
-1.574656109375,-2.789389044207023
-1.640829873,-2.6188084297250342
-3.053653402742529,-2.4232484500870872
-1.7564790782569442,-2.4364175636576553
-2.9229413715370383,-2.2442871073259663
-2.85093751645,-2.6031861241808696
-2.851774280450001,-2.844087304125813
-3.082190103214286,-2.863763579595387
-2.5694963185,-3.0096199602920133
-2.963196855090745,-2.467011964706941
-2.967020409086208,-2.856249811550795
-2.54201818388889,-2.956720501585704
-2.921008153571429,-2.66881192639776
-2.451816146499999,-2.8142605375050067
-0.17720506725,-0.5597661151546499
-0.12882059975,-0.6473288466923341
-0.133594049666666,-0.5266285774635273
-0.187718993958333,-0.259924216000895
-0.184717880902779,-0.7958787578823326
-3.341442911333334,-2.587468841254219
-3.33056498861111,-2.7114721670637367
-3.503531851111111,-3.0467127034904125
-3.44146682423611,-2.6168256930163416
-3.491561325277777,-2.389570037156614
-3.427717181944443,-2.3052027909138815
-3.322505210486111,-2.202803314759419
-2.710972401944445,-2.7165498617944706
-3.268933620238096,-3.045249166125757
-3.725641982638888,-2.948566335633695
-2.576924830583332,-2.828392195576492
-2.536294297510822,-2.1554090136433786
-2.755133414252873,-2.36009284459356
-2.55084869948718,-2.6027654642684794
-2.433770533484848,-2.356815465253176
-3.538201400833334,-1.9068058699899808
-3.443433267619047,-2.6051126168408283
-2.833785544761904,-1.9909379376483585
-2.082302085333332,-2.096535402362932
-2.523742400648148,-2.2037045566776468
-2.369755176092591,-1.9026264198240999
-2.320139532314814,-2.258718515946902
-3.538690571666666,-3.188411945141314
-2.215100651363648,-2.0725070054083767
-2.671460970666666,-2.8629887403251457
-2.792557587666666,-2.6504907037963576
-3.511420170583335,-2.488811677378228
-2.524066678148148,-2.09910896624511
-1.967631604305555,-2.3726024476997436
-3.813013549791668,-3.435656845056837
-3.30585531037037,-2.5661264153531174
-0.7699851751587301,-2.0037913123677753
-2.545002442083333,-2.762548384340266
-2.947684084375,-2.731194897009105
-3.795378381666665,-3.10507692001373
-3.782408032083333,-3.05938481977464
-3.833794194166668,-3.202466550998491
-2.367246567976191,-2.765987243265647
-2.918284943752874,-2.8885873062537466
-2.15479698059387,-1.9101883385499434
-2.824119149583333,-2.9438859475510086
-2.968286045972224,-2.771720716023266
-2.94243153851189,-2.457219151179883
-1.652719156616158,-2.004872971545405
-3.397709275595238,-2.4573636584207317
-1.96274379862452,-1.724756987413997
-1.7686629051190472,-2.2943103680635035
-2.743912591876752,-1.9853126857310945
-3.280028918666667,-2.8790696328904333
-2.628918341666666,-2.6122138572385047
-2.657886439666666,-2.626622650358086
-3.914610188854153,-3.733731817267292
-3.846181190104166,-3.47277308532226
-3.544637564666666,-3.354458807180383
-3.441487001041667,-2.895082932154767
-3.829447251666666,-3.826747370833335
-3.792682673333333,-2.9010286524783533
-2.278994070466155,-2.0791705108066445
-3.16681742716667,-2.7999680526555455
-3.738986948229168,-2.5296715169933974
-2.710423127361112,-2.7635693759351496
-2.7103006219444463,-2.7371602663123302
-2.67569474631363,-2.5226986691408495
-2.774889303333333,-2.747366238407007
-2.773311351333332,-2.7689829203678737
-2.808872897201468,-2.4106026428748466
-2.570141974375,-2.5845848033539753
-2.5659690259375,-2.548770419264256
-2.521505866527777,-2.3590769331503547
-2.719630219047618,-2.3083090798185792
-2.863260955303029,-2.189013413891017
-3.009353370166668,-2.744547934258286
-2.6050810368055557,-2.6038348050618993
-2.603598594097222,-2.6007116036765328
-2.8742436375757583,-2.507767841355653
-2.133860237831417,-2.5600322644108062
-2.790575222314815,-2.1434950133305146
-2.988187130092593,-2.531731543664062
-2.361769379814815,-2.4268876499896486
-3.392110943962961,-2.4150385443156077
-2.367242657738096,-2.2613021778533944
-2.952098685144928,-2.2324109267266943
-2.662322021071429,-2.6888699448524784
-2.506116717142857,-2.4270750334461413
-2.705878369270186,-2.4377570496683556
-2.68619760500992,-2.881631066234273
-3.5481689280555573,-3.424371447352537
-3.539191923055554,-3.5238549176896736
-2.527016124861111,-2.1294806680534037
-1.9984467869791664,-2.18871581155298
-2.567641134687499,-2.6193156470487104
-2.432689395238095,-2.394202364810498
-2.229680485741902,-2.1973922320574535
-2.32336962030303,-2.541609400702467
-2.611450766041667,-2.557644615391249
-2.6620146475,-2.658404968149766
-2.321905860277777,-2.4445880806876876
-2.980264731666666,-2.907334968552375
-2.772968720704022,-2.808945100408766
-2.753501077708333,-2.7623542271949186
-2.9579809367097702,-2.9789532877230207
-2.958552300208333,-2.9855252840693347
-3.142258649116666,-2.7953759142918084
-2.303131396296296,-2.4640806491674248
-3.386128164369048,-2.83820046205484
-2.9956953140102183,-2.9259098378541126
-2.783534966946018,-2.356077105233518
-2.393779653257576,-2.5547527094026097
-2.50232282030303,-2.5365619232588505
-2.133503183712121,-2.5283018319261426
-1.9264472816666671,-2.5427444141072115
-3.655337607018518,-3.507094113888229
-2.810826894333334,-2.3589073552259747
-2.271023565833333,-1.9408138624929747
-2.674085536263226,-2.700108772685571
-2.819763389177488,-2.8092015773572108
-2.802594094632034,-2.162230079020172
-2.494375604833333,-2.7853501003130323
-1.352691243974359,-1.95143674464152
-2.458384693921958,-2.602402327086742
-2.657787760623248,-2.424829995824465
-3.223730964166665,-2.7245067101433738
-1.038760822469136,-2.7116778172076716
-2.800253669550264,-2.7874300193475405
-3.150392669846153,-2.2219689435164414
-2.951406969122025,-2.9908836833593155
-2.808509416051586,-2.535975327071904
-2.6563109602763038,-2.000025106281126
-3.047113839791667,-3.2576301043948455
-1.8605560296212111,-1.9775386616452517
-2.772059853702107,-2.6870281974297914
-3.191050216985153,-2.815297273171061
-2.538180725525211,-2.19383695739203
-2.757122292191875,-2.313744374286205
-2.964467245427171,-2.2559452460085514
-2.377613964855555,-2.4006815640536354
-2.507120126813539,-2.6848420405649227
-2.592767026222222,-2.814372937537074
-2.6527576375555557,-2.52148667512954
-2.8246544273107563,-2.3650227290818675
-2.078398211666666,-2.135253370452952
-2.485938660349617,-2.65244558188967
-1.996119577916666,-2.186762092369795
-2.395163036069604,-2.390939493187709
-3.03283544610119,-2.8087023261887083
-2.728034570972223,-2.6249209193495178
-2.635220453589744,-2.4975612222549395
-2.567440287857143,-2.384578958859958
-2.678897705707672,-2.659985637826551
-3.072028314833333,-2.96703401951651
-3.660298673333334,-3.30424881973341
-3.044681616666667,-2.8793425363087737
-3.347554984601806,-2.7736988965634417
-3.127266641190476,-2.690717954389639
-2.522992791916666,-2.2725628089238437
-1.930162530277778,-2.8399966839813935
-2.292883116616378,-2.407116934561741
-3.62643061562963,-3.514278084914436
-2.5401097066235643,-2.435064823475479
-2.431936003095239,-2.490551833791556
-2.831664266666667,-2.7430257931738855
-2.707362625291005,-2.5512731801944017
-2.760716952715774,-2.826797117125301
-2.562829422380951,-2.567277020640103
-3.078760217362707,-2.451485273017603
-2.834659427604166,-2.8288212206424324
-2.868070436893229,-2.881397391441842
-2.889036226041667,-2.8876520668002725
-2.885222885729166,-2.8835368217093005
-2.252744042104763,-2.4397330909811186
-3.126852769407409,-2.4701150007363712
-2.506827467848021,-2.0680542974760527
-2.533925881111111,-2.1189621548369932
-2.600106156805555,-2.596929966826265
-2.524998473086206,-2.2722920421441857
-3.360695499244663,-2.887998513337545
-3.352549628887522,-3.2138155244361486
-2.6347433481540783,-2.3136969325018644
-3.012164740333333,-2.985503905109709
-3.105198752916667,-2.51775114348192
-2.893838672648415,-2.562127170579142
-2.499407430316092,-2.5660169069425542
-2.594522680595237,-2.8873084491374756
-2.657249107267316,-1.9988345075251421
-3.285665122023808,-2.3063155852186874
-3.227161415952381,-3.07595926495815
-2.505974840625,-2.7916625656429006
-2.815819442333334,-2.6255018778354096
-2.798555323888889,-2.7368386109853065
-2.596534346666666,-2.595831807598092
-2.720782460641026,-2.6396039117040995
-2.887004985180625,-2.583693327651113
-2.660838250714286,-2.611177299855112
-3.119839093671773,-2.305351652241481
-3.242379914166667,-2.6221728175325114
-2.5702414612499997,-2.5744698695297767
-3.193642910138891,-2.648824336349203
-3.561698993333332,-2.702844886944653
-2.613636894971263,-2.5099143777339337
-2.885574782654063,-2.4376046125010533
-2.501183553536415,-2.443883954041795
-2.7143660203921582,-2.389335757719368
-2.658803198391121,-2.6312380437288985
-2.516721744416666,-2.5674534510211227
-3.218606116444446,-3.219157767024503
-3.150301182227357,-2.8966012568969304
-1.592254346051328,-2.062482524518848
-2.589494819819445,-2.270939014485315
-1.626452739533332,-1.1913206072971085
-2.8039751102380963,-1.9552219229007746
-2.340059317947,-2.2095795626917565
-2.793463146929393,-2.738507526244284
-2.635276225866402,-2.572362798935346
-3.057720861333334,-2.875026741195943
-2.205768829635416,-1.7014955762494328
-2.736100590403438,-2.7180309350638163
-2.8071811542923277,-2.7821535949642526
-2.635828347903438,-2.7341411318477014
-2.7697305713133997,-2.7344769931773523
-2.766100674477513,-2.8065915158659895
-2.694523067788497,-2.71608539241327
-2.576175425250626,-2.9207487856890246
-3.096632968908521,-2.518789298048275
-0.296530911936937,-0.5444292439502673
-2.213162129095238,-2.1659142066965225
-3.519273123833334,-2.781131827624511
-2.705201170326233,-2.8891219896796803
-3.184289496833332,-2.9804689381249365
-3.503953114558334,-3.105195072260489
-3.614766117333333,-2.759928545872088
-3.555401641833333,-2.9443940662546813
-2.397164929471265,-2.637057771042189
-3.393466040058333,-2.1553643703516983
-2.827884178058333,-2.680037373139549
-2.416488118058333,-2.5389487775754596
-3.501999767666666,-2.6162957982155
-2.450685473471265,-2.4500127978982063
-2.474273304892473,-2.515346230850945
-3.004946594126437,-2.1547113579755903
-2.354717354979473,-3.060444052415248
-2.7565186602067677,-2.832254339184139
-2.840886545733083,-2.7592884044244563
-2.672862814209956,-2.080379715566068
-2.667902996838745,-2.2332451584269473
-3.019816612765964,-2.2290735157048047
-3.222242761916666,-3.2320626022311263
-1.9343592297619048,-1.918805878929144
-2.241756793188405,-2.1344178458735867
-2.200827399010417,-1.9845030175537766
-2.8000481505273958,-2.904767712810012
-3.297388075083333,-2.7430444373812555
-3.676868963133334,-3.183165437422903
-2.811044955389755,-2.545023380739475
-3.930646094242425,-2.6033543537232386
-3.198719699533335,-2.9441814851371535
-3.376717194583332,-3.3601758688863095
-2.866881227736659,-2.8161019296169707
-2.6653750204621662,-1.9496889720894968
-2.436557999613094,-2.541460030853994
-2.530523049613096,-2.7332353107739396
-2.740436089712849,-2.5574607405638994
-2.604094426767997,-2.3891648428974093
-2.952310428610104,-2.668255796230641
-3.076822898090053,-2.9566249531058637
-2.798874400198202,-2.7151624818770217
-2.435353056263611,-2.5583612599381746
-3.073014353105707,-2.8765552543976893
-2.33458761034167,-2.2211504689106607
-2.591734464059619,-2.682897767466221
-2.3839345550272637,-2.50471482804777
-3.200759918314175,-2.698752300669646
-2.352503654113095,-2.555564816259927
-2.922077437622548,-2.589189036912977
-0.522040200246914,-0.3655106552666373
-2.957641276156555,-2.7217126752086163
-3.358583253761755,-3.1774558385583718
-3.364546526110241,-2.983321077579985
-2.595678145036946,-2.4871750526563647
-2.716511765414614,-2.632658134563608
-2.527087144888298,-2.5320192350395154
-2.373248909267998,-2.391308509369978
-2.693376000308077,-2.5480660284775927
-2.7189812957785997,-2.695621881894276
-2.6331059061235638,-2.501315480239719
-2.703546141810345,-2.5932309117411325
-2.936559151504516,-2.730241251724692
-2.978896680642545,-2.7921407632922945
-2.9140565796969997,-2.366665424349203
-2.846086555585888,-2.633010984202541
-2.748478978658418,-2.7703501741396264
-3.368476822473877,-3.190783171066389
-2.327959469444444,-2.3445696564481766
-2.129896608833334,-2.1293758871485515
-2.131167224083334,-2.1308782849855077
-3.057675286240742,-2.3973938210369075
-2.728868373997034,-2.700633707987145
-3.001360933571429,-2.8029781488071297
-3.409431416027777,-2.7976836821499766
-3.450418100515152,-2.981729877385449
-3.343356402727274,-3.011330744182205
-3.506235291266668,-3.286964853937415
-3.304265289433334,-2.7137922638614875
-3.755643660968992,-3.1244712195670874
-3.373620836515152,-2.6908904243377463
-3.441455824703065,-3.260086520096588
-3.460248610119048,-2.876345602454457
-2.76491730672598,-2.733002641240879
-2.663108188777263,-2.603284329868876
-2.579420908583333,-2.4047674583915124
-2.128388242736318,-1.9294548479054872
-3.328409610878832,-2.6821886102334
-3.239361694691358,-2.8533317215433267
-2.664092388935186,-2.6273790032279094
-2.666137933935185,-2.66387839747182
-2.827308839935242,-2.2531241821990027
-3.169218702888888,-2.138662398290716
-3.08095637197279,-2.5944499821162195
-3.148679460222222,-2.1639849007956458
-2.926436852125993,-2.9233252455680234
-3.411368998031609,-3.0596910058684244
-3.270762661149425,-2.5804551476023176
-3.2767423687494253,-2.3812463880723396
-2.699558533242466,-2.7638426086147696
-2.754831449503729,-2.752275296419147
-3.4985176012254917,-2.4266729166148626
-3.372458896524693,-2.9605323826226906
-2.48158473101626,-2.4808455415199697
-2.430615963699185,-2.450042108958995
-2.472394810284552,-2.473196226753268
-3.542799939166666,-3.1470184738881564
-2.541537538084292,-2.5203270925956964
-2.901213671106322,-2.6795131943144956
-3.429199173433332,-3.13672940743494
-3.468271934925,-3.2888796185818507
-3.247872366161617,-2.363985643195729
-3.459892435270269,-1.9011022796482249
-3.629477681959459,-3.314208634636136
-3.668481502837838,-2.764613941730371
-3.285005818131313,-2.416453798477772
-3.371485453863238,-2.7475229375757486
-2.508509041634921,-2.3368070407746653
-2.47145578495238,-2.556341636627205
-3.281790044358975,-2.8268590080282605
-3.188091248004716,-2.9031177262517467
-3.056304059817351,-2.5739028877469323
-3.115917543478262,-2.4533662644523355
-2.918359551342594,-2.9183115386101064
-3.39260867648099,-2.8144424693124694
-2.715718284406779,-2.7502399686417807
-2.716349748559323,-2.678438687605571
-2.7114665409039542,-2.53389968231501
-2.65164861881356,-2.571086095705878
-2.83934014625,-2.7864535150256846
-2.8390163578125,-2.838754046259058
-3.465604477698412,-3.1232517680696645
-3.053406218014184,-3.0534180616049578
-3.392059054319248,-3.0014931761076222
-3.5134036649580462,-2.926488825238839
-3.502696614333045,-3.45653941910201
-3.494360285521886,-1.2357586494144284
-3.497663491886227,-2.0652691443946085
-3.509142515208333,-2.806117344166808
-3.4925284151388603,-2.623430774035964
-2.42939052240196,-2.3765466986568518
-3.788790012407407,-2.993649990050067
-2.533026730996168,-2.3940709009833303
-3.635706428484849,-2.2376339846361804
-2.634991118333333,-2.7967603397860232
-3.779598183333331,-3.7184431821076034
-3.593970857196969,-3.0139197940465663
-2.623838555111111,-3.0844281076371907
-3.783552335151515,-3.3982675402482836
-3.806610549924245,-3.57759226575094
-3.530045994166729,-2.5179442026403867
-2.905231004583333,-2.4219344935938163
-2.994516180833333,-2.682090446031242
-2.963518827395834,-2.81763806676311
-2.942224596458333,-2.4281372520217257
-2.538975051007437,-2.466755190775962
-3.534712548333332,-3.4461356317678455
-2.9724210316666677,-2.6864224092980904
-3.5143705075490197,-3.317606315820959
-3.572974870098042,-3.458041490338437
-2.022203403739035,-2.375283801370203
-2.736890009027778,-2.2647886603960727
-3.006099874662698,-2.962119584297276
-2.981852458859696,-2.813003196005698
-2.947296141150792,-1.3807533548162907
-3.327805923205129,-2.7261319643178306
-2.324040174215686,-2.4336358546365284
-3.045344703,-2.7557716617646197
-2.408987487777778,-2.4029808566522304
-2.464096025833334,-2.3360885580202613
-2.7350797558125013,-2.76360928070723
-3.439722850000001,-3.0703090440975576
-2.313504962453704,-1.7528498890079751
-3.288295090606061,-2.409164460953452
-3.293637026969698,-3.083869578839849
-2.875454595279762,-2.882165627644911
-3.079953116166667,-2.9154141879327495
-3.155853712959771,-2.8707633756515007
-2.830933748804598,-2.7880253356645817
-3.024244806283069,-2.941393231167742
-2.816328668986659,-2.788832268063666
-2.522947715138889,-2.4085889133510627
-2.448098254537036,-2.329256517245133
-3.139905829420289,-2.9094651486901775
-3.035696571699736,-2.832683189695737
-3.025165085449734,-2.918106613260275
-2.5980000256063223,-2.628267752723313
-2.590988335725954,-2.4927291243681706
-3.005972689523809,-2.8429135425238683
-2.9893756653874752,-2.859974378567434
-3.3828441585,-2.6991183933149907
-3.012545660357143,-2.922699160076058
-3.397803543971264,-3.397083542595737
-3.444843737804598,-2.8889484906166047
-2.827865287804598,-3.059776983367554
-2.457645174550225,-2.3262164463083335
-2.806364078730159,-2.58952168318633
-3.55353113539216,-2.769523571015489
-3.1969918048245622,-2.9822332855102043
-2.6302114412772992,-3.0512196971113306
-3.59110047827957,-2.9166370647893545
-3.007728040980392,-2.5478690528598285
-2.7384801909848493,-2.532702755401773
-3.182953520916666,-3.0661251818869677
-2.333492227745099,-2.3538259795897516
-3.53960803362745,-2.6626043526335685
-2.8087443045168072,-2.335317151320212
-3.23626329312069,-2.1469395508835434
-2.362030467499999,-2.4580452040807574
-3.133505881623563,-3.14274605712792
-3.12328127454023,-3.1376555480628125
-3.231124123583333,-3.0748692533655286
-2.24960826142857,-2.43215753307297
-3.084489598063493,-2.1707803838375126
-2.613514219436275,-2.593366775330543
-3.3141651770666662,-3.1295030034048086
-2.1096567491176472,-2.3059064778293887
-3.114659586047544,-2.90604575620132
-3.119080275365725,-2.968573000999173
-3.140802256376437,-2.6684350495350757
-3.14034659404023,-2.977614470148832
-3.12852022129023,-2.8652456290720085
-3.138795482623563,-3.1266253621775575
-3.019484092752232,-2.637284189712228
-3.061508407541667,-2.266537645277596
-3.16231406628788,-2.5596614290983566
-3.400208304145116,-2.0563947419790027
-2.169125769285713,-2.364065365305737
-3.014165527563738,-2.905599785288179
-2.118391377758233,-2.4396518994793284
-2.484560246767242,-2.552700350099425
-2.792987238544314,-2.6794306332085784
-2.465727661546843,-2.5980543525801454
-2.698967249925221,-2.6637122335341514
-3.028384996311064,-2.721323037055036
-3.025504205985748,-2.9512873474801293
-2.488363921053015,-2.3144692427998557
-2.788471922218652,-2.731252585552344
-2.46788044769237,-2.564225374109038
-3.065101275226781,-2.889933458035863
-3.022693554884156,-2.8134555703629696
-2.46824251164051,-2.296911798779575
-2.933977194465366,-2.7023423135040363
-2.691176716552409,-2.68282712202571
-2.853562420313889,-2.699046805508868
-2.861995103774632,-2.607636759442049
-3.059915479502676,-2.4263381076580863
-2.669258530131142,-2.6230030926553383
-2.605204162867606,-2.499949519651672
-2.8651805751761863,-2.6783271712894487
-2.772647144319083,-2.693968336349673
-2.6882854820680797,-2.638496986652368
-2.45867592160273,-2.340568853127586
-2.79489893584213,-2.6904190185121886
-3.003964934227506,-2.7840037977121708
-2.800541575111392,-2.7678461308462836
-2.726297469716749,-2.7920305963063248
-2.958606519365871,-2.709440989948908
-2.815534561471134,-2.84479642277011
-2.986023191439127,-2.1939365080231217
-2.494548063596492,-2.3918615180025657
-2.873575466458332,-2.878401603908772
-2.8490690452083323,-1.9227870942006597
-2.4337888755,-2.1181173088221077
-2.926663778055555,-2.113793738675003
-2.891011295384615,-2.22606662617465
-3.46170255,-3.0123065221966794
-2.162470100357142,-2.301177808275875
-3.720096642105263,-2.374432398933432
-2.628146902500001,-2.710346155342556
-2.544516797368418,-2.52352498772896
-2.802693101458332,-1.9461432391339653
-3.525216475588235,-3.11432925960633
-3.655366920714286,-2.793765061574469
-3.275140202281167,-2.9081769195824942
-2.845351475799999,-2.6618862390482008
-2.854191778,-2.786722079429129
-2.853886971399999,-2.734226764951434
-2.822698063399999,-2.766027036119883
-2.937580324782086,-2.8016502245292876
-2.7895227046,-2.801199127424337
-2.528864603333333,-2.1643865709076398
-2.373531736215277,-2.369640648521228
-2.373029521944443,-2.376780513622297
-2.867435775481366,-2.279156355111266
-3.216646102291667,-2.4925796653316032
-3.020956496547619,-2.5649255467312964
-3.353052555456389,-2.9741081595390493
-3.120966273157895,-2.514271227770533
-2.7411984510816323,-2.4105298267283612
-3.198320521547618,-3.0105628842663203
-3.101722933141026,-2.4658114535189584
-2.9742572933333333,-2.8070482272707893
-3.342956696916667,-2.955158535909723
-2.945266703869048,-2.7057882142306293
-2.426537899015151,-2.449818797696599
-2.545936431969697,-2.575370067367308
-3.278112299124999,-3.132613526142386
-3.465720377580646,-3.1346063356878595
-3.263928574210528,-1.9576417615176196
-2.373114702878787,-2.1587628009129274
-3.498646601166666,-3.243525293479992
-3.6494072715625,-3.388159506416406
-3.204926150601053,-2.9636091451363518
-3.205268504559386,-2.979444095755401
-2.869449423421053,-2.7460009388823954
-2.330676707708334,-2.4651873552691086
-2.991848263952254,-2.7664348030091874
-2.089896214047619,-2.311657563533529
-3.350941987997012,-3.2945399382064253
-3.400792283590517,-2.6189074768864713
-3.60617163575,-3.2891112112393572
-2.912933762885663,-2.7432166174882218
-2.441213014583333,-2.585304964574773
-2.889751230887254,-2.784914640825027
-2.413380128896552,-2.162999799692138
-2.978340331585453,-2.587974349121531
-3.020172919558427,-2.7733971022627806
-2.5888910145402297,-2.1434362335395543
-2.655216414761905,-2.5052450655348375
-2.449602147261904,-2.5309899494410524
-2.654230634404762,-2.673613497765304
-2.49144564797619,-2.3896235380002
-2.7491458727596463,-2.80070605048635
-2.341632898333333,-2.1922438131162423
-2.4319691526190472,-2.6150150695815317
-3.59609867125,-3.3252485566828023
-2.986257816740091,-2.696673018697563
-2.883943482891156,-2.4487387837697323
-2.72938484827381,-2.7371042409575836
-2.862100900438559,-2.823863542429219
-2.615135325958995,-2.6029866501721424
-2.763142391884921,-2.6697793441693713
-2.601190781514551,-2.7241563323513924
-2.70479929938492,-2.7782688639293456
-2.816080271607141,-2.742419507024572
-2.795714644107142,-2.787913969239494
-2.5290841673749997,-2.5659124891385545
-2.939680088275419,-2.3657287272123755
-2.510145636292177,-2.4097847903515426
-2.839669269862847,-2.294804360217205
-2.399002131432676,-2.4790630615514364
-2.565531808006979,-2.453039105084227
-2.63641333404762,-2.600013014022245
-2.513536416666666,-2.79875394056992
-2.395884423111659,-2.3801067629270243
-2.432208156369048,-2.4600451248508124
-2.481748588511904,-2.2201663462105934
-2.738667987797619,-2.7108653266091984
-2.515931263965518,-2.5383538192342865
-2.775733135499909,-2.658428648114369
-2.778592918320361,-2.3091584789324107
-2.932571492648384,-2.774968819876457
-2.854714063504516,-2.76748358667186
-2.855716525719076,-2.778895044644003
-2.764921820131142,-2.6790886795916227
-2.90093668830893,-2.1792832997346245
-3.20994828040613,-3.2007398499723396
-2.496962872733332,-2.4350652242357698
-3.124759740633116,-2.411568697656095
-2.421424089247311,-2.2877054468870863
-3.542480545133334,-3.221685714521943
-2.850029601979166,-2.953837218426715
-3.556876057933333,-3.3786404678910995
-3.740304071742424,-3.2879831731552853
-3.478709774942529,-2.7778113913756863
-2.740167682733332,-2.62283556359051
-3.542857729166667,-3.4078060733354993
-3.515797810087718,-2.6573991210106733
-1.164725974880951,-1.4288936839172508
-3.368484574010416,-3.3844528138532217
-3.01341723506418,-2.917928950875003
-3.445699688402298,-3.123093529225132
-3.470441762583333,-3.1319104547338936
-3.485109903485633,-2.1744342178848477
-3.539705683390805,-3.061150785623572
-2.936573535115207,-2.9093015534645126
-2.962019529953918,-3.00505912011814
-3.269089943148148,-3.13871113647233
-2.975287868991816,-2.8239646727403533
-2.545353250915833,-2.5141615958550148
-2.747212031666667,-2.680887272971599
-2.9249945003132183,-3.012077214654888
-2.8753473584564317,-2.5840307940729224
-2.4681971442656,-2.5936100842110803
-2.990497551319998,-2.6881005971706515
-2.5794889398242717,-2.6215101899105333
-2.5799472663841,-2.439293993946913
-2.7383832992900823,-2.413906564491293
-2.460696561812286,-2.263225653326802
-2.813434768360838,-2.4017721545372903
-3.40915579367615,-3.2978700592020407
-3.453196465191667,-3.3312607194926236
-2.290890454166668,-2.287167538095375
-3.0710154998659,-2.961436267910892
-2.859622532877819,-2.7718746266934224
-3.09867979938971,-2.905542544224381
-2.493995370064103,-1.9363528641262417
-3.077641947407407,-2.367485118876423
-2.543017806064814,-2.5454775545476047
-2.542238215648147,-2.5449841118609116
-2.542908213009259,-2.5636174193176333
-2.909459797539378,-2.9720191802261176
-2.8406343702463053,-2.7835296025996086
-2.453007534826389,-2.3823505937898357
-3.234794147555556,-2.653198164091243
-1.782830182499999,-1.1241090449669897
-1.6436317724999991,-0.9766429189442519
-1.742467646153847,-2.101603409655506
-1.554290825714286,-1.9689689426584194
-1.655812901571428,-2.0626954778708386
-1.691936952499999,-2.573014385693456
-1.5484322495,-1.5400934918915485
-1.65685013375,-1.9707977234710956
-1.514598883249999,-3.1501182704755717
-2.502442132420636,-2.6038923304206305
-2.365424036666665,-1.9742747011744195
-1.514723342499999,-1.5477766820363217
-2.411118379999999,-1.9193343031229606
-1.508625937142857,-1.7671686954112764
-1.4026716684999991,-1.9163858590112053
-2.344368486249999,-1.4855346590635576
-1.406269965,-1.7142156528570336
-1.615806477142857,-2.4276663347677463
-0.6296727461904751,-1.2610221956639032
-1.358329433749999,-1.6381248545445062
-1.511384045624999,-1.9591325579201675
-1.920064570277778,-2.8172849391824806
-1.30145586428571,-1.7271410020868387
-1.859907702999998,-2.1212040943512322
-1.585691002499999,-2.0660553708623057
-1.812183131908868,-1.9925796630507369
-1.484925502999999,-1.62675191898242
-1.855629735123153,-1.9091246422972423
-1.6643879499999992,-2.279223876832468
-1.796845360837439,-1.9873208764297332
-1.5131586815625,-2.021654405332369
-1.50242969321875,-2.466788028200497
-1.634294573571427,-2.2741223148525993
-2.090171973928572,-2.3094390341927515
-1.736780186190475,-2.2307518967412507
-1.261168915390624,-2.229770974514262
-1.721061604586207,-1.8299532203231466
-1.356453151223957,-2.16208395765967
-1.207956043461538,-2.2081239729348763
-1.383307025499999,-2.0421682915744053
-0.6901034161904751,-1.0233783925344588
-2.6564697375,-2.374476591509929
-1.524500535,-2.2336365677444205
-1.079197937857143,-1.5451181641252545
-1.9881510799553568,-1.9271383394062278
-2.172382323705358,-2.318821940808141
-1.516638768928571,-1.824951536234812
-1.874977739999999,-1.898894206531604
-1.996423915544217,-2.074681210100486
-2.313944772662337,-2.670400258632203
-1.995109257623152,-2.0240892696116823
-2.202309038446429,-2.5070847538408225
-2.238952221696429,-2.5449239199500937
-2.560559837446428,-2.687155027435262
-2.565611808749999,-2.325164039446463
-2.734839720624999,-2.7167600458401346
-2.576745297499999,-2.692018126997518
-2.585389678125,-2.696701108277398
-2.58625491,-2.70708625884316
-2.8368557281249998,-2.727920060513247
-2.7441043475,-2.788041405714423
-2.7592335546875,-2.7669595535744382
-2.803132729999999,-2.742640652344235
-2.817537044687499,-2.850734448160387
-2.937331084374999,-2.8341560101863577
-2.902228524765624,-2.886106794361521
-2.901272248984375,-2.89855917331315
-2.92297475890625,-2.9292995896969547
-2.833410278359374,-2.8265982502529003
-2.929576829218749,-2.801993194540626
-2.913395161249999,-2.867977176474743
-2.989550505625,-2.9349292700701524
-2.000947915625,-1.9821422256126844
-1.6420332431818192,-2.1029721570935354
-2.482969246939395,-2.094354978033574
-2.792231181406251,-2.73554834801015
-1.9803117193849191,-2.0497642327837564
-2.595199219273809,-2.047973287756848
-2.546457344545361,-2.4975498748056126
-1.524946605681818,-2.0459852601080852
-1.802132167766457,-2.0025704869657948
-1.8729343455,-2.4388387575669883
-1.9369517235,-2.067725839415875
-1.013288228958334,-1.5496216678104993
-2.038393132499999,-2.7651690652529823
-1.76502496875,-2.016729472088372
-2.078048157435063,-2.3244435038593703
-2.027847735187074,-2.2413191581099228
-2.302546977393617,-1.8374206896274572
-1.457662950277777,-1.5689061220931315
-1.523463289879386,-2.4315659607939324
-1.331805404751552,-2.1517689594275944
-2.6416847680208333,-2.386892688728788
-2.895303922843137,-2.7447487480078117
-1.92458627646875,-2.2881579730644175
-0.9233586538461532,-2.446983502477382
-1.117110082333332,-1.7836782534306408
-0.606918752333334,-1.1167413137670434
-2.9006005837931053,-2.8225460370772764
-2.895180879999999,-2.872647844365722
-1.8797169484999992,-2.390772901740867
-1.7769986075,-2.194320284603907
-1.938722734250001,-2.071191612533205
-2.238498679741379,-2.1752025577050986
-2.7231895517931037,-3.024528503579688
-2.3650328105,-3.183944553581433
-1.469007309230769,-1.942321629704807
-2.430006319920634,-2.5257548593380075
-2.705025007068965,-2.709466138595913
-2.932553191048087,-2.4715645606541976
-2.247044126029412,-2.443290812351847
-3.216124539311112,-2.643145478324774
-1.928433229601806,-2.1925167470217968
-1.765172062962962,-3.039657095653001
-1.6681897034375002,-2.254816451458495
-1.3694334009375,-1.5584805976920795
-2.946104038647059,-2.460662028062017
-2.563757862187501,-2.4851767325086995
-2.37838299,-2.1175804539290164
-2.540851810510203,-2.5069209820103517
-2.315349659707792,-2.7904253477099936
-2.3813534812987,-2.651195927884523
-2.924281693809524,-2.221450774755201
-1.134069161999999,-2.700531037144708
-2.202175859285713,-2.8995476915918927
-2.612324040000001,-2.420736741326012
-3.261105067916666,-2.613172923084856
-1.539463170999999,-1.644677175424306
-1.049054579821428,-1.6081972068333552
-2.381144441607142,-2.581688985233376
-1.732380881562499,-2.231578975252815
-1.683771338333335,-2.5457363013738417
-1.4055240569047611,-2.5259960867273388
-2.208525322619047,-2.403786820115966
-2.790532731875,-2.828560833293283
-2.7635238734375003,-2.7830760645384043
-2.48463556021739,-2.9450310815005
-2.201177479480519,-2.4322862128275706
-1.543669575192307,-2.263718767674389
-2.389107049090908,-2.218874884843388
-2.625459605008141,-2.2026847463565904
-2.447972801910919,-2.17610567516435
-2.6195551121037512,-2.136334499687604
-2.422427176125,-2.1661545376211957
-1.665145930625001,-1.791314082442985
-1.78119778046875,-2.511828426023912
-2.531037520841836,-2.7287139050690357
-2.413265474455781,-2.1514841752148026
-3.283035360833333,-3.246042340092444
-2.230723381666666,-2.0709675621559667
-2.225629343333333,-2.110101581471459
-2.012926087142856,-1.8795963604547594
-2.4034193645,-2.530971366295425
-2.4251186015,-2.7038900325277213
-1.169293312321428,-2.4997599843727802
-2.6843851061379302,-2.3125331113391883
-2.414061129583333,-2.264097026170332
-2.579731149404761,-2.4866666359125253
-2.097709582852873,-1.5720757757044757
-2.484813785663265,-2.5508103715493564
-2.675934156818181,-2.823031515934002
-2.494666368455883,-2.4111860200134934
-1.882118766838236,-2.051260688716113
-2.549857063946079,-2.571156090038096
-2.760095875549082,-2.7040795553597445
-2.910969974329569,-2.8338725632627826
-2.88691693790134,-2.573411302998873
-3.124625685729597,-2.6024920634164075
-1.577256675416665,-1.2362690560005765
-1.637402389562808,-1.7768743437893975
-1.864718904565815,-1.8166026744986452
-1.492503597956989,-2.0919828453728155
-1.275271332941176,-1.2849579758138072
-1.400400958499999,-1.1196614686551098
-1.141515961017627,-1.2669581116293651
-0.786265804523809,-0.9295953235039387
-2.0373746340625,-2.0321849987506475
-1.285286382435897,-1.080730732060382
-1.833622656186826,-1.673176987363537
-1.403057544977272,-2.052051054310344
-1.576545708343596,-1.2260361132715174
-2.257447842865148,-2.1990106096775937
-1.22748029525641,-0.9354137189922794
-1.425941396580575,-1.7892496741123687
-2.413626605753695,-2.2983788252357478
-2.455432480563219,-2.3502941214915376
-2.645673866011192,-2.361804682373492
-0.9232913530999992,-1.1715791717482034
-1.964399026280332,-2.3197192560950577
-2.26806407706737,-2.2110946035470698
-2.384043948831993,-2.6060889637270477
-1.534938787221485,-1.8582930130198172
-1.476442451,-1.502312923929814
-1.645869453839285,-1.6154234492387263
-1.495038618121692,-1.40625245110282
-1.452290413916666,-1.0502426129542053
-1.748158874062499,-1.681681793423739
-2.372426702659584,-2.2767254781743307
-2.042817192321427,-2.203476619498106
-2.506611432225,-2.5125901491700438
-2.417495878343253,-2.2553568023784023
-3.0144740885,-2.9679709742360547
-3.017289100228173,-2.512061248721318
-2.956322597173645,-2.5780197279022543
-2.366443226510988,-2.3709304363784596
-1.238685679979999,-2.7833935448086224
-2.498860245809524,-1.802260683214495
-2.366746454323979,-1.8787806313073954
-2.194736298520408,-2.582606728266623
-2.19890513119898,-2.2250076955017737
-1.448516387361112,-2.083586336070774
-1.421134303455459,-2.1513209554272934
-2.4683060555000003,-2.532343499752669
-2.697073331264238,-2.6833666192362813
-2.759640326528325,-2.6188199470613496
-2.42305165673666,-2.362288947500943
-0.689668168645833,-0.9851652092808044
-2.248486059573983,-2.263640025754785
-2.236124760517998,-2.219323236165102
-2.749621160123261,-2.627613907607001
-2.662954230540371,-2.4550426293626715
-2.660294481556631,-2.49790239109155
-2.327682180873564,-2.3687911648860553
-2.862920217386611,-2.66876376767187
-2.517501281046183,-2.661050771511232
-2.482680919296182,-2.4798184381560175
-2.9839192161981,-2.8023460840826493
-2.401978008374385,-2.4850912334612913
-1.28331667281746,-1.3451928518486413
-0.669908798289474,-2.34123864975362
-1.139769521169643,-1.8521400913274209
-0.953135102087054,-1.0323104291115934
-0.6496229473076921,-0.5013302742760427
-1.9324930320754712,-2.650190988572423
-1.069920590595237,-1.1248835664277856
-0.6624066674999991,-1.138083042763988
-3.245689009728448,-2.934107940533404
-1.000711493122119,-1.018667664505248
-3.175020719818966,-2.866913185700082
-2.438866886706896,-2.4099607605887594
-2.599252987296183,-2.520879474357722
-2.600969309796183,-2.4355521632179546
-2.128032235408349,-2.3666311195275873
-2.291880640414615,-2.4161008808203657
-2.43277538433692,-2.399893277856772
-2.600703804032567,-2.4456165653229562
-2.643764714171182,-2.4978568818930804
-1.318862366821428,-1.1515032581637399
-1.206286373528369,-1.0762230714840155
-0.240470589340909,-0.5269824342240103
-0.23378758225,-0.7412982318231652
-0.872966430008796,-0.8470474956100764
-1.7189394599999992,-2.3948785986082406
-2.421369859999999,-2.5649827681495703
-2.336499953571428,-2.333836222086522
-1.698470631108374,-1.8784034315253524
-1.6091611857692292,-2.437869834245997
-1.732994565454546,-2.2156820658618623
-1.819067989522548,-1.8509531087306588
-1.821166763703704,-1.9890523388978167
-2.022087633080358,-1.677004327696567
-2.43280572232144,-2.4388340278576224
-2.8553027550000003,-2.803124359970471
-1.99677531705665,-1.9392647727167045
-1.5389567807894742,-1.8311571361695014
-1.523950066499999,-2.000019433235667
-2.216480632733334,-2.065142478809375
-2.436844664733334,-2.310843856975014
-2.159649673733333,-2.405422144920636
-1.337125880357142,-1.725687391739739
-1.7950848297619042,-2.2898892216821474
-1.590389966979167,-2.2873863895812185
-1.471080410166666,-1.6374614800492255
-2.040496877894737,-2.2484928710012597
-2.601062935714285,-2.48219234981131
-1.8486232055,-2.1272209566278524
-1.803126515499999,-2.1394539427081045
-1.6031525725,-2.0751412442800743
-2.133396847884615,-2.1937886744280335
-2.129064480961537,-2.077038521359192
-1.982760088793103,-2.1720188217873497
-2.39990686653846,-3.1372070089827715
-1.980249881956896,-2.4955145760663195
-1.9875375465,-2.648278126303605
-2.521481432915057,-2.9142521027427035
-2.245991709642858,-2.0268220227978806
-1.450949288367457,-1.3488716145363622
-1.553040872010581,-1.6832826455826453
-2.070288811923077,-2.3071752693393033
-2.500648523499116,-2.0735265042514777
-2.487365968846153,-1.8853535795693184
-1.986755851249999,-1.9877168502201072
-2.115679238988095,-2.3641504003818166
-1.926938866448276,-1.7552276114749896
-1.471354537380567,-1.7451320872151803
-2.130953433464286,-2.993100669454921
-1.93347865076923,-2.319957536484907
-2.343505630294117,-2.699805308878837
-2.168825209117646,-2.0399000222562025
-1.832763492543859,-1.8539707886579087
-1.393759417407407,-2.2167619132513425
-1.91329851978022,-2.1659070662490127
-1.957990564202586,-2.409250758305062
-1.8570541250000008,-1.922168918067991
-2.726828181591179,-2.498443355668108
-2.846146922633096,-2.6160951310349647
-2.765930212961139,-2.6981909515819438
-2.372955266442205,-2.1611949754659876
-1.355215636666666,-2.0288313190692175
-2.158206736453202,-2.4429201284462763
-2.609278636428571,-2.4866146488893253
-2.886118720037834,-2.5372227678593533
-2.066677856746068,-2.701299863147895
-2.078773645035541,-2.6381706566631022
-2.283918582795882,-2.3155626024565517
-2.275214512144397,-2.3553114532420696
-2.177992453618915,-2.5088122299654065
-2.279723297879826,-2.2655374209493497
-1.972517397599777,-2.1704925210056096
-2.343945227229406,-2.783856080237562
-2.504339353417489,-2.6177803916964133
-2.40864178516352,-2.515361955740259
-2.481702234052409,-2.5225904710462292
-2.379242994081258,-2.5473178650431736
-2.75333336933828,-2.719644492228745
-2.791863296167547,-2.7224869911253333
-2.5838320873260843,-2.5047687280280986
-2.6135361895365463,-2.6648735515199853
-2.6686730043992557,-2.503191125884577
-2.598224805520662,-2.53008464028471
-2.548187982519397,-2.4183174454785528
-1.989436172575124,-2.1553286103284037
-1.795891473647474,-1.8723609737202977
-2.384709992477954,-2.688394213249047
-1.8462847241666671,-1.9914657099714494
-1.9894201150492608,-2.101314547871644
-1.799939052142857,-2.3806098956144313
-1.708242246055554,-1.8171344749848755
-2.280094912575757,-2.3773231734623406
-1.8304135737499991,-1.9627797745796094
-1.763953445,-2.139753185574105
-2.081534421923078,-2.4499201409651583
-2.274162635530304,-2.266730222069424
-1.4903446624,-1.8879095020065275
-2.493647235234483,-2.1465375611551694
-1.749804721711822,-2.3118621580035175
-1.413042618333334,-1.2847936925336676
-1.6055884480769231,-2.249529617887432
-1.040632533055556,-1.137210281925593
-1.065788290202704,-0.9151870833614781
-2.169112325757575,-2.1263458518915392
-1.791645609844006,-1.8517145379500544
-2.537608858515742,-2.479089559586365
-2.399651391521739,-2.690144771370253
-2.594441004782608,-2.4138376369392174
-2.319237533511904,-2.69561426716087
-2.5314932842639752,-2.2654398219436054
-1.647804686486486,-1.989521421266829
-1.8225214127027032,-1.9351294178185188
-2.496662084340278,-2.787491588485744
-2.198904756,-2.6019469399332733
-2.535591127329192,-1.8215065142004103
-1.967895756553277,-2.2571216507120124
-1.968685670179403,-2.227073182338909
-2.896019167344112,-2.6357212723446692
-1.246342115086207,-2.0059218193300827
-2.067547075622857,-2.034932237516448
-2.4659514954894832,-2.6848676709418426
-2.524743170192308,-2.784682255373036
-1.794677381073048,-2.099950107363266
-1.4715705341875,-1.9522440155681875
-2.030420804809391,-2.534555485668457
-2.289779920004515,-2.4468860863585102
-2.136588896665229,-2.503996291275182
-2.213486800800383,-2.3728440108790916
-2.046495011965366,-2.448654178638028
-2.105111448766744,-2.3873056355468933
-2.216792246307472,-2.3516302368298945
-2.006600881476057,-2.3421328286813123
-2.235462105203203,-2.387044217520213
-2.389002616592091,-2.378414535832572
-2.551533359683808,-2.521883152695413
-3.103591203784482,-2.8648285483398
-0.8402238242336311,-1.622791618105026
-0.8835622123433581,-0.9434935202249861
-1.8204372597931031,-1.9312144209485433
-2.465044959977778,-2.8666513268394804
-2.049996815666667,-2.124935055781788
-2.137268141666667,-2.0736295660826753
-1.6252489201649172,-2.3180421891131977
-1.8121479501315791,-2.0229452371297563
-2.189462340512821,-2.098816302483769
-2.081211458787375,-2.0370412806604485
-0.75109337447205,-2.248073923047042
-2.748544377696969,-2.5486268834991974
-2.580857390736657,-2.5514718428608445
-1.818150035809949,-1.9116302225907145
-2.6890353066304358,-2.4459472479047277
-2.5511933320504463,-2.2782114695337343
-1.323343830755555,-1.325250291003094
-2.197393672217693,-2.3460465203562317
-2.246216147388374,-2.5040565395875056
-2.400851667195169,-2.741045825111039
-2.049595973546521,-2.2235483948166297
-1.927699616122743,-2.124360276219444
-2.265035135326956,-2.348609061005545
-2.560715657379801,-2.4587877455047082
-2.474003614268715,-2.4536560450434237
-2.612049407156224,-2.566285066562402
-2.2877535580098822,-2.3060951125104094
-1.600505080725108,-1.8481751376693132
-2.299249949613027,-2.5483391016486285
-2.257870107250454,-2.4986010682627326
-2.59239878157792,-2.612768138421071
-2.631344792921833,-2.6674077497702773
-2.453126344707013,-2.487175201158916
-2.476963229027277,-2.4102332244594176
-2.433343929123335,-2.2413548866659196
-2.677563695142577,-2.5729384323607998
-2.702806389085666,-2.6269624158558242
-2.755193235110978,-2.504883455001002
-2.680745175369236,-2.3726476808948127
-1.695626076388385,-1.7496839731912885
-2.235991884585086,-2.3243684700455556
-2.44854426603526,-2.3531906992961553
-1.728494229299999,-1.767850855429304
-2.264552095465116,-2.3098519344500734
-2.254853084999999,-2.2965369055631633
-2.247060322209301,-2.251316889362033
-2.235726160348838,-2.231370902945945
-2.155706583035714,-2.049710919890426
-1.661163111130951,-1.7867434261735269
-2.627077743431373,-3.101552937314131
-2.291742062068965,-2.4648247669066228
-2.086058915999484,-2.438288979168571
-2.192223352542404,-2.290094950991884
-1.9406015284374991,-1.8744420255791794
-1.572193962642857,-2.013302305664189
-2.604906837728727,-2.582537590282751
-1.922757228674242,-2.0877651113713087
-2.100468396948924,-1.7982083365552486
-2.994306925637253,-2.992607611576173
-2.987297528937907,-2.7978780030370385
-2.625336529795771,-2.38430757615274
-2.815587652795791,-2.730833398302323
-2.538753635232187,-2.445219373970065
-2.582264737224458,-2.676177817021471
-2.529561070776711,-2.69149458651789
-2.327488557519396,-2.321747215538054
-2.441459212217981,-2.53597360295457
-2.326870136946588,-2.341357682440097
-1.980675203760485,-2.2738613869564204
-2.240003431423398,-2.272718602204782
-2.4222893893052757,-2.2974896677233114
-2.069138586358833,-2.105947321675564
-2.160058521683245,-2.486671790310536
-2.275572757336441,-2.330010713180718
-1.905092613124999,-1.8332071220263904
-2.183169171249999,-1.6422680376838352
-2.1830396425,-2.170186815988014
-2.148191463392856,-2.3151318402100993
-2.182813755,-2.183691458057065
-1.444037695357142,-1.802680408736643
-2.000066452499999,-2.224140397971176
-2.7614866235,-2.3969507631402918
-1.706017954871795,-1.9983873393825526
-2.368276874365079,-1.9831411057691057
-2.63203482,-2.5955456901443013
-1.939226295555555,-2.6832956635445235
-2.252165459187195,-2.447374312717929
-1.985844491666664,-2.4271986044989706
-2.216569472988496,-2.372264819587666
-2.617574869880952,-1.9776430541172716
-2.576855095238095,-2.077556857706749
-1.314754897664576,-2.1437131803126355
-1.734877521458333,-2.2133444979967636
-3.0564188535,-2.7716165889810993
-3.656475647368419,-2.6213965680934868
-3.757400671578949,-3.370924225434703
-2.781807325555555,-1.8249481687841271
-2.352370269523809,-2.4060327336017395
-2.635737876874999,-2.6388698757149553
-3.271665412222223,-3.1915802150333388
-1.683840529999999,-1.804096354024616
-3.265821364583333,-2.956952756053814
-3.284994044722223,-3.066331001294688
-1.58007927,-1.4365165529207682
-2.002454528333332,-2.0719403555705598
-1.3930998846428562,-2.0342301502230495
-2.34247297592857,-2.3242938730346316
-2.842336679250002,-2.6796413860543087
-1.516747633125,-2.7244694406422583
-2.49551925217857,-2.6089070555981992
-1.35775522925,-2.1225474441083163
-2.953807204891304,-2.7513084332185223
-3.13911347590909,-2.560607672688426
-2.4090256549489792,-2.0815099099363716
-2.252970350258624,-2.524627897675455
-2.611401141499999,-2.594036005120985
-2.671978745,-1.9508535811030965
-2.387728043163264,-2.130053569690945
-1.054589054166666,-0.9176626811685394
-1.6842622975,-1.7722341839008968
-2.631430944999999,-2.3997089755935215
-1.844796655057471,-2.822334203773628
-2.726062027499999,-2.652904198632064
-2.92339574611111,-2.0457427938406294
-2.82741869728205,-2.226238733961491
-2.271280678,-2.6861075655339297
-2.423080994666666,-2.493057301416689
-1.316920786666666,-1.200955632228584
-1.71230936617647,-1.8436399733965358
-1.722604418749998,-2.8834329709756163
-2.451694534768062,-2.753170683068493
-2.754475379999999,-2.747250566488897
-2.736427652857142,-2.497260037082195
-3.140708241666666,-2.6373310900317524
-1.396247751805556,-1.7347572208069533
-2.620267642,-2.54935451281857
-2.510532092718254,-2.331959891402884
-2.674234792083333,-2.675575169865353
-2.862738325117188,-2.8898502312152425
-2.953487171770833,-2.9593888849542367
-2.892533816363281,-2.848315250380768
-2.164270105,-2.072373241406628
-1.817837299285713,-1.31995046624081
-2.565399248000001,-2.8125403988756346
-2.001801235454545,-2.2259828825801407
-2.6144862811666663,-2.735363254568831
-3.303500319318182,-3.133509306227497
-2.695963664057473,-2.2165344698836824
-2.5029669032931032,-2.688656749456759
-2.147282815999999,-2.1940512617493426
-2.6614614210000003,-2.4542572449570637
-2.767879497793102,-2.6255233054469547
-2.049667546666666,-1.9909567265400152
-2.592941126227105,-2.655517729739816
-2.481785948874459,-2.5094596606936572
-2.513751785426587,-2.311043307242754
-2.458567043022485,-2.4913619502874615
-2.4743933683002632,-2.3803629787099503
-2.501684165999999,-2.7451432030354037
-2.61009982,-2.8557870410378996
-3.005708996733332,-3.012861712316978
-2.5634907219963363,-2.5703272833250947
-3.494618953249999,-3.079093815023882
-2.528504003994707,-2.673795827458264
-1.78390556891712,-2.4451829064904698
-2.515488900105819,-2.620909715242847
-2.456318507247023,-2.971814676103923
-2.600754128555555,-2.8658326082864436
-2.485544567,-2.8568061558471904
-2.130965126070403,-2.1423097891727725
-3.384105871011903,-3.266522663452599
-2.140387585211413,-2.064797279674765
-2.768614624,-2.8102749169499956
-2.665898297023808,-2.6664856056940884
-2.650735798214286,-2.5096087194667396
-2.484585409329004,-2.6091734644632787
-2.26299334037037,-2.221984325086957
-2.528076550939152,-2.6950538469630616
-2.961359405999999,-1.8412199357341135
-3.031186916416666,-2.872314541988176
-3.0277438465,-2.9773057260069278
-3.064883092000001,-2.480158639000301
-3.217807823333333,-2.456296712200348
-2.516327713,-2.424754646887471
-2.788499068,-2.4759545406912538
-2.536973467,-2.4039964070243567
-2.976089123999999,-2.616859044408774
-2.746980555793102,-2.6076523703245598
-2.127176590499999,-2.654834328673198
-2.9762325085,-2.5900679938174993
-2.455163073520407,-2.5557563298521124
-3.2388477625641032,-2.3243965529135506
-1.967244093333332,-2.4488910661266634
-2.486644476494708,-2.5514370917456257
-1.946543147440476,-2.089352840803008
-2.9806652965,-2.454907830310018
-2.539725121355818,-2.3892981474694217
-2.28442717532967,-2.058546152991077
-2.13753318775,-2.575209369735169
-2.798301488571428,-2.8715000942708286
-2.908011544090908,-2.5024159285304184
-2.313512528659004,-2.0499842165462394
-3.264355978222221,-2.9056893358083884
-2.535004902931034,-2.4491175123799707
-2.624542423407408,-2.414486264018842
-1.456945034285714,-1.4445824563496783
-1.834932342916666,-2.4158431042421693
-2.321442898998358,-2.370956019134056
-1.643474459583334,-1.7816968593913822
-1.985993528260188,-2.1398490136998563
-2.35602104042344,-2.4629705433828017
-1.729649354509804,-2.9100117032882027
-1.796778548039215,-2.6725251003849766
-2.503374487063219,-2.1414762782087062
-2.5153591067711423,-2.5169332212153854
-2.90852691,-2.489487766331146
-2.921278307000001,-2.439903658320351
-2.863966701637932,-3.0623534831208876
-2.400677752974999,-2.3016868432410353
-2.4758118202249992,-2.358021739381265
-2.417059763829366,-2.4906896734832356
-3.06318389525,-2.5578346263101603
-3.082815178499999,-2.7464704535669275
-3.029605672666668,-3.0094669370504112
-1.949403998944443,-2.515927120890377
-2.948251589,-2.549507761758508
-3.089476061499999,-2.9171500082463195
-2.568518454999998,-3.3203618729332276
-2.770024659387931,-2.741919503001958
-2.198747393293102,-2.536994303430288
-2.934650456725001,-2.982961586163011
-2.729330924225,-2.3244502281688146
-2.670369828793103,-2.587149246558182
-2.479769923500001,-2.5626847272985778
-2.745176341804598,-2.7592815859307294
-2.470723776931033,-2.6627132896149854
-2.8894737322250013,-2.844866299941016
-2.866097438304598,-2.86932651181587
-2.551532033431033,-2.449044334552535
-2.646220813293102,-2.7926578093899193
-2.491905383518101,-2.49964209856477
-2.254171829225,-2.7013327771689526
-2.908840125725,-2.8743166893064354
-2.9171231305000003,-2.6332953697884123
-2.289065352725,-2.5051408116440133
-2.857134713725001,-2.8124305722542293
-2.821527173975,-2.7687658667598405
-2.908048487225001,-3.112200984457609
-2.907371293891667,-2.8398675074801334
-2.258981318293102,-2.6486187582486407
-2.233422985666665,-2.3480129641433187
-2.850150069637931,-2.730050452742086
-2.816409505,-2.670027240177625
-2.502269565,-2.6825493013267208
-2.826572723804597,-2.8316709991070277
-2.720576961666666,-2.5558643022420156
-2.775029720474999,-2.7748530144785515
-2.472534827891666,-2.5547543643972817
-2.328046917724999,-3.0293363780033395
-1.9142296533045984,-2.701246481282598
-2.347311471137931,-2.2482758987681617
-2.893126229475,-2.864059501184035
-2.191172520637931,-2.458301021598381
-2.2242444991379298,-2.4583509648701765
-2.392013354975,-2.451316115668184
-2.673562475431033,-2.771270850436964
-2.86962836088793,-2.774195635482869
-2.8934589121379317,-2.9318126536489286
-2.902156748975,-2.8923847133291263
-2.85368200588793,-2.8987624073235874
-2.835596362304598,-2.8447204741739256
-2.87159690113793,-2.920756540149763
-2.817152151224999,-2.7693912398495693
-3.0818066255,-2.911071356424044
-2.924574945,-2.3737769045442763
-2.873693658141667,-2.82857247057326
-1.995080728808333,-2.3112619888817076
-2.622371057499999,-2.8903576112543448
-2.7854485645,-2.7921608189861957
-1.808668561428572,-1.6965567808900655
-0.6560413967965361,-1.0260741091085905
-1.711076903636365,-1.8942824451399178
-1.8559360234999984,-1.7763546826612397
-2.918131446217949,-2.815549871310813
-2.261390614852939,-2.016195119960014
-1.7097603472727272,-1.9981418015621701
-2.766933634285714,-2.8367262919709266
-2.561684609772726,-2.002729395466406
-1.993140348181818,-2.0881892212517674
-1.8863084309090912,-1.7523162759265234
-2.28143384151515,-2.5597473537493234
-2.944704858076923,-2.8682736193517324
-1.709974171818181,-2.0841253555981343
-2.87502678423077,-2.708633611911553
-2.368096415452371,-2.628869961133519
-3.664397379166666,-2.8235156141283224
-2.452776213863636,-2.2032504057476636
-2.383806170785705,-2.1876028083197876
-2.175592248333333,-2.059772153736705
-2.371722252499999,-2.274717352489998
-1.949501537777777,-2.038046309548318
-2.176394440416666,-2.792615422446499
-2.231618975416667,-1.9889927918634296
-2.786216263461538,-2.610795302277009
-2.757183219615384,-2.374079415421661
-2.548936966538462,-2.066531982880252
-3.182130389035088,-2.8061350980639195
-2.022755498846153,-2.2376454126930434
-2.054092540574712,-1.9896976890210079
-1.7288320035416662,-1.9068654904254287
-2.62765413311111,-2.367557814610837
-2.379088800555556,-2.4053151327248075
-2.164094584230768,-2.160810175140627
-1.867671493421052,-2.033199377003453
-2.078406794722221,-2.0556837321531667
-2.254597890833333,-2.496004582834843
-2.2839244916666672,-2.2838548533327945
-2.111626893888888,-2.0886330748161144
-2.356633354305555,-2.4727463071060494
-2.39106424625,-2.409471599822947
-2.180769027337163,-2.7013596255326764
-1.902841799861112,-2.462329713209991
-1.9497189025,-1.9360578467370035
-2.6670425503749997,-2.663531611784492
-2.205425817083333,-2.792540459089606
-2.506112064027777,-2.4835167153200457
-2.631129690804597,-2.5938004366563168
-2.494713035277778,-2.4348232676713097
-2.152997771020833,-2.379964736311212
-2.660793796020833,-2.6601051526982777
-2.425688540382206,-2.2029603086554403
-2.5753381615972213,-2.446058501778959
-2.626815781111111,-2.3346615797434365
-2.328499878472222,-2.4484518982185346
-1.205330088461539,-1.2157152124425445
-2.642080600902778,-2.6279068173603615
-2.6389536358333343,-2.655679149408324
-2.123529234583333,-2.295340330897964
-2.99070719425,-3.052570949830099
-2.972712194625,-2.613359532890024
-2.389250874827585,-2.4912864770741248
-1.895378828846153,-2.242261579967332
-1.909514548779841,-1.4490713605286298
-2.449730271040101,-2.1873673191949656
-2.40410607095238,-2.548075627477696
-1.687964050454545,-1.515966593920879
-2.615712876020833,-2.5192783705127892
-2.174364754888887,-2.2119226868833963
-2.484764637166667,-2.5475645382922205
-2.391675183994253,-2.3640614621553553
-2.577625835285713,-2.845612717355291
-1.789098480294117,-1.8590597605138897
-2.591754704906609,-2.743378259578091
-2.584572300694444,-2.547452174229197
-2.5531686968,-2.325405254220903
-2.819290158543103,-2.859055925210628
-2.645146009111111,-2.434973506496624
-2.154911379749999,-2.0078563684512134
-2.439466652820512,-2.4082888020280295
-1.98507320127451,-1.9637587374417955
-2.733762223666667,-2.67395675328668
-2.271665628563218,-2.0070886611064136
-2.455900816166667,-2.6978590384164365
-2.194766270063218,-2.0765729640148693
-2.318009224666666,-2.120161141016811
-2.028919469,-2.1441159340890237
-1.676746811586956,-1.9245146244997349
-1.278960019657142,-1.1272539345653196
-3.180109680439182,-2.270557530401571
-2.191449979666666,-1.8402259094119597
-2.144808082619047,-2.4863738283531625
-2.718723096833333,-2.4400948575762014
-2.783384799264706,-2.653015165019775
-2.743790955784312,-2.707717626121768
-2.7419752694117623,-2.7032635094128388
-2.4933879026470582,-2.4900613056319374
-2.735281426960783,-2.4263372698075676
-2.492457447058822,-2.497008684215142
-2.702185727941176,-2.4769388191472825
-2.076858201372548,-2.3435527189686782
-2.174916648676471,-2.3331448078839774
-2.858643893409091,-2.9841411985681656
-2.105263127156863,-2.248637462751308
-2.145831934092592,-2.26018039012256
-2.528283801407563,-2.4459953298350596
-2.48712215017024,-2.684832714976311
-1.916007115797102,-2.523909428375568
-2.584244107084548,-2.6457254197752453
-2.211837189416666,-2.713951399486346
-2.145264142842592,-2.4065876389446883
-2.434332988771929,-2.4238605406137324
-2.935252344899999,-2.84677404754285
-2.8197182021052623,-1.8004605548886345
-2.685976911842105,-1.9579707273516096
-1.847010564032258,-3.103453046679271
-2.8757239845,-3.1348300163860325
-2.209617046764706,-2.1766244788697877
-2.404837353430737,-2.4526895176958288
-2.750815691206896,-1.9084203024956004
-2.783019298793103,-2.727583313053934
-2.746736669827585,-2.9316807849313906
-2.012550225773148,-2.0031415013651936
-2.405288176611406,-2.542464507201476
-2.359663203533332,-2.4210797588182054
-2.588629187,-2.5379089547729996
-2.556634299733332,-2.545445292215618
-1.9707606386000007,-2.0649433056878466
-1.949895136599999,-1.9198062752981286
-2.555505676933334,-2.4268644612944716
-2.164877700021552,-2.1913732717184584
-2.465424308806817,-2.355247699473528
-1.869319161470587,-1.4259271448892552
-2.7370264375714277,-2.147874633701215
-2.29957594159043,-2.3725263731014867
-2.7072173973611102,-2.1127218164193273
-2.30208368290102,-2.294899729268157
-2.251534366312056,-2.1601165290568565
-1.840291658472221,-2.676894761697481
-1.711632980555556,-1.9381335630798255
-2.673524001413042,-2.579405999863299
-2.152346686041666,-1.9873558473283437
-2.312223147048371,-1.966679071595535
-1.104791237172132,-1.6362046915349069
-1.4698512266237531,-1.6463220585842093
-2.170842546171876,-2.179748010857808
-2.168318533851501,-2.141980560208687
-1.377719929166667,-1.8106366830627527
-1.047219747291667,-1.8647790926803256
-1.366247428437499,-1.6893504980167584
-1.443306155624999,-1.998349655658906
-2.284867542777778,-1.8673472336651256
-1.429497391718749,-1.5171988112805352
-2.283289912057823,-2.054637478853929
-1.6179980230000002,-2.3005844536698747
-2.723942009999999,-2.7722999148123213
-1.392491344666667,-1.8937313337205375
-2.668206807055554,-2.0169358918366185
-1.8252071458333328,-1.9002932299262776
-2.699499099722223,-2.525762090592562
-2.6656466278888877,-2.4248109229631725
-2.727587684833334,-1.80987204552045
-2.024374163333334,-1.7596173133126443
-2.9764097588518883,-2.8792489910515147
-1.4058890452857131,-1.8296294010186973
-1.4499855250775862,-1.155590664735313
-2.25726289067857,-2.273737150205705
-1.449070992327587,-1.1292063509956352
-2.699800307999999,-2.632093682635791
-1.473415271999999,-1.368103592452328
-1.945558769642857,-2.348248477521256
-0.7766083889062491,-1.0394531210250577
-1.814673069583331,-1.4969755711429857
-1.166759557499999,-1.2960549670181862
-1.629391631166666,-2.3230258714539262
-0.957926238776936,-0.950538585129276
-1.9366310149999992,-1.2871106461420787
-1.9445848871428544,-1.8410870643440573
-1.938034772797619,-1.6612618968931299
-1.84960027375,-1.4845602313126864
-0.990143166011992,-1.3843475787839268
-0.805227481999999,-0.9120703677235479
-1.65218316861111,-2.1831593685990835
-1.297030737083333,-1.8143577625420724
-1.897924064999999,-1.4448853736912606
-0.440797775749999,-0.7386033134602997
-1.16911616875,-1.725286245647476
-0.7228359908928591,-1.2121203234149487
-0.634293034880951,-0.8682716482218267
-0.5864483032291641,-1.0941568652005906
-0.59800247442857,-1.036836017721446
-0.8898162174999981,-0.9710660368576403
-1.028660310969826,-1.0983966763230903
-0.941752772068964,-1.1590335836852963
-0.675927773749999,-0.717640977079718
-0.331953381136363,-1.3963451631069763
-0.157123689558823,-0.8273126266392176
-0.062183859464286,-1.6243685932316951
-0.145418426979168,-1.3578831439861592
-1.059891513023255,-1.4462599072196998
-0.57318698131579,-1.1297600357075002
-0.485923666714286,-0.6940778939923526
-1.3381478864705891,-2.127466017166808
-2.001402373552631,-2.0387086637548517
-1.049852822777775,-1.0532398233522742
-1.417398167656249,-1.6904853567525202
-0.846672005354523,-0.9887318368296817
-0.6063728729479201,-1.3271900875868006
-2.7123131624999983,-2.4658387976899077
-0.7821896131392031,-0.9141094916610939
-0.9906951723163412,-0.942946141855624
-0.982757931657609,-0.9854789891892489
-0.9624453570312492,-0.9624111182169375
-0.9623385472395832,-0.9623759483540981
-0.962185640870535,-0.962160692809016
-0.9624897537139432,-0.9650583593451862
-0.9624981687276772,-0.9624288823130821
-0.962698349620534,-0.962508622251763
-0.962227519947916,-0.9622476636434739
-0.962668218281249,-0.9606139437112111
-0.9615223076562512,-0.9520013063664605
-0.96234980615625,-0.962349638245536
-0.9626265420880672,-1.0575703063339166
-0.9622242404687512,-0.9854868290074075
-0.96210786590625,-0.9620887211045251
-0.950153417596726,-0.9503891785689483
-0.961893837906249,-1.0567501319918169
-0.950067656763392,-0.9575818286990913
-0.9114680992633932,-1.0188556714961379
-0.9109926692633932,-1.5226503928488637
-0.9624634303348212,-1.039825286301401
-0.497663441813341,-1.1443650066077915
-1.063253166253255,-2.2385336285576587
-1.929540753137753,-1.1545881897958912
-1.908657817916665,-1.4812320317016998
-1.967549414464284,-1.3782000051204164
-1.956923562440475,-1.8101545423130259
-1.12113786877112,-1.12554009957741
-1.060207458174602,-1.05750891066822
-1.058057035841269,-1.1366333241199609
-0.5570410568290031,-1.1009182507267337
-1.267659303942527,-1.1620500840667929
-1.847556420420382,-1.5485965899379754
-0.6447761691156451,-1.2302695780443567
-0.919062430156248,-1.034257073456988
-0.601970757031249,-0.9744793164634133
-0.629615587291665,-0.8952611605684977
-0.251050591578947,-0.5684732101214295
-0.124434516607143,-1.5445546844158722
-1.076961660848216,-1.8511476194690974
-1.115347805133928,-1.4312939987842823
-0.992880099960936,-0.9392331431906101
-0.757721297752981,-1.1093245116030903
-1.127193869895833,-2.4655624972305077
-0.561067944889945,-1.5514967582833072
-1.136847983588539,-1.0505644023753842
-1.001582459347289,-1.0054827803939537
-1.001299568399014,-1.0669621004380287
-0.5754768811999991,-0.9281931173205019
-1.002539097192117,-1.1138596318590377
-1.069322186749999,-1.0222371889000244
-1.025126950234373,-0.9559358164080102
-0.972515505096072,-0.9852612640664138
-0.966142545208332,-1.0091298034738792
-0.961729200763888,-0.9666144684091365
-0.963753305208333,-1.0664046112375514
-0.917551441874999,-0.9119565814954025
-0.921465910208333,-0.8937700773838632
-0.9006355102083311,-0.9478330194965052
-0.8404508322916651,-0.7997690785766892
-1.232732893958333,-1.2599988994078857
-1.107187294166664,-0.7710840785719439
-0.829742180624997,-0.8157246269794168
-0.70068885892857,-1.4733163231858
-0.6501523090972351,-0.6561526127566536
-0.634484697083332,-0.6360231564945644
-0.8373537066666701,-0.8364244689311637
-0.6200756337500001,-0.6356262415476402
-0.634218371249999,-0.6351787178577875
-0.8198076375000051,-0.8296605321784469
-0.740132319791664,-0.7401585181793443
-0.83676490916667,-0.8368482097373228
-0.723326960624997,-0.7204319292527153
-0.8196873466666711,-0.8203151719746423
-0.288275896302086,-0.3515183832330179
-0.740266770624998,-0.7429045430797068
-0.7992934166666711,-0.7920784856581357
-0.279493332135411,-0.27929392434555494
-0.651023487083331,-0.6518109350045301
-0.650622618750001,-0.6517833875000015
-1.8437138328571407,-1.2053262031166638
-0.352359797812506,-0.4040747457416924
-0.367152636145836,-0.38384703938292936
-0.352221724479169,-0.423548427012005
-0.420104473229168,-0.4196571596603295
-0.367210986145839,-0.38907759542119963
-0.387340876145837,-0.3902301387035811
-0.442253374895836,-0.4230362760631839
-0.933777742986109,-0.946345726377026
-0.7477313080729141,-0.7723803142766587
-1.010590758166664,-0.9736938212987201
-0.823738019375007,-0.8237857030525421
-0.5133428854166671,-0.7279064702469141
-0.877137117708334,-0.8804321558513614
-0.942004078541666,-0.9257789334775073
-2.060545179210528,-2.2213837833066443
-0.858037869166662,-0.8435523456114106
-0.7785348014583341,-0.7588114450920914
-0.7613751056249991,-0.7601763349365933
-0.7100227383333501,-0.7061628320380591
-0.761394988958334,-0.7621091488790748
-0.778148308124999,-0.7763260038858685
-0.857762560833329,-0.8592540842980035
-0.840809760833328,-0.8029011461464358
-0.7623187422916661,-0.6383551243134473
-0.354625813802087,-0.37395801652233024
-0.356347097135421,-0.3604897254551659
-0.445730549062503,-0.4357434216779915
-1.028787831048386,-1.8136237596787788
-0.8826962018750011,-1.3735722047113277
-0.876131626874998,-1.1368597347566236
-0.8835800085416661,-1.1154514357396021
-0.843306107589284,-1.5229024896393708
-1.140345156666665,-1.3372629028133711
-0.7289454831250161,-0.7281494699366067
-0.7325418422916711,-1.2598656186530894
-1.292604697916666,-1.3676816067517223
-0.416558725482387,-0.6139682625415385
-1.016609358749999,-1.5767303286228755
-1.78375988642857,-1.2586475563746615
-0.8843155786111101,-2.4891874542070886
-1.60526750890625,-1.4457387605815477
-1.5839011539062322,-1.7696470600547338
-0.531011361458332,-0.9617432902844808
-1.582563287239565,-1.7660202258518922
-0.398226909609373,-1.070868478626451
-1.1922166877083331,-1.7784218243925751
-1.167115974464285,-0.9991526541789042
-0.830338955277776,-0.9238272864270857
-0.347393063281248,-1.0679394302818557
-0.88267131861111,-2.3618612175232485
-0.112988973298608,-1.4165398559263784
-1.304164604999999,-1.282524718598986
-2.261026764375,-1.2916571886164026
-2.240809981041666,-2.1876644717607174
-1.500729313183908,-1.8328084595130116
-0.83818765572857,-0.8887108912219309
-1.1090711564285711,-1.1540123960987878
-1.725559871874999,-1.6392813654719034
-1.725180789375,-1.7703743823155407
-1.801121410208332,-1.5041785907426892
-1.702203746041664,-1.5784155655934786
-1.850407739791665,-1.8668551912806428
-1.212026485714284,-0.9795635334813992
-1.34434975736111,-1.2588631961186647
-0.623689597239607,-0.6941849934481537
-1.59567004361111,-1.9538284836963036
-0.632859902812501,-0.9344541323011305
-1.138392086071427,-0.9574727693252563
-1.106043159642857,-0.8930894950213848
-1.101239030714284,-1.051540513264318
-1.109738711071428,-0.9315995217959288
-1.5784127148958351,-1.8380369970403274
-1.871221602812499,-1.6739194316869788
-1.884023039062499,-1.5648536894240967
-1.958406533749999,-1.4834262073615179
-1.345554992083332,-1.257208782094086
-1.436033395646551,-1.114905915971776
-1.5218820332916652,-1.4633745882549063
-0.4460697606746,-0.578891904292746
-0.827129019330869,-0.9989215110701641
-1.2642837243124991,-1.2075415982952558
-0.5585588987499971,-0.6211823545966402
-0.70224098595238,-0.9184885603789621
-1.859828576688218,-2.0039628571940535
-1.632068392857142,-1.934229403214858
-1.86774612627984,-2.5479692616368035
-0.202370627391304,-1.2597591234460577
-2.2969254753125,-1.9852782195455791
-2.023437850238095,-1.8631885735599516
-1.424111553924731,-1.9882569521487328
-1.984851546666666,-1.7903435863575339
-1.444932398920453,-1.8211272959502707
-1.892037640484913,-1.7605085318679297
-0.1858203622,-0.5772476810077847
-0.401774388785713,-0.6963899683778966
-2.300087497698412,-2.081536374662082
-2.283921263730158,-2.2328652034938936
-2.268548014444443,-2.302149439974143
-1.56695427861111,-2.295606721623413
-1.685296834411764,-1.7160449787930505
-2.016900431974998,-1.0201463718910275
-0.7070208604761911,-1.5011793994133011
-1.623960138445945,-2.0874518713247454
-0.8750415245000001,-1.4263318753199434
-0.3850210209375,-1.6278056787264492
-0.150157121354165,-0.9941734817259565
-1.249093776785713,-1.6455128662514866
-0.901641044809522,-0.9961803169419724
-0.322008147553661,-1.1838001319596716
-1.407019940499998,-0.8659270035251019
-1.365839721777777,-0.9196898766603947
-1.4406986949444431,-0.8073891139993874
-0.9977921768749992,-0.8639253792666889
-0.6907289724642851,-0.7947724531238617
-0.6649741893750001,-1.3934939918985498
-0.650443175991378,-0.7665075841474117
-0.8950080144583331,-0.9978827686972629
-0.835969439874999,-1.003578948287137
-0.8801543284913791,-0.7557152373010732
-0.843794971249999,-0.8542607427597927
-0.7876838114062531,-0.9252661451603735
-2.151978576428571,-1.9655201644055118
-1.761879871141975,-2.116321125835475
-1.634150834188596,-1.6694722260942925
-0.259151417949865,-0.5972147181104215
-1.001287381919642,-1.0335518453150736
-0.999781351681546,-1.0969133778038818
-1.070074541041667,-2.1109634710308387
-1.218905568534482,-0.997109928434549
-1.308857779999999,-0.8657609378266489
-0.244692978285076,-0.8145197553404392
-0.49954658142857,-0.9225344096207929
-1.426628589384467,-1.3468007678013552
-1.323273260530303,-1.401246656359083
-0.591569599946236,-0.9415631861147117
-1.7307985233871102,-1.9129125116125947
-1.319305894924243,-2.0169585119373514
-1.766453812733078,-1.8579101395088538
-0.6713005449074071,-1.2898186006696417
-1.654775573614033,-1.3977078454262144
-1.653754342210524,-1.3672932025118416
-0.940423624672412,-1.249729753504519
-0.570816937974999,-1.0981589727630756
-1.654672769929822,-1.382566638456355
-1.56637157375,-1.8590503389122404
-1.7535547827922051,-1.6052116888714076
-1.8012154540064662,-2.40917077028453
-0.564142797424242,-1.1905832014156341
-0.920144984583333,-0.768393014754395
-1.026826849464285,-1.516379067389399
-1.159218472499999,-2.1301006231001502
-1.017452068125,-0.9755999389591582
-1.679508841931817,-2.0616296437612944
-1.016831059374999,-1.719817748140045
-0.367511936329367,-0.6987162471689573
-1.220141967738095,-0.87348175659555
-0.9072318346071412,-0.9571970900303542
-1.520311703796295,-1.083859953585514
-0.6606458676388891,-0.5574018171966642
-1.572790915555555,-1.6109831580273022
-0.488263354642857,-1.0946659096733482
-1.930319004138889,-1.9170402689567947
-0.334771695921052,-1.994114530150789
-0.396640713823529,-2.377552598782228
-0.6317526160208331,-1.2865498938174682
-1.000889814000002,-0.9782351900735943
-0.279659680562502,-0.5856281000483674
-0.331928132562501,-0.5873954791725177
-1.338651716499998,-1.9409523255461691
-0.9931693569642852,-0.691242094376298
-1.6790832018541662,-1.4511316749999232
-0.404265913687493,-0.649907915602263
-1.803025003020832,-1.4248263389158833
-0.7909075052083331,-0.9456362885213198
-1.835694940601852,-2.0347779699716835
-1.891518465745614,-2.008097035886832
-1.747949736363637,-2.6646097767052828
-1.909450085204342,-2.2499529120838058
-2.28796901979885,-2.0489155559480996
-1.6077196255681812,-1.390333062335035
-0.543611483541666,-0.6747425385804207
-0.113987609548606,-0.8097952880043695
-0.031248214826386,-1.105326989214409
-0.55629623245533,-1.5520897606791615
-1.7662705945,-2.214302110074609
-2.196588894095394,-2.1553590669108873
-1.949275281822368,-2.603543092770356
-0.531450055028408,-1.056440389751802
-1.094728286875,-1.265029812710912
-0.6839663625000001,-0.7246882038295399
-0.947195010238094,-1.1524044052582054
-0.5932567766666671,-0.7148032597525465
-0.854614326406252,-0.9067231216381266
-0.7487085776562501,-0.9511409652998302
-0.916042127083332,-1.0391540398011927
-0.9082068291666652,-1.154271016106528
-1.105060973888888,-1.4328021331919314
-0.670336395937499,-0.7313317429036771
-1.032834377276785,-1.3358646807083956
-1.08431241392857,-1.2468246763997668
-0.5820723845833351,-0.9335206663028954
-0.5444094793750031,-0.9949135273510966
-1.028366944999999,-1.142369201145118
-0.94193883845238,-1.2905861312118239
-1.185465697166666,-1.0933769709287795
-0.370526280104167,-1.4972084230851532
-1.202930125166666,-1.2710283376870224
-1.214717166791666,-1.3912329432710222
-0.585859787499996,-0.773654708904854
-1.217575693666666,-1.12842422689737
-1.827770044,-2.1556414497008434
-0.894481041431034,-0.7335066966266899
-0.401380766176719,-1.2076781024832326
-0.308421774375001,-1.215049484694495
-1.864157290454545,-1.951583108953219
-2.2567278480555557,-2.1296141593164983
-1.663592407083333,-1.1527998912071544
-1.588883756931817,-2.6987171116228277
-1.14026821361111,-1.596780597216358
-1.972172902054597,-2.457444571210702
-0.7424126037499991,-0.9415417767753469
-0.6995956877380931,-1.3180302175291396
-0.7175818455665011,-0.9819176502431376
-1.83138708561111,-1.7554581308820838
-0.947229524931034,-0.9476763680235222
-0.901673334062499,-1.0940910130587578
-1.561313416388888,-1.6392289245980918
-0.944140757181034,-0.9976891907298552
-1.09849683186111,-1.1265200163600606
-1.90842676436111,-2.265231506173644
-1.188032185133228,-1.4739336102184761
-1.484182544557292,-1.899374890152988
-0.516163402056126,-0.9148354696262995
-2.37296680560606,-2.0978687417675586
-2.288881598333332,-2.2329898831961676
-0.7497269950648131,-1.007921227466992
-0.7881252050648131,-0.9984893453498515
-2.112946303799999,-2.0432488916810745
-1.75689634595238,-2.632305493394242
-1.7760132201470582,-2.4106637111098306
-1.7349324725000002,-2.554311754765949
-1.767313898088234,-2.5731162288156706
-1.000076191666666,-1.68859733841663
-1.011135983484848,-1.6064230405941988
-0.352255500173605,-0.7763039797435916
-0.7862124902083311,-1.051374027262255
-0.8494232676470581,-0.9226384176640868
-1.437881932466665,-0.9542330702785919
-1.04204040402941,-1.1646978780962614
-1.881148206778416,-1.8528059082233739
-1.054383732296917,-1.3884656367483514
-2.100616849271825,-2.4546621988963935
-0.460443932319821,-1.3328279971889843
-1.203441113046511,-1.0908122100524942
-1.207369747499999,-1.3275494819295166
-0.410641280606059,-0.5888262329577928
-0.310690605598959,-0.7491994889762355
-0.659070104783652,-1.0349566400173613
-1.045601473672686,-0.9637285368198899
-0.5558374123809511,-0.8154354732052768
-1.33693586215517,-1.4588277211951193
-1.812846898478262,-2.5731687824940064
-0.8110931738281241,-1.1827127639076336
-1.4501757820370371,-1.4540886511824005
-0.5275845406326211,-1.0237304209780815
-0.397310885208331,-1.015390894988178
-0.473969728541665,-0.8306491874717261
-0.38045513140625,-0.5423105149011377
-0.395923028906249,-0.6298206420883183
-0.443577061406251,-0.7178914307132377
-1.1419720379166671,-1.1170693621789103
-0.520482668541669,-0.6469863748354409
-1.543447148749999,-0.8222040638666976
-1.830269699583334,-2.600882836642991
-0.354657503647487,-0.8926321342281192
-1.315281167499999,-1.1042719548041198
-1.814302718636362,-1.5776524431868693
-1.271357127499998,-1.3016574618183578
-0.6541440259374981,-0.7407975705676628
-1.832290652083332,-2.5896905688208283
-0.722553672499998,-0.8067680197676279
-1.278933755499998,-0.9580085602835002
-1.741724530937499,-0.802899496338134
-0.910763241354166,-0.8592876194146094
-1.397594188499999,-0.9965710265525579
-1.834566469583332,-2.401817346110458
-1.639576360714284,-1.4113033698783397
-1.226818391499998,-1.0325251713139005
-1.484494309285713,-1.0127484381078555
-1.939172750454545,-2.2986983777378187
-1.897640833983333,-1.8419784543162485
-0.469528931979166,-1.007372554643826
-1.141194678928571,-0.9414881975012753
-0.8015104105937491,-0.8122831040859956
-2.481345934375,-1.7575970235157112
-2.493058701250001,-1.8111828587905843
-2.298124540852121,-2.2480351434129346
-2.554491282046183,-2.7992457873923686
-2.629134362754516,-2.7353668056761684
-2.361020088259227,-2.4451360578933627
-2.405738218593175,-2.5871519672431678
-2.464177938248563,-2.604347606779457
-2.405217212667121,-2.557408124905291
-2.47991912438078,-2.5817762817952605
-2.309283724816244,-2.6327109977723357
-2.459139544449235,-2.4698564356434525
-2.688086342933245,-2.6648509848714954
-0.408808843699999,-0.5115425368953739
-2.44417974831737,-2.4817639935450004
-2.469415457081281,-2.6068866443107295
-2.375723540248564,-2.5302981246011633
-2.480216109588123,-2.530588946605119
-1.2595916695833291,-1.030820917996763
-1.827984880441176,-2.1481371099002544
-1.077305547645833,-1.095925908106573
-0.667618185462966,-1.2101293980158636
-1.4544926424739582,-0.8549899076341296
-0.999439654062498,-1.1828502203615254
-1.4746262046666652,-0.8724342540743062
-1.475641081499998,-0.8680261147258331
-1.9137029766858231,-2.1462113147039696
-2.421923702818628,-2.2018766906212877
-2.6062888987571853,-2.599448567569905
-2.285050905167121,-2.357166252949651
-2.545940121614489,-2.4124111653272196
-2.718401294275285,-2.7432880227887697
-2.71110736823925,-2.3251041838224293
-2.7340600363455323,-2.5832242375514887
-2.212909369508797,-2.3735139912923957
-1.173501923461537,-1.1993594053807592
-1.190004422692307,-1.1689085786416185
-0.331556197333336,-0.9705128873596461
-1.138361627749998,-1.0976362653033107
-1.167141193749999,-0.8795958044385278
-1.135363671666664,-1.0425022969306001
-1.133203089499998,-1.0209001147158647
-2.142738871841737,-2.2222955611120763
-2.317703548456595,-2.233297494650158
-2.355783603647872,-2.3207335241077356
-2.273738399270702,-2.3383069274824666
-2.6522856786140903,-2.657697105457313
-2.260818433726702,-2.424018498051893
-2.7228034164054677,-2.6055233242993427
-2.681046920835085,-2.7514113263103654
-2.336117412046493,-2.3242371075654114
-2.457966215062728,-2.483878198949011
-2.518596178956076,-2.5565174171298826
-2.205791673343818,-2.3898954049312526
-2.590472354546494,-2.3904480971151525
-2.338183828734528,-2.333315869762417
-2.591635853264442,-2.5391770773314573
-2.133456121979885,-2.1931990092456024
-2.244175647003695,-2.4756056031890155
-2.816282981631963,-2.7644427128406615
-2.749941770956749,-2.760975140032121
-1.842010232027754,-1.3582474072662345
-0.7614059026470581,-1.2625036544943724
-2.39596486107427,-2.3805900843417263
-2.396797182281536,-2.3165589485237477
-2.413201366255895,-2.3874508591569144
-2.441772556106323,-2.3593199824100317
-2.555010455570858,-2.7864531385638758
-2.159592128837028,-2.1656045903979604
-1.54274134160714,-2.356763642418385
-0.315264235208336,-0.620870858385848
0.047318293500001,-1.7651643658000657
-0.192592425714287,-2.500257174145217
-1.981873241724138,-1.9766148135030266
-1.896232002413792,-2.023577647276322
-2.825153782000001,-2.661786786940659
-1.668205925666666,-3.0542437398996585
-3.184666606887761,-3.431283131137743
-3.062992296242529,-2.756488147722105
-3.03523816674253,-2.391048159187541
-3.200980261990259,-3.519522117386461
-3.071587857916669,-2.669673354833789
-2.964123697560344,-2.4946589434548185
-2.730564718776596,-2.3267805771984205
-2.986958873937498,-2.1596248494821166
-2.52611848025,-2.8634048207702913
-2.816698493666668,-2.0798572661213064
-2.818663723499999,-2.7344325583875615
-2.835500040781252,-2.6152515171937547
-2.596609753,-2.4887904649225656
-2.78490514163158,-2.6016664999815764
0.111792011785713,-0.9147621483478201
0.147267648214285,-2.094358635198697
-0.353606646805555,-0.8117866451776218
-0.137406406644737,-0.9986821168915868
