,A_Z,B_Z,X_Z,weighted_Z,delta_AB_Z,delta_AX_Z,delta_BX_Z,A_mass,B_mass,X_mass,weighted_mass,delta_AB_mass,delta_AX_mass,delta_BX_mass,A_X,B_X,X_X,weighted_X,delta_AB_X,delta_AX_X,delta_BX_X,A_row,B_row,X_row,weighted_row,delta_AB_row,delta_AX_row,delta_BX_row,A_group,B_group,X_group,weighted_group,delta_AB_group,delta_AX_group,delta_BX_group
4979,0.020101229,0.10864708,0.028479619,0.009535493,-0.011997362,0.09173658,-0.02888522,0.0025919138,0.019216215,0.02441691,-0.001897628,-0.005575745,0.004215059,-0.03941331,-0.032481056,0.037316233,0.0050775,0.04240856,0.004592699,-0.04371996,-0.043235704,-0.00022143294,0.0,0.0,-0.037916295,0.0038255835,0.10663797,-0.0019902524,-0.0035590795,0.11807834,-0.002817281,-0.025419792,0.02551873,-0.024713973,0.034789387
3071,-0.04509316,0.105924524,-0.14153604,-0.01842445,0.21241541,-0.0011983218,0.0459274,-0.0018845533,0.02223281,-0.13358085,0.009772722,0.05463855,0.0057220412,0.045667905,-0.04855582,0.04439568,0.022730397,0.010891163,0.14797129,-0.07139216,-0.012858384,-0.00024479584,0.0,0.0,-0.022056296,0.042066444,-0.037132766,0.0023023828,-0.004978842,-0.03236024,0.20106763,-0.026474169,-0.012570031,-0.009720758,-0.040520594
6218,0.0038631281,0.050859712,-0.202891,0.013047218,0.053875815,-0.040618654,-0.016932925,0.004674151,0.045611385,-0.20044687,0.021072974,0.00802272,-0.0025385271,0.017751543,-0.09184116,-0.035886396,0.026075495,0.030002518,0.015108892,-0.083319105,0.016351806,-0.00010572172,0.0,0.0,-0.012363536,-0.0024654733,-0.02127217,0.0060618734,0.08980242,0.11130925,-0.08025438,-0.052199055,-0.014741262,0.001403504,0.081181824
3875,-0.0330849,-0.106351815,0.03327812,0.034079645,0.010662841,-0.005582258,0.02021362,-0.0054525873,-0.014569899,0.028697442,-0.0059415195,-0.014670423,-0.0044819904,0.030278651,0.19047852,0.0252777,0.0023574797,0.019091047,0.012462913,0.07776985,0.023191093,-0.00024479584,0.0,0.0,-0.010598965,-0.012262107,-0.03173482,-0.0022737067,-0.021954576,-0.027296124,-0.0023630415,-0.06036486,-0.015504069,-0.008307024,-0.021766817
3866,-0.0330849,-0.106351815,0.03327812,0.034079645,0.010662841,-0.005582258,0.02021362,-0.0054525873,-0.014569899,0.028697442,-0.0059415195,-0.014670423,-0.0044819904,0.030278651,0.19047852,0.0252777,0.0023574797,0.019091047,0.012462913,0.07776985,0.023191093,-0.00024479584,0.0,0.0,-0.010598965,-0.012262107,-0.03173482,-0.0022737067,-0.021954576,-0.027296124,-0.0023630415,-0.06036486,-0.015504069,-0.008307024,-0.021766817
233,0.0010499582,0.0273918,0.039715633,-0.0108084595,0.026252953,-0.0031774254,0.016751407,0.0006211896,-0.009220241,0.032780543,0.024069043,-0.0058101504,-0.028077098,-0.011608771,0.1546994,0.003779219,0.0041101174,-0.022693994,-0.056548383,0.0729537,-0.09951286,-0.0010863129,0.0,0.0,-0.016419405,-0.005439541,0.041534472,0.0016003016,-0.01952604,-0.07192421,-0.007850035,-0.06751475,-0.027787797,-0.022006134,-0.018037476
1554,-0.008832513,0.00911343,0.037958845,-0.044343367,0.018627133,-0.0019567418,-0.006981538,-0.020300278,0.017498344,0.03006929,-0.009135162,0.023043433,-0.0014234101,0.005616401,0.19119756,0.11093761,0.0026044827,-0.01743391,-0.057171304,0.27261248,0.12972663,-0.0009231125,0.0,0.0,-0.051940903,-0.0068705208,-0.010946382,0.003485198,-0.04748628,-0.08335394,-0.004759619,0.0066758697,-0.01661428,0.0013334622,-0.020726606
4466,-0.025425972,0.09886415,0.03426809,0.02688038,-0.035294455,0.0022886824,-0.017944481,-0.001684867,0.021773763,0.028382909,0.05762099,0.047441166,-0.004101263,-0.024825906,0.18983611,0.086798236,0.0023308601,0.028478744,0.05594584,0.08214706,0.123253666,-0.00024479584,0.0,0.0,-0.017305115,-0.024420438,-0.020886693,0.0020189288,-0.008707362,-0.0014901157,-0.0068223914,-0.054320026,-0.011498512,-0.004107891,-0.021308832
2596,0.06994109,-0.1268705,0.026511738,-0.09302928,-0.09775325,-0.023467654,0.016500339,-0.0054525873,-0.018604971,0.015643423,-0.0402575,-0.03148269,-0.0015359167,0.028059212,-0.05343916,0.016838746,0.0027808966,-0.02195072,-0.062148146,-0.031023847,0.009658306,0.010971305,0.0,0.0,0.005557645,-0.019633215,-0.030914111,-0.0019902524,-0.023000427,-0.07797058,-0.0023630415,-0.059105024,-0.014807788,-0.0022926158,-0.03625995
3551,-0.012577136,-0.061061192,0.03631586,-0.07716759,0.012475811,-0.00012679826,-0.00858454,-0.0054525873,0.016136136,0.028697442,-0.06576705,-0.020289153,-0.0039620437,-0.0026683463,0.18297748,0.05717099,0.0018044538,-0.039958876,0.029844314,0.08479117,0.10901669,-0.00024479584,0.0,0.0,0.009455503,-0.009048303,-0.022537926,0.003485198,-0.033738915,-0.07492805,-0.0068137906,-0.005896537,-0.014363819,-0.008177171,-0.029931936
2252,0.1029417,-0.14518812,0.029211227,-0.014930731,-0.036094747,-0.015361609,0.0077117514,-0.0054525873,-0.01933667,0.015643423,-0.010977054,-0.004372502,-0.0013626688,0.013158504,-0.049127307,0.042221796,0.002911794,0.062184755,0.02363529,-0.03248057,-0.03614561,0.010971305,0.0,0.0,0.0050157565,-0.019678574,-0.027033152,-0.0019902524,-0.020882688,-0.115348935,-0.0023630415,-0.039520953,-0.02812412,0.010657145,-0.040047485
5935,-0.00050266966,0.07421139,0.030959457,0.006626686,0.18857123,-0.007861103,0.017576423,-0.0016759378,-0.020060409,0.02102739,0.0046622055,0.06675938,0.0018598716,-0.077651404,-0.09838458,-0.102111116,0.0023337316,0.07945712,-0.02487897,-0.06673475,-0.055337127,-0.00024479584,0.0,0.0,-0.031675544,-0.017317992,-0.046699837,0.002299177,0.016883967,0.078748316,-0.00041759916,-0.018546248,0.038153924,0.0014494162,0.033434335
239,0.022663211,-0.072033435,0.03297136,0.006541689,-0.014267445,0.0049023884,0.01902719,0.006988223,-0.018826043,0.032760914,0.014915638,0.017630607,-0.031662542,0.03751145,0.1618634,0.04121474,0.0047306344,0.03137369,0.03225336,0.08226383,0.0141728325,-0.00022143294,0.0,0.0,-0.023657536,0.014361815,0.068310104,-0.0022737067,-0.01073046,-0.035552017,-0.0026140488,-0.058375653,-0.011468053,-0.016930332,-0.025406042
5678,0.06078665,0.0960635,0.028479619,-0.0019661975,-0.013154223,0.036257688,-0.028538838,0.019811194,0.019216215,0.02099505,-0.017502608,-0.009050119,0.04702935,-0.03941331,-0.0045439806,0.040341906,0.005206747,-0.01735172,0.0064911162,-0.034990642,-0.04695403,-0.00022143294,0.0,0.0,-0.042303916,0.0038255835,0.10663797,-0.0019902524,-0.0035590795,0.1181109,-0.0026875301,-0.023053981,0.018321063,-0.025119236,0.035288036
4698,-0.021004457,0.0996703,0.03850354,0.021410108,-0.03200419,0.0003757021,-0.022750424,0.0071762092,0.029914455,0.028382909,0.05373501,0.057015233,-0.003003474,-0.019751057,0.17778476,0.038094245,0.0027375724,-0.025730947,-0.062823124,0.07907308,-0.02883314,-0.0010863129,0.0,0.0,-0.018037628,-0.024015406,-0.021103678,0.0020189288,-0.019375252,-0.053966068,-0.0030578582,0.0015367381,-0.017127201,0.0035682286,-0.019699184
3433,0.029814033,0.0215752,0.026229028,0.0077699516,-0.0042553963,0.0039626677,-0.007060274,0.014378244,0.024219723,0.016995503,-0.006536808,0.01089934,-0.016463403,0.0018341221,-0.11045148,0.06439374,0.018596372,0.09402606,-0.13516456,-0.14676157,0.0754811,-0.00011481758,0.0,0.0,-0.03285611,0.005205662,-0.050071485,0.00077964773,-0.09685939,0.1358282,-0.015722979,0.05896983,-0.055092778,0.028437419,0.059664328
3615,-0.0330849,-0.106351815,0.03327812,0.034079645,0.010662841,-0.005582258,0.02021362,-0.0054525873,-0.014569899,0.028697442,-0.0059415195,-0.014670423,-0.0044819904,0.030278651,0.19047852,0.0252777,0.0023574797,0.019091047,0.012462913,0.07776985,0.023191093,-0.00024479584,0.0,0.0,-0.010598965,-0.012262107,-0.03173482,-0.0022737067,-0.021954576,-0.027296124,-0.0023630415,-0.06036486,-0.015504069,-0.008307024,-0.021766817
5689,-0.007293507,0.09798492,-0.2419406,-0.050946448,-0.044389576,-0.011686985,-0.038305297,0.0019995547,0.0010003513,-0.19536677,-0.09313775,-0.0018039709,-0.0015887164,-0.031413335,-0.208245,-0.0012170684,-0.0069153095,-0.064736366,-0.059097443,-0.10802671,0.010488161,-0.00027801792,0.0,0.0,-0.0013408493,-0.0074632345,-0.028801473,0.0024003496,-0.07062753,-0.040954147,0.00023896838,-0.01729541,-0.03801711,-0.028134862,-0.03810549
1426,0.050615303,0.10969709,-0.24874349,-0.024868336,0.04131957,-0.057908215,0.015345211,0.020869922,0.011352852,-0.17306358,-0.09236882,0.01234585,0.05792822,-0.05538527,-0.032890387,0.058103647,-0.028648753,-0.0573916,0.034470737,-0.1054338,-0.0038727107,-0.00024479584,0.0,0.0,-0.0041810255,-0.003534903,0.09000609,0.0023023828,-0.0075985724,0.07534046,-0.0021938316,-0.023595612,0.01720318,0.0023719491,0.06186486
2692,0.06994109,-0.1268705,0.026511738,-0.09302928,-0.09775325,-0.023467654,0.016500339,-0.0054525873,-0.018604971,0.015643423,-0.0402575,-0.03148269,-0.0015359167,0.028059212,-0.05343916,0.016838746,0.0027808966,-0.02195072,-0.062148146,-0.031023847,0.009658306,0.010971305,0.0,0.0,0.005557645,-0.019633215,-0.030914111,-0.0019902524,-0.023000427,-0.07797058,-0.0023630415,-0.059105024,-0.014807788,-0.0022926158,-0.03625995
4368,-0.032790113,0.041328505,0.032297894,0.020903224,-0.080957815,-0.0071521387,-0.030643307,-0.001684867,-0.009653346,0.028382909,-0.0112195965,-0.017007122,-0.004312553,-0.027279306,0.19326955,0.029028654,0.0019719885,-0.017561233,0.022134013,0.07834702,-0.007676904,-0.00024479584,0.0,0.0,-0.020285562,-0.024469666,-0.032904174,0.0020189288,-0.007332415,-0.08003869,-0.0024363925,-0.06127431,-0.029110141,-0.004516711,-0.023153491
1181,0.07101805,-0.07236094,0.03516042,0.0071849707,0.054436594,0.029060088,0.027649662,0.02624364,-0.01526744,0.02378768,-0.011808401,0.022999778,0.055007536,0.039188094,-0.015065478,0.031813975,0.0045340885,0.002566462,0.05224067,0.0103708785,0.038803626,-0.00022143294,0.0,0.0,-0.026302697,0.0032400335,0.114597976,-0.0019902524,-0.00021327089,-0.018162543,-0.0024842978,0.022170905,-0.012372782,-0.019667171,-0.031220524
2446,0.06994109,-0.1268705,0.026511738,-0.09302928,-0.09775325,-0.023467654,0.016500339,-0.0054525873,-0.018604971,0.015643423,-0.0402575,-0.03148269,-0.0015359167,0.028059212,-0.05343916,0.016838746,0.0027808966,-0.02195072,-0.062148146,-0.031023847,0.009658306,0.010971305,0.0,0.0,0.005557645,-0.019633215,-0.030914111,-0.0019902524,-0.023000427,-0.07797058,-0.0023630415,-0.059105024,-0.014807788,-0.0022926158,-0.03625995
1934,-0.041193455,0.15075988,0.10522269,0.0034147121,0.003112121,0.0069194487,-0.009267476,-0.0273395,0.034415293,0.12256221,-0.018004358,0.010676919,0.0053599104,-0.034504846,0.24459925,0.14431965,0.0026378208,0.17866357,0.09768872,-0.041302588,0.015480667,-0.00024479584,0.0,0.0,0.3679667,-0.0032431115,0.054805145,0.0024343496,-0.016399806,0.23763485,0.013672903,0.16378167,0.092392266,0.031953674,0.11654231
3011,-0.057645045,0.00033644072,-0.25691172,-0.002328884,-0.037958525,-0.013566937,-0.0014243955,-0.011484844,0.0036487319,-0.054456316,-0.018273488,-0.088396095,-9.729844e-05,-0.025084723,-0.07637424,0.045039188,0.04249053,0.008343416,-0.11012107,-0.074768595,0.012820489,-0.0010863129,0.0,0.0,0.0030320324,-0.046698418,-0.023199422,0.00077964773,-0.026639262,-0.0769979,-0.05432116,0.11567214,-0.03544131,0.01142056,-0.0037952163
1446,0.026460158,-0.06823778,-0.20257068,-0.019735076,-0.0049536787,0.0100529,-0.040197715,0.029177587,-0.12854443,-0.068511546,-0.08541985,0.024657734,-0.031724248,-0.02779687,-0.04631597,-0.23513249,0.017532052,0.012945787,0.026645726,-0.060533307,0.038678773,-0.00022143294,0.0,0.0,0.009609777,0.00041837234,-0.044789273,0.00077964773,-0.019060863,-0.17643546,-0.07562016,0.013711844,-0.0044357977,-0.014430927,0.032655086
1992,0.015487174,0.09017818,0.028479619,0.009616276,-0.012168253,0.00628276,-0.029158987,0.00038018657,0.019216215,0.02099505,-0.00024391571,-0.005575745,-0.023052156,-0.038378716,-0.035926115,0.03720863,0.0052237515,-0.02309568,0.0073990757,-0.082008235,-0.0447791,-0.00022143294,0.0,0.0,-0.04091921,0.006220207,0.10663797,-0.0019902524,-0.0035590795,0.11807834,-0.002817281,-0.025298871,0.02551873,-0.025138905,0.034789387
756,-0.0015955282,-0.09803333,0.029433502,0.032798406,0.010129164,0.008499224,0.02193289,-0.008153484,-0.014887315,0.018854186,0.03984045,-0.018518502,-0.0003018279,0.033186797,-0.021482944,0.029056855,0.0025922046,0.024398185,0.018317893,-0.028077928,0.010786199,-0.00024479584,0.0,0.0,-0.025742596,-0.005370613,-0.044082746,-0.0019902524,-0.0151872635,-0.023814471,-0.0020936546,-0.060837056,-0.008881539,-0.018865606,-0.029436706
4343,-0.0009201837,0.049194816,-0.030799612,-0.0035766982,-0.050977655,0.011425581,-0.009074688,0.004190824,0.016730564,-0.10365223,-0.03671049,0.029756444,-0.0006194904,-0.0015086088,0.18115695,0.17436203,0.066307776,0.14928578,0.05883785,-0.08433351,0.05747419,-0.00024479584,0.0,0.0,0.021661453,-0.01680417,-0.010087157,0.003485198,0.038162638,-0.033458974,0.041620817,-0.050598193,-0.0229614,0.03953117,-0.059814908
5064,0.007385276,-0.020371232,-0.05638619,0.0004486529,-0.0026407344,0.01813636,0.0947876,0.0032739127,-0.009143671,-0.10387059,-0.05175471,0.017771916,0.031189924,0.012226027,-0.23629239,-0.033056285,0.1343898,0.08164713,0.046292767,-0.095765665,0.12762208,-0.00010572172,0.0,0.0,-0.022320993,0.0024686991,0.016802216,0.0046503837,0.07284054,0.08136898,-0.042393554,0.015716393,0.003145134,0.08334917,0.047719784
1115,0.008838537,-0.006317417,-0.2469313,-0.0013111462,-0.011060288,-0.018101964,-0.0034154758,-0.005136466,-0.011383677,-0.20260742,-0.007128122,-0.010077073,0.0021259163,0.007513109,-0.20373394,-0.012225112,-0.035791323,-0.07072898,0.049748622,-0.09662802,-0.025857188,-0.00012908461,0.0,0.0,-0.032951854,-0.0026508763,-0.03237109,0.0046935715,0.079302736,0.08142443,-0.07889431,-0.020086326,-0.0134598045,0.017181942,0.03123299
2683,0.1511648,0.054890558,0.03843312,0.06771619,0.010796178,-0.0072544557,-0.02532525,-0.013148412,0.0054065674,0.02018152,0.08313466,0.005175805,0.005163164,0.010546582,-0.0175496,-0.04056701,0.0024799833,0.040726822,0.053239584,-0.035781782,0.032732595,0.010971305,0.0,0.0,-0.0272714,0.083402194,-0.026160777,0.0027178037,-0.0046452563,0.14438571,-0.0019352152,0.001755765,0.01809287,-0.004834539,0.047545627
1221,0.08560319,0.16341737,0.054536704,0.022198977,0.037253145,0.09458479,-0.0009931375,0.053727802,0.043802783,0.031115409,-0.018337369,0.040147625,0.0338332,-0.03352767,-0.014081942,0.09522298,0.0051257913,0.07868713,0.21650408,0.038196865,0.063362524,-0.00024479584,0.0,0.0,-0.028352812,-0.0014075788,0.13008675,0.0018837561,0.0048473817,-0.0257271,-0.0014776113,-0.025697488,0.015995469,-0.023337979,-0.029746333
4717,-0.011334949,0.016920967,0.041084446,0.013483003,0.013411412,-0.0025180336,0.029519198,-0.0019423952,-0.014114663,0.02794884,0.0005472811,0.035047937,-0.0057058153,-0.002515263,0.17438565,0.022947703,0.0015624388,-0.027207943,-0.0134026855,0.10092211,-0.008041249,-0.0010863129,0.0,0.0,-0.020824721,0.044092536,-0.019285524,0.0016003016,-0.014340911,-0.041183293,-0.0073437886,0.0036895864,-0.0006699943,0.0029090983,-0.014962928
5605,0.052285302,0.076459296,0.033223353,-0.013693345,-0.0063938713,0.048386443,-0.025462361,0.012558741,0.020661756,0.02441691,-0.010132815,0.021029808,0.008883119,-0.03550317,-0.14156595,0.024548406,0.00445145,-0.023833679,-0.022890095,-0.08410869,-0.039171726,-0.0009231125,0.0,0.0,-0.0434676,0.0032489724,0.106666185,-0.0019902524,-0.077400655,0.1181109,-0.0025434834,-0.028809227,-0.025763523,-0.039029058,0.03573708
511,-0.27648023,0.1359909,0.03891087,-0.025886983,0.013523966,0.034869127,-0.02375999,-0.026516184,0.01607776,0.030810684,-0.07817472,-0.019931596,-0.016827244,-0.056848314,-0.26511762,-0.023376603,0.005177752,0.029239789,-0.0065634474,-0.09928864,0.063471735,-0.00010572172,0.0,0.0,-0.03269598,-0.0027144924,0.13132964,-0.040298283,0.07901987,-0.06635487,-0.0013553044,-0.003678743,-0.0046380186,0.03997541,-0.03718417
5705,0.0056337016,0.027212067,-0.2005707,-0.006261848,-0.0038551127,0.00516063,-0.030581458,0.0012269537,0.0015101308,-0.17413235,-0.0076221265,0.0063317055,-0.017160362,-0.009969726,-0.18479851,-0.056216232,-0.022943223,-0.05789029,-0.07044387,-0.100885466,0.013026193,-0.00011481758,0.0,0.0,-0.0025781896,-0.0019044555,-0.05258276,-0.0033585548,0.10216406,-0.072578035,0.0010704359,-0.011377047,-0.00065868715,0.03847519,-0.039927833
3131,-0.03170147,0.08407704,0.03752153,0.021080934,0.0073235985,-0.0082182465,-0.030891107,-0.03263268,0.0089633735,0.022905279,0.042620838,-0.047697693,-0.022789722,-0.028673723,-0.12649244,0.028090307,0.0024697585,-0.016886922,-0.13812993,-0.0903118,-0.022824518,-0.0010863129,0.0,0.0,-0.036394045,-0.004830639,-0.04734831,-0.0019902524,-0.16473672,0.12658238,-0.0021528401,-0.024380587,-0.03405652,-0.04824798,0.03457428
1047,0.01550596,0.10502975,0.03353607,0.018776726,0.06712031,0.0057651093,-0.034578916,0.00044098214,0.020709189,0.03867167,0.017845264,0.0124695,-0.022936277,-0.031792425,0.2740489,0.071967766,0.0047735404,0.042248115,-0.005502849,0.5300117,-0.018134963,-0.00022143294,0.0,0.0,-0.03710066,0.050078012,0.059135426,-0.0022737067,-0.0021633215,0.254046,-0.0024688183,0.0049938685,0.077663966,-0.0068462975,0.030241717
37,0.013145422,-0.01873354,-0.077287756,0.02667464,0.035940856,0.005889059,-0.015474063,0.02118481,-0.004761697,0.030971223,0.024470417,0.011080859,0.005402389,0.0011104086,-0.089650854,0.037104968,8.033763e-06,0.25642034,0.014746533,-0.078465626,-0.039033953,-0.00010572172,0.0,0.0,-0.048816632,0.008314182,-0.051257003,7.1267255e-05,0.069829255,0.11879155,0.009129147,0.029568555,-0.026045829,-0.010401777,0.057119727
960,-0.06087023,0.10079689,-0.12917745,-0.042372875,-0.019435367,-0.0039526303,-0.059781916,-0.013318162,-0.012958936,-0.09298193,-0.08526788,0.0030777215,-0.00039511148,-0.013143891,-0.21855733,-0.13836935,0.11722781,0.10226789,-0.079534754,-0.07775296,0.041654658,-0.00027801792,0.0,0.0,-0.014320387,-0.03376083,-0.007905171,-0.0005886548,-0.13041958,0.07224155,-0.014737547,0.08835084,-0.0650471,0.0415752,-0.044615757
1483,0.0020627372,0.017061075,-0.21656807,-0.008310366,-0.0041468483,0.0052594184,0.009436059,0.003236454,0.009370771,-0.17409912,0.00841771,0.0071352525,-0.015514509,0.013738584,-0.20252933,-0.022273488,-0.028533846,-0.06541241,-0.084993176,-0.08950304,0.007191221,-0.00011481758,0.0,0.0,-0.031582072,5.567995e-05,-0.04088078,0.003768652,0.12076917,0.09618232,0.0002598511,0.046844106,-0.016278563,0.032900758,0.04578698
4003,-0.025885168,0.06778679,0.03204382,0.023577224,0.009746851,0.013556294,-0.005871635,-0.027719231,0.029736897,0.014551572,0.03672927,0.017815463,-0.0019284408,0.015858,-0.08646569,0.08833238,0.05642146,0.25443903,-0.06984377,-0.08157175,0.032045305,-0.0010863129,0.0,0.0,-0.031435438,0.0050868737,-0.04754711,0.00077964773,-0.03119415,0.14070551,0.008353239,0.12592156,0.037333228,0.040896647,0.062124263
101,0.012129374,0.08876717,-0.16160533,-0.052221537,-0.05471022,-0.004495749,-0.016485857,0.0019447999,0.005115372,-0.116856985,-0.06750567,-0.005484836,0.00014959616,-0.039704263,-0.20079346,-0.05641347,0.14643966,0.040047698,-0.038174074,-0.07033286,0.20851791,-0.00027801792,0.0,0.0,-0.006675219,-0.007692474,-0.027984358,-0.0005886548,-0.13200788,-0.052766167,-0.020447634,0.08280285,-2.668154e-05,0.044362694,0.03520173
1199,0.038173836,-0.06078736,-0.14941065,0.0068620597,-0.00875567,-0.03796162,0.010065198,0.030493297,-0.08294338,-0.13992341,-0.015414145,0.015591141,0.046999577,0.04465485,-0.026325913,-0.13982448,-0.019965436,-0.04280067,0.029893672,-0.068859525,0.030065747,-0.00022143294,0.0,0.0,0.023916213,0.0032894968,0.09798319,0.003768652,-0.008165063,-0.16512018,-3.6446436e-06,0.07840692,0.009624618,-0.016593816,-0.038000137
6602,0.009835289,0.00087337964,0.038064044,3.3866963e-06,-0.01076974,-0.0022381614,-0.039001938,0.0031119767,-0.012326131,0.02366162,-0.032165647,0.013611916,-0.011451168,-0.0066611497,-0.13299885,-0.0238459,0.0022238316,0.04603662,-0.07074609,-0.072241925,-0.059793264,-0.00027801792,0.0,0.0,-0.058085732,-0.0019141571,-0.04734831,0.0023023828,0.097131155,0.120795,-0.0019291051,-0.017435469,-0.012089594,0.02876251,0.04206085
3715,-0.025425972,0.09886415,0.03426809,0.02688038,-0.035294455,0.0022886824,-0.017944481,-0.001684867,0.021773763,0.028382909,0.05762099,0.047441166,-0.004101263,-0.024825906,0.18983611,0.086798236,0.0023308601,0.028478744,0.05594584,0.08214706,0.123253666,-0.00024479584,0.0,0.0,-0.017305115,-0.024420438,-0.020886693,0.0020189288,-0.008707362,-0.0014901157,-0.0068223914,-0.054320026,-0.011498512,-0.004107891,-0.021308832
2582,-0.043887515,-0.18970627,-0.005454204,0.023250585,0.0060247034,0.006841366,-0.10710385,-0.034682784,-0.011420008,-0.018557915,0.005130054,-0.038041737,-0.019407557,-0.08926404,-0.08872591,-0.079238735,0.04056347,0.05310346,-0.06002828,-0.15537238,0.025989687,-0.0010863129,0.0,0.0,-0.025743708,0.0013548301,-0.05167806,-0.0015748314,-0.03202773,-0.12874067,-0.011635599,0.11108485,-0.032508135,0.021376608,0.03443866
6654,-0.0035120093,0.08196929,0.040577985,-0.04418667,-0.024949146,0.006829106,-0.016130341,0.0028621973,-0.033216905,0.02178498,0.0049048793,0.009841727,-0.005197104,-0.05192369,-0.13548839,-0.09244451,0.0025351045,0.050792716,0.0193103,-0.07663148,-0.074627,-0.00012908461,0.0,0.0,-0.04392122,-0.021019833,-0.050084222,0.002299177,0.06548884,0.08393414,0.0009972588,0.072206646,-0.0029488958,0.027373318,0.03566858
5436,0.01849254,0.09915583,0.029225104,0.028235927,0.012925567,0.005403319,-0.031243827,0.0006165713,0.019176172,0.02070794,0.038178258,0.010454161,-0.021519832,-0.03378858,-0.0045126122,0.053198196,0.004774902,0.032709196,0.02590736,-0.034949932,-0.020872677,-0.00022143294,0.0,0.0,-0.040126022,-0.001400029,0.10710855,-0.0022737067,-0.005975324,0.122552946,-0.001809873,0.0618868,0.070069864,-0.015871823,0.03726435
3790,-0.024486607,0.014580875,0.041479826,0.037209354,-0.018163538,-0.002315883,-0.013849535,-0.0019423952,-0.013351221,0.02794884,0.035595547,-0.011779641,-0.0057058153,0.026999108,0.17308356,0.022947703,0.0015624388,-0.02725063,-0.0106383,0.0844027,-0.009028506,-0.0010863129,0.0,0.0,-0.0208978,0.04394942,-0.019285524,0.0016003016,-0.014340911,-0.0400352,-0.007329641,0.005806718,-0.007716353,0.0035682286,-0.02032238
1536,0.00022183143,0.089759916,-0.19494316,-0.0024394616,-0.028518748,-0.008112872,-0.046238728,-0.005179578,-0.004589854,-0.1442451,-0.02675071,-0.019140104,-0.006321646,0.008877577,0.14803813,0.068413384,-0.02883988,-0.06367067,0.06299664,-0.055082005,-0.0077722804,-0.00024479584,0.0,0.0,0.01570067,-0.017584482,-0.030280394,0.0020189288,0.022492459,-0.06566339,-0.0052572098,0.01181572,-0.012627661,0.0002462867,-0.046947308
4296,-0.02049724,0.09336578,0.038960923,0.026999487,-0.034497082,0.00029044785,-0.017910782,-0.002042854,0.022494547,0.028382909,0.055836428,0.045693453,-0.003920154,-0.02346583,0.19063416,0.07085086,0.0019240853,-0.034326337,-0.061678067,0.08129,0.12450105,-0.0010863129,0.0,0.0,-0.017205538,-0.024420438,-0.026044296,0.0020189288,-0.01542321,-0.0469291,-0.00706638,0.0028768838,-0.006190477,0.0043681907,-0.019699184
6938,0.0076877982,0.028578239,0.038984347,-0.004743727,-0.0068944828,0.0115084285,-0.02010488,0.0036878067,-0.0318557,0.022727754,-0.023727896,0.011788415,-0.009253072,-0.0129173165,-0.12999012,-0.10434904,0.0023351468,0.03737383,-0.0036836644,-0.076204024,-0.073143646,-0.00012908461,0.0,0.0,-0.048147142,-0.0028719078,-0.04731742,0.0027178037,0.07268432,0.11177333,-0.0005021572,-0.006602383,-0.0052886265,0.022929639,0.04279663
5354,0.026424391,-0.07851391,0.029562458,0.026918335,-1.4349557e-05,0.004657341,0.019893182,0.0070272707,-0.02068451,0.020191276,0.03182241,0.004586309,-0.024420602,0.030532068,-0.01787687,0.023303488,0.0047306344,0.0018100283,0.016453987,-0.02938667,0.006865235,-0.00022143294,0.0,0.0,-0.0283655,-0.0019855793,0.11504034,-0.0022737067,-0.010938173,-0.020378606,-0.00160627,-0.06485711,-0.008674696,-0.017332427,-0.030100498
3404,-0.02049724,0.09336578,0.038960923,0.026999487,-0.034497082,0.00029044785,-0.017910782,-0.002042854,0.022494547,0.028382909,0.055836428,0.045693453,-0.003920154,-0.02346583,0.19063416,0.07085086,0.0019240853,-0.034326337,-0.061678067,0.08129,0.12450105,-0.0010863129,0.0,0.0,-0.017205538,-0.024420438,-0.026044296,0.0020189288,-0.01542321,-0.0469291,-0.00706638,0.0028768838,-0.006190477,0.0043681907,-0.019699184
3038,-0.045352515,-0.09753907,0.03459046,0.037340995,-0.0007882427,-0.008092336,0.022202276,-0.0055423114,-0.011977567,0.02212382,-0.029424792,-0.013709785,-0.0037013227,0.032035023,-0.10339351,0.017234474,0.0018961732,-0.004718978,-0.084774055,-0.031068223,0.014009305,-0.0010863129,0.0,0.0,-0.013429275,-0.0072194887,-0.05067723,-0.0019902524,-0.040981956,-0.021208318,-0.0024518452,-0.070158795,-0.010570197,-0.04211633,-0.026632512
2138,0.09844933,-0.19788106,0.0040910034,0.03982977,-0.005729229,-0.015442016,-0.10156261,-0.008082147,-0.08037903,0.0074776285,-0.0029594502,0.016337026,-0.0016421849,-0.084287286,-0.046599742,-0.16024923,0.002993406,0.022980092,-0.0828015,-0.03043148,-0.059121538,0.010971305,0.0,0.0,-0.013727243,-0.016363427,-0.027033152,-0.0019902524,-0.014628798,-0.29044127,-0.002451864,-0.015254298,0.029966898,0.0018143033,-0.0854736
2684,0.089606,-0.066234805,0.031013895,-0.091227084,-0.037435625,-0.016677106,0.015215103,-0.0054525873,-0.018604971,0.015643423,-0.0074473405,-0.03461526,-0.0030899337,0.022727622,-0.047442567,0.08112362,0.0022278703,0.08634518,0.00684091,-0.0450332,0.10723655,0.010971305,0.0,0.0,0.008506111,-0.019633215,-0.025251808,-0.0019902524,-0.02900994,-0.09943071,-0.0068223914,0.050339613,-0.004652083,-0.003288312,-0.03586886
3989,-0.012577136,-0.061061192,0.03631586,-0.07716759,0.012475811,-0.00012679826,-0.00858454,-0.0054525873,0.016136136,0.028697442,-0.06576705,-0.020289153,-0.0039620437,-0.0026683463,0.18297748,0.05717099,0.0018044538,-0.039958876,0.029844314,0.08479117,0.10901669,-0.00024479584,0.0,0.0,0.009455503,-0.009048303,-0.022537926,0.003485198,-0.033738915,-0.07492805,-0.0068137906,-0.005896537,-0.014363819,-0.008177171,-0.029931936
2985,-0.045352515,-0.09753907,0.03459046,0.037340995,-0.0007882427,-0.008092336,0.022202276,-0.0055423114,-0.011977567,0.02212382,-0.029424792,-0.013709785,-0.0037013227,0.032035023,-0.10339351,0.017234474,0.0018961732,-0.004718978,-0.084774055,-0.031068223,0.014009305,-0.0010863129,0.0,0.0,-0.013429275,-0.0072194887,-0.05067723,-0.0019902524,-0.040981956,-0.021208318,-0.0024518452,-0.070158795,-0.010570197,-0.04211633,-0.026632512
3414,0.038596265,-0.028356377,0.0055942633,0.022392223,-0.04500197,0.005939818,-0.016532686,0.021106193,0.0136372335,0.020544501,0.02102685,0.014814824,-0.0055135014,0.002705546,-0.08146882,-0.20214134,0.048152678,0.06549766,-0.099526435,-0.13154772,-0.013682942,-0.00011481758,0.0,0.0,-0.05084365,0.00054843625,-0.0438337,7.1267255e-05,0.08220661,0.12887824,-0.022489015,0.05108395,-0.009095354,0.09787349,0.05869845
3915,-0.034725785,0.10149812,0.030535035,0.023627603,-0.09443821,-0.008851379,-0.029552124,-0.001118592,0.026426181,0.02918395,-0.0022307942,-0.012690621,-0.0047444133,-0.031172462,0.20906207,0.050372146,0.0022272225,-0.0053989664,-0.0059611453,0.05842377,-0.019632509,-0.00024479584,0.0,0.0,-0.023962097,-0.011508361,-0.02969405,-0.0022737067,-0.017262608,0.14119214,-0.0033357993,-0.018066693,0.050882034,-0.012548682,0.029451752
538,-0.14617266,0.092777595,-0.17605262,-0.01992187,-0.007489537,0.020999469,-0.012247165,0.0010353136,0.014994359,-0.19729483,-0.109081134,-0.0024498068,0.03725706,0.005609135,-0.23946257,-0.014665123,0.015949672,-0.0245191,-0.01000841,-0.1145394,-0.005466064,-0.00010572172,0.0,0.0,-0.010116257,-0.0038311393,-0.06284451,0.0061646495,0.06534445,-0.039539322,0.24685849,-0.02605603,-0.0026741715,0.039642114,-0.046257813
2083,0.029398728,0.049433045,-0.22082031,-0.0068153865,0.008402553,0.011296684,-0.032287493,0.0013219039,0.019129846,-0.082726955,0.008972602,0.027318595,-0.032158855,0.033650845,-0.0010513542,-0.044094443,0.024374893,0.05058067,0.097797066,-0.052183535,0.024598695,-0.00022143294,0.0,0.0,0.0004746996,-0.0055593774,-0.043097097,0.0060618734,-0.02466954,0.10556927,-0.053893972,0.08285966,0.054705054,-0.024879694,0.09326707
3805,-0.027280893,-0.11683812,0.022759527,0.031000882,0.020268558,-0.008232533,0.0024585843,-0.0054525873,-0.015082935,0.022554912,0.0066651646,-0.009902653,-0.0050106957,0.017921714,0.18938355,0.033164695,0.0022159563,0.017132333,0.021687344,0.074690595,0.0039943727,-0.00024479584,0.0,0.0,-0.0117871165,-0.012312071,-0.032904174,-0.0022737067,-0.021954576,-0.13253488,-0.0023630415,-0.03617383,-0.032808762,-0.011080904,-0.07567293
6765,0.014767584,-0.098276146,0.02480627,0.028314842,0.002148187,0.0037929313,0.0033524155,0.008447814,-0.017666323,0.016401991,0.057136476,0.0154507635,-0.008172534,0.028435407,-0.11041067,-0.072483994,0.0021628393,0.040089928,0.026691493,-0.059403904,-0.043362826,-0.00011481758,0.0,0.0,-0.04365836,-0.0014776853,-0.050527547,-0.0019902524,0.12817413,-0.14243491,-0.0015722195,-0.02361727,0.06570703,0.04182219,-0.07185274
457,0.00039870274,0.08478804,0.041889716,-0.00063515623,0.0023137736,-0.000783183,-0.016671224,0.0009791772,0.018743651,0.032760914,0.009393177,0.01894604,-0.025027556,-0.025940368,0.17043619,0.06533401,0.004497197,-0.038067248,0.036847353,0.076491855,0.08407407,-0.00022143294,0.0,0.0,-0.015017229,-0.0050506783,0.053904053,0.0020189288,-0.0061194138,-0.058166526,-0.007319279,-0.0633217,-0.017199235,-0.017280791,-0.022374177
1789,-0.003562912,0.034720138,0.04323413,0.009115901,-0.0548184,-0.0026458045,-0.018927578,-0.004743751,0.0016794456,0.029320685,-0.0138624385,-0.013137079,-0.0055642906,0.021978855,0.19297719,0.022151351,0.0019054023,-0.026745796,-0.052440275,0.25067753,-0.029184906,-0.0010863129,0.0,0.0,-0.015693665,-0.02766006,-0.014450083,0.0016003016,-0.012811365,-0.0821814,-0.0073437886,0.0056944126,-0.012778365,0.0043020174,-0.020473775
50,-0.007889236,-0.019407785,-0.19537185,-0.0016951605,-0.016919596,-0.04469799,-0.01818592,-0.0044104406,-0.036424685,-0.15727378,0.0012030655,-0.0065264404,-0.0043065045,-0.025955658,-0.09190324,-0.037950348,-0.027685981,-0.056751948,-0.012691176,-0.09351952,-0.01901687,-0.00027801792,0.0,0.0,-0.036655214,-0.04560829,-0.021224506,-0.0019902524,0.12670934,0.11041487,-0.00026581774,0.03617188,-0.014955266,0.012633909,0.04701317
177,0.016167475,-0.12205205,0.033487797,0.004447738,-0.008517348,0.006028714,0.009120513,0.006988223,-0.02038997,0.032760914,0.014662212,0.003549206,-0.023202559,0.010485861,0.16536224,0.0416239,0.004789069,0.008114321,0.02151771,0.079441324,-0.04310874,-0.00022143294,0.0,0.0,-0.02477063,0.014361815,0.06714074,-0.0022737067,-0.010010688,-0.0836081,-0.002614419,-0.041684587,-0.0141618615,-0.0057059904,-0.02845461
6554,0.02688078,0.036405902,0.042221457,0.011985096,0.016398977,0.012613812,-0.02733421,0.014457332,0.0004285394,0.029775135,0.01782528,-0.008649631,-0.006730535,-0.033386935,-0.09938706,-0.020780917,0.0026240994,0.02849596,-0.016293045,-0.073945306,0.06715601,-0.00012908461,0.0,0.0,-0.039324842,-0.0036993264,-0.06177181,0.0023023828,0.06528002,-0.088948034,-0.0005021572,-0.023397518,0.053347457,0.03725609,-0.031977132
6018,-0.00031271874,-0.09883454,0.021471215,0.026382705,0.0036615273,0.0059667956,0.021212729,-0.005184324,-0.012918333,0.014596313,0.04384914,-0.015951507,0.0040947064,0.06325386,-0.11405996,-0.06286829,0.002640338,0.039723814,0.037892178,-0.0605367,-0.054616142,-0.00024479584,0.0,0.0,-0.025299884,-0.0054771523,-0.04989557,-0.0019902524,-0.0068953214,-0.12137566,-0.0014372361,0.051335424,-0.02881821,-0.0013084249,-0.06661167
585,-0.0091437185,0.09756243,0.037529115,0.031813443,-0.0316931,0.0029893108,-0.016126083,-0.004743751,0.018020585,0.018854186,0.044760253,-0.006922362,-0.00081226486,-0.025581226,-0.019300891,0.048884094,0.0020045387,-0.04627039,-0.09978534,-0.028720234,0.10143073,-0.0010863129,0.0,0.0,-0.025416793,-0.0040091914,-0.03839222,0.0023023828,-0.021121418,-0.070655845,-0.007157075,-0.057495467,-0.017573353,-0.022373963,-0.026953973
1894,-0.0071021314,0.11210351,0.039646506,0.025361443,-0.029886551,-0.002678778,-0.02623544,-0.0010317136,0.018400371,0.03006929,0.041909996,0.01009764,-0.0034894815,-0.025319103,0.20010738,0.040987916,0.0027241143,-0.025878515,-0.05381421,0.2687058,-0.028181862,-0.0010863129,0.0,0.0,-0.016531765,-0.008611115,-0.014480973,0.0020189288,-0.015402004,-0.09525487,-0.0050141,0.0016714516,-0.018265333,-0.0041940194,-0.019850578
6659,0.03033585,0.068541035,0.12337183,0.027982693,0.0006320522,0.006499535,-0.014837726,0.017973684,0.04877636,0.075641245,0.0069638398,-0.005362912,0.0003908444,0.018899133,-0.06827176,0.034740962,-0.0024385913,-0.06252586,0.11022352,-0.0566597,0.07611568,-0.00010572172,0.0,0.0,0.1029928,0.0036188054,-0.04616031,7.1267255e-05,0.1738484,0.13420221,0.007332057,0.022255125,0.003930366,0.013201292,0.07649207
4407,-0.034725785,0.10149812,0.030535035,0.023627603,-0.09443821,-0.008851379,-0.029552124,-0.001118592,0.026426181,0.02918395,-0.0022307942,-0.012690621,-0.0047444133,-0.031172462,0.20906207,0.050372146,0.0022272225,-0.0053989664,-0.0059611453,0.05842377,-0.019632509,-0.00024479584,0.0,0.0,-0.023962097,-0.011508361,-0.02969405,-0.0022737067,-0.017262608,0.14119214,-0.0033357993,-0.018066693,0.050882034,-0.012548682,0.029451752
1916,-0.009624799,-0.11215828,-0.15028912,0.020749124,-0.0061759287,-0.007431071,-0.008070304,-0.004791076,-0.021637965,-0.14332196,0.03082571,-0.01595449,-0.0025327597,-0.040586103,0.14505246,0.033440467,-0.026042514,-0.054900978,0.03455208,-0.03589179,-0.018567877,-0.00024479584,0.0,0.0,-0.018723777,-0.004533771,-0.031047853,0.003485198,0.018639805,-0.09815905,-0.000856189,-0.034111407,-0.03846474,-0.008127568,-0.052609235
5015,0.033254497,0.06820379,0.04816752,0.0033798967,0.025734087,0.0053173504,-0.027488377,0.008854353,-0.008242678,0.044086285,0.012684748,0.031162772,-0.020970946,-0.009781678,0.19923493,-0.06663067,0.00496937,0.019775515,0.18663411,0.3164137,0.055647973,-0.00024479584,0.0,0.0,-0.030835336,-0.0071970127,0.06610652,0.0024343496,0.003305017,0.19691704,-0.0014081772,-0.00599861,0.039136562,-0.0071928343,0.048497573
5003,0.02945412,0.074129075,0.048240125,0.0010457964,0.01995689,0.00468272,-0.03710988,0.009568137,0.006107644,0.036369685,0.010794338,-0.019584842,-0.018436605,-0.03640758,0.13016434,0.014802098,0.005051506,0.017540123,0.24795175,0.24908842,0.063375145,-0.00024479584,0.0,0.0,-0.023953462,-0.0061430302,0.07232709,0.0020189288,0.0032141292,-0.09721645,-0.00055932876,-0.031784546,-0.01904204,-0.00889027,-0.024166267
5033,0.06962721,0.012584492,-0.12767677,-0.0021459903,0.07397035,0.028157393,0.060028054,0.027813867,-0.0016026137,-0.08227054,-0.0750461,-0.038548913,-0.034350347,0.020119455,-0.25531596,-0.08194585,0.11356203,0.054927338,0.07170916,-0.08894369,0.039048932,-0.00010572172,0.0,0.0,-0.0046069417,0.058441583,-0.04747162,0.019233178,-0.068086065,0.08188363,-0.026610233,0.117616765,0.0636022,0.009386546,0.030374777
764,-0.0015955282,-0.09803333,0.029433502,0.032798406,0.010129164,0.008499224,0.02193289,-0.008153484,-0.014887315,0.018854186,0.03984045,-0.018518502,-0.0003018279,0.033186797,-0.021482944,0.029056855,0.0025922046,0.024398185,0.018317893,-0.028077928,0.010786199,-0.00024479584,0.0,0.0,-0.025742596,-0.005370613,-0.044082746,-0.0019902524,-0.0151872635,-0.023814471,-0.0020936546,-0.060837056,-0.008881539,-0.018865606,-0.029436706
3309,-0.0330849,-0.106351815,0.03327812,0.034079645,0.010662841,-0.005582258,0.02021362,-0.0054525873,-0.014569899,0.028697442,-0.0059415195,-0.014670423,-0.0044819904,0.030278651,0.19047852,0.0252777,0.0023574797,0.019091047,0.012462913,0.07776985,0.023191093,-0.00024479584,0.0,0.0,-0.010598965,-0.012262107,-0.03173482,-0.0022737067,-0.021954576,-0.027296124,-0.0023630415,-0.06036486,-0.015504069,-0.008307024,-0.021766817
2271,-0.19900867,-0.040875025,0.027778137,-0.02178471,0.0516026,-0.04037795,-0.00094693736,-0.034488484,-0.006357289,-0.0014688994,-0.023604814,-0.006412532,-0.01087,-0.00017805738,-0.31556416,-0.022320637,0.040375333,0.019873403,-0.054817535,-0.17515709,0.13175456,-0.00010572172,0.0,0.0,-0.058618102,-0.006933568,0.119127125,0.0037082797,0.06397754,0.09681907,-0.047195982,-0.061871458,-0.016190648,-0.07909099,0.022639418
734,-0.0015955282,-0.09803333,0.029433502,0.032798406,0.010129164,0.008499224,0.02193289,-0.008153484,-0.014887315,0.018854186,0.03984045,-0.018518502,-0.0003018279,0.033186797,-0.021482944,0.029056855,0.0025922046,0.024398185,0.018317893,-0.028077928,0.010786199,-0.00024479584,0.0,0.0,-0.025742596,-0.005370613,-0.044082746,-0.0019902524,-0.0151872635,-0.023814471,-0.0020936546,-0.060837056,-0.008881539,-0.018865606,-0.029436706
1197,0.057173572,0.108284436,0.042625748,0.011758856,0.03719167,0.04321145,-0.02202438,0.055661026,0.06805401,0.032668654,-0.011274261,0.04583919,0.0055945185,0.037296228,-0.030470487,-0.037523616,0.0067056087,0.049697712,0.007518459,0.0038859977,0.066167235,-0.00022143294,0.0,0.0,-0.019571053,0.07178518,0.083696514,0.0016405669,-0.01950873,0.11867508,-0.0013442948,-0.0026010335,0.037145436,-0.021623235,0.05198384
3757,-0.02485614,-0.14415617,0.012828568,0.02955638,0.0065232962,-0.0086681815,0.0017934088,-0.0054525873,-0.015082935,0.020584386,0.0012396766,-0.016703969,-0.00480237,-0.06242565,0.19192794,-0.13207531,0.0022272225,0.04384547,-0.046960995,0.061275996,-0.035550736,-0.00024479584,0.0,0.0,-0.013372584,-0.012312071,-0.032904174,-0.0022737067,-0.015936308,-0.12551709,-0.002363412,-0.027051523,0.009028271,-0.0068266327,-0.06744737
3929,-0.034725785,0.10149812,0.030535035,0.023627603,-0.09443821,-0.008851379,-0.029552124,-0.001118592,0.026426181,0.02918395,-0.0022307942,-0.012690621,-0.0047444133,-0.031172462,0.20906207,0.050372146,0.0022272225,-0.0053989664,-0.0059611453,0.05842377,-0.019632509,-0.00024479584,0.0,0.0,-0.023962097,-0.011508361,-0.02969405,-0.0022737067,-0.017262608,0.14119214,-0.0033357993,-0.018066693,0.050882034,-0.012548682,0.029451752
576,-0.0015955282,-0.09803333,0.029433502,0.032798406,0.010129164,0.008499224,0.02193289,-0.008153484,-0.014887315,0.018854186,0.03984045,-0.018518502,-0.0003018279,0.033186797,-0.021482944,0.029056855,0.0025922046,0.024398185,0.018317893,-0.028077928,0.010786199,-0.00024479584,0.0,0.0,-0.025742596,-0.005370613,-0.044082746,-0.0019902524,-0.0151872635,-0.023814471,-0.0020936546,-0.060837056,-0.008881539,-0.018865606,-0.029436706
1961,0.010416595,-0.08423922,0.01564819,0.011429189,-0.015135684,0.006128456,0.002818215,0.006988223,-0.021157503,0.014223291,0.012355391,-0.0063173836,-0.023202559,0.009654132,-0.024554025,0.011582265,0.0050775,0.028303895,0.00017136964,-0.06629654,-0.021661123,-0.00022143294,0.0,0.0,-0.026615055,0.003026479,0.1134004,-0.0019902524,-0.0030808398,-0.123169035,-0.0026140488,-0.030394308,-0.03227312,-0.018493114,-0.0808
2227,0.06994109,-0.1268705,0.026511738,-0.09302928,-0.09775325,-0.023467654,0.016500339,-0.0054525873,-0.018604971,0.015643423,-0.0402575,-0.03148269,-0.0015359167,0.028059212,-0.05343916,0.016838746,0.0027808966,-0.02195072,-0.062148146,-0.031023847,0.009658306,0.010971305,0.0,0.0,0.005557645,-0.019633215,-0.030914111,-0.0019902524,-0.023000427,-0.07797058,-0.0023630415,-0.059105024,-0.014807788,-0.0022926158,-0.03625995
6968,0.021902561,-0.092580006,-0.1865064,0.012365977,-0.0068865283,0.008660127,-0.0027332136,0.005656717,-0.019005591,-0.17080444,0.019759465,0.008693895,-0.0058797314,-0.036017656,-0.08035297,-0.056069236,-0.029306578,-0.055382323,0.018697986,-0.08974651,0.00087968766,-0.00022143294,0.0,0.0,-0.019984396,-0.0038040667,-0.045331128,0.003768652,-0.011536559,-0.074969284,4.306296e-05,-0.029168667,-0.0017746607,0.0012080115,-0.05061571
3742,-0.02825552,-0.0064498223,0.037139222,-0.008700373,0.044637457,-0.007849942,-0.010691769,-0.0048863124,0.02275876,0.029039562,-0.0058489577,-0.021940704,-0.004969832,0.009289426,0.20545444,0.08427103,0.002107591,0.050000355,0.09050653,0.06294848,0.015944013,-0.00024479584,0.0,0.0,0.0710339,-0.008428655,-0.024916569,0.003485198,-0.03410024,0.21708888,-0.0022995071,0.089326575,0.07274683,-0.00945005,0.107094616
2298,-0.04406502,-0.18542098,-0.006220714,0.0310625,0.008993738,0.0040016803,-0.10278554,-0.0343248,-0.011420008,-0.01309145,0.002322466,-0.018504333,-0.01814325,-0.088125914,-0.09617885,-0.12468721,0.040674724,0.039551392,0.045207255,-0.15457787,0.025796933,-0.00024479584,0.0,0.0,-0.027574461,5.406022e-06,-0.05170628,-0.0015748314,-0.018895142,-0.12856025,-0.016798533,0.038336605,-0.03197749,0.024855431,0.03968328
6981,0.023746544,-0.07611116,0.03483768,0.0305947,0.016941763,0.0037786602,0.027014747,0.009638444,-0.015307483,0.023613136,0.039923828,0.034345742,-0.020870037,0.033209823,-0.07628553,0.03165998,0.0042081294,0.08245272,-0.002788047,-0.008271546,0.047355946,-0.0009231125,0.0,0.0,-0.025942408,-0.0022035562,0.115068555,-0.0019902524,-0.017740006,-0.018265327,-0.0016654558,0.009212938,-0.007898813,0.009370632,-0.028396921
2650,0.13193071,-0.009565962,0.033538397,0.10706152,0.019688733,-0.013816567,0.04024155,-0.0054525873,0.016269846,0.024151798,0.066242605,0.018721769,-0.0027494743,0.0075313854,0.012011053,0.06308303,0.0022278703,0.11143717,0.0017105225,0.012524926,0.16054477,0.010971305,0.0,0.0,0.3725095,-0.0060932375,-0.01042216,0.003768652,-0.033115923,-0.06450673,-0.006331535,0.06794566,-0.013553311,-0.022154694,-0.030066501
2716,0.06994109,-0.1268705,0.026511738,-0.09302928,-0.09775325,-0.023467654,0.016500339,-0.0054525873,-0.018604971,0.015643423,-0.0402575,-0.03148269,-0.0015359167,0.028059212,-0.05343916,0.016838746,0.0027808966,-0.02195072,-0.062148146,-0.031023847,0.009658306,0.010971305,0.0,0.0,0.005557645,-0.019633215,-0.030914111,-0.0019902524,-0.023000427,-0.07797058,-0.0023630415,-0.059105024,-0.014807788,-0.0022926158,-0.03625995
2095,0.015813777,-0.1195793,0.028045094,0.009680719,-0.010453171,0.0065231747,0.011106968,0.006988223,-0.022208394,0.02036582,0.010023203,-0.005078834,-0.023318438,0.00855886,-0.02715008,0.022219243,0.005023794,0.009018387,0.006814018,-0.06609686,-0.059820805,-0.00022143294,0.0,0.0,-0.02960162,0.0032400335,0.1134004,-0.0019902524,-0.0078021577,-0.067649,-0.0026140488,-0.03707732,-0.008636916,-0.013030092,-0.032861367
6854,0.0044246167,-0.014860877,-0.21512416,-0.0144311525,-0.024482688,0.006690292,-0.019979892,0.002997374,-0.0164552,-0.17395899,0.00010631903,0.006165116,0.0019585837,-0.0120233465,-0.096283,-0.019720796,-0.027303861,-0.0395483,-0.07119206,-0.090319544,-0.00039438464,-0.00027801792,0.0,0.0,-0.03757541,-0.0017783197,-0.044241205,-0.0019902524,0.08194724,0.10436961,-0.0004786189,0.034592275,-0.016190192,0.027685631,0.047941357
6641,0.02840635,0.25576097,0.05682696,0.06797117,0.018806973,0.027265262,-0.0047072712,0.02118481,0.0913269,0.030403025,0.028594082,0.009272459,-0.0070144488,0.008390519,-0.09138612,-0.013355098,0.0015096923,0.07085972,0.040997334,-0.0458494,0.0698886,-0.00010572172,0.0,0.0,0.10806167,0.004580903,-0.041291457,0.0010400506,0.19659959,0.16678157,-0.0001398091,0.06082237,0.015120474,0.018952288,0.076362565
5503,0.027928507,-0.074394636,-0.14072675,0.0032566525,-0.016237978,0.0066563743,0.011130242,0.008473635,-0.085432224,-0.11454941,0.014186148,0.012669481,-0.0074133617,0.045211643,-0.0022932142,-0.13369517,-0.020182494,-0.041619293,-0.019336527,-0.03493165,0.028970417,-0.00022143294,0.0,0.0,-0.013643725,-0.0022476497,-0.045331128,0.003485198,-0.010102794,-0.17961529,0.00078638317,-0.008278583,0.011132286,-0.009928832,-0.04206706
2440,0.06994109,-0.1268705,0.026511738,-0.09302928,-0.09775325,-0.023467654,0.016500339,-0.0054525873,-0.018604971,0.015643423,-0.0402575,-0.03148269,-0.0015359167,0.028059212,-0.05343916,0.016838746,0.0027808966,-0.02195072,-0.062148146,-0.031023847,0.009658306,0.010971305,0.0,0.0,0.005557645,-0.019633215,-0.030914111,-0.0019902524,-0.023000427,-0.07797058,-0.0023630415,-0.059105024,-0.014807788,-0.0022926158,-0.03625995
3250,0.009562758,0.14144588,0.047085635,-0.0237409,-0.0028589035,0.009274607,0.013354898,0.01443088,0.0019964483,0.033858895,0.014483296,0.0034194873,-0.018560957,-0.04164368,-0.21761785,0.037065916,0.0033300451,0.073093586,-0.06707041,-0.08898061,0.072317354,-0.00027801792,0.0,0.0,-0.010210716,-0.0030156875,0.13330974,0.0005154531,-0.060279556,-0.039308053,-0.00068419747,-0.03942075,-0.032960776,-0.02020879,-0.03172903
6877,-0.028604722,0.041718576,-0.16507706,-0.013522657,-0.008079659,-0.0036466937,0.05891479,0.005001249,0.007429668,-0.13256851,-0.025801571,-0.031761568,0.0026248724,-0.0045127245,-0.3168052,-0.06263433,-0.0075752893,-0.10953879,-0.10110906,-0.18112545,0.036937643,0.012460268,0.0,0.0,-0.037932865,-0.0016399447,-0.009594544,0.0046935715,0.112812035,0.07513585,0.034765184,-0.030650057,-0.016052565,-0.007055046,0.03794915
3877,-0.0330849,-0.106351815,0.03327812,0.034079645,0.010662841,-0.005582258,0.02021362,-0.0054525873,-0.014569899,0.028697442,-0.0059415195,-0.014670423,-0.0044819904,0.030278651,0.19047852,0.0252777,0.0023574797,0.019091047,0.012462913,0.07776985,0.023191093,-0.00024479584,0.0,0.0,-0.010598965,-0.012262107,-0.03173482,-0.0022737067,-0.021954576,-0.027296124,-0.0023630415,-0.06036486,-0.015504069,-0.008307024,-0.021766817
4508,-0.011636437,-0.04589556,0.036667436,0.03568157,0.010770613,0.00039789878,0.021495977,-0.002098537,-0.013217855,0.028697442,-0.0077464134,0.00855364,-0.003864929,0.010645038,0.18048921,0.031004079,0.0026044827,-0.024835102,-0.0802216,0.066004954,0.010866326,-0.0010863129,0.0,0.0,-0.0074179047,-0.011865864,-0.021103678,-0.0022737067,-0.042797953,-0.053351387,-0.00725629,0.0010685535,-0.01778041,0.00010861503,-0.021603703
3206,-0.04041658,0.022619473,-0.19446869,0.0072046085,0.0011423904,-0.03333191,0.011727837,-0.034933046,0.016861798,-0.15715869,-0.005307393,-0.037147738,-0.0037202898,0.04848484,-0.098327756,0.033094108,-0.030183755,-0.044722073,-0.15188552,-0.09214996,-0.029594619,-0.0010863129,0.0,0.0,-0.02280633,-0.0015995705,-0.040555064,0.003768652,-0.16476,0.10893451,-0.00053312595,-0.018816387,-0.04103666,-0.029420976,0.028825838
245,0.0031076141,0.18979771,0.054808017,0.00764107,0.0061987266,-0.001716687,0.008594726,0.0093057025,0.03841667,0.03822823,-0.035447985,0.015140457,-0.03127348,-0.026997339,0.11737879,0.083403975,0.0047023743,0.06761302,0.12862892,0.13397774,0.051979426,-0.00024479584,0.0,0.0,-0.025560882,-0.004109948,0.06953418,0.0016003016,0.010499168,-0.033760365,-0.0015652112,-0.028474484,-0.004115962,-0.014923885,-0.021321032
1078,-0.021752242,0.029771997,-0.15498812,0.025201237,0.04887792,0.007246838,-0.017263845,-0.011403672,-0.000313417,-0.15947019,0.028685011,0.0112656765,0.0034400877,-0.033585407,-0.24219881,-0.11699283,-0.021912782,-0.05734646,-0.13421522,-0.069625534,-0.009115842,-0.00011481758,0.0,0.0,-0.017788589,-0.0018769936,-0.035118178,-0.0012970353,-0.14728804,0.08186113,0.0006540595,0.025283232,-0.01750889,-0.024840962,0.02116779
5429,-0.03292195,0.020377697,-0.07490423,0.015430757,8.837251e-06,-0.0076904935,-0.0101305805,-0.005937685,0.025141492,-0.0881442,-0.08141585,0.015307137,0.00040977533,-0.01494864,-0.07974424,-0.022668794,0.11743426,0.14993984,-0.05490628,-0.101429366,-0.003094939,-0.0010863129,0.0,0.0,-0.017325118,0.0045179236,-0.016193157,0.0060618734,-0.03699051,0.11854769,0.001024927,0.10143939,0.0005887436,0.0027482407,0.050993543
2183,0.06994109,-0.1268705,0.026511738,-0.09302928,-0.09775325,-0.023467654,0.016500339,-0.0054525873,-0.018604971,0.015643423,-0.0402575,-0.03148269,-0.0015359167,0.028059212,-0.05343916,0.016838746,0.0027808966,-0.02195072,-0.062148146,-0.031023847,0.009658306,0.010971305,0.0,0.0,0.005557645,-0.019633215,-0.030914111,-0.0019902524,-0.023000427,-0.07797058,-0.0023630415,-0.059105024,-0.014807788,-0.0022926158,-0.03625995
4213,-0.012577136,-0.061061192,0.03631586,-0.07716759,0.012475811,-0.00012679826,-0.00858454,-0.0054525873,0.016136136,0.028697442,-0.06576705,-0.020289153,-0.0039620437,-0.0026683463,0.18297748,0.05717099,0.0018044538,-0.039958876,0.029844314,0.08479117,0.10901669,-0.00024479584,0.0,0.0,0.009455503,-0.009048303,-0.022537926,0.003485198,-0.033738915,-0.07492805,-0.0068137906,-0.005896537,-0.014363819,-0.008177171,-0.029931936
2542,0.028460717,-0.03855867,0.031415064,0.0059626945,-0.00090409105,-0.012346111,-0.014855907,0.020729218,-0.014484597,-0.0016434423,0.014474643,-0.00028185442,-0.031630345,-0.0053109066,-0.2533965,-0.0032076514,0.040392336,-0.0007187058,0.005042161,-0.14726345,0.11698163,-0.00010572172,0.0,0.0,-0.062481746,-0.0019205364,0.12280667,-0.0006318423,0.079454444,0.09633423,-0.04697266,-0.049881887,-0.012944745,-0.082052164,0.054104343
6454,0.009835289,0.00087337964,0.038064044,3.3866963e-06,-0.01076974,-0.0022381614,-0.039001938,0.0031119767,-0.012326131,0.02366162,-0.032165647,0.013611916,-0.011451168,-0.0066611497,-0.13299885,-0.0238459,0.0022238316,0.04603662,-0.07074609,-0.072241925,-0.059793264,-0.00027801792,0.0,0.0,-0.058085732,-0.0019141571,-0.04734831,0.0023023828,0.097131155,0.120795,-0.0019291051,-0.017435469,-0.012089594,0.02876251,0.04206085
6803,0.040766597,0.03505001,0.086227976,0.024784504,0.027835257,0.008347233,-0.034542583,0.021464182,0.043483663,0.16615419,-0.006742585,0.0022141524,-0.0040579485,0.055554114,0.0010954174,0.018127019,-0.00359178,-0.060896147,0.031433392,-0.026278159,0.07838007,-0.00010572172,0.0,0.0,0.5183891,0.003091806,0.073057964,0.00077964773,0.17546237,0.11832435,-0.008717008,0.10891397,0.007833481,0.19227245,0.070879236
408,-0.00066950143,0.083856836,0.039181784,-0.0018603395,-0.0008263051,0.0022960897,-0.02110467,-0.003936002,0.023275383,0.032760914,0.013888874,0.020669809,-0.026375856,-0.018652324,0.14473031,0.025717793,0.005310684,-0.02667308,-0.08050828,0.07872896,-0.06132017,-0.0009231125,0.0,0.0,-0.015849316,-0.0053876876,0.041503582,0.0020189288,-0.019075518,-0.05116572,-0.0052651074,-0.011406556,-0.01170662,-0.022786902,-0.021337384
6777,0.011182412,0.07102645,0.037933327,0.021733154,0.00065283274,0.0030778537,-0.027728273,0.003430278,0.009182889,0.02334695,0.03296198,-0.03559961,-0.008722983,-0.031762153,-0.13011898,-0.030126408,0.0021628393,0.027997844,-0.0038556715,-0.070787095,-0.06048297,-0.00027801792,0.0,0.0,-0.056071285,-0.00027413527,-0.04731742,-0.0019902524,0.09566541,0.133459,-0.0015722195,0.011897318,-0.0104989605,0.033867925,0.059141893
6596,0.013991636,-0.12964648,0.016693043,0.024103425,0.0028667168,0.0037929313,0.004296301,0.008347355,-0.017666323,0.012919886,0.04918977,0.014650142,-0.008047441,-0.072594754,-0.11041067,-0.10223918,0.0021628393,0.030163469,-0.041278843,-0.066364385,-0.048166014,-0.00011481758,0.0,0.0,-0.032769125,-0.0014776853,-0.050527547,-0.0019902524,0.12437885,-0.14243491,-0.0015722195,-0.01399055,0.069925636,0.04342171,-0.06992148
1888,-0.0071021314,0.11210351,0.039646506,0.025361443,-0.029886551,-0.002678778,-0.02623544,-0.0010317136,0.018400371,0.03006929,0.041909996,0.01009764,-0.0034894815,-0.025319103,0.20010738,0.040987916,0.0027241143,-0.025878515,-0.05381421,0.2687058,-0.028181862,-0.0010863129,0.0,0.0,-0.016531765,-0.008611115,-0.014480973,0.0020189288,-0.015402004,-0.09525487,-0.0050141,0.0016714516,-0.018265333,-0.0041940194,-0.019850578
1558,-0.008832513,0.00911343,0.037958845,-0.044343367,0.018627133,-0.0019567418,-0.006981538,-0.020300278,0.017498344,0.03006929,-0.009135162,0.023043433,-0.0014234101,0.005616401,0.19119756,0.11093761,0.0026044827,-0.01743391,-0.057171304,0.27261248,0.12972663,-0.0009231125,0.0,0.0,-0.051940903,-0.0068705208,-0.010946382,0.003485198,-0.04748628,-0.08335394,-0.004759619,0.0066758697,-0.01661428,0.0013334622,-0.020726606
5692,-0.0005072173,0.10445313,-0.19810428,-0.0143931955,-0.005386863,-0.01916147,0.042209733,0.0007604829,-0.00010524131,-0.16501254,-0.10199391,0.006923366,-0.016445193,-0.03061466,-0.20016016,-0.04886439,0.015949672,0.045021266,-0.08219552,-0.101282716,-0.004231711,-0.00027801792,0.0,0.0,-0.010888087,-0.0030091063,-0.06241443,0.00093408005,0.09134062,-0.035580877,0.17800747,-0.0057343445,-0.035852373,0.041847125,-0.044622373
6617,0.019948,0.037773326,0.04775284,0.15426245,0.06154271,0.022347305,-0.009135347,0.02118481,0.053843416,0.030403025,0.024352606,-0.001087803,-0.0074393284,0.014300533,-0.08020126,0.02569146,0.0023312278,0.046967782,0.007188379,-0.030214095,0.068632044,-0.00010572172,0.0,0.0,0.010538984,-0.0060467753,-0.05158778,0.00077964773,0.18280153,0.11855995,-9.48098e-06,0.19892444,-0.0069619925,0.023340987,0.035508275
2929,-0.04087742,0.004350937,-0.269613,0.001518638,-0.043908395,-0.015868321,-0.005123627,-0.007830885,-0.0046237167,-0.14009807,-0.013321213,-0.0047283834,0.0016704743,-0.020925548,-0.07692025,-0.16243836,-0.024021221,0.08948745,0.037107956,-0.0704338,0.01880822,-0.00024479584,0.0,0.0,0.0038020865,-0.014146603,-0.022964345,0.00077964773,-0.008471364,-0.18458338,-0.08078938,-0.0798531,0.025004504,-0.02306415,0.026323989
5214,-0.0055480367,0.02627445,-0.12779339,-0.013358303,-0.0034739973,-0.005561893,-0.017563175,0.004950254,-0.012207079,-0.17295021,0.012137558,0.021919854,-0.013377083,-0.009077309,-0.19775273,-0.026310155,0.024882771,0.040040888,0.020418352,-0.066194296,0.025336418,-0.00010572172,0.0,0.0,-0.028787661,0.003763669,-0.06195671,-0.00034006347,0.0913668,0.060485195,0.110660836,0.1898626,-0.013945417,0.017445408,0.026764171
2860,-0.045352515,-0.09753907,0.03459046,0.037340995,-0.0007882427,-0.008092336,0.022202276,-0.0055423114,-0.011977567,0.02212382,-0.029424792,-0.013709785,-0.0037013227,0.032035023,-0.10339351,0.017234474,0.0018961732,-0.004718978,-0.084774055,-0.031068223,0.014009305,-0.0010863129,0.0,0.0,-0.013429275,-0.0072194887,-0.05067723,-0.0019902524,-0.040981956,-0.021208318,-0.0024518452,-0.070158795,-0.010570197,-0.04211633,-0.026632512
2932,-0.050346848,-0.086452805,-0.118287936,0.019226082,0.0007764932,-0.02219438,0.00027940638,-0.004791076,-0.025385093,-0.12923473,0.03581261,-0.008446411,-0.039880596,-0.046122435,-0.0758738,-0.09708428,-0.024841825,-0.06105065,0.017689873,-0.06621191,-0.009288378,-0.00024479584,0.0,0.0,-0.022183767,-0.0062559037,-0.020163761,0.003768652,-0.014109168,-0.09542403,-0.0008680703,-0.02514174,-0.03727088,-0.01744607,-0.057425458
6579,0.010777454,-0.0020294692,0.03476267,0.04457607,-0.0069987383,0.0040661087,-0.03255802,0.009202324,0.0429086,0.022413082,-0.028673565,0.014615301,-0.009140897,-0.008172169,-0.112384625,-0.146294,0.0018501498,0.037575513,-0.08955716,-0.036942612,-0.08136602,-0.00011481758,0.0,0.0,0.015032653,-0.004663837,-0.040343516,0.00077964773,0.18217413,0.11959596,-0.0006909044,0.009266877,-0.0034993682,0.008171927,0.03121256
132,0.0010980006,0.044517387,0.039745647,-0.009571188,0.017465942,-0.0018593199,-0.017183548,0.0006211896,-0.0089855585,0.032780543,0.004183977,-0.029051624,-0.028077098,0.017656809,0.15400793,0.003779219,0.0041101174,-0.02204474,-0.04941507,0.07294485,-0.05795638,-0.0010863129,0.0,0.0,-0.016055029,-0.005439541,0.041534472,0.0016003016,-0.01952604,-0.055611927,-0.007580648,-0.061766814,-0.018629989,-0.021347003,-0.021268979
4823,-0.0034894133,0.08893217,0.03677354,0.021786159,-0.007942496,0.00092636625,-0.030834587,0.0027537504,0.016107801,0.02441691,0.035290428,0.0070640137,-0.02204511,-0.026198884,-0.11132883,0.02388802,0.005030896,0.03109721,-0.10314653,-0.08569878,-0.0315439,-0.00011481758,0.0,0.0,-0.039015897,-0.0013252522,0.107507735,-0.0019902524,-0.078553684,0.11732593,-0.0016796037,-0.027568111,-0.033744935,-0.039249614,0.033766694
1414,0.035476852,-0.06694896,0.034297317,-0.021997964,0.05395556,0.021051155,-0.04284113,-0.03649238,-0.0041370383,0.02378768,0.009448623,0.01535591,0.023881342,0.007830515,-0.06832327,0.038363826,0.0050401543,0.05154437,-0.3129505,-0.04348477,0.04647922,-0.0009231125,0.0,0.0,-0.02601101,-0.020337997,0.055481408,0.003768652,-0.03125892,-0.07700406,-0.006541596,-0.06889544,-0.0062793144,-0.016973877,-0.028358774
6864,0.0143031115,-0.09165611,0.025678506,0.042330638,0.006364353,0.019523207,0.020107307,0.008347355,-0.017533848,0.0134975985,0.052805617,0.014650142,-0.008047441,0.06461402,-0.1090407,-0.07980067,0.00284857,0.0747759,-0.035825748,-0.06255807,-0.06635717,-0.00011481758,0.0,0.0,-0.036588263,-0.0024354365,-0.050527547,-0.0019902524,0.09798295,-0.14455509,-0.00068828434,-0.010480727,0.020956213,0.03598931,-0.06436547
6837,0.043430857,0.033309996,0.12897979,-0.008309683,0.028252125,0.0049450416,-0.028327974,0.018253056,0.015127952,0.19747834,-0.05809099,-0.010438477,0.009568947,0.056091912,0.00391649,0.027453514,-0.0038039782,-0.016788742,0.06509925,0.008664648,0.1544232,-0.00010572172,0.0,0.0,0.54204035,0.0012071389,0.073057964,0.0007364602,0.15538523,0.10767867,-0.009497576,0.12007615,-0.0063405707,0.17308125,0.07476216
5435,0.0052061714,0.141433,0.05274116,-0.005910358,0.009623752,-0.0023659365,-0.004709691,0.009392548,0.0210641,0.028890593,0.0072354414,0.014111235,-0.03127348,-0.009385771,0.008205218,0.084364,0.0047023743,0.09361618,0.14797974,0.0247678,0.08150378,-0.00024479584,0.0,0.0,-0.023792157,-0.0029684245,0.13055733,0.0016003016,0.015060289,-0.026382478,-0.0005715804,-0.028097698,-0.0014292701,-0.0148819,-0.028613513
79,3.0091087e-05,0.010295744,0.041087773,0.031249309,0.011163725,-0.022427412,-0.019335486,-0.00093638373,-0.031870093,0.021016534,0.040465534,0.015007437,-0.0038215353,-0.01092353,-0.13378185,-0.11274895,0.002527443,0.060087316,0.014988129,-0.07212315,-0.062429693,-0.00012908461,0.0,0.0,-0.04485745,-0.021316135,-0.05213666,0.0027178037,0.08836872,0.11659982,-0.00089452224,0.09010279,-0.0059400927,0.023742482,0.041536525
6723,0.01405394,-0.17697187,0.016693043,0.021379855,-0.0047386037,0.003517854,-0.10145337,0.011073722,-0.07814604,0.0134975985,0.019310439,-0.037208855,-0.008047441,-0.09319361,-0.11108545,-0.1555529,0.00284857,0.03253008,-0.108383454,-0.05956202,-0.0787555,-0.00027801792,0.0,0.0,-0.052333172,-0.0019837422,-0.050527547,-0.0019902524,0.082143165,-0.2691156,-0.00068828434,-0.0075796964,0.022310512,0.028084185,-0.06685001
3268,-0.01228406,0.14207749,0.037447877,0.0030645411,0.25381806,-0.000117557385,0.057025667,-0.0015943159,0.021787127,0.02794884,0.0014425865,0.020002222,-0.00580293,0.021382913,0.1979365,0.05850098,0.0015367836,-0.025056021,0.026913801,0.13619721,0.1168644,-0.00024479584,0.0,0.0,-0.019440101,0.03996405,-0.019099427,0.0016003016,-0.008369734,0.023334095,-0.00701762,-0.05023121,-0.0010226095,-0.0008128913,-0.016735105
3405,-0.02049724,0.09336578,0.038960923,0.026999487,-0.034497082,0.00029044785,-0.017910782,-0.002042854,0.022494547,0.028382909,0.055836428,0.045693453,-0.003920154,-0.02346583,0.19063416,0.07085086,0.0019240853,-0.034326337,-0.061678067,0.08129,0.12450105,-0.0010863129,0.0,0.0,-0.017205538,-0.024420438,-0.026044296,0.0020189288,-0.01542321,-0.0469291,-0.00706638,0.0028768838,-0.006190477,0.0043681907,-0.019699184
1805,-0.0039968705,0.1022331,0.039171226,-0.11475493,0.04168308,0.0031299843,-0.02771647,-0.0044811326,0.07338777,0.03006929,-0.027922899,0.020867154,-0.00272415,-0.0063569476,0.1862894,0.0032097218,0.0016641761,-0.029508714,0.037735544,0.34066677,-0.038168527,-0.0009231125,0.0,0.0,-0.032747477,0.04883799,-0.010915492,0.00075659633,-0.0490049,-0.08979641,-0.0047617685,0.010617191,-0.014181364,-0.0002881735,-0.03284766
230,0.0022590032,0.21065187,0.043095704,-0.015400785,0.10037079,0.0005577408,-0.00050106464,0.0008923323,0.037413593,0.034751274,-0.043656427,0.023143109,-0.019638196,-0.033480644,0.16729502,0.0502664,0.004176377,0.022333274,0.023640167,0.09084771,0.06327282,-0.00024479584,0.0,0.0,-0.01738471,-0.0041762083,0.06301777,0.0016003016,-0.00841187,-0.043044224,-0.0029567864,-0.016382324,-0.0016531914,-0.018510133,-0.020119334
6107,0.018156886,0.020303288,-0.23316884,-0.041619197,-0.003538476,0.034215447,-0.021007515,0.0233602,-0.02584073,-0.17537506,-0.11873528,0.007737984,0.021335542,-0.018357167,-0.11403919,-0.12745373,-0.022421299,-0.058967315,0.003779903,-0.093278095,0.023797996,-0.00010572172,0.0,0.0,-0.017675556,-0.0011239819,0.089977875,-0.0015748314,0.065546416,0.06939906,0.00046728278,0.088401996,-0.013131546,0.01952128,0.035337802
5386,-0.0004424053,0.0234537,0.034100506,-0.006069998,-0.02908494,-0.0032866574,-0.046112385,0.0006211896,-0.010755533,0.020070912,-0.0035368644,0.007679191,-0.028077098,-0.0029321238,-0.01651012,0.0009498313,0.0035415408,-0.049662385,-0.07390878,-0.026621211,-0.047949467,-0.0010863129,0.0,0.0,-0.018231437,-0.0035760403,0.08826471,0.0016003016,-0.016633764,-0.062451206,-0.0068564042,-0.0694046,-0.014496602,-0.022369567,-0.028298689
469,0.015493045,0.08791252,0.034098774,0.008881865,0.052150298,0.0054330574,-0.03136207,0.00044098214,0.021034637,0.03310304,0.0043950933,0.02175624,-0.022936277,-0.031856854,0.2252352,0.07136609,0.004800335,0.027259303,0.006828296,0.09398839,-0.0119893085,-0.00022143294,0.0,0.0,-0.036619343,0.03444752,0.060378313,-0.0022737067,-0.00576761,0.15681332,-0.0028176517,0.07947581,0.07343997,-0.01737911,0.030244086
3214,0.032981392,0.013415067,-0.2325356,-0.033865727,-0.02343117,0.0102175195,-0.03950016,0.028858922,0.006475486,-0.1969343,-0.10913041,0.035947397,-0.031283762,0.004622351,-0.22550361,-0.030414565,-0.016908482,-0.081903934,-0.057150524,-0.08953039,0.028441118,-0.00011481758,0.0,0.0,0.002224312,0.002459683,-0.05247167,0.0046935715,-0.07808682,0.083718,-0.057382073,-0.02953189,0.045578137,0.017994879,0.05468562
833,0.039152265,-0.008561819,0.09267861,0.025886912,0.024071606,0.0043018805,0.011696721,0.020729218,-0.0037953719,0.16615419,0.0066374615,0.014733497,-0.031947717,0.043916833,-0.17841448,0.019036194,-0.0033918223,-0.045504928,0.032046378,-0.024528807,0.09519192,-0.00010572172,0.0,0.0,0.4385535,0.0004199497,0.09256674,-0.001618019,0.15609205,0.10880636,-0.009320213,0.08925539,-0.016499251,0.18855676,0.06337727
5690,0.04042514,0.0020549623,-0.2044145,-0.033127725,0.05529841,0.010014028,0.0744068,0.030667003,-0.011665586,-0.18937124,-0.094650775,0.062393654,0.0058543035,0.02800346,-0.24072137,-0.0035019247,-0.0069906884,-0.076718874,-0.075842075,-0.10316453,0.016343083,-0.00011481758,0.0,0.0,-0.003743206,0.005881576,-0.05122878,0.0046935715,-0.066482514,0.07751538,0.0010741602,-0.02300637,0.040858712,-0.04004111,0.041336454
4722,-0.0330849,-0.106351815,0.03327812,0.034079645,0.010662841,-0.005582258,0.02021362,-0.0054525873,-0.014569899,0.028697442,-0.0059415195,-0.014670423,-0.0044819904,0.030278651,0.19047852,0.0252777,0.0023574797,0.019091047,0.012462913,0.07776985,0.023191093,-0.00024479584,0.0,0.0,-0.010598965,-0.012262107,-0.03173482,-0.0022737067,-0.021954576,-0.027296124,-0.0023630415,-0.06036486,-0.015504069,-0.008307024,-0.021766817
6313,0.011861355,0.16268681,0.053436078,-0.019043127,-0.0025203247,0.011741382,-1.1512851e-05,0.009392548,0.023552949,0.030800875,0.015158002,0.017002605,-0.018835474,-0.028159294,-0.009254542,0.082695074,0.0051257913,0.09476398,0.19593191,-0.01713743,0.07177032,-0.00024479584,0.0,0.0,-0.019505527,-0.0031928956,0.13055733,0.0018837561,0.008046957,-0.026603984,-0.00062538224,-0.025497815,0.012686266,-0.022618107,-0.027588505
2513,-0.04353585,-0.1973012,-0.005540951,0.014254873,0.006082259,0.010808238,-0.10717622,-0.034383096,-0.009339992,-0.019118398,0.00011381053,-0.045514602,-0.019570684,-0.09122304,-0.08846017,0.04523026,0.010254028,0.0632412,-0.17632818,-0.16772829,0.027676871,-0.0010863129,0.0,0.0,-0.026193265,0.0015683845,-0.051132485,-0.0015748314,-0.04456272,-0.13263564,-0.011726293,0.1521894,-0.029165676,0.031174356,0.06181021
5559,0.019502852,-0.13432601,0.03206417,0.022563595,0.050344005,0.005643734,0.010416703,0.0070272707,-0.022248438,0.020191276,0.029317908,0.0018301595,-0.021786112,0.01379917,-0.017115017,0.030276138,0.004774902,0.024333496,0.028648585,-0.02704681,-0.04532425,-0.00022143294,0.0,0.0,-0.029478595,-0.0019855793,0.11387098,-0.0022737067,-0.010218402,-0.06758862,-0.00160627,-0.037603606,-0.013988695,-0.0065850406,-0.03559861
4252,-0.03170526,0.036496468,0.03642584,0.019124864,0.0042362865,-0.0068981214,-0.02350688,-0.001118592,-0.011598605,0.029037856,0.054094188,-0.0013203246,-0.007320253,-0.007447862,0.20146051,-0.106470376,0.0020565665,0.030946217,0.04087095,0.066665605,-0.036073133,-0.00024479584,0.0,0.0,-0.031200524,-0.018079238,-0.028451158,0.0024343496,0.004109711,0.12967856,-0.0020710062,0.021059044,0.016870372,-0.007553609,0.040449835
1835,-0.0027419324,0.07079173,0.03556711,0.024460591,-0.032527752,0.009888301,-0.03397949,-0.004385764,0.0037535597,0.029754756,0.04308219,0.032100067,-0.0041065426,-0.03071206,0.20521477,0.03718483,0.0019719885,0.016131572,0.010734397,0.2597635,-0.0038393298,-0.00024479584,0.0,0.0,-0.021389555,-0.009065375,-0.026281469,0.0020189288,-0.0051666526,-0.119664855,-0.002436763,-0.059075568,-0.02913721,-0.012338373,-0.02463102
3666,-0.022865847,-0.0012471832,-0.1500812,0.0071407217,-0.06961125,-0.021224806,0.0076880665,0.0070886356,0.0031656413,-0.11680679,-0.03039778,-0.021642337,-0.00029116517,0.01932196,0.15805088,-0.050024714,0.047740057,0.067103565,0.1465014,-0.07597629,0.033648733,-0.00024479584,0.0,0.0,0.00888649,-0.0145185655,-0.008312899,0.003485198,0.042131092,-0.08242238,0.039201733,-0.06375156,-0.02921162,-0.009832225,-0.03863669
4161,-0.025425972,0.09886415,0.03426809,0.02688038,-0.035294455,0.0022886824,-0.017944481,-0.001684867,0.021773763,0.028382909,0.05762099,0.047441166,-0.004101263,-0.024825906,0.18983611,0.086798236,0.0023308601,0.028478744,0.05594584,0.08214706,0.123253666,-0.00024479584,0.0,0.0,-0.017305115,-0.024420438,-0.020886693,0.0020189288,-0.008707362,-0.0014901157,-0.0068223914,-0.054320026,-0.011498512,-0.004107891,-0.021308832
2251,0.112153925,0.091664925,0.026927128,-0.034505464,-0.181584,0.0010564909,-0.22608964,-0.0018604561,0.010286523,0.012982661,-0.0077547226,-0.0046508713,-0.0031639952,-0.06373889,-0.0640295,0.02781325,0.0019670604,0.05408194,0.049942024,-0.03916227,0.07125619,0.010971305,0.0,0.0,-0.027253961,0.02487183,-0.027578468,0.0019972546,-0.0062295054,-0.045853127,-0.00031439308,0.054461274,0.02557641,-0.00063663675,-0.022743426
3721,-0.025425972,0.09886415,0.03426809,0.02688038,-0.035294455,0.0022886824,-0.017944481,-0.001684867,0.021773763,0.028382909,0.05762099,0.047441166,-0.004101263,-0.024825906,0.18983611,0.086798236,0.0023308601,0.028478744,0.05594584,0.08214706,0.123253666,-0.00024479584,0.0,0.0,-0.017305115,-0.024420438,-0.020886693,0.0020189288,-0.008707362,-0.0014901157,-0.0068223914,-0.054320026,-0.011498512,-0.004107891,-0.021308832
437,0.022663211,-0.072033435,0.03297136,0.006541689,-0.014267445,0.0049023884,0.01902719,0.006988223,-0.018826043,0.032760914,0.014915638,0.017630607,-0.031662542,0.03751145,0.1618634,0.04121474,0.0047306344,0.03137369,0.03225336,0.08226383,0.0141728325,-0.00022143294,0.0,0.0,-0.023657536,0.014361815,0.068310104,-0.0022737067,-0.01073046,-0.035552017,-0.0026140488,-0.058375653,-0.011468053,-0.016930332,-0.025406042
1509,0.003794573,0.0051395367,-0.22345917,-0.009230852,0.013883456,0.0046075415,-0.026787776,0.0025979772,-0.012770211,-0.18110141,-0.013816569,-0.02334783,-0.015632996,-0.01164052,-0.18158069,-0.071133785,-0.021414133,-0.060690563,-0.07560764,-0.08929445,0.00797614,-0.00027801792,0.0,0.0,0.00061604014,-0.0009539245,-0.04084989,-0.0015748314,0.08602908,0.08087539,0.0016782822,0.12614758,-0.006050168,0.024852794,0.025526227
2669,0.13210927,-0.03671263,0.047580026,-0.00947278,-0.00018715083,-0.010333148,0.0032123495,-0.016916133,0.021456888,0.029492537,-0.013460685,-0.002108838,-0.00095356244,0.026722409,0.045746442,0.03825445,0.0029719032,0.018060215,0.11584496,-0.017000895,0.0012521731,0.010971305,0.0,0.0,0.43178198,-0.009082563,-0.022013199,0.00077964773,-0.026082305,0.1528455,-0.0018618642,-0.027890451,0.02528944,-0.019206487,0.049867757
5144,0.0012092538,-0.08869915,0.03694423,-0.013224227,0.035229795,-0.019830963,0.018527059,0.0027463501,-0.023605514,0.02910215,0.056680355,-0.0027460821,-0.008348416,0.037435103,0.15251315,0.028573059,0.0043721376,-0.037102956,0.0151266325,0.37194303,-0.03463962,-0.00022143294,0.0,0.0,-0.018759528,-0.006541985,0.039120052,-0.0022737067,-0.0046310173,-0.049454104,0.1917017,-0.01807798,-0.011568371,-0.07019011,-0.025689002
5546,0.026424391,-0.07851391,0.029562458,0.026918335,-1.4349557e-05,0.004657341,0.019893182,0.0070272707,-0.02068451,0.020191276,0.03182241,0.004586309,-0.024420602,0.030532068,-0.01787687,0.023303488,0.0047306344,0.0018100283,0.016453987,-0.02938667,0.006865235,-0.00022143294,0.0,0.0,-0.0283655,-0.0019855793,0.11504034,-0.0022737067,-0.010938173,-0.020378606,-0.00160627,-0.06485711,-0.008674696,-0.017332427,-0.030100498
6178,-0.63133675,0.09899767,0.026859635,-0.071835674,-0.00928749,-0.0057621733,-0.10947034,-0.02431025,0.009588761,0.024818834,-0.10513727,-0.03864904,0.031856373,-0.055176716,-0.13824596,-0.12988755,0.005394536,0.06262986,-0.024923693,-0.058567807,-0.071783505,-0.00022143294,0.0,0.0,-0.0062745437,-0.0028730067,0.10478745,-0.03851456,0.0024103345,0.08986849,-0.000759702,-0.02615003,0.032388248,-0.026380012,0.040769067
3836,-0.021004457,0.0996703,0.03850354,0.021410108,-0.03200419,0.0003757021,-0.022750424,0.0071762092,0.029914455,0.028382909,0.05373501,0.057015233,-0.003003474,-0.019751057,0.17778476,0.038094245,0.0027375724,-0.025730947,-0.062823124,0.07907308,-0.02883314,-0.0010863129,0.0,0.0,-0.018037628,-0.024015406,-0.021103678,0.0020189288,-0.019375252,-0.053966068,-0.0030578582,0.0015367381,-0.017127201,0.0035682286,-0.019699184
5465,0.013367199,-0.0038109487,-0.06804656,-0.04190367,0.0058137258,-0.021278605,-0.019087354,0.003926764,0.0109033985,-0.091393605,-0.07630204,-0.0025707765,0.00094515784,0.01420093,-0.085902475,-0.05788244,0.114473306,0.11138346,0.010384828,-0.07043116,0.12105668,-0.00012908461,0.0,0.0,-0.025091026,-0.005558314,-0.027749281,0.00077964773,0.11644187,-0.09292781,-0.019961141,0.15638304,0.08280817,0.01341886,0.059662156
4923,-0.012689931,0.079330586,0.035842218,-0.008747152,0.23388864,-0.051131964,0.01166463,-0.013711661,-0.0043462827,0.028048608,-0.029465456,0.004938001,-0.004496833,-0.05853842,-0.16259678,0.006837648,0.0016371652,0.19218992,-0.023748316,-0.094524324,0.011036519,-0.00027801792,0.0,0.0,-0.033495408,0.0467701,-0.059298966,0.0005154531,0.12594318,-0.07189085,-0.000727395,0.007433506,0.032152236,0.036141317,-0.030177265
937,0.021084657,-0.07337312,0.03062334,0.015369392,0.013208719,0.0048197126,0.019193185,0.006988223,-0.016737107,0.030922,0.005630485,0.013524662,-0.031662542,0.03767663,0.1632343,0.03733082,0.0049150637,0.063624315,0.019602153,0.39779752,0.017435366,-0.00022143294,0.0,0.0,-0.023570333,0.03024367,0.068310104,-0.0022737067,-0.0071261716,-0.06474555,-0.0022655856,-0.0607004,-0.015640909,-0.0064706933,-0.025406042
3153,-0.03170147,0.08407704,0.03752153,0.021080934,0.0073235985,-0.0082182465,-0.030891107,-0.03263268,0.0089633735,0.022905279,0.042620838,-0.047697693,-0.022789722,-0.028673723,-0.12649244,0.028090307,0.0024697585,-0.016886922,-0.13812993,-0.0903118,-0.022824518,-0.0010863129,0.0,0.0,-0.036394045,-0.004830639,-0.04734831,-0.0019902524,-0.16473672,0.12658238,-0.0021528401,-0.024380587,-0.03405652,-0.04824798,0.03457428
4694,-0.021004457,0.0996703,0.03850354,0.021410108,-0.03200419,0.0003757021,-0.022750424,0.0071762092,0.029914455,0.028382909,0.05373501,0.057015233,-0.003003474,-0.019751057,0.17778476,0.038094245,0.0027375724,-0.025730947,-0.062823124,0.07907308,-0.02883314,-0.0010863129,0.0,0.0,-0.018037628,-0.024015406,-0.021103678,0.0020189288,-0.019375252,-0.053966068,-0.0030578582,0.0015367381,-0.017127201,0.0035682286,-0.019699184
6861,0.02688078,0.036405902,0.042221457,0.011985096,0.016398977,0.012613812,-0.02733421,0.014457332,0.0004285394,0.029775135,0.01782528,-0.008649631,-0.006730535,-0.033386935,-0.09938706,-0.020780917,0.0026240994,0.02849596,-0.016293045,-0.073945306,0.06715601,-0.00012908461,0.0,0.0,-0.039324842,-0.0036993264,-0.06177181,0.0023023828,0.06528002,-0.088948034,-0.0005021572,-0.023397518,0.053347457,0.03725609,-0.031977132
1620,-0.0051107104,0.11426121,0.034432035,0.016919889,0.020698335,0.009421383,-0.037951224,-0.0038194892,0.028211765,0.037818953,0.083237045,-0.0014046285,-0.004602888,-0.03165411,0.30033314,0.073759265,0.0022159563,0.02061251,-0.010207528,0.35738876,-0.016171377,-0.00024479584,0.0,0.0,-0.031811584,-0.0084274635,-0.023071345,-0.0022737067,-0.0057505476,0.274932,-0.0033357993,-0.010092283,0.069961816,-0.011791066,0.0290415
3544,-0.012577136,-0.061061192,0.03631586,-0.07716759,0.012475811,-0.00012679826,-0.00858454,-0.0054525873,0.016136136,0.028697442,-0.06576705,-0.020289153,-0.0039620437,-0.0026683463,0.18297748,0.05717099,0.0018044538,-0.039958876,0.029844314,0.08479117,0.10901669,-0.00024479584,0.0,0.0,0.009455503,-0.009048303,-0.022537926,0.003485198,-0.033738915,-0.07492805,-0.0068137906,-0.005896537,-0.014363819,-0.008177171,-0.029931936
2338,0.10337136,-0.14483112,0.029211227,-0.014641941,-0.028764296,-0.015361609,0.0077117514,-0.0054525873,-0.01933667,0.01532889,-0.002809878,-0.004179105,-0.001740418,0.013158504,-0.046526406,-0.016145233,0.002650639,0.05591368,0.01752302,-0.03246192,-0.0348747,0.010971305,0.0,0.0,0.0050155553,-0.01968318,-0.027033152,-0.0019902524,-0.019680591,-0.115348935,-0.0023630415,-0.033554524,-0.02819972,0.0032606525,-0.038315754
5658,0.072550476,-0.07201781,0.026012972,0.007262468,0.00718134,0.025075242,0.02400941,0.02624364,-0.017756289,0.02036582,-0.00901152,0.022999778,0.06615902,0.039188094,0.030124035,0.030144308,0.004740906,0.03478783,0.035994187,-0.0033915117,0.045587942,-0.00022143294,0.0,0.0,-0.026303956,0.0032400335,0.11456976,-0.0019902524,-0.0030808398,-0.018162543,-0.0024842978,0.0088678105,-0.012372782,-0.019667171,-0.03224553
435,0.022663211,-0.072033435,0.03297136,0.006541689,-0.014267445,0.0049023884,0.01902719,0.006988223,-0.018826043,0.032760914,0.014915638,0.017630607,-0.031662542,0.03751145,0.1618634,0.04121474,0.0047306344,0.03137369,0.03225336,0.08226383,0.0141728325,-0.00022143294,0.0,0.0,-0.023657536,0.014361815,0.068310104,-0.0022737067,-0.01073046,-0.035552017,-0.0026140488,-0.058375653,-0.011468053,-0.016930332,-0.025406042
3149,-0.03170147,0.08407704,0.03752153,0.021080934,0.0073235985,-0.0082182465,-0.030891107,-0.03263268,0.0089633735,0.022905279,0.042620838,-0.047697693,-0.022789722,-0.028673723,-0.12649244,0.028090307,0.0024697585,-0.016886922,-0.13812993,-0.0903118,-0.022824518,-0.0010863129,0.0,0.0,-0.036394045,-0.004830639,-0.04734831,-0.0019902524,-0.16473672,0.12658238,-0.0021528401,-0.024380587,-0.03405652,-0.04824798,0.03457428
3722,-0.025425972,0.09886415,0.03426809,0.02688038,-0.035294455,0.0022886824,-0.017944481,-0.001684867,0.021773763,0.028382909,0.05762099,0.047441166,-0.004101263,-0.024825906,0.18983611,0.086798236,0.0023308601,0.028478744,0.05594584,0.08214706,0.123253666,-0.00024479584,0.0,0.0,-0.017305115,-0.024420438,-0.020886693,0.0020189288,-0.008707362,-0.0014901157,-0.0068223914,-0.054320026,-0.011498512,-0.004107891,-0.021308832
1965,0.00042708387,0.028570833,-0.22552913,0.0029979018,0.012743882,0.008466021,-0.028898288,0.0019532922,-0.014804141,-0.14707501,-0.08287084,0.019127598,-0.01825369,-0.020996079,0.005325566,-0.07870829,-0.0154709555,-0.038847167,-0.015792722,-0.049404033,0.012054103,-0.00022143294,0.0,0.0,-0.01076898,-0.0012802785,0.089977875,-0.0015748314,-0.004569814,0.07552399,0.00010300244,-0.018724667,0.03308044,-0.018113658,0.040455572
6066,-0.01333955,-0.14300257,0.03585313,0.03019112,-0.011994635,0.00386801,0.014749451,-0.005760154,-0.01524949,0.022276048,-0.010855287,-0.049606662,0.0038822342,0.010147944,-0.09480619,0.023298806,0.0023290655,-0.03518322,-0.15227309,-0.05829266,-0.05890434,-0.0010863129,0.0,0.0,-0.024049478,-0.005370613,-0.048818804,-0.0019902524,-0.026876852,-0.07149305,-0.0021528401,-0.039826542,-0.015130378,-0.030354323,-0.03822947
544,0.05247212,-0.005873944,-0.039310012,0.008004878,0.03861746,0.017290091,-0.025656896,0.024094129,-0.01848458,-0.06420337,0.043414857,0.047538422,-0.027365072,-0.004376695,-0.09572587,0.089937024,0.17706211,0.19971983,-0.09959151,-0.08474785,0.03702506,-0.0009231125,0.0,0.0,-0.010637032,-0.0042804508,-0.04371181,0.00077964773,-0.096792825,-0.051291,-0.020485174,0.21540137,0.05433204,0.05444419,0.0574815
1034,0.021084657,-0.07337312,0.03062334,0.015369392,0.013208719,0.0048197126,0.019193185,0.006988223,-0.016737107,0.030922,0.005630485,0.013524662,-0.031662542,0.03767663,0.1632343,0.03733082,0.0049150637,0.063624315,0.019602153,0.39779752,0.017435366,-0.00022143294,0.0,0.0,-0.023570333,0.03024367,0.068310104,-0.0022737067,-0.0071261716,-0.06474555,-0.0022655856,-0.0607004,-0.015640909,-0.0064706933,-0.025406042
1174,-0.017521352,0.016148416,-0.19243798,-0.015342339,-0.02821595,0.007293914,-0.024194265,-0.011354408,-0.022883903,-0.16051535,0.0076514715,0.013625515,0.0024564692,-0.013364521,-0.22747807,-0.064003244,-0.020233361,-0.0429915,-0.06343866,-0.09371957,-0.0028820685,-0.00027801792,0.0,0.0,-0.015419397,-0.0028925752,-0.044210315,-0.002943134,-0.12273679,0.08156732,0.00044787076,0.022294192,-0.032199156,-0.0172895,0.02591615
2077,-0.00640939,0.18790078,0.035578728,0.0047116564,0.052245088,0.0031748295,0.028067289,0.0008923323,0.04144626,0.020385446,-0.026152598,0.04452742,-0.019638196,-0.045331344,-0.0020013424,0.040124055,0.0043386854,0.052430037,0.06198542,-0.051841233,0.099769816,-0.00024479584,0.0,0.0,-0.020074595,-0.0019141443,0.109277435,0.0018837561,0.011853339,-0.030058378,-0.0029567864,0.0035184282,0.010625291,-0.02094,-0.027159808
2843,-0.055057105,0.027599536,0.039761107,0.013560019,0.005649848,-0.017752267,-0.021834187,-0.015777962,-0.019387962,0.026409881,0.045562543,-0.012164371,-0.0050752275,-0.0054907864,-0.093122825,-0.036556408,0.0024799833,0.075221226,0.0044895243,-0.042128883,0.020886393,-0.00024479584,0.0,0.0,-0.03564417,-0.018494537,-0.06008666,0.0027178037,0.0024412293,0.09566236,-0.0019352152,-0.011292744,0.026271433,-0.018206205,0.05169028
736,-0.0015955282,-0.09803333,0.029433502,0.032798406,0.010129164,0.008499224,0.02193289,-0.008153484,-0.014887315,0.018854186,0.03984045,-0.018518502,-0.0003018279,0.033186797,-0.021482944,0.029056855,0.0025922046,0.024398185,0.018317893,-0.028077928,0.010786199,-0.00024479584,0.0,0.0,-0.025742596,-0.005370613,-0.044082746,-0.0019902524,-0.0151872635,-0.023814471,-0.0020936546,-0.060837056,-0.008881539,-0.018865606,-0.029436706
1652,-0.0072707995,0.058905967,-0.1729622,0.0015370018,-0.03662323,-0.0076797497,-0.035771586,-0.0037169715,0.004286753,-0.1436365,-0.011576816,0.011021899,-0.002480589,-0.025435293,0.14190042,0.040330816,-0.026428005,-0.042016525,0.027478008,-0.044713542,-0.015329778,-0.00024479584,0.0,0.0,-0.015676467,-0.005186775,-0.031047853,-0.0022737067,0.022387182,-0.09877373,-0.00095593935,-0.038600303,-0.034596436,-0.009028446,-0.04806702
4024,-0.0330849,-0.106351815,0.03327812,0.034079645,0.010662841,-0.005582258,0.02021362,-0.0054525873,-0.014569899,0.028697442,-0.0059415195,-0.014670423,-0.0044819904,0.030278651,0.19047852,0.0252777,0.0023574797,0.019091047,0.012462913,0.07776985,0.023191093,-0.00024479584,0.0,0.0,-0.010598965,-0.012262107,-0.03173482,-0.0022737067,-0.021954576,-0.027296124,-0.0023630415,-0.06036486,-0.015504069,-0.008307024,-0.021766817
5762,-0.0052872216,0.06822198,0.035067804,0.030008644,0.0109923575,0.00629221,-0.027428394,-0.0019924333,0.01747995,0.022276048,0.04281333,0.017083138,0.0039429083,-0.023235328,-0.091998324,0.018040348,0.0019112359,0.015167717,-0.0912841,-0.064619556,0.0060630245,-0.0010863129,0.0,0.0,-0.025629817,-0.004013059,-0.048818804,0.0023023828,-0.0029933522,-0.07572723,-0.0024955778,-0.025271902,-0.015069092,-0.023678403,-0.03191125
1964,-0.030878829,-0.07879785,0.015375562,0.0054240865,-0.016642077,0.008280806,0.018597685,0.006812635,-0.021164333,0.012830475,-0.028091813,-0.002436994,-0.022164168,0.0020823213,-0.027967468,-0.085082136,0.005566519,-0.022243954,-0.01172768,-0.078332424,-0.06539479,-0.00022143294,0.0,0.0,-0.030877685,0.0029108445,0.1134004,-0.0019902524,-0.0019294486,-0.11945513,-0.001730484,-0.015072506,-0.027641414,-0.022315865,-0.07018389
6209,-0.036003705,0.08441857,0.03795078,0.025676182,0.0011985939,-0.004837409,-0.031007176,-0.004852494,0.021904996,0.022905279,0.029874954,0.01221713,0.0026193035,-0.02399946,-0.13612692,0.028136956,0.0022909208,0.04141082,-0.10391299,-0.071907565,-0.01590931,-0.00027801792,0.0,0.0,-0.03638806,-0.00460799,-0.04734831,-0.0019902524,-0.08214091,0.12658238,-0.002409975,-0.024394326,-0.035716493,-0.0372092,0.03457428
3795,-0.012577136,-0.061061192,0.03631586,-0.07716759,0.012475811,-0.00012679826,-0.00858454,-0.0054525873,0.016136136,0.028697442,-0.06576705,-0.020289153,-0.0039620437,-0.0026683463,0.18297748,0.05717099,0.0018044538,-0.039958876,0.029844314,0.08479117,0.10901669,-0.00024479584,0.0,0.0,0.009455503,-0.009048303,-0.022537926,0.003485198,-0.033738915,-0.07492805,-0.0068137906,-0.005896537,-0.014363819,-0.008177171,-0.029931936
2900,-0.028109977,0.18654321,-0.06120795,-0.009288068,0.009632843,-0.05460385,0.060297683,-0.009159343,0.054165144,0.025606887,0.0066320226,0.007867528,-0.0006052658,0.004220195,-0.07425755,0.05454621,0.033321865,0.04926466,0.031137723,-0.08139504,0.03135541,-0.00022143294,0.0,0.0,-0.013580304,0.0021901517,-0.024160104,0.007030657,-0.038583037,-0.08283179,0.009551886,-0.024079083,0.0060773236,-0.03189041,-0.025113871
2087,0.013561156,-0.06816111,0.025728911,0.010833191,-0.020617193,0.0050005247,0.01997694,0.006988223,-0.017756289,0.02036582,0.013553081,0.010715207,-0.02306715,0.040222693,-0.0050008018,0.026444674,0.004740906,0.03390023,0.0371371,-0.050818395,0.04251461,-0.00022143294,0.0,0.0,-0.02548561,0.0032400335,0.11456976,-0.0019902524,-0.0030808398,-0.018362815,-0.0026140488,-0.006471975,-0.014266904,-0.019695226,-0.029844174
6770,0.007385821,-0.063102745,-0.28166005,-0.010803781,-0.015106828,-0.050320514,-0.019522414,0.006288021,-0.012542665,-0.18150017,-0.014891971,0.018892791,-0.0037178157,-0.012106463,-0.09037738,-0.0710218,-0.032518137,-0.0025519258,-0.0026010827,-0.07783977,0.022326732,-0.00011481758,0.0,0.0,-0.006052086,-0.0016638262,-0.020309618,0.0010400506,0.0907142,-0.109761246,-0.09676729,-0.058402915,0.06354175,0.0327431,0.02028829
3213,0.032981392,0.013415067,-0.2325356,-0.033865727,-0.02343117,0.0102175195,-0.03950016,0.028858922,0.006475486,-0.1969343,-0.10913041,0.035947397,-0.031283762,0.004622351,-0.22550361,-0.030414565,-0.016908482,-0.081903934,-0.057150524,-0.08953039,0.028441118,-0.00011481758,0.0,0.0,0.002224312,0.002459683,-0.05247167,0.0046935715,-0.07808682,0.083718,-0.057382073,-0.02953189,0.045578137,0.017994879,0.05468562
3298,-0.027664112,0.1349664,0.03506007,0.0037290878,0.123905815,-0.0042809327,-0.011745321,-0.0015943159,0.03013162,0.02794884,-0.0048931073,0.010798261,-0.00580293,-0.04318842,0.19268425,0.022477267,0.0018898522,0.007799195,0.00046799582,0.123445675,0.044551298,-0.00024479584,0.0,0.0,-0.021974973,0.02832032,-0.029578112,0.0016003016,-0.008369734,-0.048956584,-0.0023123904,-0.06352234,-0.016889846,-0.0045385975,-0.017291456
4381,-0.027664112,0.1349664,0.03506007,0.0037290878,0.123905815,-0.0042809327,-0.011745321,-0.0015943159,0.03013162,0.02794884,-0.0048931073,0.010798261,-0.00580293,-0.04318842,0.19268425,0.022477267,0.0018898522,0.007799195,0.00046799582,0.123445675,0.044551298,-0.00024479584,0.0,0.0,-0.021974973,0.02832032,-0.029578112,0.0016003016,-0.008369734,-0.048956584,-0.0023123904,-0.06352234,-0.016889846,-0.0045385975,-0.017291456
1287,-0.03822069,0.07383595,0.036474627,0.0190099,0.008305401,-0.004411313,-0.037890207,-0.022517372,0.009900736,0.026169091,0.036165826,0.0075771925,-0.021105181,-0.044384144,-0.27698943,-0.0120809795,0.0024748493,0.028429687,0.02531907,-0.077225864,0.031512514,-0.00012908461,0.0,0.0,-0.028668104,-0.0015517345,-0.058019824,-0.0015748314,-0.1288348,0.112678155,-0.0008476072,-0.0066905804,0.006925119,-0.014808214,0.04969879
6583,0.029950783,0.020580688,0.045628294,0.0030965463,-0.003741506,0.011602727,-0.01585765,0.015312302,-0.0318557,0.043212324,0.010987461,0.015564156,-0.008909039,-0.008348216,-0.102841265,-0.046667557,0.0027419215,0.04713888,0.017393326,-0.07110454,0.0647049,-0.00012908461,0.0,0.0,-0.048123747,-0.0029172674,-0.058019824,0.0027178037,0.06548884,0.10828191,-0.00036636664,0.149871,-0.021863835,0.031173663,0.050658498
2018,0.07458413,-0.0061855353,-0.1594219,-0.012972365,0.07510093,0.01892719,0.12985522,0.03102499,-0.009009915,-0.104000635,-0.0756547,0.0454247,0.03230114,0.015173536,-0.21514264,-0.032326575,0.06602721,0.045192473,0.039347254,-0.048694342,0.21072143,-0.00010572172,0.0,0.0,-0.003780578,0.005376067,0.017733745,0.018675849,-0.056842957,0.08371017,-0.04331136,0.15475582,0.06768276,-0.0021297967,0.04361196
6541,0.011182412,0.07102645,0.037933327,0.021733154,0.00065283274,0.0030778537,-0.027728273,0.003430278,0.009182889,0.02334695,0.03296198,-0.03559961,-0.008722983,-0.031762153,-0.13011898,-0.030126408,0.0021628393,0.027997844,-0.0038556715,-0.070787095,-0.06048297,-0.00027801792,0.0,0.0,-0.056071285,-0.00027413527,-0.04731742,-0.0019902524,0.09566541,0.133459,-0.0015722195,0.011897318,-0.0104989605,0.033867925,0.059141893
4697,-0.021004457,0.0996703,0.03850354,0.021410108,-0.03200419,0.0003757021,-0.022750424,0.0071762092,0.029914455,0.028382909,0.05373501,0.057015233,-0.003003474,-0.019751057,0.17778476,0.038094245,0.0027375724,-0.025730947,-0.062823124,0.07907308,-0.02883314,-0.0010863129,0.0,0.0,-0.018037628,-0.024015406,-0.021103678,0.0020189288,-0.019375252,-0.053966068,-0.0030578582,0.0015367381,-0.017127201,0.0035682286,-0.019699184
3857,-0.027664112,0.1349664,0.03506007,0.0037290878,0.123905815,-0.0042809327,-0.011745321,-0.0015943159,0.03013162,0.02794884,-0.0048931073,0.010798261,-0.00580293,-0.04318842,0.19268425,0.022477267,0.0018898522,0.007799195,0.00046799582,0.123445675,0.044551298,-0.00024479584,0.0,0.0,-0.021974973,0.02832032,-0.029578112,0.0016003016,-0.008369734,-0.048956584,-0.0023123904,-0.06352234,-0.016889846,-0.0045385975,-0.017291456
5132,0.023773775,-0.00041914787,-0.16292644,0.015508854,-0.008495116,0.004320686,-0.016321711,0.0028235575,0.013640288,-0.19280362,0.031189129,0.024468577,-0.0071719983,0.0020523916,0.18847433,-0.1572979,-0.020157062,-0.04478055,0.053754207,-0.047506392,0.004730453,-0.00022143294,0.0,0.0,-0.024652017,0.0054404554,-0.025190428,-0.00021218706,0.00905633,0.13627045,0.0007714769,-0.00074359134,0.036224015,-0.0016630439,0.043595854
4513,-0.011636437,-0.04589556,0.036667436,0.03568157,0.010770613,0.00039789878,0.021495977,-0.002098537,-0.013217855,0.028697442,-0.0077464134,0.00855364,-0.003864929,0.010645038,0.18048921,0.031004079,0.0026044827,-0.024835102,-0.0802216,0.066004954,0.010866326,-0.0010863129,0.0,0.0,-0.0074179047,-0.011865864,-0.021103678,-0.0022737067,-0.042797953,-0.053351387,-0.00725629,0.0010685535,-0.01778041,0.00010861503,-0.021603703
5891,-0.0035804233,-0.103321366,0.023973662,0.024849927,0.0021692712,0.00065202365,0.0076743765,-0.0055423114,-0.012911502,0.016133515,-0.00896033,-0.04043841,0.0027217558,0.016714115,-0.10555511,-0.072501376,0.002297571,0.027056795,-0.05273979,-0.054618143,-0.044330306,-0.0010863129,0.0,0.0,-0.02404108,-0.0053615184,-0.048386052,-0.0019902524,-0.015203049,-0.1250177,-0.0020621454,-0.031111853,-0.02806699,-0.0050366526,-0.07386831
2614,-0.06368146,0.1491686,0.030773897,-0.0076406286,-0.039835062,0.009399041,0.00925953,-0.027906507,0.006756663,-0.011289355,-0.003507493,0.012526575,-0.020509617,-0.009355889,-0.082483985,0.021326689,0.044211414,0.049244497,0.063542545,-0.13485585,0.2112986,-0.00012908461,0.0,0.0,-0.028156484,-0.022248697,-0.060198136,0.002299177,-0.062098503,-0.009777586,-0.0055877594,0.2768586,-0.038246416,0.014713742,0.0788504
2228,0.06994109,-0.1268705,0.026511738,-0.09302928,-0.09775325,-0.023467654,0.016500339,-0.0054525873,-0.018604971,0.015643423,-0.0402575,-0.03148269,-0.0015359167,0.028059212,-0.05343916,0.016838746,0.0027808966,-0.02195072,-0.062148146,-0.031023847,0.009658306,0.010971305,0.0,0.0,0.005557645,-0.019633215,-0.030914111,-0.0019902524,-0.023000427,-0.07797058,-0.0023630415,-0.059105024,-0.014807788,-0.0022926158,-0.03625995
4842,-0.0039533917,0.05029591,-0.19576414,-0.024574257,0.028800167,-0.013143705,0.07154676,0.0037295045,0.041017935,-0.15788971,-0.085843794,0.008112682,0.00045248074,0.03104606,-0.09448055,-0.04344695,0.026075495,0.045135703,0.0101982225,-0.08526485,0.021545302,-0.00010572172,0.0,0.0,-0.028852303,-0.002920932,-0.02127217,0.0060618734,0.09004197,0.09852185,-0.06414122,-0.053317733,-0.01616675,0.0013812836,0.06158683
5245,-0.0065600458,0.056079604,-0.1638128,0.00325477,0.15866183,-0.016574107,0.007913142,-0.004971291,-0.019339625,-0.15670227,0.0035283554,0.0075129815,-0.00748876,-0.06650091,-0.086038016,0.040310875,-0.02761615,-0.06505453,-0.10914971,-0.08277786,-0.022088798,-0.0010863129,0.0,0.0,0.0072152093,-0.020524146,-0.040524174,0.0023023828,-0.017814932,0.082775146,-0.0015988802,-0.022525214,0.070997685,-0.021955073,0.035017397
2523,0.06994109,-0.1268705,0.026511738,-0.09302928,-0.09775325,-0.023467654,0.016500339,-0.0054525873,-0.018604971,0.015643423,-0.0402575,-0.03148269,-0.0015359167,0.028059212,-0.05343916,0.016838746,0.0027808966,-0.02195072,-0.062148146,-0.031023847,0.009658306,0.010971305,0.0,0.0,0.005557645,-0.019633215,-0.030914111,-0.0019902524,-0.023000427,-0.07797058,-0.0023630415,-0.059105024,-0.014807788,-0.0022926158,-0.03625995
6442,0.008172843,0.066408046,0.036294345,0.01283877,0.0060641756,0.013734696,-0.029400839,0.0036878067,0.008501693,0.022413082,0.021810092,-0.020092677,-0.0076422393,-0.034009427,-0.13583302,-0.093136184,0.00284857,0.031018315,0.03464711,-0.073491946,-0.07088796,-0.00012908461,0.0,0.0,-0.046133958,-0.0012318855,-0.050069828,-0.0015748314,0.0594177,0.120525576,-0.00014527142,0.005053132,-0.0041169114,0.028791664,0.039609473
3956,-0.05422464,-0.07589886,0.006865034,0.012401619,-0.007228049,-0.055433445,-0.015497867,-0.0343248,-0.03271072,0.010193328,0.045976333,-0.01580756,-0.0028514063,-0.0016972123,-0.004908748,0.054051146,0.05879818,0.09606696,0.013424436,-0.07267728,0.029250983,-0.00024479584,0.0,0.0,-0.029429689,0.00020168762,-0.049494002,-0.0052522607,-0.024900049,-0.032739177,-0.014197052,0.064578764,-0.026766002,0.016921258,0.07362966
5400,0.019502852,-0.13432601,0.03206417,0.022563595,0.050344005,0.005643734,0.010416703,0.0070272707,-0.022248438,0.020191276,0.029317908,0.0018301595,-0.021786112,0.01379917,-0.017115017,0.030276138,0.004774902,0.024333496,0.028648585,-0.02704681,-0.04532425,-0.00022143294,0.0,0.0,-0.029478595,-0.0019855793,0.11387098,-0.0022737067,-0.010218402,-0.06758862,-0.00160627,-0.037603606,-0.013988695,-0.0065850406,-0.03559861
6763,0.014767584,-0.098276146,0.02480627,0.028314842,0.002148187,0.0037929313,0.0033524155,0.008447814,-0.017666323,0.016401991,0.057136476,0.0154507635,-0.008172534,0.028435407,-0.11041067,-0.072483994,0.0021628393,0.040089928,0.026691493,-0.059403904,-0.043362826,-0.00011481758,0.0,0.0,-0.04365836,-0.0014776853,-0.050527547,-0.0019902524,0.12817413,-0.14243491,-0.0015722195,-0.02361727,0.06570703,0.04182219,-0.07185274
1902,-0.0025806814,0.035929963,0.04323413,0.0077422117,-0.06924907,-0.002517723,0.014787435,-0.0046532,-0.01874248,0.029320685,-0.026715197,-0.022344323,-0.0055642906,-0.007286734,0.19253547,0.020766167,0.0019054023,-0.029433789,-0.058602333,0.2323163,-0.066812634,-0.0010863129,0.0,0.0,-0.01569174,-0.02766006,-0.014450083,0.0016003016,-0.012811365,-0.0833295,-0.0073437886,0.0036110936,-0.0056824954,0.0036428869,-0.017478585
5703,0.0056337016,0.027212067,-0.2005707,-0.006261848,-0.0038551127,0.00516063,-0.030581458,0.0012269537,0.0015101308,-0.17413235,-0.0076221265,0.0063317055,-0.017160362,-0.009969726,-0.18479851,-0.056216232,-0.022943223,-0.05789029,-0.07044387,-0.100885466,0.013026193,-0.00011481758,0.0,0.0,-0.0025781896,-0.0019044555,-0.05258276,-0.0033585548,0.10216406,-0.072578035,0.0010704359,-0.011377047,-0.00065868715,0.03847519,-0.039927833
6871,0.0143031115,-0.09165611,0.025678506,0.042330638,0.006364353,0.019523207,0.020107307,0.008347355,-0.017533848,0.0134975985,0.052805617,0.014650142,-0.008047441,0.06461402,-0.1090407,-0.07980067,0.00284857,0.0747759,-0.035825748,-0.06255807,-0.06635717,-0.00011481758,0.0,0.0,-0.036588263,-0.0024354365,-0.050527547,-0.0019902524,0.09798295,-0.14455509,-0.00068828434,-0.010480727,0.020956213,0.03598931,-0.06436547
6484,0.029950783,0.020580688,0.045628294,0.0030965463,-0.003741506,0.011602727,-0.01585765,0.015312302,-0.0318557,0.043212324,0.010987461,0.015564156,-0.008909039,-0.008348216,-0.102841265,-0.046667557,0.0027419215,0.04713888,0.017393326,-0.07110454,0.0647049,-0.00012908461,0.0,0.0,-0.048123747,-0.0029172674,-0.058019824,0.0027178037,0.06548884,0.10828191,-0.00036636664,0.149871,-0.021863835,0.031173663,0.050658498
3870,-0.0330849,-0.106351815,0.03327812,0.034079645,0.010662841,-0.005582258,0.02021362,-0.0054525873,-0.014569899,0.028697442,-0.0059415195,-0.014670423,-0.0044819904,0.030278651,0.19047852,0.0252777,0.0023574797,0.019091047,0.012462913,0.07776985,0.023191093,-0.00024479584,0.0,0.0,-0.010598965,-0.012262107,-0.03173482,-0.0022737067,-0.021954576,-0.027296124,-0.0023630415,-0.06036486,-0.015504069,-0.008307024,-0.021766817
4482,-0.032790113,0.041328505,0.032297894,0.020903224,-0.080957815,-0.0071521387,-0.030643307,-0.001684867,-0.009653346,0.028382909,-0.0112195965,-0.017007122,-0.004312553,-0.027279306,0.19326955,0.029028654,0.0019719885,-0.017561233,0.022134013,0.07834702,-0.007676904,-0.00024479584,0.0,0.0,-0.020285562,-0.024469666,-0.032904174,0.0020189288,-0.007332415,-0.08003869,-0.0024363925,-0.06127431,-0.029110141,-0.004516711,-0.023153491
6479,0.010777454,-0.0020294692,0.03476267,0.04457607,-0.0069987383,0.0040661087,-0.03255802,0.009202324,0.0429086,0.022413082,-0.028673565,0.014615301,-0.009140897,-0.008172169,-0.112384625,-0.146294,0.0018501498,0.037575513,-0.08955716,-0.036942612,-0.08136602,-0.00011481758,0.0,0.0,0.015032653,-0.004663837,-0.040343516,0.00077964773,0.18217413,0.11959596,-0.0006909044,0.009266877,-0.0034993682,0.008171927,0.03121256
1606,-0.024320317,0.19049509,0.052388124,-0.005155169,-0.005777162,-0.0024420356,0.0059360946,-0.016591175,0.025496973,0.030394223,-0.008117337,0.017586762,0.0058617797,-0.023724865,0.18455279,0.060387768,0.0021546944,0.033918973,0.026785275,0.23721002,-0.0077672144,-0.00024479584,0.0,0.0,-0.023300132,-0.022732,-0.033103045,0.0016003016,0.0025521782,-0.07021017,-0.001058965,-0.031314988,-0.016772946,-0.007082282,-0.021030953
3226,0.025973808,-0.06752133,0.08126867,-0.03600246,-0.010266362,0.010472383,-0.029029705,0.021021936,0.013402143,0.1224743,-0.037083656,0.00036413397,-0.03352291,0.008669701,-0.36788324,-0.0003162366,-0.004471814,-0.06805391,-0.009172906,-0.04967241,0.087046005,-0.00010572172,0.0,0.0,0.21832064,-0.01993306,0.072587386,-0.0005886548,-0.078213245,0.123994164,-0.010469211,0.02555158,0.01779354,0.014904493,0.061527908
5839,-0.008738362,-0.10150664,0.023416352,0.02645299,0.008520575,0.0026602666,0.0063536637,-0.0052426206,-0.010298128,0.016133515,-0.010357466,-0.047911275,0.003734655,0.011243214,-0.094037235,0.01861654,0.0025424818,-0.021320604,-0.14659235,-0.057436347,-0.0014821336,-0.0010863129,0.0,0.0,-0.024490634,-0.005370613,-0.046669677,-0.0019902524,-0.022155534,-0.12658057,-0.0021528401,-0.023671843,-0.015516231,-0.024243748,-0.086136736
1795,-0.003562912,0.034720138,0.04323413,0.009115901,-0.0548184,-0.0026458045,-0.018927578,-0.004743751,0.0016794456,0.029320685,-0.0138624385,-0.013137079,-0.0055642906,0.021978855,0.19297719,0.022151351,0.0019054023,-0.026745796,-0.052440275,0.25067753,-0.029184906,-0.0010863129,0.0,0.0,-0.015693665,-0.02766006,-0.014450083,0.0016003016,-0.012811365,-0.0821814,-0.0073437886,0.0056944126,-0.012778365,0.0043020174,-0.020473775
4937,0.037490092,0.18453468,0.054157346,-0.0028066463,0.0344751,0.08555465,-0.003756155,0.01151743,0.041313935,0.03262699,-0.022969544,0.012407628,0.062016685,-0.02457546,0.012683371,0.08924107,0.0051257913,0.0659166,0.22672106,-0.020765755,0.062900975,-0.00024479584,0.0,0.0,-0.026971621,-0.0018025239,0.13008675,0.0018837561,0.012978578,-0.02575966,-0.0015652112,-0.029003736,0.013045632,-0.021594038,-0.02850075
6033,-0.02550307,0.0051712366,0.037395395,0.034956597,0.0036449563,-0.010240496,-0.007645807,-0.019545684,0.011481321,0.025853174,0.025770487,0.0058366153,0.004251732,0.020100558,-0.08042157,0.014644396,0.002606779,0.03895261,0.035143197,-0.033458892,0.0165186,-0.00022143294,0.0,0.0,-0.028119057,-0.006723775,-0.048203394,0.00077964773,-0.034383632,0.123490356,-0.00079333415,-0.020989124,0.04189569,-0.0068871956,0.03992481
3509,-0.01228406,0.14207749,0.037447877,0.0030645411,0.25381806,-0.000117557385,0.057025667,-0.0015943159,0.021787127,0.02794884,0.0014425865,0.020002222,-0.00580293,0.021382913,0.1979365,0.05850098,0.0015367836,-0.025056021,0.026913801,0.13619721,0.1168644,-0.00024479584,0.0,0.0,-0.019440101,0.03996405,-0.019099427,0.0016003016,-0.008369734,0.023334095,-0.00701762,-0.05023121,-0.0010226095,-0.0008128913,-0.016735105
5832,-0.008738362,-0.10150664,0.023416352,0.02645299,0.008520575,0.0026602666,0.0063536637,-0.0052426206,-0.010298128,0.016133515,-0.010357466,-0.047911275,0.003734655,0.011243214,-0.094037235,0.01861654,0.0025424818,-0.021320604,-0.14659235,-0.057436347,-0.0014821336,-0.0010863129,0.0,0.0,-0.024490634,-0.005370613,-0.046669677,-0.0019902524,-0.022155534,-0.12658057,-0.0021528401,-0.023671843,-0.015516231,-0.024243748,-0.086136736
2641,0.17113717,0.043917008,0.035733156,0.031982567,-0.0007723503,0.0036692899,-0.018701734,-0.0022606966,-0.010542949,0.014720278,0.04387941,0.0021329063,-0.0020184938,0.030755877,-0.03206332,0.027485758,0.0025602714,-0.0370939,-0.010612352,-0.03091369,-0.018742545,0.04868658,0.0,0.0,-0.021926306,0.05549005,-0.018479234,0.0018837561,-0.013925631,-0.06937729,-0.007329641,0.009386883,-0.005528747,0.005649265,-0.027346846
6215,-0.036003705,0.08441857,0.03795078,0.025676182,0.0011985939,-0.004837409,-0.031007176,-0.004852494,0.021904996,0.022905279,0.029874954,0.01221713,0.0026193035,-0.02399946,-0.13612692,0.028136956,0.0022909208,0.04141082,-0.10391299,-0.071907565,-0.01590931,-0.00027801792,0.0,0.0,-0.03638806,-0.00460799,-0.04734831,-0.0019902524,-0.08214091,0.12658238,-0.002409975,-0.024394326,-0.035716493,-0.0372092,0.03457428
5018,0.026068851,-0.09085119,0.034872424,0.023934597,0.0452466,0.00487265,0.019419743,0.0070272707,-0.017446108,0.030747456,0.02715456,0.003928707,-0.018794337,0.031085579,0.17371945,0.040881526,0.004930592,0.02488177,0.013374891,0.24513364,0.016603766,-0.00022143294,0.0,0.0,-0.021715512,-0.0063173454,0.06878068,-0.0022737067,-0.0073338854,-0.06434729,-0.0016066404,-0.05957838,-0.014995167,-0.010521913,-0.025691373
5749,-0.0035804233,-0.103321366,0.023973662,0.024849927,0.0021692712,0.00065202365,0.0076743765,-0.0055423114,-0.012911502,0.016133515,-0.00896033,-0.04043841,0.0027217558,0.016714115,-0.10555511,-0.072501376,0.002297571,0.027056795,-0.05273979,-0.054618143,-0.044330306,-0.0010863129,0.0,0.0,-0.02404108,-0.0053615184,-0.048386052,-0.0019902524,-0.015203049,-0.1250177,-0.0020621454,-0.031111853,-0.02806699,-0.0050366526,-0.07386831
6928,0.04050434,-0.034979437,0.09163481,-0.02591345,0.013302609,0.0073983357,0.012225764,0.021106193,0.038494885,0.16539787,-0.017549941,0.01209598,-0.00546113,0.01967608,-0.033743117,-0.20717396,-0.0038983333,-0.056393735,-0.1482606,-0.01684286,0.09253322,-0.00011481758,0.0,0.0,0.48468992,-0.006334602,0.058446035,-0.0015748314,0.1815189,0.14639464,-0.008813525,0.08773374,-0.004260496,0.17317177,0.06852887
5606,0.022405772,0.14966838,0.043686267,0.005819039,0.024340479,0.033360597,0.02341245,0.0015210318,0.029359184,0.023807306,-0.00698933,-0.03532765,0.04340692,-0.031914216,-0.10594546,0.04489091,0.013105582,-0.023653405,-0.16274695,-0.077239566,-0.06536961,-0.0010863129,0.0,0.0,-0.024804095,-0.0018495086,0.09190643,0.0018837561,-0.075327516,-0.04048384,0.015767556,-0.016603645,-0.03724954,-0.01815668,-0.041222222
217,0.004416883,-0.052741874,0.037447404,0.047792163,0.07381608,0.0005936044,0.0014221705,0.006988223,0.012557253,0.032760914,0.035579715,0.039332904,-0.049468018,0.0041225855,0.19402453,0.0949942,0.004567378,-0.05290819,0.069942124,0.0915317,0.060631838,-0.00022143294,0.0,0.0,-0.020507775,-0.009355465,0.0456627,0.003485198,-0.023737635,-0.060822427,-0.007320037,0.001541918,-0.010878728,-0.01889265,-0.020913232
263,-0.025487155,0.003129566,0.040630754,0.039597,0.020752734,0.0024820925,-0.023159405,0.00756374,0.010471691,0.032760914,0.022133205,0.050332896,-0.054476175,0.010148484,0.15238495,0.07495698,0.005174048,-0.051962193,-0.06825666,0.087937154,0.019347379,-0.0009231125,0.0,0.0,-0.020641843,-0.00930429,0.033262234,0.003485198,-0.037970454,-0.06819044,-0.0052658655,-0.0054673,-0.001236937,-0.024207018,-0.019183967
3532,-0.14627224,-0.07929281,-0.017505746,-0.06730114,0.045155518,-0.07755759,-0.008275805,-0.031623904,-0.031232651,-0.010958924,-0.0337581,-0.012795424,-0.0020300758,0.020858055,0.18244007,0.03209342,0.05377406,0.12197935,0.007296893,-0.071553476,-0.013563609,-0.00024479584,0.0,0.0,-0.021870248,0.0007516138,-0.035536435,-0.007890195,-0.024627749,0.02158945,0.0017123176,0.35300145,-0.031305093,0.022474669,0.06996793
5330,0.013067385,0.067761466,-0.19018012,0.009598165,-0.0008282167,0.006652817,-0.02487753,0.0048700646,0.043106258,-0.18063314,-0.01028995,0.028997691,-0.02055233,-0.0047853966,-0.21047385,-0.03620927,-0.024070907,-0.057175547,-0.06308198,-0.06626177,0.024373535,-0.00011481758,0.0,0.0,-0.030900901,0.0037264249,-0.042367842,-0.0012970353,0.14708482,0.08253839,0.0017516331,0.11856607,-0.015125954,0.013720622,0.021068307
5865,-0.02229618,0.047347482,0.036657523,0.005992387,-0.03221322,0.0017616957,-0.016089993,-0.015777962,-0.018739248,0.025853312,-0.026231566,-0.012373365,0.0027820219,-0.018080007,-0.08617257,-0.035065837,0.0024799833,0.052627284,-0.005672846,-0.06769051,0.017376537,-0.00024479584,0.0,0.0,-0.038858514,-0.0034391368,-0.05463544,0.0027178037,0.007087084,0.09693404,-0.0019193743,-0.021892902,0.028434405,-0.0008878858,0.04832633
4118,-0.022718446,-0.041089937,0.03256795,0.034732737,0.011859672,0.0011588911,0.016016472,-0.0054525873,-0.014569899,0.028697442,-0.0064329095,0.0022835452,-0.0042707003,0.024511116,0.18878032,0.09043022,0.0020112703,0.10092614,0.06706286,0.063335724,0.112202324,-0.00024479584,0.0,0.0,-0.0075145257,-0.011863293,-0.026072515,-0.0022737067,-0.02796409,-0.049519368,-0.0068223914,0.048176233,-0.007593871,-0.009714136,-0.02137573
6584,0.029950783,0.020580688,0.045628294,0.0030965463,-0.003741506,0.011602727,-0.01585765,0.015312302,-0.0318557,0.043212324,0.010987461,0.015564156,-0.008909039,-0.008348216,-0.102841265,-0.046667557,0.0027419215,0.04713888,0.017393326,-0.07110454,0.0647049,-0.00012908461,0.0,0.0,-0.048123747,-0.0029172674,-0.058019824,0.0027178037,0.06548884,0.10828191,-0.00036636664,0.149871,-0.021863835,0.031173663,0.050658498
6116,0.00950331,0.009357028,-0.22524402,-0.033967562,-0.003538476,0.03422276,-0.022071123,0.0233602,-0.026515096,-0.18020599,-0.12537758,0.004526948,0.03290357,-0.012196413,-0.11155755,-0.09515642,-0.020114599,-0.056159344,0.040993016,-0.09325074,0.027701093,-0.00010572172,0.0,0.0,-0.017675556,-0.0011239819,0.089977875,-0.0015748314,0.06477131,0.084665194,0.0010751293,0.11161897,0.0021944132,0.01952128,0.035363786
4772,-0.02049724,0.09336578,0.038960923,0.026999487,-0.034497082,0.00029044785,-0.017910782,-0.002042854,0.022494547,0.028382909,0.055836428,0.045693453,-0.003920154,-0.02346583,0.19063416,0.07085086,0.0019240853,-0.034326337,-0.061678067,0.08129,0.12450105,-0.0010863129,0.0,0.0,-0.017205538,-0.024420438,-0.026044296,0.0020189288,-0.01542321,-0.0469291,-0.00706638,0.0028768838,-0.006190477,0.0043681907,-0.019699184
5766,-0.0046498775,-0.09268913,0.033551376,0.032322355,-0.005590487,0.00291808,0.024158131,-0.0052426206,-0.013685562,0.022276048,-0.009412482,-0.049737185,0.0036533917,0.02980307,-0.087292254,0.033221804,0.0022228924,-0.0074802605,-0.15131499,-0.055094924,0.05330205,-0.0010863129,0.0,0.0,-0.022936383,-0.005318759,-0.045500323,-0.0019902524,-0.022155534,-0.022900818,-0.0021528401,0.006009739,-0.006833138,-0.024236675,-0.035327014
3429,0.029814033,0.0215752,0.026229028,0.0077699516,-0.0042553963,0.0039626677,-0.007060274,0.014378244,0.024219723,0.016995503,-0.006536808,0.01089934,-0.016463403,0.0018341221,-0.11045148,0.06439374,0.018596372,0.09402606,-0.13516456,-0.14676157,0.0754811,-0.00011481758,0.0,0.0,-0.03285611,0.005205662,-0.050071485,0.00077964773,-0.09685939,0.1358282,-0.015722979,0.05896983,-0.055092778,0.028437419,0.059664328
3639,-0.0330849,-0.106351815,0.03327812,0.034079645,0.010662841,-0.005582258,0.02021362,-0.0054525873,-0.014569899,0.028697442,-0.0059415195,-0.014670423,-0.0044819904,0.030278651,0.19047852,0.0252777,0.0023574797,0.019091047,0.012462913,0.07776985,0.023191093,-0.00024479584,0.0,0.0,-0.010598965,-0.012262107,-0.03173482,-0.0022737067,-0.021954576,-0.027296124,-0.0023630415,-0.06036486,-0.015504069,-0.008307024,-0.021766817
1079,-0.021752242,0.029771997,-0.15498812,0.025201237,0.04887792,0.007246838,-0.017263845,-0.011403672,-0.000313417,-0.15947019,0.028685011,0.0112656765,0.0034400877,-0.033585407,-0.24219881,-0.11699283,-0.021912782,-0.05734646,-0.13421522,-0.069625534,-0.009115842,-0.00011481758,0.0,0.0,-0.017788589,-0.0018769936,-0.035118178,-0.0012970353,-0.14728804,0.08186113,0.0006540595,0.025283232,-0.01750889,-0.024840962,0.02116779
185,0.0018294913,0.024060914,-0.19932982,-0.050070126,-0.011381041,0.0081135575,-0.01895154,-0.0012578326,0.0153367175,-0.17163159,-0.08382769,0.012879509,-0.031303335,-0.008382606,0.18708457,-0.071340606,0.042523257,0.16623314,0.1178168,-0.06787364,0.025080265,-0.00022143294,0.0,0.0,0.00189093,0.016538667,-0.029728284,0.0004961934,-3.4108176e-05,0.11604996,0.041235376,-0.03006406,0.019848058,-0.010914716,0.06445353
6646,-0.0035120093,0.08196929,0.040577985,-0.04418667,-0.024949146,0.006829106,-0.016130341,0.0028621973,-0.033216905,0.02178498,0.0049048793,0.009841727,-0.005197104,-0.05192369,-0.13548839,-0.09244451,0.0025351045,0.050792716,0.0193103,-0.07663148,-0.074627,-0.00012908461,0.0,0.0,-0.04392122,-0.021019833,-0.050084222,0.002299177,0.06548884,0.08393414,0.0009972588,0.072206646,-0.0029488958,0.027373318,0.03566858
5761,-0.052343506,0.06563905,-0.16095798,0.0049874377,-0.0011604808,-0.018165018,0.06663917,0.005338917,-0.0002027902,-0.10851328,0.012357334,-0.01010915,0.004948627,0.0016301157,-0.31218657,-0.06945312,-0.020403167,-0.11259772,0.03490872,-0.19727507,0.038146384,0.0057853395,0.0,0.0,-0.05213741,-0.0023401186,-0.015760783,0.0046935715,0.08075631,0.082099885,-0.032145146,0.005627173,-0.013102291,0.05921472,0.06835073
6080,-0.01420172,0.09183281,0.037984956,0.02502037,0.0068610366,0.0020283917,-0.030049415,-0.0014479065,0.03007559,0.022905279,0.043874554,0.0117747905,0.0024582257,-0.03293042,-0.100994736,0.037910037,0.0025290232,-0.014797665,-0.109361395,-0.06882865,-0.025882328,-0.0010863129,0.0,0.0,-0.036358226,-0.0047850637,-0.043963924,-0.0019902524,-0.021764193,0.13119356,-0.002409975,-0.01501654,0.018337833,-0.023446022,0.033241373
5758,-0.008738362,-0.10150664,0.023416352,0.02645299,0.008520575,0.0026602666,0.0063536637,-0.0052426206,-0.010298128,0.016133515,-0.010357466,-0.047911275,0.003734655,0.011243214,-0.094037235,0.01861654,0.0025424818,-0.021320604,-0.14659235,-0.057436347,-0.0014821336,-0.0010863129,0.0,0.0,-0.024490634,-0.005370613,-0.046669677,-0.0019902524,-0.022155534,-0.12658057,-0.0021528401,-0.023671843,-0.015516231,-0.024243748,-0.086136736
3098,-0.054048404,0.09651028,0.03542512,0.02358768,-0.043971,-0.009662948,-0.026065832,-0.0008503285,0.029018514,0.022465939,-0.0022716078,0.0068091047,-0.0026994394,-0.032678008,-0.11568912,0.03698256,0.002297571,-0.0009752448,0.02334942,-0.04309497,-0.020285606,-0.00024479584,0.0,0.0,-0.025422867,-0.0064657424,-0.047421787,-0.0019902524,-0.023588557,0.13576716,-0.0033354287,0.033430267,0.059122305,-0.037036374,0.036073755
2348,0.098806314,-0.12385814,0.016341733,0.019604612,-0.020479478,-0.015361609,0.0020002958,-0.0054525873,-0.01817989,0.009186361,0.0054876427,-0.0048115524,-0.0018562962,0.01668928,-0.046516467,-0.08250352,0.002650639,0.081333116,-0.03251322,-0.038450643,-0.037357897,0.010971305,0.0,0.0,0.004938531,-0.01968318,-0.027033152,-0.0019902524,-0.019680591,-0.16645728,-0.002363412,-0.028399624,-0.025633138,0.0033235932,-0.08197478
5026,0.026068851,-0.09085119,0.034872424,0.023934597,0.0452466,0.00487265,0.019419743,0.0070272707,-0.017446108,0.030747456,0.02715456,0.003928707,-0.018794337,0.031085579,0.17371945,0.040881526,0.004930592,0.02488177,0.013374891,0.24513364,0.016603766,-0.00022143294,0.0,0.0,-0.021715512,-0.0063173454,0.06878068,-0.0022737067,-0.0073338854,-0.06434729,-0.0016066404,-0.05957838,-0.014995167,-0.010521913,-0.025691373
2080,0.013561156,-0.06816111,0.025728911,0.010833191,-0.020617193,0.0050005247,0.01997694,0.006988223,-0.017756289,0.02036582,0.013553081,0.010715207,-0.02306715,0.040222693,-0.0050008018,0.026444674,0.004740906,0.03390023,0.0371371,-0.050818395,0.04251461,-0.00022143294,0.0,0.0,-0.02548561,0.0032400335,0.11456976,-0.0019902524,-0.0030808398,-0.018362815,-0.0026140488,-0.006471975,-0.014266904,-0.019695226,-0.029844174
2112,0.06994109,-0.1268705,0.026511738,-0.09302928,-0.09775325,-0.023467654,0.016500339,-0.0054525873,-0.018604971,0.015643423,-0.0402575,-0.03148269,-0.0015359167,0.028059212,-0.05343916,0.016838746,0.0027808966,-0.02195072,-0.062148146,-0.031023847,0.009658306,0.010971305,0.0,0.0,0.005557645,-0.019633215,-0.030914111,-0.0019902524,-0.023000427,-0.07797058,-0.0023630415,-0.059105024,-0.014807788,-0.0022926158,-0.03625995
6964,0.012931225,0.10005884,0.03758839,0.022439042,-0.009055345,0.008559758,-0.025441328,0.0035639843,0.02166502,0.02441691,0.038183406,0.000513898,-0.019688968,-0.03332941,-0.10251918,0.036201034,0.0048452495,-0.00166271,0.033161465,-0.026335746,-0.031752553,-0.00022143294,0.0,0.0,-0.038537815,-0.0015267463,0.10713676,-0.0019902524,-0.0048595513,0.11809708,-0.0015907994,-0.021587716,0.02205193,0.012568565,0.031766947
3979,-0.07398432,0.17685662,0.025175506,0.040079158,0.16350311,-0.02774824,0.06460084,-0.028484879,0.05561658,0.017091123,-0.009035775,0.08530823,-0.0047102254,0.079262935,-0.048126094,0.033626147,0.090618834,0.073318265,0.16218296,-0.08872815,0.20844458,-0.00024479584,0.0,0.0,-0.029198328,0.0389579,-0.03586873,0.01792576,-0.011757134,-0.0057658292,-0.006999585,0.42482725,-0.010993848,0.014869675,0.07375268
4574,-0.032987088,-0.0018185205,0.03409734,0.017255902,-0.0009445712,-0.008109514,-0.024061786,-0.001118592,-0.011591774,0.028236914,0.04629079,-0.010439263,-0.007320253,-0.021540511,0.20504542,-0.08168432,0.0017137987,0.018551376,-0.046172544,0.06644423,-0.037983313,-0.00024479584,0.0,0.0,-0.03276956,-0.021398991,-0.028451158,0.0020189288,-0.0005608991,0.14226145,-0.0034091503,0.053352427,0.02597032,-0.0011198159,0.049948484
393,0.013256725,-0.008860259,0.03271317,0.016386166,-0.016134726,-9.610308e-05,0.016717102,0.006988223,-0.015217082,0.032760914,0.012724785,0.025999691,-0.031142596,0.033570543,0.16511233,0.084915504,0.004567378,-0.033231784,-0.027211877,0.077866636,0.05639349,-0.00022143294,0.0,0.0,-0.020565482,0.014365682,0.053904053,-0.0022737067,-0.017101295,-0.06638089,-0.007812754,-0.04973546,-0.018059514,-0.019148834,-0.022930672
4231,-0.012577136,-0.061061192,0.03631586,-0.07716759,0.012475811,-0.00012679826,-0.00858454,-0.0054525873,0.016136136,0.028697442,-0.06576705,-0.020289153,-0.0039620437,-0.0026683463,0.18297748,0.05717099,0.0018044538,-0.039958876,0.029844314,0.08479117,0.10901669,-0.00024479584,0.0,0.0,0.009455503,-0.009048303,-0.022537926,0.003485198,-0.033738915,-0.07492805,-0.0068137906,-0.005896537,-0.014363819,-0.008177171,-0.029931936
169,0.022663211,-0.072033435,0.03297136,0.006541689,-0.014267445,0.0049023884,0.01902719,0.006988223,-0.018826043,0.032760914,0.014915638,0.017630607,-0.031662542,0.03751145,0.1618634,0.04121474,0.0047306344,0.03137369,0.03225336,0.08226383,0.0141728325,-0.00022143294,0.0,0.0,-0.023657536,0.014361815,0.068310104,-0.0022737067,-0.01073046,-0.035552017,-0.0026140488,-0.058375653,-0.011468053,-0.016930332,-0.025406042
1718,-0.002745536,-0.2284373,0.011025428,0.017567135,-0.00042093793,0.010286487,-0.1173664,-0.007885233,-0.07715063,0.02247006,-0.014302203,0.00027281235,-0.004446733,-0.121404655,0.15811267,-0.15459374,0.00256999,0.0030307763,0.034251235,0.14753155,-0.039117165,-0.00024479584,0.0,0.0,-0.03681788,-0.009090837,-0.026281469,-0.0022737067,-0.004990494,-0.39764622,-0.002451864,-0.0183348,0.025139468,-0.0028993313,-0.07059193
6865,0.0143031115,-0.09165611,0.025678506,0.042330638,0.006364353,0.019523207,0.020107307,0.008347355,-0.017533848,0.0134975985,0.052805617,0.014650142,-0.008047441,0.06461402,-0.1090407,-0.07980067,0.00284857,0.0747759,-0.035825748,-0.06255807,-0.06635717,-0.00011481758,0.0,0.0,-0.036588263,-0.0024354365,-0.050527547,-0.0019902524,0.09798295,-0.14455509,-0.00068828434,-0.010480727,0.020956213,0.03598931,-0.06436547
2288,0.13210927,-0.03671263,0.047580026,-0.00947278,-0.00018715083,-0.010333148,0.0032123495,-0.016916133,0.021456888,0.029492537,-0.013460685,-0.002108838,-0.00095356244,0.026722409,0.045746442,0.03825445,0.0029719032,0.018060215,0.11584496,-0.017000895,0.0012521731,0.010971305,0.0,0.0,0.43178198,-0.009082563,-0.022013199,0.00077964773,-0.026082305,0.1528455,-0.0018618642,-0.027890451,0.02528944,-0.019206487,0.049867757
5647,-0.03962541,-0.010383516,-0.14485385,-0.01744075,0.00010631232,-0.018111033,0.1755211,-0.013752629,-0.007764213,-0.14351965,-0.08364358,-0.0034702937,0.0029733044,0.03559587,-0.24535708,-0.034158666,0.06551738,0.013487015,0.048368074,-0.066574335,0.12180669,-0.00010572172,0.0,0.0,-0.006058211,-0.004158124,-0.024539154,0.018675849,-0.17690936,0.08293099,-0.05860511,-0.040425643,-0.035000123,0.0072731865,0.05364091
706,-0.0063887592,-0.017078875,0.036387578,0.04034398,0.006294937,0.004286374,0.009279966,-0.008153484,0.019956362,0.018854186,-0.0065141586,0.0026373123,0.00021769085,0.0036420296,0.042647004,0.06344447,0.0022278703,0.16759762,-0.011232926,-0.024193956,0.098195866,-0.00022143294,0.0,0.0,-0.0136072,-0.0046143928,-0.029613845,0.003768652,-0.04794787,-0.051159542,-0.006062148,0.042993277,-0.010112812,-0.024875103,-0.029045526
381,-0.0035236946,0.010536312,-0.21281071,0.012299675,0.011631105,0.0024897684,-0.02373931,-0.0011879165,-0.0002562143,-0.1482057,-0.063743494,-0.040976502,-0.028908847,0.0008145431,0.10712095,0.026030215,-0.032546066,-0.05102419,-0.14060754,-0.03573668,-0.02602085,-0.0010863129,0.0,0.0,-0.0012527015,-0.0010297442,0.06218758,0.0020189288,-0.020207865,-0.074861415,-0.0056820875,-0.0575943,-0.017179478,-0.017934622,-0.04538128
1732,0.0012985013,0.035098393,0.04980519,0.014745115,-0.027454892,-0.0075782477,-0.012972514,-0.016532559,0.007140956,0.029320685,-0.016167896,-0.0033706625,-0.0037463799,0.028437037,0.19052945,0.30687937,0.0021368547,-0.009165441,-0.04524081,0.26268044,0.037623815,-0.0010863129,0.0,0.0,-0.022150846,-0.026008958,-0.014480973,0.0016003016,-0.0155802,-0.08627297,-0.005101598,0.0037460804,-0.022636294,0.0035598788,-0.018817132
1046,-0.0033134387,0.09814523,0.03447846,0.006968613,0.029194267,-0.0007815774,-0.02129183,0.0009791772,0.0155300265,0.030922,0.016325522,-0.0020677256,-0.025217056,-0.029752823,0.17164649,0.09303191,0.004688486,-0.02137589,0.061374273,0.37034717,0.09208995,-0.00022143294,0.0,0.0,-0.011912241,-0.0058311294,0.053904053,0.0020189288,-0.0021538043,-0.07214383,-0.0069704447,-0.0140635595,-0.010547574,-0.005390309,-0.022277933
2981,-0.045352515,-0.09753907,0.03459046,0.037340995,-0.0007882427,-0.008092336,0.022202276,-0.0055423114,-0.011977567,0.02212382,-0.029424792,-0.013709785,-0.0037013227,0.032035023,-0.10339351,0.017234474,0.0018961732,-0.004718978,-0.084774055,-0.031068223,0.014009305,-0.0010863129,0.0,0.0,-0.013429275,-0.0072194887,-0.05067723,-0.0019902524,-0.040981956,-0.021208318,-0.0024518452,-0.070158795,-0.010570197,-0.04211633,-0.026632512
3481,-0.011636437,-0.04589556,0.036667436,0.03568157,0.010770613,0.00039789878,0.021495977,-0.002098537,-0.013217855,0.028697442,-0.0077464134,0.00855364,-0.003864929,0.010645038,0.18048921,0.031004079,0.0026044827,-0.024835102,-0.0802216,0.066004954,0.010866326,-0.0010863129,0.0,0.0,-0.0074179047,-0.011865864,-0.021103678,-0.0022737067,-0.042797953,-0.053351387,-0.00725629,0.0010685535,-0.01778041,0.00010861503,-0.021603703
4043,-0.02049724,0.09336578,0.038960923,0.026999487,-0.034497082,0.00029044785,-0.017910782,-0.002042854,0.022494547,0.028382909,0.055836428,0.045693453,-0.003920154,-0.02346583,0.19063416,0.07085086,0.0019240853,-0.034326337,-0.061678067,0.08129,0.12450105,-0.0010863129,0.0,0.0,-0.017205538,-0.024420438,-0.026044296,0.0020189288,-0.01542321,-0.0469291,-0.00706638,0.0028768838,-0.006190477,0.0043681907,-0.019699184
4619,-0.012577136,-0.061061192,0.03631586,-0.07716759,0.012475811,-0.00012679826,-0.00858454,-0.0054525873,0.016136136,0.028697442,-0.06576705,-0.020289153,-0.0039620437,-0.0026683463,0.18297748,0.05717099,0.0018044538,-0.039958876,0.029844314,0.08479117,0.10901669,-0.00024479584,0.0,0.0,0.009455503,-0.009048303,-0.022537926,0.003485198,-0.033738915,-0.07492805,-0.0068137906,-0.005896537,-0.014363819,-0.008177171,-0.029931936
4002,-0.022718446,-0.041089937,0.03256795,0.034732737,0.011859672,0.0011588911,0.016016472,-0.0054525873,-0.014569899,0.028697442,-0.0064329095,0.0022835452,-0.0042707003,0.024511116,0.18878032,0.09043022,0.0020112703,0.10092614,0.06706286,0.063335724,0.112202324,-0.00024479584,0.0,0.0,-0.0075145257,-0.011863293,-0.026072515,-0.0022737067,-0.02796409,-0.049519368,-0.0068223914,0.048176233,-0.007593871,-0.009714136,-0.02137573
1730,0.0012985013,0.035098393,0.04980519,0.014745115,-0.027454892,-0.0075782477,-0.012972514,-0.016532559,0.007140956,0.029320685,-0.016167896,-0.0033706625,-0.0037463799,0.028437037,0.19052945,0.30687937,0.0021368547,-0.009165441,-0.04524081,0.26268044,0.037623815,-0.0010863129,0.0,0.0,-0.022150846,-0.026008958,-0.014480973,0.0016003016,-0.0155802,-0.08627297,-0.005101598,0.0037460804,-0.022636294,0.0035598788,-0.018817132
5227,0.018165259,-0.008526324,0.03817408,0.03707889,-0.014034397,0.013603106,0.019748967,0.021101711,-0.012551878,0.04428215,0.058567915,0.016688822,-0.017117906,0.029851798,-0.15744579,0.016088046,0.012010965,0.3085303,0.011509148,-0.058675814,0.1117102,-0.00010572172,0.0,0.0,-0.040655218,0.0027753203,0.12433676,0.000368317,0.13038254,0.10699624,-0.00013040495,0.3885749,-0.010110204,0.041119132,0.047852665
179,0.0031076141,0.18979771,0.054808017,0.00764107,0.0061987266,-0.001716687,0.008594726,0.0093057025,0.03841667,0.03822823,-0.035447985,0.015140457,-0.03127348,-0.026997339,0.11737879,0.083403975,0.0047023743,0.06761302,0.12862892,0.13397774,0.051979426,-0.00024479584,0.0,0.0,-0.025560882,-0.004109948,0.06953418,0.0016003016,0.010499168,-0.033760365,-0.0015652112,-0.028474484,-0.004115962,-0.014923885,-0.021321032
561,-0.005173744,-0.10952953,0.019353809,0.031033214,0.018728625,0.010130052,0.0068379063,-0.008153484,-0.015400349,0.012711656,-0.008732021,-0.0021187672,-0.0008305328,0.014626939,-0.016874496,0.025638163,0.002650639,0.018459018,0.0072693527,-0.03144561,-0.0056745615,-0.00024479584,0.0,0.0,-0.026930748,-0.0055887727,-0.0452521,-0.0019902524,-0.0151872635,-0.12905324,-0.00235079,-0.02893182,-0.034221284,-0.01887637,-0.08024643
5152,0.018898912,0.11119916,0.033530492,0.022585627,0.02316759,0.005735371,-0.038697995,0.0006165713,0.02241457,0.03867167,0.04407902,0.008369849,-0.01905676,-0.03165411,0.2693275,0.07544294,0.004763636,0.023390856,-0.011600882,0.36797637,-0.023112569,-0.00022143294,0.0,0.0,-0.034009326,-0.005983161,0.059606005,-0.0022737067,-0.0023710353,0.26171774,-0.001809873,-0.012387835,0.07739227,-0.008511184,0.03020338
3801,-0.012577136,-0.061061192,0.03631586,-0.07716759,0.012475811,-0.00012679826,-0.00858454,-0.0054525873,0.016136136,0.028697442,-0.06576705,-0.020289153,-0.0039620437,-0.0026683463,0.18297748,0.05717099,0.0018044538,-0.039958876,0.029844314,0.08479117,0.10901669,-0.00024479584,0.0,0.0,0.009455503,-0.009048303,-0.022537926,0.003485198,-0.033738915,-0.07492805,-0.0068137906,-0.005896537,-0.014363819,-0.008177171,-0.029931936
6568,0.02002218,0.00031844524,0.049035072,0.12948433,0.061888166,0.019532515,0.017111752,0.02118481,-0.0006465205,0.02858972,0.037458338,0.0039867302,-0.0057982234,0.03121533,-0.08577717,0.055610612,0.0023312278,0.12269481,0.014579416,-0.050029818,0.082987346,-0.00010572172,0.0,0.0,0.010539368,-0.0061562774,-0.058019824,0.00077964773,0.1567473,0.11499272,-9.851414e-06,0.23391053,-0.017656699,0.03238914,0.049639396
2387,0.06994109,-0.1268705,0.026511738,-0.09302928,-0.09775325,-0.023467654,0.016500339,-0.0054525873,-0.018604971,0.015643423,-0.0402575,-0.03148269,-0.0015359167,0.028059212,-0.05343916,0.016838746,0.0027808966,-0.02195072,-0.062148146,-0.031023847,0.009658306,0.010971305,0.0,0.0,0.005557645,-0.019633215,-0.030914111,-0.0019902524,-0.023000427,-0.07797058,-0.0023630415,-0.059105024,-0.014807788,-0.0022926158,-0.03625995
2127,0.06994109,-0.1268705,0.026511738,-0.09302928,-0.09775325,-0.023467654,0.016500339,-0.0054525873,-0.018604971,0.015643423,-0.0402575,-0.03148269,-0.0015359167,0.028059212,-0.05343916,0.016838746,0.0027808966,-0.02195072,-0.062148146,-0.031023847,0.009658306,0.010971305,0.0,0.0,0.005557645,-0.019633215,-0.030914111,-0.0019902524,-0.023000427,-0.07797058,-0.0023630415,-0.059105024,-0.014807788,-0.0022926158,-0.03625995
5055,0.015510523,-0.038057946,0.04551854,0.016297461,0.012368812,0.005576974,-0.0056718206,0.014902447,0.028650315,0.043771613,0.024329623,0.008319167,-0.028503634,0.025437972,0.22614107,-0.022064786,0.0051215994,0.0034577984,0.07247723,0.31607032,0.045635767,-0.00022143294,0.0,0.0,-0.033563454,0.047028735,0.06169185,0.0004961934,-0.018204287,0.19632076,-0.0002821369,0.013334783,0.038702562,-0.0069722366,0.036545396
5528,0.01329382,0.054655436,0.028988972,0.031713497,-0.021990143,-0.0130111715,-0.02501543,0.004862756,0.06154691,0.020191276,-0.026724689,0.021936806,-0.036305595,-0.0073436373,0.0015404793,-0.0031174175,0.004825162,-0.044391055,-0.084719606,-0.024936562,-0.089433484,-0.0009231125,0.0,0.0,-0.009315476,-0.033290103,0.06825446,0.00075659633,-0.06140947,-0.04618126,-0.0023181431,-0.008572806,-0.008020589,-0.024389466,-0.033090886
3460,-0.027664112,0.1349664,0.03506007,0.0037290878,0.123905815,-0.0042809327,-0.011745321,-0.0015943159,0.03013162,0.02794884,-0.0048931073,0.010798261,-0.00580293,-0.04318842,0.19268425,0.022477267,0.0018898522,0.007799195,0.00046799582,0.123445675,0.044551298,-0.00024479584,0.0,0.0,-0.021974973,0.02832032,-0.029578112,0.0016003016,-0.008369734,-0.048956584,-0.0023123904,-0.06352234,-0.016889846,-0.0045385975,-0.017291456
1783,-0.007888612,0.099947065,-0.18198931,-0.0017246385,0.1910263,-0.008252167,0.00952567,-0.0017154927,-0.011550271,-0.17661314,-0.01841316,0.062002275,-0.007647991,-0.036668066,0.18613987,-0.08799373,-0.020284997,-0.060082547,0.11897398,-0.05715424,-0.011745786,-0.00024479584,0.0,0.0,0.0147909485,-0.013108206,-0.027837727,0.0020189288,0.02128102,0.093110085,-0.0005635228,-0.013755031,0.038151573,-0.006184883,0.024786774
5201,0.020387627,0.24948484,0.036656316,0.10029032,0.02618591,0.015400416,-0.009708787,0.01975481,0.0739923,0.030496012,0.03849854,0.064455695,-0.039639268,0.008029339,-0.1640288,-0.009937102,0.005267072,0.05733339,0.018994031,-0.06130706,0.07422626,-0.00011481758,0.0,0.0,0.07551269,0.031730868,0.11516349,0.0062628705,0.26075098,-0.05263074,-0.001019675,0.023142371,0.47872764,0.028071284,-0.0460959
168,0.022663211,-0.072033435,0.03297136,0.006541689,-0.014267445,0.0049023884,0.01902719,0.006988223,-0.018826043,0.032760914,0.014915638,0.017630607,-0.031662542,0.03751145,0.1618634,0.04121474,0.0047306344,0.03137369,0.03225336,0.08226383,0.0141728325,-0.00022143294,0.0,0.0,-0.023657536,0.014361815,0.068310104,-0.0022737067,-0.01073046,-0.035552017,-0.0026140488,-0.058375653,-0.011468053,-0.016930332,-0.025406042
5403,0.01849254,0.09915583,0.029225104,0.028235927,0.012925567,0.005403319,-0.031243827,0.0006165713,0.019176172,0.02070794,0.038178258,0.010454161,-0.021519832,-0.03378858,-0.0045126122,0.053198196,0.004774902,0.032709196,0.02590736,-0.034949932,-0.020872677,-0.00022143294,0.0,0.0,-0.040126022,-0.001400029,0.10710855,-0.0022737067,-0.005975324,0.122552946,-0.001809873,0.0618868,0.070069864,-0.015871823,0.03726435
3063,-0.041630015,-0.1479268,0.036868688,0.045357693,0.0068940055,-0.009422531,0.012601998,-0.005184324,-0.013541496,0.02212382,0.0066379374,-0.0077926614,-0.0029657215,0.015397951,-0.107933536,0.023890266,0.002297571,0.000116808544,0.029940696,-0.029825645,-0.040688567,-0.00024479584,0.0,0.0,-0.014542369,-0.0072194887,-0.051846582,-0.0019902524,-0.027560757,-0.07092704,-0.0023630415,-0.0377543,-0.015389674,-0.026088104,-0.029437361
1328,-0.002628198,0.08032425,-0.23377188,-0.020238237,-0.045375,-0.00021408213,0.016022453,0.0016533302,-0.019237764,-0.18220383,-0.08002253,0.0013204322,-0.0004548996,-0.042554814,-0.18307781,-0.09159007,-0.023613235,-0.0544424,-0.03807124,-0.09255606,-0.0022512004,-0.00027801792,0.0,0.0,-0.008062409,-0.02087317,-0.043278784,0.0027178037,0.10288478,0.06186574,0.0019712532,0.102217495,-0.002875834,0.026111653,0.025644518
1397,0.292163,0.04682574,0.044299137,-0.082884386,0.030898688,-0.010853935,0.023582995,-0.016844785,0.013433103,0.034793682,0.0979564,0.016867988,0.0016488277,0.039950993,-0.30588648,-0.008468716,0.0030159529,0.121735506,0.039703246,-0.040301867,0.025143338,0.0057853395,0.0,0.0,0.32273173,-0.006435142,0.006883618,-0.0012970353,-0.026204232,0.15091771,0.018652292,0.00016342042,0.043241955,-0.035792746,0.044242214
1451,0.043694146,0.09599244,0.028479619,-0.0029716475,-0.04564297,0.055907298,-0.028987413,0.019811194,0.021705063,0.02441691,-0.015899764,0.0025480974,0.026973363,-0.03941331,-0.06023956,0.031341482,0.0050604953,-0.024954466,0.05347969,-0.0055148336,-0.044081233,-0.00022143294,0.0,0.0,-0.039301,0.0038255835,0.10663797,-0.0019902524,-0.0006915091,0.1181109,-0.0026875301,-0.021939836,0.01837169,-0.027179671,0.0323533
2432,0.06994109,-0.1268705,0.026511738,-0.09302928,-0.09775325,-0.023467654,0.016500339,-0.0054525873,-0.018604971,0.015643423,-0.0402575,-0.03148269,-0.0015359167,0.028059212,-0.05343916,0.016838746,0.0027808966,-0.02195072,-0.062148146,-0.031023847,0.009658306,0.010971305,0.0,0.0,0.005557645,-0.019633215,-0.030914111,-0.0019902524,-0.023000427,-0.07797058,-0.0023630415,-0.059105024,-0.014807788,-0.0022926158,-0.03625995
970,-0.055412047,-0.0018811983,-0.16835672,-0.06791907,0.011036611,-0.005402178,0.23276727,-0.016582588,-0.0016026137,-0.102750435,-0.08532573,-0.0010675201,0.027355429,0.049251333,-0.2588232,-0.04865868,0.12410994,0.00353594,-0.109953254,-0.06362902,0.041581273,-0.00010572172,0.0,0.0,0.0029444324,0.003806338,-0.015760783,-0.010483907,-0.20042036,0.076837875,-0.02873025,0.104793034,-0.0010507233,0.008078847,0.047671683
3184,-0.03170147,0.08407704,0.03752153,0.021080934,0.0073235985,-0.0082182465,-0.030891107,-0.03263268,0.0089633735,0.022905279,0.042620838,-0.047697693,-0.022789722,-0.028673723,-0.12649244,0.028090307,0.0024697585,-0.016886922,-0.13812993,-0.0903118,-0.022824518,-0.0010863129,0.0,0.0,-0.036394045,-0.004830639,-0.04734831,-0.0019902524,-0.16473672,0.12658238,-0.0021528401,-0.024380587,-0.03405652,-0.04824798,0.03457428
4781,-0.034725785,0.10149812,0.030535035,0.023627603,-0.09443821,-0.008851379,-0.029552124,-0.001118592,0.026426181,0.02918395,-0.0022307942,-0.012690621,-0.0047444133,-0.031172462,0.20906207,0.050372146,0.0022272225,-0.0053989664,-0.0059611453,0.05842377,-0.019632509,-0.00024479584,0.0,0.0,-0.023962097,-0.011508361,-0.02969405,-0.0022737067,-0.017262608,0.14119214,-0.0033357993,-0.018066693,0.050882034,-0.012548682,0.029451752
1726,0.0012985013,0.035098393,0.04980519,0.014745115,-0.027454892,-0.0075782477,-0.012972514,-0.016532559,0.007140956,0.029320685,-0.016167896,-0.0033706625,-0.0037463799,0.028437037,0.19052945,0.30687937,0.0021368547,-0.009165441,-0.04524081,0.26268044,0.037623815,-0.0010863129,0.0,0.0,-0.022150846,-0.026008958,-0.014480973,0.0016003016,-0.0155802,-0.08627297,-0.005101598,0.0037460804,-0.022636294,0.0035598788,-0.018817132
5257,0.018907877,0.03842468,-0.20852889,0.0025411728,-0.0039572413,0.007762178,-0.026824139,0.0019532922,-0.01231529,-0.16087213,-0.082823545,0.005748762,-0.01845851,-0.024185654,-0.02025959,-0.13743511,-0.0154709555,-0.048203163,0.0006481657,-0.049055494,0.012477763,-0.00022143294,0.0,0.0,-0.012061839,-0.0012802785,0.089977875,-0.0015748314,-0.004177627,0.07536368,-0.00028059862,-0.027724719,0.043117907,-0.020499993,0.040640015
1744,-0.0029353292,-0.03080017,0.03813806,0.04176274,0.007129932,0.0018024768,0.020951672,-0.0044811326,-0.0061215954,0.03006929,0.027883075,-0.032599267,-0.003723404,0.013660102,0.19994143,0.03574863,0.0020300667,-0.022487473,0.00861436,0.2481735,-0.0043007717,-0.0010863129,0.0,0.0,-0.012860879,-0.010095858,-0.014450083,-0.0022737067,-0.0286217,-0.08907158,-0.008943144,-0.008950849,-0.01725452,-0.0033919138,-0.022343673
6137,0.00950331,0.009357028,-0.22524402,-0.033967562,-0.003538476,0.03422276,-0.022071123,0.0233602,-0.026515096,-0.18020599,-0.12537758,0.004526948,0.03290357,-0.012196413,-0.11155755,-0.09515642,-0.020114599,-0.056159344,0.040993016,-0.09325074,0.027701093,-0.00010572172,0.0,0.0,-0.017675556,-0.0011239819,0.089977875,-0.0015748314,0.06477131,0.084665194,0.0010751293,0.11161897,0.0021944132,0.01952128,0.035363786
3667,-0.034725785,0.10149812,0.030535035,0.023627603,-0.09443821,-0.008851379,-0.029552124,-0.001118592,0.026426181,0.02918395,-0.0022307942,-0.012690621,-0.0047444133,-0.031172462,0.20906207,0.050372146,0.0022272225,-0.0053989664,-0.0059611453,0.05842377,-0.019632509,-0.00024479584,0.0,0.0,-0.023962097,-0.011508361,-0.02969405,-0.0022737067,-0.017262608,0.14119214,-0.0033357993,-0.018066693,0.050882034,-0.012548682,0.029451752
5982,-0.0033775081,0.020133216,0.038354512,0.029328987,0.005715651,0.0035913684,-0.0217176,-0.0012300637,-0.018732416,0.022905417,0.041774593,0.03530616,0.00026835702,-0.01472986,-0.11048528,-0.037303537,0.0014411833,0.060233243,-0.08511745,-0.07381353,-0.047351778,-0.0010863129,0.0,0.0,-0.037562624,-0.0033281082,-0.043933034,0.0023023828,-0.0037313756,0.1255309,-0.003482113,-0.02502083,0.014731748,-0.004482073,0.042226132
1755,-0.003562912,-0.053892836,0.04323413,0.009115901,-0.06938524,-0.0026458045,-0.085086145,-0.004743751,-0.00921084,0.029320685,-0.0138624385,-0.022525765,-0.004299984,0.0012497576,0.19350214,-0.11451472,0.001336826,-0.026745796,-0.047341518,0.20987397,-0.082609415,-0.0010863129,0.0,0.0,-0.015693665,-0.02766006,-0.014450083,0.0016003016,-0.0116281565,-0.10801899,-0.007537893,0.005379197,-0.012778365,0.0036428869,-0.020473775
534,-0.009220456,-0.013521746,-0.22237284,-0.029518291,0.0097532235,0.04731339,0.035189204,-0.006283642,-0.029824235,-0.17571308,-0.11692454,-0.003113134,0.0003969915,-0.014289165,-0.15859154,-0.009036089,-0.01613914,-0.09311891,-0.038089998,-0.10069316,-0.003738433,-0.00027801792,0.0,0.0,-0.017495662,-0.013651525,-0.020522041,0.0056505427,0.116252586,0.06458158,0.009060732,0.2010646,-0.009683345,0.018982006,0.038215294
5634,0.048304904,-0.055009037,0.034319013,-0.0039360905,0.05253749,0.02097576,0.025284067,0.011704066,-0.018745797,0.02378768,0.008171137,0.02980392,0.019993536,0.03578134,-0.12620229,0.031013094,0.004719735,0.005585593,-0.09175424,-0.077345826,0.042036954,-0.0009231125,0.0,0.0,-0.029859684,0.0028260234,0.114567086,-0.0019902524,-0.06278537,-0.03790753,-0.0025434834,0.017987024,-0.0077494686,-0.041935455,-0.04489334
2208,0.06994109,-0.1268705,0.026511738,-0.09302928,-0.09775325,-0.023467654,0.016500339,-0.0054525873,-0.018604971,0.015643423,-0.0402575,-0.03148269,-0.0015359167,0.028059212,-0.05343916,0.016838746,0.0027808966,-0.02195072,-0.062148146,-0.031023847,0.009658306,0.010971305,0.0,0.0,0.005557645,-0.019633215,-0.030914111,-0.0019902524,-0.023000427,-0.07797058,-0.0023630415,-0.059105024,-0.014807788,-0.0022926158,-0.03625995
4918,-0.011429082,0.008086069,0.02954266,0.057363145,-0.037538275,-0.046877522,-0.02035875,-0.013204354,-0.015878778,0.02024912,0.034140065,0.0095453635,-0.002755956,-0.042244166,-0.15540853,-0.06539453,0.0022937173,0.09224189,-0.07993606,-0.08455908,0.0084025785,-0.00027801792,0.0,0.0,-0.034517072,-0.02150128,-0.06111712,0.00093408005,0.11461377,-0.14738575,-0.0008513969,-0.00823954,0.07056453,0.035660632,-0.06786801
6858,0.02688078,0.036405902,0.042221457,0.011985096,0.016398977,0.012613812,-0.02733421,0.014457332,0.0004285394,0.029775135,0.01782528,-0.008649631,-0.006730535,-0.033386935,-0.09938706,-0.020780917,0.0026240994,0.02849596,-0.016293045,-0.073945306,0.06715601,-0.00012908461,0.0,0.0,-0.039324842,-0.0036993264,-0.06177181,0.0023023828,0.06528002,-0.088948034,-0.0005021572,-0.023397518,0.053347457,0.03725609,-0.031977132
5782,-0.01420172,0.09183281,0.037984956,0.02502037,0.0068610366,0.0020283917,-0.030049415,-0.0014479065,0.03007559,0.022905279,0.043874554,0.0117747905,0.0024582257,-0.03293042,-0.100994736,0.037910037,0.0025290232,-0.014797665,-0.109361395,-0.06882865,-0.025882328,-0.0010863129,0.0,0.0,-0.036358226,-0.0047850637,-0.043963924,-0.0019902524,-0.021764193,0.13119356,-0.002409975,-0.01501654,0.018337833,-0.023446022,0.033241373
4270,-0.0330849,-0.106351815,0.03327812,0.034079645,0.010662841,-0.005582258,0.02021362,-0.0054525873,-0.014569899,0.028697442,-0.0059415195,-0.014670423,-0.0044819904,0.030278651,0.19047852,0.0252777,0.0023574797,0.019091047,0.012462913,0.07776985,0.023191093,-0.00024479584,0.0,0.0,-0.010598965,-0.012262107,-0.03173482,-0.0022737067,-0.021954576,-0.027296124,-0.0023630415,-0.06036486,-0.015504069,-0.008307024,-0.021766817
4536,-0.011636437,-0.04589556,0.036667436,0.03568157,0.010770613,0.00039789878,0.021495977,-0.002098537,-0.013217855,0.028697442,-0.0077464134,0.00855364,-0.003864929,0.010645038,0.18048921,0.031004079,0.0026044827,-0.024835102,-0.0802216,0.066004954,0.010866326,-0.0010863129,0.0,0.0,-0.0074179047,-0.011865864,-0.021103678,-0.0022737067,-0.042797953,-0.053351387,-0.00725629,0.0010685535,-0.01778041,0.00010861503,-0.021603703
5473,0.012044362,-0.027692286,0.033120263,0.028097972,-0.007328354,-0.00406688,0.019703688,0.0021758992,-0.026722813,0.020191276,0.032932725,0.01548573,-0.03018697,0.009383367,-0.01476558,0.018625807,0.0051910523,-0.040511318,-0.11850561,-0.037235413,-0.07644846,-0.0009231125,0.0,0.0,-0.026487373,-0.003934497,0.08823382,-0.0022737067,-0.029897142,-0.0411553,-0.0064995186,-0.009997513,-0.009943606,-0.022989377,-0.030601516
3898,-0.02049724,0.09336578,0.038960923,0.026999487,-0.034497082,0.00029044785,-0.017910782,-0.002042854,0.022494547,0.028382909,0.055836428,0.045693453,-0.003920154,-0.02346583,0.19063416,0.07085086,0.0019240853,-0.034326337,-0.061678067,0.08129,0.12450105,-0.0010863129,0.0,0.0,-0.017205538,-0.024420438,-0.026044296,0.0020189288,-0.01542321,-0.0469291,-0.00706638,0.0028768838,-0.006190477,0.0043681907,-0.019699184
468,0.015493045,0.08791252,0.034098774,0.008881865,0.052150298,0.0054330574,-0.03136207,0.00044098214,0.021034637,0.03310304,0.0043950933,0.02175624,-0.022936277,-0.031856854,0.2252352,0.07136609,0.004800335,0.027259303,0.006828296,0.09398839,-0.0119893085,-0.00022143294,0.0,0.0,-0.036619343,0.03444752,0.060378313,-0.0022737067,-0.00576761,0.15681332,-0.0028176517,0.07947581,0.07343997,-0.01737911,0.030244086
742,-0.0015955282,-0.09803333,0.029433502,0.032798406,0.010129164,0.008499224,0.02193289,-0.008153484,-0.014887315,0.018854186,0.03984045,-0.018518502,-0.0003018279,0.033186797,-0.021482944,0.029056855,0.0025922046,0.024398185,0.018317893,-0.028077928,0.010786199,-0.00024479584,0.0,0.0,-0.025742596,-0.005370613,-0.044082746,-0.0019902524,-0.0151872635,-0.023814471,-0.0020936546,-0.060837056,-0.008881539,-0.018865606,-0.029436706
1175,-0.057771705,-0.03908938,0.13496234,-0.10964316,0.06558185,0.005702615,0.01906066,-0.026724555,0.0044972254,0.11748405,-0.01417595,0.011156768,-0.01931073,0.018875796,-0.3682227,-0.19720238,-0.0039648092,-0.058632173,-0.077390485,-0.07688286,0.046414103,-0.00011481758,0.0,0.0,0.24349703,-0.006334602,0.060564272,-0.002943134,-0.13841917,0.120671995,-0.008906761,0.0435797,-0.011552335,0.05265851,0.061648592
1168,-0.02610453,-0.037233014,-0.067048416,0.021925826,-0.007237933,0.008271371,-0.013747147,-0.026666258,-0.0071121813,0.031595767,0.03731513,0.0010548107,0.0068983515,-0.0023729424,-0.24722397,0.0043211128,0.006481143,-0.053907692,0.045932684,-0.078182735,0.025033712,-0.00010572172,0.0,0.0,-0.027450174,-0.0019840077,-0.052188534,-0.0012970353,-0.11060745,0.098217495,0.009759119,0.003028621,-0.032916278,0.019007316,0.052353047
5814,-0.0035804233,-0.103321366,0.023973662,0.024849927,0.0021692712,0.00065202365,0.0076743765,-0.0055423114,-0.012911502,0.016133515,-0.00896033,-0.04043841,0.0027217558,0.016714115,-0.10555511,-0.072501376,0.002297571,0.027056795,-0.05273979,-0.054618143,-0.044330306,-0.0010863129,0.0,0.0,-0.02404108,-0.0053615184,-0.048386052,-0.0019902524,-0.015203049,-0.1250177,-0.0020621454,-0.031111853,-0.02806699,-0.0050366526,-0.07386831
1820,-0.008832513,0.00911343,0.037958845,-0.044343367,0.018627133,-0.0019567418,-0.006981538,-0.020300278,0.017498344,0.03006929,-0.009135162,0.023043433,-0.0014234101,0.005616401,0.19119756,0.11093761,0.0026044827,-0.01743391,-0.057171304,0.27261248,0.12972663,-0.0009231125,0.0,0.0,-0.051940903,-0.0068705208,-0.010946382,0.003485198,-0.04748628,-0.08335394,-0.004759619,0.0066758697,-0.01661428,0.0013334622,-0.020726606
1210,0.046521712,-0.065016784,0.034297317,-0.018357705,0.049460504,0.022126162,-0.007689006,0.024066146,-0.0041370383,0.02378768,0.008163942,0.04330623,0.060228065,0.007830515,-0.042200312,0.03828634,0.0050154296,0.023006927,-0.13617684,0.014667611,0.049622614,-0.0009231125,0.0,0.0,-0.02657733,-0.020337997,0.08018169,0.003768652,-0.031381894,-0.07961021,-0.006541596,-0.06811943,-0.006502244,-0.024712868,-0.028215034
1372,-0.01677194,-0.07236094,0.030905757,0.011856007,0.0080146175,-0.06577451,0.023881715,-0.008629044,-0.01526744,0.02378768,-0.014120335,0.02234143,0.053146422,0.039188094,-0.05165685,0.030992717,0.0045340885,0.030170344,0.048733026,-0.0669737,0.038803626,-0.00022143294,0.0,0.0,-0.024919251,0.0032400335,0.11456976,-0.0019902524,-0.0033516395,-0.018162543,-0.0024842978,0.02089825,-0.012372782,-0.019667171,-0.028965276
4046,-0.034725785,0.10149812,0.030535035,0.023627603,-0.09443821,-0.008851379,-0.029552124,-0.001118592,0.026426181,0.02918395,-0.0022307942,-0.012690621,-0.0047444133,-0.031172462,0.20906207,0.050372146,0.0022272225,-0.0053989664,-0.0059611453,0.05842377,-0.019632509,-0.00024479584,0.0,0.0,-0.023962097,-0.011508361,-0.02969405,-0.0022737067,-0.017262608,0.14119214,-0.0033357993,-0.018066693,0.050882034,-0.012548682,0.029451752
6761,0.014767584,-0.098276146,0.02480627,0.028314842,0.002148187,0.0037929313,0.0033524155,0.008447814,-0.017666323,0.016401991,0.057136476,0.0154507635,-0.008172534,0.028435407,-0.11041067,-0.072483994,0.0021628393,0.040089928,0.026691493,-0.059403904,-0.043362826,-0.00011481758,0.0,0.0,-0.04365836,-0.0014776853,-0.050527547,-0.0019902524,0.12817413,-0.14243491,-0.0015722195,-0.02361727,0.06570703,0.04182219,-0.07185274
1832,-0.008832513,0.00911343,0.037958845,-0.044343367,0.018627133,-0.0019567418,-0.006981538,-0.020300278,0.017498344,0.03006929,-0.009135162,0.023043433,-0.0014234101,0.005616401,0.19119756,0.11093761,0.0026044827,-0.01743391,-0.057171304,0.27261248,0.12972663,-0.0009231125,0.0,0.0,-0.051940903,-0.0068705208,-0.010946382,0.003485198,-0.04748628,-0.08335394,-0.004759619,0.0066758697,-0.01661428,0.0013334622,-0.020726606
503,-0.016450413,0.014353256,-0.1612178,-0.042667847,-0.00046893887,0.05455064,0.15783988,-0.00671811,0.010206936,-0.18569465,-0.09367266,0.0022066026,0.0016388097,0.031259086,-0.1888256,-0.056271877,-0.060741138,-0.07987824,0.014758329,-0.13564037,0.061785243,-0.00010572172,0.0,0.0,-0.019373022,-0.0023397843,-0.019885799,-0.0039478224,0.04494418,0.07867122,0.007046438,0.057688758,-0.03215864,0.012248515,0.045033712
4076,-0.025425972,0.09886415,0.03426809,0.02688038,-0.035294455,0.0022886824,-0.017944481,-0.001684867,0.021773763,0.028382909,0.05762099,0.047441166,-0.004101263,-0.024825906,0.18983611,0.086798236,0.0023308601,0.028478744,0.05594584,0.08214706,0.123253666,-0.00024479584,0.0,0.0,-0.017305115,-0.024420438,-0.020886693,0.0020189288,-0.008707362,-0.0014901157,-0.0068223914,-0.054320026,-0.011498512,-0.004107891,-0.021308832
733,-0.0015955282,-0.09803333,0.029433502,0.032798406,0.010129164,0.008499224,0.02193289,-0.008153484,-0.014887315,0.018854186,0.03984045,-0.018518502,-0.0003018279,0.033186797,-0.021482944,0.029056855,0.0025922046,0.024398185,0.018317893,-0.028077928,0.010786199,-0.00024479584,0.0,0.0,-0.025742596,-0.005370613,-0.044082746,-0.0019902524,-0.0151872635,-0.023814471,-0.0020936546,-0.060837056,-0.008881539,-0.018865606,-0.029436706
4974,0.018175213,-0.08058607,0.025728911,0.010752408,-0.017480124,0.05967285,0.020250706,0.009199951,-0.017756289,0.02378768,0.015304739,0.010715207,0.002573522,0.039188094,-0.012597116,0.026552273,0.004740906,0.043050386,0.068667345,-0.03391424,0.036157154,-0.00022143294,0.0,0.0,-0.02548561,0.0032400335,0.11456976,-0.0019902524,-0.0030808398,-0.018362815,-0.0026140488,0.0047789756,-0.014266904,-0.019667171,-0.029990284
4801,-0.034725785,0.10149812,0.030535035,0.023627603,-0.09443821,-0.008851379,-0.029552124,-0.001118592,0.026426181,0.02918395,-0.0022307942,-0.012690621,-0.0047444133,-0.031172462,0.20906207,0.050372146,0.0022272225,-0.0053989664,-0.0059611453,0.05842377,-0.019632509,-0.00024479584,0.0,0.0,-0.023962097,-0.011508361,-0.02969405,-0.0022737067,-0.017262608,0.14119214,-0.0033357993,-0.018066693,0.050882034,-0.012548682,0.029451752
95,0.1806298,0.047936797,0.034539323,-0.017886324,-0.20867242,0.004149394,-0.009641752,-0.014346714,-0.026993634,0.024791844,-0.0028065285,-0.0018546376,-0.0049575684,-0.0688427,-0.25235233,-0.027534794,0.0022631988,0.0813162,-0.03536554,-0.081407,0.00968939,0.012460268,0.0,0.0,-0.035211533,-0.0042443387,-0.024509616,0.0010443724,0.08992005,0.12506236,0.000594996,0.1196655,0.0002727429,0.020364309,0.033137813
1438,0.052556194,0.16341737,0.054536704,0.01863214,0.026920237,0.094097346,-0.0009931375,0.028736709,0.043802783,0.031115409,-0.02954145,0.04310751,0.028506735,-0.03352767,-0.014081942,0.09522298,0.0051257913,0.07868713,0.21497852,0.026243035,0.063362524,-0.00024479584,0.0,0.0,-0.028352812,-0.0014075788,0.13008675,0.0018837561,0.0048473817,-0.0257271,-0.0014770105,-0.025697488,0.015995469,-0.023337979,-0.029746333
2827,-0.026165318,-0.10334013,0.019121496,0.03838557,0.02294464,-0.009126613,0.0035942888,-0.005184324,-0.012490604,0.015981287,0.0006523408,-0.006113716,-0.0025573238,0.015562077,-0.10278187,-0.07743879,0.0025043879,0.01718092,0.007947062,-0.034589224,-0.035679154,-0.00024479584,0.0,0.0,-0.014600812,-0.0072694533,-0.051874805,-0.0019902524,-0.026358658,-0.12503345,-0.0023630415,-0.03651475,-0.027817018,-0.018456897,-0.07566963
3914,-0.034725785,0.10149812,0.030535035,0.023627603,-0.09443821,-0.008851379,-0.029552124,-0.001118592,0.026426181,0.02918395,-0.0022307942,-0.012690621,-0.0047444133,-0.031172462,0.20906207,0.050372146,0.0022272225,-0.0053989664,-0.0059611453,0.05842377,-0.019632509,-0.00024479584,0.0,0.0,-0.023962097,-0.011508361,-0.02969405,-0.0022737067,-0.017262608,0.14119214,-0.0033357993,-0.018066693,0.050882034,-0.012548682,0.029451752
1103,0.007301105,-0.005346652,-0.26509944,-0.0064925593,-0.012555147,-0.021899065,-0.0002773959,0.004630102,-0.012058042,-0.21954785,-0.011482907,0.0018744715,-0.0024948204,0.007162386,-0.23044014,-0.011263006,-0.033312943,-0.06440556,-0.0004977902,-0.0986121,-0.0119253965,-0.00010572172,0.0,0.0,-0.010544414,-0.0026508763,-0.03237109,0.0046935715,0.079421274,0.08323734,-0.07889431,-0.017664492,-0.005506307,0.01438705,0.032253157
4414,-0.036622178,0.030099131,0.008602575,0.031008132,0.038513195,-0.016858796,-0.0070613394,-0.000686659,0.027847648,0.015020844,0.033475768,0.015142916,-0.0021593906,0.002072046,-0.094147384,0.12158718,0.01228693,0.2833947,-0.066408604,-0.12770577,0.02825475,-0.00027801792,0.0,0.0,-0.04517207,0.0049493564,-0.014015743,0.00077964773,0.22386193,0.18405525,-0.0018844763,0.11078471,0.14132483,0.33197132,0.05829058
2653,0.13193071,-0.009565962,0.033538397,0.10706152,0.019688733,-0.013816567,0.04024155,-0.0054525873,0.016269846,0.024151798,0.066242605,0.018721769,-0.0027494743,0.0075313854,0.012011053,0.06308303,0.0022278703,0.11143717,0.0017105225,0.012524926,0.16054477,0.010971305,0.0,0.0,0.3725095,-0.0060932375,-0.01042216,0.003768652,-0.033115923,-0.06450673,-0.006331535,0.06794566,-0.013553311,-0.022154694,-0.030066501
6000,-0.008738362,-0.10150664,0.023416352,0.02645299,0.008520575,0.0026602666,0.0063536637,-0.0052426206,-0.010298128,0.016133515,-0.010357466,-0.047911275,0.003734655,0.011243214,-0.094037235,0.01861654,0.0025424818,-0.021320604,-0.14659235,-0.057436347,-0.0014821336,-0.0010863129,0.0,0.0,-0.024490634,-0.005370613,-0.046669677,-0.0019902524,-0.022155534,-0.12658057,-0.0021528401,-0.023671843,-0.015516231,-0.024243748,-0.086136736
1075,-0.020026326,0.03217702,-0.16801848,0.0051605636,0.010507516,0.0098914355,-0.008609894,-0.011187431,0.0110689355,-0.15870214,0.027377227,0.012097326,0.00488347,-0.017195089,-0.23637782,-0.026929291,-0.018973319,-0.043349914,0.058114726,-0.0875276,0.011251068,-0.00012908461,0.0,0.0,-0.015968299,-0.0014404418,-0.052188534,-0.0005886548,-0.12710896,0.0796489,0.0022427514,0.12594269,-0.02914827,-0.007120796,0.0382879
1869,-0.008197135,0.058141388,-0.19351718,-0.008624276,-0.041790184,-0.0068903007,-0.032122105,-0.0010784949,-0.015032084,-0.17587794,0.0024017836,-0.004065633,-0.0047361637,-0.0339184,0.17737778,-0.055422883,-0.01842886,-0.046832852,0.12052561,-0.0518954,-0.01870066,-0.00024479584,0.0,0.0,-0.024098625,-0.004933255,-0.026594834,-0.0018582857,0.024788788,0.12926467,-0.00062330184,0.0033121577,0.03717205,-0.0068395035,0.043316167
3781,-0.024486607,0.014580875,0.041479826,0.037209354,-0.018163538,-0.002315883,-0.013849535,-0.0019423952,-0.013351221,0.02794884,0.035595547,-0.011779641,-0.0057058153,0.026999108,0.17308356,0.022947703,0.0015624388,-0.02725063,-0.0106383,0.0844027,-0.009028506,-0.0010863129,0.0,0.0,-0.0208978,0.04394942,-0.019285524,0.0016003016,-0.014340911,-0.0400352,-0.007329641,0.005806718,-0.007716353,0.0035682286,-0.02032238
5707,-0.094252266,0.15514475,0.04696274,-0.07662714,-0.0038088723,0.06531123,-0.07521632,0.011482258,0.042759474,0.031115409,-0.11817294,-0.040087797,0.025790524,-0.045241285,0.032400765,0.06973344,0.0051529733,0.05290747,0.16082285,-0.0042344145,0.06333116,-0.00022143294,0.0,0.0,0.0005207813,-0.0030240004,0.1304146,-0.03892998,0.005831895,-0.046359893,-0.0014970435,-0.03383484,0.022804005,-0.021903647,-0.027560366
1371,-0.01677194,-0.07236094,0.030905757,0.011856007,0.0080146175,-0.06577451,0.023881715,-0.008629044,-0.01526744,0.02378768,-0.014120335,0.02234143,0.053146422,0.039188094,-0.05165685,0.030992717,0.0045340885,0.030170344,0.048733026,-0.0669737,0.038803626,-0.00022143294,0.0,0.0,-0.024919251,0.0032400335,0.11456976,-0.0019902524,-0.0033516395,-0.018162543,-0.0024842978,0.02089825,-0.012372782,-0.019667171,-0.028965276
6150,0.09226685,-0.07016247,0.03516042,0.007382572,0.053259417,0.027549297,0.02777346,0.050876748,-0.01526744,0.02378768,-0.005751627,0.055959992,0.087874286,0.039188094,-0.031953514,0.032597706,0.0045340885,0.06410051,-0.009232686,0.021480326,0.038106296,-0.0009231125,0.0,0.0,-0.026302697,0.0032400335,0.114597976,-0.0019902524,-0.008150239,-0.018162543,-0.0024824068,0.022494074,-0.012113987,-0.02246326,-0.03027997
3799,-0.024396176,-0.0053624427,-0.14651737,0.032452818,-0.0053127967,-0.0006225767,-0.034571078,0.0045793257,0.015814295,-0.1383297,-0.03660867,-0.01320391,0.0005720218,-0.036118176,0.14060396,0.052855663,-0.030678954,-0.07154837,0.058361307,-0.0419974,-0.011754683,-0.00024479584,0.0,0.0,-0.019321952,-0.0048017586,-0.0069544646,0.00075659633,0.002278159,-0.05561061,-0.00491523,0.0021465512,-0.015547567,-0.006577189,-0.055234686
2276,0.098806314,-0.12385814,0.016341733,0.019604612,-0.020479478,-0.015361609,0.0020002958,-0.0054525873,-0.01817989,0.009186361,0.0054876427,-0.0048115524,-0.0018562962,0.01668928,-0.046516467,-0.08250352,0.002650639,0.081333116,-0.03251322,-0.038450643,-0.037357897,0.010971305,0.0,0.0,0.004938531,-0.01968318,-0.027033152,-0.0019902524,-0.019680591,-0.16645728,-0.002363412,-0.028399624,-0.025633138,0.0033235932,-0.08197478
683,-0.031463098,0.09774037,0.043186642,0.026830167,0.015262857,0.0065675005,-0.032215804,-0.01584931,0.024966534,0.024194926,0.05229702,0.0026949584,0.0005028931,-0.037342064,0.0012733983,-0.010396997,0.00335853,0.0070181265,0.1523141,-0.034504645,0.016010148,-0.00024479584,0.0,0.0,-0.03834541,-0.0051228423,-0.05400581,-0.0015748314,-0.0034378665,0.12147761,-0.0018618642,-0.019537233,0.019891404,-0.014258754,0.046206743
2748,0.17708057,0.124424584,0.04530749,0.07642341,0.047148272,-0.008515937,-0.020286001,-0.002042854,0.017934201,0.01532889,0.008613486,0.008121073,-0.004161504,-0.024906894,-0.029726267,0.056265026,0.0020045387,-0.042561572,-0.05166379,-0.023499416,0.11993567,0.04868658,0.0,0.0,-0.013123264,0.084882714,-0.0236104,0.0023023828,-0.030616729,-0.073885486,-0.007157075,0.0029685493,-0.002455235,0.0064492268,-0.02672365
3244,-0.015981227,0.020256003,-0.22933982,-0.016632538,-0.003789811,-0.015174134,0.070316456,0.0019532922,0.006475486,-0.19022846,-0.121288665,-0.004240074,0.0014250118,0.002726767,-0.26344302,-0.04251165,-0.020771548,-0.076931186,0.03428476,-0.07441772,0.017931953,-0.00010572172,0.0,0.0,-0.00059911236,-0.0034263113,-0.028246073,0.0046935715,-0.071543775,0.07942898,-0.04161086,-0.021723092,0.04564255,0.007944896,0.05521537
1623,-0.013885564,0.075606614,-0.03576219,0.023853904,0.004601085,-0.009165998,0.038065758,-0.015777962,0.019786643,0.03825014,0.038463984,0.0033900682,-0.004131139,0.10763965,0.27256253,0.10634814,0.05492883,0.264073,0.028211933,-0.046110865,0.005190184,-0.00024479584,0.0,0.0,-0.027777445,0.0095478995,-0.027837727,0.003485198,0.009678971,0.19574866,0.03646529,0.03208433,0.10460555,-0.015167874,0.094786026
6942,0.0076877982,0.028578239,0.038984347,-0.004743727,-0.0068944828,0.0115084285,-0.02010488,0.0036878067,-0.0318557,0.022727754,-0.023727896,0.011788415,-0.009253072,-0.0129173165,-0.12999012,-0.10434904,0.0023351468,0.03737383,-0.0036836644,-0.076204024,-0.073143646,-0.00012908461,0.0,0.0,-0.048147142,-0.0028719078,-0.04731742,0.0027178037,0.07268432,0.11177333,-0.0005021572,-0.006602383,-0.0052886265,0.022929639,0.04279663
4100,-0.024486607,0.014580875,0.041479826,0.037209354,-0.018163538,-0.002315883,-0.013849535,-0.0019423952,-0.013351221,0.02794884,0.035595547,-0.011779641,-0.0057058153,0.026999108,0.17308356,0.022947703,0.0015624388,-0.02725063,-0.0106383,0.0844027,-0.009028506,-0.0010863129,0.0,0.0,-0.0208978,0.04394942,-0.019285524,0.0016003016,-0.014340911,-0.0400352,-0.007329641,0.005806718,-0.007716353,0.0035682286,-0.02032238
6036,-0.021926863,0.066613615,0.03399591,-0.0139294835,0.19061354,-0.007894103,-0.0302219,-0.01660357,-0.020060409,0.025225071,0.0016203515,0.011709988,0.0018598716,-0.055634376,-0.08273405,0.012969891,0.0022129868,0.056859285,0.01910923,-0.07361432,0.015729971,-0.00024479584,0.0,0.0,-0.034678455,-0.017376417,-0.055177294,0.002299177,0.016839707,0.075110324,-0.00055376015,-0.01953085,0.031193314,0.0005338389,0.03571319
2521,0.06994109,-0.1268705,0.026511738,-0.09302928,-0.09775325,-0.023467654,0.016500339,-0.0054525873,-0.018604971,0.015643423,-0.0402575,-0.03148269,-0.0015359167,0.028059212,-0.05343916,0.016838746,0.0027808966,-0.02195072,-0.062148146,-0.031023847,0.009658306,0.010971305,0.0,0.0,0.005557645,-0.019633215,-0.030914111,-0.0019902524,-0.023000427,-0.07797058,-0.0023630415,-0.059105024,-0.014807788,-0.0022926158,-0.03625995
496,-0.009220456,-0.013521746,-0.22237284,-0.029518291,0.0097532235,0.04731339,0.035189204,-0.006283642,-0.029824235,-0.17571308,-0.11692454,-0.003113134,0.0003969915,-0.014289165,-0.15859154,-0.009036089,-0.01613914,-0.09311891,-0.038089998,-0.10069316,-0.003738433,-0.00027801792,0.0,0.0,-0.017495662,-0.013651525,-0.020522041,0.0056505427,0.116252586,0.06458158,0.009060732,0.2010646,-0.009683345,0.018982006,0.038215294
2522,0.06994109,-0.1268705,0.026511738,-0.09302928,-0.09775325,-0.023467654,0.016500339,-0.0054525873,-0.018604971,0.015643423,-0.0402575,-0.03148269,-0.0015359167,0.028059212,-0.05343916,0.016838746,0.0027808966,-0.02195072,-0.062148146,-0.031023847,0.009658306,0.010971305,0.0,0.0,0.005557645,-0.019633215,-0.030914111,-0.0019902524,-0.023000427,-0.07797058,-0.0023630415,-0.059105024,-0.014807788,-0.0022926158,-0.03625995
2691,0.06994109,-0.1268705,0.026511738,-0.09302928,-0.09775325,-0.023467654,0.016500339,-0.0054525873,-0.018604971,0.015643423,-0.0402575,-0.03148269,-0.0015359167,0.028059212,-0.05343916,0.016838746,0.0027808966,-0.02195072,-0.062148146,-0.031023847,0.009658306,0.010971305,0.0,0.0,0.005557645,-0.019633215,-0.030914111,-0.0019902524,-0.023000427,-0.07797058,-0.0023630415,-0.059105024,-0.014807788,-0.0022926158,-0.03625995
4635,-0.032790113,0.041328505,0.032297894,0.020903224,-0.080957815,-0.0071521387,-0.030643307,-0.001684867,-0.009653346,0.028382909,-0.0112195965,-0.017007122,-0.004312553,-0.027279306,0.19326955,0.029028654,0.0019719885,-0.017561233,0.022134013,0.07834702,-0.007676904,-0.00024479584,0.0,0.0,-0.020285562,-0.024469666,-0.032904174,0.0020189288,-0.007332415,-0.08003869,-0.0024363925,-0.06127431,-0.029110141,-0.004516711,-0.023153491
2117,0.037560705,0.017450413,0.025891285,0.04570346,0.09874158,0.010058184,0.026577648,0.021464182,0.029521083,-0.0019275087,0.011744287,-0.0010480896,-0.0042007277,0.029873835,-0.07419165,0.02200899,0.03819624,0.03652185,0.021985972,-0.124411516,0.13571148,-0.00010572172,0.0,0.0,0.008453568,-0.007542489,-0.04992488,0.00077964773,0.14496408,0.14605984,-0.022237312,0.047709666,-0.00907051,0.19047289,0.06245933
6930,0.010777454,-0.0020294692,0.03476267,0.04457607,-0.0069987383,0.0040661087,-0.03255802,0.009202324,0.0429086,0.022413082,-0.028673565,0.014615301,-0.009140897,-0.008172169,-0.112384625,-0.146294,0.0018501498,0.037575513,-0.08955716,-0.036942612,-0.08136602,-0.00011481758,0.0,0.0,0.015032653,-0.004663837,-0.040343516,0.00077964773,0.18217413,0.11959596,-0.0006909044,0.009266877,-0.0034993682,0.008171927,0.03121256
3050,-0.045352515,-0.09753907,0.03459046,0.037340995,-0.0007882427,-0.008092336,0.022202276,-0.0055423114,-0.011977567,0.02212382,-0.029424792,-0.013709785,-0.0037013227,0.032035023,-0.10339351,0.017234474,0.0018961732,-0.004718978,-0.084774055,-0.031068223,0.014009305,-0.0010863129,0.0,0.0,-0.013429275,-0.0072194887,-0.05067723,-0.0019902524,-0.040981956,-0.021208318,-0.0024518452,-0.070158795,-0.010570197,-0.04211633,-0.026632512
2892,-0.041630015,-0.1479268,0.036868688,0.045357693,0.0068940055,-0.009422531,0.012601998,-0.005184324,-0.013541496,0.02212382,0.0066379374,-0.0077926614,-0.0029657215,0.015397951,-0.107933536,0.023890266,0.002297571,0.000116808544,0.029940696,-0.029825645,-0.040688567,-0.00024479584,0.0,0.0,-0.014542369,-0.0072194887,-0.051846582,-0.0019902524,-0.027560757,-0.07092704,-0.0023630415,-0.0377543,-0.015389674,-0.026088104,-0.029437361
4578,-0.032987088,-0.0018185205,0.03409734,0.017255902,-0.0009445712,-0.008109514,-0.024061786,-0.001118592,-0.011591774,0.028236914,0.04629079,-0.010439263,-0.007320253,-0.021540511,0.20504542,-0.08168432,0.0017137987,0.018551376,-0.046172544,0.06644423,-0.037983313,-0.00024479584,0.0,0.0,-0.03276956,-0.021398991,-0.028451158,0.0020189288,-0.0005608991,0.14226145,-0.0034091503,0.053352427,0.02597032,-0.0011198159,0.049948484
3032,-0.045352515,-0.09753907,0.03459046,0.037340995,-0.0007882427,-0.008092336,0.022202276,-0.0055423114,-0.011977567,0.02212382,-0.029424792,-0.013709785,-0.0037013227,0.032035023,-0.10339351,0.017234474,0.0018961732,-0.004718978,-0.084774055,-0.031068223,0.014009305,-0.0010863129,0.0,0.0,-0.013429275,-0.0072194887,-0.05067723,-0.0019902524,-0.040981956,-0.021208318,-0.0024518452,-0.070158795,-0.010570197,-0.04211633,-0.026632512
3765,-0.033490464,0.100146644,0.03089871,0.024478944,-0.016296754,-0.00882819,-0.029635224,-0.001118592,0.026426181,0.029039562,0.00598358,-0.0072471616,-0.0045360876,-0.028026998,0.21073371,-0.07782967,0.0022272225,0.011122825,-0.049451876,0.06412745,-0.037273884,-0.00024479584,0.0,0.0,-0.023964265,-0.011508361,-0.028451158,-0.0022737067,-0.016060507,0.15081802,-0.0033357993,0.067438886,0.025954343,-0.008882065,0.05057168
1002,-0.00061469775,0.06475863,0.037172884,0.0029527736,0.025637014,-0.0010688271,-0.022560468,0.0009791772,-0.011866213,0.030941626,0.014894916,-0.027674474,-0.027121449,0.017987825,0.17827807,0.018433766,0.004055689,-0.026366293,0.0023419487,0.3684547,-0.05779711,-0.00024479584,0.0,0.0,-0.012865528,-0.006219993,0.041534472,0.0016003016,-0.009521611,-0.07634544,-0.007427809,-0.006700418,-0.011684959,0.0007558103,-0.022702554
2312,0.06994109,-0.1268705,0.026511738,-0.09302928,-0.09775325,-0.023467654,0.016500339,-0.0054525873,-0.018604971,0.015643423,-0.0402575,-0.03148269,-0.0015359167,0.028059212,-0.05343916,0.016838746,0.0027808966,-0.02195072,-0.062148146,-0.031023847,0.009658306,0.010971305,0.0,0.0,0.005557645,-0.019633215,-0.030914111,-0.0019902524,-0.023000427,-0.07797058,-0.0023630415,-0.059105024,-0.014807788,-0.0022926158,-0.03625995
2154,0.082999066,-0.120046645,0.016614363,-0.058391258,-0.050113924,-0.022341331,-0.0005668094,-0.0054525873,-0.01828578,0.009186361,-0.01006848,-0.004179105,-0.0020646222,0.013603596,-0.04879913,0.01851946,0.0026393728,-0.023500739,-0.057098083,-0.03633732,-0.009887158,0.010971305,0.0,0.0,0.0049407,-0.01968318,-0.027033152,-0.0019902524,-0.023000427,-0.17347506,-0.0023630415,-0.02866872,-0.029529957,-0.0022926158,-0.087041035
5954,-0.003761707,-0.18295164,0.012318988,0.02432684,-0.0060147773,0.0060542887,-0.09912197,-0.007835631,-0.07790018,0.014567507,0.03818737,0.0011678353,0.0040947064,-0.09449361,-0.112214774,-0.12777305,0.002640338,0.032688618,0.030273885,-0.056742124,-0.06655748,-0.00024479584,0.0,0.0,-0.041476447,-0.0054771523,-0.04989557,-0.0019902524,-0.0068953214,-0.25052974,-0.0014372361,0.0075461604,-0.027069876,0.0026638687,-0.07205346
3611,-0.0330849,-0.106351815,0.03327812,0.034079645,0.010662841,-0.005582258,0.02021362,-0.0054525873,-0.014569899,0.028697442,-0.0059415195,-0.014670423,-0.0044819904,0.030278651,0.19047852,0.0252777,0.0023574797,0.019091047,0.012462913,0.07776985,0.023191093,-0.00024479584,0.0,0.0,-0.010598965,-0.012262107,-0.03173482,-0.0022737067,-0.021954576,-0.027296124,-0.0023630415,-0.06036486,-0.015504069,-0.008307024,-0.021766817
5597,0.052285302,0.076459296,0.033223353,-0.013693345,-0.0063938713,0.048386443,-0.025462361,0.012558741,0.020661756,0.02441691,-0.010132815,0.021029808,0.008883119,-0.03550317,-0.14156595,0.024548406,0.00445145,-0.023833679,-0.022890095,-0.08410869,-0.039171726,-0.0009231125,0.0,0.0,-0.0434676,0.0032489724,0.106666185,-0.0019902524,-0.077400655,0.1181109,-0.0025434834,-0.028809227,-0.025763523,-0.039029058,0.03573708
3034,-0.06153368,-0.050279044,-0.2035821,0.0064475304,-0.002847923,0.01009395,-0.016117074,-0.009353528,-0.018687364,-0.10934168,0.022742461,-0.02269698,0.0007555193,-0.026542785,-0.079724856,0.046680447,0.06186376,-0.005878856,-0.10541656,-0.06020632,0.016942708,-0.0010863129,0.0,0.0,0.0047287317,-0.0046974397,-0.024190577,0.0010400506,-0.03820636,-0.021612972,-0.054338504,0.07254553,-0.02905721,-0.00032987335,0.02288148
642,-0.0015955282,-0.09803333,0.029433502,0.032798406,0.010129164,0.008499224,0.02193289,-0.008153484,-0.014887315,0.018854186,0.03984045,-0.018518502,-0.0003018279,0.033186797,-0.021482944,0.029056855,0.0025922046,0.024398185,0.018317893,-0.028077928,0.010786199,-0.00024479584,0.0,0.0,-0.025742596,-0.005370613,-0.044082746,-0.0019902524,-0.0151872635,-0.023814471,-0.0020936546,-0.060837056,-0.008881539,-0.018865606,-0.029436706
6126,0.00077857025,0.11321754,0.035630517,-0.055119444,0.0401732,0.13668656,0.004105453,0.015532202,-0.003567736,0.036432337,-0.06819661,-0.006328371,0.027943952,-0.07333705,-0.14794415,-0.13371688,0.0054565175,0.058578346,0.04660817,-0.09011423,-0.07339726,-0.00012908461,0.0,0.0,-0.0496678,-0.002290127,0.10445959,0.002299177,0.0779136,0.09469913,0.0010426769,0.13462439,0.021186845,0.026036628,0.039892808
828,0.010364003,-0.07024533,-0.15568171,-0.008578317,0.0003910973,0.006232642,0.011031758,0.00678051,-0.07791408,-0.14084762,-0.0016297931,0.023019407,-0.017093373,0.035661537,-0.15192759,-0.13933106,-0.02399896,-0.053080175,-0.01227713,-0.08411607,0.017098796,-0.00011481758,0.0,0.0,-0.027558452,-0.0017057807,-0.044060018,0.003768652,0.08723923,-0.18761426,0.0009309855,-0.0002915702,0.009386891,0.024463909,-0.035352785
2575,0.06994109,-0.1268705,0.026511738,-0.09302928,-0.09775325,-0.023467654,0.016500339,-0.0054525873,-0.018604971,0.015643423,-0.0402575,-0.03148269,-0.0015359167,0.028059212,-0.05343916,0.016838746,0.0027808966,-0.02195072,-0.062148146,-0.031023847,0.009658306,0.010971305,0.0,0.0,0.005557645,-0.019633215,-0.030914111,-0.0019902524,-0.023000427,-0.07797058,-0.0023630415,-0.059105024,-0.014807788,-0.0022926158,-0.03625995
5593,0.052285302,0.076459296,0.033223353,-0.013693345,-0.0063938713,0.048386443,-0.025462361,0.012558741,0.020661756,0.02441691,-0.010132815,0.021029808,0.008883119,-0.03550317,-0.14156595,0.024548406,0.00445145,-0.023833679,-0.022890095,-0.08410869,-0.039171726,-0.0009231125,0.0,0.0,-0.0434676,0.0032489724,0.106666185,-0.0019902524,-0.077400655,0.1181109,-0.0025434834,-0.028809227,-0.025763523,-0.039029058,0.03573708
1433,-0.004536535,0.021167902,-0.2198155,-0.04784214,-0.023299664,-0.0052050906,0.19099846,0.0011372764,0.00477732,-0.1771164,-0.113545984,0.013850427,-0.0015891443,0.037619043,-0.23370947,-0.015057252,-0.011177394,-0.048689667,-0.05908284,-0.08519779,0.014768843,-0.00011481758,0.0,0.0,-0.018726703,-0.002651091,-0.03235729,0.0046935715,0.029587526,0.078478344,0.037814658,-0.012719045,-0.007404582,0.01405784,0.042586964
676,-0.0015955282,-0.09803333,0.029433502,0.032798406,0.010129164,0.008499224,0.02193289,-0.008153484,-0.014887315,0.018854186,0.03984045,-0.018518502,-0.0003018279,0.033186797,-0.021482944,0.029056855,0.0025922046,0.024398185,0.018317893,-0.028077928,0.010786199,-0.00024479584,0.0,0.0,-0.025742596,-0.005370613,-0.044082746,-0.0019902524,-0.0151872635,-0.023814471,-0.0020936546,-0.060837056,-0.008881539,-0.018865606,-0.029436706
6705,0.008952524,-0.14014211,0.03725238,0.02721616,-0.0042949496,0.0021001836,0.0112541495,0.008647046,-0.019701855,0.022544522,0.045446675,0.0022382438,-0.008849798,0.012033192,-0.11681187,-0.034171343,0.0027507138,0.020753974,-0.10877833,-0.06324791,-0.03838564,-0.00011481758,0.0,0.0,-0.043583505,-0.004183818,-0.04840931,-0.0019902524,0.12817413,-0.08844984,-0.0015722195,-0.02253536,0.06081461,0.04182219,-0.035781365
1760,-0.0066181635,-0.07495789,-0.1153608,0.009454678,0.0019288249,-0.006430648,0.011287404,-0.0045228237,-0.08557575,-0.111155026,0.030937713,-0.004374514,-0.0038591053,0.048103612,0.13256615,-0.1373021,-0.020182494,-0.047102414,0.04561183,-0.02727976,-0.0038898848,-0.00024479584,0.0,0.0,-0.009447352,-0.004325439,-0.031047853,0.003485198,0.02218373,-0.20339873,-0.00073954323,-0.011081208,0.041811112,-0.0032469318,-0.046238065
763,-0.0015955282,-0.09803333,0.029433502,0.032798406,0.010129164,0.008499224,0.02193289,-0.008153484,-0.014887315,0.018854186,0.03984045,-0.018518502,-0.0003018279,0.033186797,-0.021482944,0.029056855,0.0025922046,0.024398185,0.018317893,-0.028077928,0.010786199,-0.00024479584,0.0,0.0,-0.025742596,-0.005370613,-0.044082746,-0.0019902524,-0.0151872635,-0.023814471,-0.0020936546,-0.060837056,-0.008881539,-0.018865606,-0.029436706
61,0.0395463,0.061914325,-0.09539706,-0.014439695,0.035806824,0.01075979,0.0200367,-0.0043401574,-0.03331952,-0.13702895,0.02090149,0.04317896,0.005518335,-0.05429392,-0.14531294,-0.111825645,0.024250166,0.029361242,0.053830244,-0.070768826,-0.0013470135,-0.00012908461,0.0,0.0,-0.014186477,0.034681715,-0.029555801,0.0027588676,0.07770468,0.059569,0.13239062,0.2398883,0.02504476,0.006152223,0.02732473
4796,-0.034725785,0.10149812,0.030535035,0.023627603,-0.09443821,-0.008851379,-0.029552124,-0.001118592,0.026426181,0.02918395,-0.0022307942,-0.012690621,-0.0047444133,-0.031172462,0.20906207,0.050372146,0.0022272225,-0.0053989664,-0.0059611453,0.05842377,-0.019632509,-0.00024479584,0.0,0.0,-0.023962097,-0.011508361,-0.02969405,-0.0022737067,-0.017262608,0.14119214,-0.0033357993,-0.018066693,0.050882034,-0.012548682,0.029451752
4523,-0.011636437,-0.04589556,0.036667436,0.03568157,0.010770613,0.00039789878,0.021495977,-0.002098537,-0.013217855,0.028697442,-0.0077464134,0.00855364,-0.003864929,0.010645038,0.18048921,0.031004079,0.0026044827,-0.024835102,-0.0802216,0.066004954,0.010866326,-0.0010863129,0.0,0.0,-0.0074179047,-0.011865864,-0.021103678,-0.0022737067,-0.042797953,-0.053351387,-0.00725629,0.0010685535,-0.01778041,0.00010861503,-0.021603703
3985,-0.012577136,-0.061061192,0.03631586,-0.07716759,0.012475811,-0.00012679826,-0.00858454,-0.0054525873,0.016136136,0.028697442,-0.06576705,-0.020289153,-0.0039620437,-0.0026683463,0.18297748,0.05717099,0.0018044538,-0.039958876,0.029844314,0.08479117,0.10901669,-0.00024479584,0.0,0.0,0.009455503,-0.009048303,-0.022537926,0.003485198,-0.033738915,-0.07492805,-0.0068137906,-0.005896537,-0.014363819,-0.008177171,-0.029931936
1219,0.09226685,-0.07396661,0.03516042,0.007369202,0.053259417,0.027549297,0.02777346,0.050876748,-0.01526744,0.02378768,-0.005751627,0.055959992,0.038182054,0.039188094,-0.04129625,0.032597706,0.0045340885,0.06410051,-0.013565925,0.021480326,0.038896192,-0.0009231125,0.0,0.0,-0.026302697,0.0032400335,0.114597976,-0.0019902524,-0.008150239,-0.018162543,-0.0024824068,0.022488728,-0.012113987,-0.02246326,-0.03027997
4450,-0.02141781,0.02453463,0.034518875,0.049824968,0.09385626,0.023700941,-0.013413052,-0.016647872,0.0005836717,0.013816929,0.007897401,-0.02802916,0.024485096,-0.0032851205,-0.047168188,0.0036551934,0.043860216,0.0017844234,0.22474487,-0.13104004,0.11333636,-0.00022143294,0.0,0.0,-0.042633317,0.0027761508,-0.05146821,0.0060186856,-0.006220888,0.12031398,-0.025893841,0.09973281,0.03356423,-0.0038688683,0.06660051
1108,-0.021025062,0.021031579,-0.1938056,0.0034679577,0.007092253,0.006223063,0.0073498404,-0.011763262,0.0136823105,-0.1605006,0.012290431,-0.032662924,0.003504856,0.009505659,-0.23423913,-0.0745806,-0.02092782,-0.04274337,-0.1316234,-0.09187966,-0.012672645,-0.00027801792,0.0,0.0,-0.01438665,-0.0010407448,-0.044241205,-0.0005886548,-0.14075923,0.08242966,0.0006548181,0.017227363,-0.018075459,-0.016561382,0.023211896
6251,-0.036003705,0.08441857,0.03795078,0.025676182,0.0011985939,-0.004837409,-0.031007176,-0.004852494,0.021904996,0.022905279,0.029874954,0.01221713,0.0026193035,-0.02399946,-0.13612692,0.028136956,0.0022909208,0.04141082,-0.10391299,-0.071907565,-0.01590931,-0.00027801792,0.0,0.0,-0.03638806,-0.00460799,-0.04734831,-0.0019902524,-0.08214091,0.12658238,-0.002409975,-0.024394326,-0.035716493,-0.0372092,0.03457428
1022,0.012920121,-0.012066194,0.030194707,0.021641454,0.010610133,-0.00017717347,0.023257375,0.006988223,-0.016016321,0.030922,0.004975072,0.011789762,-0.036389265,0.03163883,0.17370248,0.12223459,0.004715106,-0.044748347,0.0183479,0.3825526,0.06530939,-0.00022143294,0.0,0.0,-0.023481194,0.03024754,0.053904053,-0.0022737067,-0.013135683,-0.08035819,-0.00746392,-0.008150392,-0.011343406,-0.011918998,-0.022803051
3882,-0.0330849,-0.106351815,0.03327812,0.034079645,0.010662841,-0.005582258,0.02021362,-0.0054525873,-0.014569899,0.028697442,-0.0059415195,-0.014670423,-0.0044819904,0.030278651,0.19047852,0.0252777,0.0023574797,0.019091047,0.012462913,0.07776985,0.023191093,-0.00024479584,0.0,0.0,-0.010598965,-0.012262107,-0.03173482,-0.0022737067,-0.021954576,-0.027296124,-0.0023630415,-0.06036486,-0.015504069,-0.008307024,-0.021766817
429,0.014366429,0.051047105,0.051109787,-0.00594827,0.008216003,0.0067320336,-0.02685612,0.008854353,-0.010121122,0.038662046,0.013053225,-0.003985249,-0.020474263,-0.00448303,0.13473456,-0.024067637,0.00496937,0.012824374,0.14911726,0.071547054,0.058243804,-0.00022143294,0.0,0.0,-0.025673158,-0.005014582,0.06563594,0.0024343496,-0.000106284744,0.11333237,-0.0011692576,-0.0049229423,0.030536156,-0.016101519,0.047972675
5483,0.012044362,-0.027692286,0.033120263,0.028097972,-0.007328354,-0.00406688,0.019703688,0.0021758992,-0.026722813,0.020191276,0.032932725,0.01548573,-0.03018697,0.009383367,-0.01476558,0.018625807,0.0051910523,-0.040511318,-0.11850561,-0.037235413,-0.07644846,-0.0009231125,0.0,0.0,-0.026487373,-0.003934497,0.08823382,-0.0022737067,-0.029897142,-0.0411553,-0.0064995186,-0.009997513,-0.009943606,-0.022989377,-0.030601516
996,-0.0061411588,0.117680304,-0.23632987,0.011276424,0.021364192,0.0037770616,-0.049421277,0.0024914872,0.02244858,-0.15934736,-0.06450444,-0.010604192,-0.027953198,0.00014791731,0.105882734,0.09578642,-0.030254884,-0.05993075,0.025392225,-0.046298515,0.007205555,-0.00024479584,0.0,0.0,0.00064755516,-0.0014589088,0.06582738,0.0020189288,0.023259964,-0.052917704,-0.005074279,0.0032056584,-0.0062299734,-0.008730566,-0.04779374
19,-0.0015324585,0.09080306,-0.23482664,-0.012750179,-0.013276225,0.0028486757,0.015785957,0.001057503,-0.010420967,-0.17761543,-0.0754796,0.0054716473,-0.018495755,-0.039176967,-0.22092468,-0.08307593,-0.021148209,-0.05013439,-0.09326548,-0.09823195,-0.0042632506,-0.00027801792,0.0,0.0,-0.0027192999,-0.0028855556,-0.04088078,0.001349501,-0.13463268,0.057377577,0.0018711118,0.0237106,-0.029690998,-0.016764572,0.025609966
2268,0.06994109,-0.1268705,0.026511738,-0.09302928,-0.09775325,-0.023467654,0.016500339,-0.0054525873,-0.018604971,0.015643423,-0.0402575,-0.03148269,-0.0015359167,0.028059212,-0.05343916,0.016838746,0.0027808966,-0.02195072,-0.062148146,-0.031023847,0.009658306,0.010971305,0.0,0.0,0.005557645,-0.019633215,-0.030914111,-0.0019902524,-0.023000427,-0.07797058,-0.0023630415,-0.059105024,-0.014807788,-0.0022926158,-0.03625995
3295,-0.02464375,-0.05501227,0.03371312,-0.010011215,0.020691747,-0.007709365,-0.020523002,-0.0048863124,0.02275876,0.029588468,-0.0295882,-0.01812881,-0.004761506,0.0012224539,0.19358622,-0.16800591,0.0024503588,-0.008955709,0.0036037117,0.06315589,-0.049184464,-0.00024479584,0.0,0.0,0.0518991,-0.009498761,-0.026721038,0.0004961934,-0.02531909,0.16074128,-0.0014159426,0.018361272,0.03016832,-0.003543247,0.050022777
6299,0.011957933,0.050623395,-0.19618589,-0.006822593,0.014914601,0.006824844,-0.028189264,0.0028761902,0.019060869,-0.17409912,-0.010164336,-0.006422458,-0.003450095,-0.0224982,-0.031994186,-0.035946276,-0.025227316,-0.05209134,-0.027892016,-0.08286333,0.010520907,-0.00024479584,0.0,0.0,0.0058780396,-0.0018294908,-0.04087811,-0.0019902524,-0.006566078,0.11224773,-0.0014405719,-0.019394422,0.013949017,-0.020909593,0.027161548
6606,0.030806327,0.036641434,0.06751176,0.038815375,0.062908426,0.009492537,0.015580816,0.02118481,0.053843416,0.031914607,0.01349798,-0.00073859666,-0.0063441903,0.030390074,-0.080990784,0.025252452,0.004447625,0.027802395,-0.00015669863,-0.05237417,0.07624954,-0.00010572172,0.0,0.0,0.01049565,-0.006017752,-0.048723597,0.00077964773,0.1828797,0.117712304,0.007885915,-0.013135235,-0.008631267,0.022710053,0.052590866
3263,-0.011636437,-0.04589556,0.036667436,0.03568157,0.010770613,0.00039789878,0.021495977,-0.002098537,-0.013217855,0.028697442,-0.0077464134,0.00855364,-0.003864929,0.010645038,0.18048921,0.031004079,0.0026044827,-0.024835102,-0.0802216,0.066004954,0.010866326,-0.0010863129,0.0,0.0,-0.0074179047,-0.011865864,-0.021103678,-0.0022737067,-0.042797953,-0.053351387,-0.00725629,0.0010685535,-0.01778041,0.00010861503,-0.021603703
6006,-0.0052872216,0.06822198,0.035067804,0.030008644,0.0109923575,0.00629221,-0.027428394,-0.0019924333,0.01747995,0.022276048,0.04281333,0.017083138,0.0039429083,-0.023235328,-0.091998324,0.018040348,0.0019112359,0.015167717,-0.0912841,-0.064619556,0.0060630245,-0.0010863129,0.0,0.0,-0.025629817,-0.004013059,-0.048818804,0.0023023828,-0.0029933522,-0.07572723,-0.0024955778,-0.025271902,-0.015069092,-0.023678403,-0.03191125
2131,0.17078122,0.047163926,-0.15864684,-0.009716847,-0.0121617,-0.016684636,-0.03020511,0.006219705,0.0112567665,-0.11828469,-0.024854038,-0.015722739,-0.0008935431,-0.018070914,-0.017494097,-0.022185665,-0.021966666,-0.0385138,-0.008673798,-0.05116258,-0.003931835,0.010971305,0.0,0.0,-0.029380092,0.045786433,-0.01516637,-0.0019902524,0.024212277,0.15067677,-0.0019283267,-0.016638575,0.05187616,0.0017030867,0.031012814
3796,-0.012577136,-0.061061192,0.03631586,-0.07716759,0.012475811,-0.00012679826,-0.00858454,-0.0054525873,0.016136136,0.028697442,-0.06576705,-0.020289153,-0.0039620437,-0.0026683463,0.18297748,0.05717099,0.0018044538,-0.039958876,0.029844314,0.08479117,0.10901669,-0.00024479584,0.0,0.0,0.009455503,-0.009048303,-0.022537926,0.003485198,-0.033738915,-0.07492805,-0.0068137906,-0.005896537,-0.014363819,-0.008177171,-0.029931936
535,-0.112583704,0.010700099,-0.22046144,-0.05970476,-0.008142384,0.023486296,-0.019830013,0.010931293,-0.0151192285,-0.1812364,-0.103048466,0.00933532,0.030240659,-0.008676877,-0.19383593,-0.082939826,-0.014869805,-0.071207605,-0.011805067,-0.07756469,0.03990387,-0.00011481758,0.0,0.0,-0.016476013,-0.0032423758,0.0899752,0.0075370427,0.08718932,0.07331257,0.00114388,0.20136812,-0.036401525,0.022508765,0.02927767
1056,-0.068154395,-0.032715507,0.037452456,0.07898226,-0.0045989044,-0.03472965,0.015311061,-0.026666258,-0.0020222452,0.026169091,-0.030568874,-0.007901015,-0.020111589,0.02524259,-0.30679283,0.028921604,0.0014764292,0.098941475,0.04247766,-0.0660819,0.033630088,-0.00010572172,0.0,0.0,-0.026498755,-0.0060814493,-0.058019824,-0.0005886548,-0.1381714,0.113412894,-0.00010271708,0.1404163,-0.025538305,-0.0031806387,0.050981447
4630,-0.02748716,0.034032647,-0.16775784,0.0027222657,-0.07621613,-0.011739242,-0.031484842,0.0056534302,0.0031656413,-0.13871224,-0.019738171,-0.03387329,0.00043280257,-0.020491736,0.14099348,0.03262251,-0.026428005,-0.045321956,0.036506318,-0.048380923,-0.011301895,-0.00024479584,0.0,0.0,-0.017110676,-0.01761629,-0.006206197,-0.0022737067,0.022387182,-0.08728425,-0.000955569,-0.03619991,-0.03516438,-0.0012067828,-0.04713823
6624,0.02840635,0.25576097,0.05682696,0.06797117,0.018806973,0.027265262,-0.0047072712,0.02118481,0.0913269,0.030403025,0.028594082,0.009272459,-0.0070144488,0.008390519,-0.09138612,-0.013355098,0.0015096923,0.07085972,0.040997334,-0.0458494,0.0698886,-0.00010572172,0.0,0.0,0.10806167,0.004580903,-0.041291457,0.0010400506,0.19659959,0.16678157,-0.0001398091,0.06082237,0.015120474,0.018952288,0.076362565
6391,0.02688078,0.036405902,0.042221457,0.011985096,0.016398977,0.012613812,-0.02733421,0.014457332,0.0004285394,0.029775135,0.01782528,-0.008649631,-0.006730535,-0.033386935,-0.09938706,-0.020780917,0.0026240994,0.02849596,-0.016293045,-0.073945306,0.06715601,-0.00012908461,0.0,0.0,-0.039324842,-0.0036993264,-0.06177181,0.0023023828,0.06528002,-0.088948034,-0.0005021572,-0.023397518,0.053347457,0.03725609,-0.031977132
5931,-0.014313391,0.010095711,0.03657122,0.04101977,-0.026607227,0.004556082,-0.005051039,-0.0052156276,0.004441364,0.022905279,0.0067570517,0.008564588,0.0036140135,0.008859603,-0.10925131,0.034900893,0.0024093916,-0.01800198,-0.13682017,-0.037998084,0.003694652,-0.0009231125,0.0,0.0,-0.025466878,-0.0045518046,-0.035587415,0.003768652,-0.05338138,0.14965537,-0.0023586927,-0.02314662,0.029713938,-0.03417938,0.049763616
2389,0.06994109,-0.1268705,0.026511738,-0.09302928,-0.09775325,-0.023467654,0.016500339,-0.0054525873,-0.018604971,0.015643423,-0.0402575,-0.03148269,-0.0015359167,0.028059212,-0.05343916,0.016838746,0.0027808966,-0.02195072,-0.062148146,-0.031023847,0.009658306,0.010971305,0.0,0.0,0.005557645,-0.019633215,-0.030914111,-0.0019902524,-0.023000427,-0.07797058,-0.0023630415,-0.059105024,-0.014807788,-0.0022926158,-0.03625995
6315,0.011861355,0.16268681,0.053436078,-0.019043127,-0.0025203247,0.011741382,-1.1512851e-05,0.009392548,0.023552949,0.030800875,0.015158002,0.017002605,-0.018835474,-0.028159294,-0.009254542,0.082695074,0.0051257913,0.09476398,0.19593191,-0.01713743,0.07177032,-0.00024479584,0.0,0.0,-0.019505527,-0.0031928956,0.13055733,0.0018837561,0.008046957,-0.026603984,-0.00062538224,-0.025497815,0.012686266,-0.022618107,-0.027588505
5108,0.015916139,0.21772799,0.039133202,-0.003520478,-0.043752197,-0.003074132,0.05511159,0.0009791772,0.02038441,0.030627092,-0.0004292368,-0.0016403333,-0.015027752,-0.01652117,0.18225959,0.08456792,0.0040913224,-0.035280645,0.016657792,0.28107268,0.060699467,-0.00024479584,0.0,0.0,-0.008320639,-0.0072881826,0.054374628,0.0016003016,-0.0045765284,-0.067057565,-0.006668386,0.0027687836,0.0024319242,-0.013078277,-0.01958382
3558,-0.0047763647,-0.0240721,-0.019394044,0.0013043392,0.009952344,0.025557728,0.09155213,0.003663165,0.010668561,-0.07746245,-0.013529314,-0.011274048,0.00057661947,-0.015680484,0.17890252,0.09065911,0.07146378,0.16788153,0.05959145,-0.05211134,0.06447491,-0.00024479584,0.0,0.0,-0.0056762607,-0.0023564878,-0.0069544646,0.02292365,0.022629432,-0.04943413,0.041317485,-0.021256216,-0.0170679,-0.021022422,-0.039643236
800,0.0059857117,-0.005516715,-0.21269606,-0.0097372215,0.0018207297,0.0050662947,-0.021643942,0.0020819234,-0.009482472,-0.17395899,-0.008562871,-0.040907167,-0.015458915,-0.010219965,-0.1823709,-0.027905986,-0.027303861,-0.05345277,-0.119781874,-0.089610666,0.00568004,-0.00027801792,0.0,0.0,-0.0083534345,3.8257713e-06,-0.04088078,-0.0019902524,0.080170415,0.09040067,-2.6300666e-05,0.04597706,-0.016214091,0.033770826,0.044817377
1158,-0.069463894,0.14204712,0.035424232,-0.022785336,-0.009371131,-0.027978852,-0.002776272,-0.029284468,0.036745705,0.034048233,-0.05267877,0.022778042,-0.020422077,0.01569522,-0.4105696,-0.002702068,0.0005829456,-0.01570872,-0.08625865,-0.066953324,0.021367736,-0.00011481758,0.0,0.0,0.09938591,-0.03017218,-0.04326367,0.0056623546,-0.15622035,-0.07330564,-0.00024138635,-0.041598022,-0.032708574,-0.04891998,-0.038440257
3807,-0.032790113,0.041328505,0.032297894,0.020903224,-0.080957815,-0.0071521387,-0.030643307,-0.001684867,-0.009653346,0.028382909,-0.0112195965,-0.017007122,-0.004312553,-0.027279306,0.19326955,0.029028654,0.0019719885,-0.017561233,0.022134013,0.07834702,-0.007676904,-0.00024479584,0.0,0.0,-0.020285562,-0.024469666,-0.032904174,0.0020189288,-0.007332415,-0.08003869,-0.0024363925,-0.06127431,-0.029110141,-0.004516711,-0.023153491
4039,0.054944683,-0.04416346,0.034701977,-0.04024621,0.07202727,-0.035187583,-0.01736624,0.027358295,-0.0002046072,0.018860945,-0.0077111903,-0.04713254,-0.011678778,-0.017356483,-0.33804178,-0.03845614,0.032536376,0.004451136,0.04440173,-0.22818483,-0.060137928,-0.00010572172,0.0,0.0,-0.029995196,0.042160727,0.09897858,0.0052508996,-0.060064983,0.094165765,-0.026944485,0.06957447,0.047876727,0.01237994,0.045563355
247,0.00039870274,0.08478804,0.041889716,-0.00063515623,0.0023137736,-0.000783183,-0.016671224,0.0009791772,0.018743651,0.032760914,0.009393177,0.01894604,-0.025027556,-0.025940368,0.17043619,0.06533401,0.004497197,-0.038067248,0.036847353,0.076491855,0.08407407,-0.00022143294,0.0,0.0,-0.015017229,-0.0050506783,0.053904053,0.0020189288,-0.0061194138,-0.058166526,-0.007319279,-0.0633217,-0.017199235,-0.017280791,-0.022374177
1443,0.043297652,-0.06694896,0.034297317,-0.018357705,0.049460504,0.02100184,-0.007689006,0.024066146,-0.0041370383,0.02378768,0.014987877,0.04330623,0.03807612,0.007830515,-0.06396333,0.03828634,0.005026696,0.045493998,-0.10638911,0.018726155,0.049715172,-0.0009231125,0.0,0.0,-0.02657733,-0.020337997,0.08018169,0.003768652,-0.031381894,-0.07961021,-0.006541596,-0.06636777,-0.006502244,-0.024712868,-0.028358774
1467,0.07042339,-0.07396661,0.03516042,0.0071849707,0.054436594,0.029060088,0.027649662,0.02624364,-0.01526744,0.02378768,-0.011808401,0.041323774,0.032855596,0.039188094,-0.04455279,0.03507549,0.0045340885,-0.0014832106,0.0011361544,0.0095265005,0.038896192,-0.00022143294,0.0,0.0,-0.026302697,0.0032400335,0.114597976,-0.0019902524,-0.008150239,-0.018162543,-0.0024842978,0.022170905,-0.012113987,-0.02246326,-0.031220524
4314,-0.034725785,0.10149812,0.030535035,0.023627603,-0.09443821,-0.008851379,-0.029552124,-0.001118592,0.026426181,0.02918395,-0.0022307942,-0.012690621,-0.0047444133,-0.031172462,0.20906207,0.050372146,0.0022272225,-0.0053989664,-0.0059611453,0.05842377,-0.019632509,-0.00024479584,0.0,0.0,-0.023962097,-0.011508361,-0.02969405,-0.0022737067,-0.017262608,0.14119214,-0.0033357993,-0.018066693,0.050882034,-0.012548682,0.029451752
1277,-0.04298351,0.15697464,0.049130604,0.038282055,-0.0012471768,-0.014261878,-0.012549641,-0.026643079,0.060830146,0.026169091,-0.019142639,0.0039636786,-0.021510927,0.002281525,-0.2783453,-0.013680443,0.0007069358,0.019639466,-0.009453309,-0.06878617,0.010234889,-0.00011481758,0.0,0.0,0.08250993,0.0031118686,-0.03853905,0.0010400506,-0.16254629,0.1484911,-0.00080923404,0.022398137,-0.03432056,-0.029716173,0.050422207
3334,0.05231764,0.071052365,0.043224677,0.012113304,0.0070118685,0.013421033,-0.005743969,0.033208694,0.02977694,0.018717496,-0.0046773166,0.0010615239,-0.0044325027,0.01628342,-0.09637833,0.097306006,0.05642146,0.25805327,0.04444113,-0.077397384,0.07716807,-0.00022143294,0.0,0.0,-0.03236688,0.0052268165,-0.04775072,0.00077964773,-0.02152362,0.1366151,-0.015634175,0.17662266,0.019830959,0.042140402,0.08503951
1978,0.013561156,-0.06816111,0.025728911,0.010833191,-0.020617193,0.0050005247,0.01997694,0.006988223,-0.017756289,0.02036582,0.013553081,0.010715207,-0.02306715,0.040222693,-0.0050008018,0.026444674,0.004740906,0.03390023,0.0371371,-0.050818395,0.04251461,-0.00022143294,0.0,0.0,-0.02548561,0.0032400335,0.11456976,-0.0019902524,-0.0030808398,-0.018362815,-0.0026140488,-0.006471975,-0.014266904,-0.019695226,-0.029844174
5451,0.012044362,-0.027692286,0.033120263,0.028097972,-0.007328354,-0.00406688,0.019703688,0.0021758992,-0.026722813,0.020191276,0.032932725,0.01548573,-0.03018697,0.009383367,-0.01476558,0.018625807,0.0051910523,-0.040511318,-0.11850561,-0.037235413,-0.07644846,-0.0009231125,0.0,0.0,-0.026487373,-0.003934497,0.08823382,-0.0022737067,-0.029897142,-0.0411553,-0.0064995186,-0.009997513,-0.009943606,-0.022989377,-0.030601516
4878,0.03317569,0.013640868,-0.20897068,0.0043359357,-0.004421783,0.008299174,-0.025100518,0.0019532922,-0.014804141,-0.15856063,-0.08363865,0.006963688,-0.01845851,-0.022518229,-0.004494341,-0.09513245,-0.021592136,-0.05115286,0.02938483,-0.049578283,0.007843702,-0.00022143294,0.0,0.0,-0.011787438,-0.0011692493,0.089977875,-0.0019902524,-0.0062486497,0.09715761,-0.0013956612,-0.016340468,0.05564046,-0.021372715,0.04656905
3254,0.054944683,-0.04416346,0.034701977,-0.04024621,0.07202727,-0.035187583,-0.01736624,0.027358295,-0.0002046072,0.018860945,-0.0077111903,-0.04713254,-0.011678778,-0.017356483,-0.33804178,-0.03845614,0.032536376,0.004451136,0.04440173,-0.22818483,-0.060137928,-0.00010572172,0.0,0.0,-0.029995196,0.042160727,0.09897858,0.0052508996,-0.060064983,0.094165765,-0.026944485,0.06957447,0.047876727,0.01237994,0.045563355
6492,0.14669748,0.040872287,-0.1386743,-0.03635616,0.015035974,-0.022034448,0.0964613,0.007957357,0.010930577,-0.13158752,-0.027644059,0.014258393,0.0074644815,0.005996932,-0.24671587,-0.054784738,-0.022486592,-0.08315104,0.012946923,-0.08112989,0.043361187,0.0057853395,0.0,0.0,-0.039405975,-0.0016917989,-0.023592718,0.0046935715,0.04767913,0.11136017,0.035745647,-0.031874456,-0.015233325,-0.017202955,0.04812078
3614,-0.0330849,-0.106351815,0.03327812,0.034079645,0.010662841,-0.005582258,0.02021362,-0.0054525873,-0.014569899,0.028697442,-0.0059415195,-0.014670423,-0.0044819904,0.030278651,0.19047852,0.0252777,0.0023574797,0.019091047,0.012462913,0.07776985,0.023191093,-0.00024479584,0.0,0.0,-0.010598965,-0.012262107,-0.03173482,-0.0022737067,-0.021954576,-0.027296124,-0.0023630415,-0.06036486,-0.015504069,-0.008307024,-0.021766817
2178,0.06994109,-0.1268705,0.026511738,-0.09302928,-0.09775325,-0.023467654,0.016500339,-0.0054525873,-0.018604971,0.015643423,-0.0402575,-0.03148269,-0.0015359167,0.028059212,-0.05343916,0.016838746,0.0027808966,-0.02195072,-0.062148146,-0.031023847,0.009658306,0.010971305,0.0,0.0,0.005557645,-0.019633215,-0.030914111,-0.0019902524,-0.023000427,-0.07797058,-0.0023630415,-0.059105024,-0.014807788,-0.0022926158,-0.03625995
5341,0.0046459385,0.010707087,-0.21172719,-0.023125876,0.007931103,0.0051056673,-0.025475292,0.0020819234,-0.009482472,-0.18213183,-0.012877593,-0.04077781,-0.015324341,-0.006982968,-0.19985905,-0.07034127,-0.021182682,-0.05897522,-0.12072263,-0.08916755,0.009151356,-0.00027801792,0.0,0.0,-0.0060318187,-0.0009539245,-0.04088078,-0.002943134,0.0959228,0.08076285,0.0016782822,0.11511545,-0.011592613,0.024579462,0.025526227
3529,-0.024486607,0.014580875,0.041479826,0.037209354,-0.018163538,-0.002315883,-0.013849535,-0.0019423952,-0.013351221,0.02794884,0.035595547,-0.011779641,-0.0057058153,0.026999108,0.17308356,0.022947703,0.0015624388,-0.02725063,-0.0106383,0.0844027,-0.009028506,-0.0010863129,0.0,0.0,-0.0208978,0.04394942,-0.019285524,0.0016003016,-0.014340911,-0.0400352,-0.007329641,0.005806718,-0.007716353,0.0035682286,-0.02032238
4486,-0.025435708,0.04806154,-0.10067536,-0.02387008,-0.07140549,0.010624214,0.23487239,0.039425623,0.023151202,-0.056384273,-0.09682979,0.005999014,-0.00034089378,0.072387435,0.1881384,0.15709966,0.10475485,0.101506546,0.04509549,-0.11152561,0.035937324,-0.00024479584,0.0,0.0,-0.018374022,-0.0030932366,-0.005796654,0.021954866,0.037002362,0.12831923,-0.0059147133,0.07912336,0.08973351,0.009959983,0.09053147
228,-0.00066950143,0.083856836,0.039181784,-0.0018603395,-0.0008263051,0.0022960897,-0.02110467,-0.003936002,0.023275383,0.032760914,0.013888874,0.020669809,-0.026375856,-0.018652324,0.14473031,0.025717793,0.005310684,-0.02667308,-0.08050828,0.07872896,-0.06132017,-0.0009231125,0.0,0.0,-0.015849316,-0.0053876876,0.041503582,0.0020189288,-0.019075518,-0.05116572,-0.0052651074,-0.011406556,-0.01170662,-0.022786902,-0.021337384
6698,0.008952524,-0.14014211,0.03725238,0.02721616,-0.0042949496,0.0021001836,0.0112541495,0.008647046,-0.019701855,0.022544522,0.045446675,0.0022382438,-0.008849798,0.012033192,-0.11681187,-0.034171343,0.0027507138,0.020753974,-0.10877833,-0.06324791,-0.03838564,-0.00011481758,0.0,0.0,-0.043583505,-0.004183818,-0.04840931,-0.0019902524,0.12817413,-0.08844984,-0.0015722195,-0.02253536,0.06081461,0.04182219,-0.035781365
752,-0.0015955282,-0.09803333,0.029433502,0.032798406,0.010129164,0.008499224,0.02193289,-0.008153484,-0.014887315,0.018854186,0.03984045,-0.018518502,-0.0003018279,0.033186797,-0.021482944,0.029056855,0.0025922046,0.024398185,0.018317893,-0.028077928,0.010786199,-0.00024479584,0.0,0.0,-0.025742596,-0.005370613,-0.044082746,-0.0019902524,-0.0151872635,-0.023814471,-0.0020936546,-0.060837056,-0.008881539,-0.018865606,-0.029436706
6867,0.0143031115,-0.09165611,0.025678506,0.042330638,0.006364353,0.019523207,0.020107307,0.008347355,-0.017533848,0.0134975985,0.052805617,0.014650142,-0.008047441,0.06461402,-0.1090407,-0.07980067,0.00284857,0.0747759,-0.035825748,-0.06255807,-0.06635717,-0.00011481758,0.0,0.0,-0.036588263,-0.0024354365,-0.050527547,-0.0019902524,0.09798295,-0.14455509,-0.00068828434,-0.010480727,0.020956213,0.03598931,-0.06436547
1632,-0.015093715,0.04923306,-0.2025607,0.003885305,0.01726722,0.032918308,0.032837298,0.0032050032,0.012919348,-0.099169135,0.06160585,-0.02005163,0.04436022,0.0071205976,-0.057554845,-0.023712168,0.11771573,-0.019815512,-0.119238794,-0.14165133,-0.012597349,-0.00010572172,0.0,0.0,-0.032445725,0.0056300005,0.025580587,0.0060186856,0.05006023,0.0984348,-0.033576,0.10124964,-0.044083096,0.071254544,0.037143916
5859,-0.0046498775,-0.09268913,0.033551376,0.032322355,-0.005590487,0.00291808,0.024158131,-0.0052426206,-0.013685562,0.022276048,-0.009412482,-0.049737185,0.0036533917,0.02980307,-0.087292254,0.033221804,0.0022228924,-0.0074802605,-0.15131499,-0.055094924,0.05330205,-0.0010863129,0.0,0.0,-0.022936383,-0.005318759,-0.045500323,-0.0019902524,-0.022155534,-0.022900818,-0.0021528401,0.006009739,-0.006833138,-0.024236675,-0.035327014
4318,-0.028661812,0.044381283,-0.11025459,-0.01010565,-0.08452022,-0.007754822,-0.0118742045,0.004757099,0.020962086,-0.1442876,-0.021577345,0.014394765,-0.0022016491,-0.026095992,0.17637186,0.08850104,-0.024125664,0.18598936,0.049972247,-0.063911766,0.03223871,-0.00024479584,0.0,0.0,0.0032826746,-0.020906197,-0.0029960717,-0.00021218706,0.039471023,0.12142156,0.025873585,0.025280133,0.079962134,-0.023058996,0.08878412
5007,0.004315792,0.03808584,0.03726984,-0.003967103,-0.0007108444,-0.0012868171,-0.052870743,0.0009791772,-0.0049790707,0.030627092,0.005242293,0.013438433,-0.015111746,-0.0046444004,0.16705623,-0.017294807,0.0038845045,-0.028950583,0.018568091,0.27624848,-0.019070733,-0.00024479584,0.0,0.0,-0.009278168,-0.008950329,0.04200505,0.0016003016,-0.004208561,-0.08001325,-0.007052399,-0.00079604145,-0.010976937,-0.010795756,-0.022725115
4680,-0.01186508,-0.00094372197,0.041491006,0.0069714594,-0.028203674,-0.0022905949,-0.0462731,-0.002042854,-0.0046230657,0.02794884,-0.017129354,-0.012954138,-0.0057058153,0.005830163,0.17360851,0.022891331,0.0009938623,-0.03369624,-0.07246875,0.08510002,0.011499164,-0.0010863129,0.0,0.0,-0.020375164,0.044092536,-0.019285524,0.0016003016,-0.013724918,-0.04345058,-0.0073437886,0.0039268425,-0.00682963,0.0043424517,-0.02032238
1057,-0.016885916,0.035412434,-0.1593551,-0.0056476104,0.0020620553,0.006922995,-0.023246882,-0.007932675,0.009541315,-0.12390719,0.010359505,0.011696248,0.003470085,-0.00991401,-0.19586654,-0.061836123,-0.023602974,-0.040888585,-0.074269265,-0.087163,-0.006898911,-0.00027801792,0.0,0.0,-0.0049670553,-0.00361621,-0.047451332,-0.0033585548,-0.13928467,-0.1703087,0.0003120802,-0.0067356024,-0.00557916,-0.016871013,-0.03589617
3438,0.068594866,0.042574726,0.03708573,-0.011605329,0.013640004,0.03688958,-0.004752689,0.032133274,0.02977694,0.01789092,-0.02488968,0.04317519,0.053782575,0.01241327,-0.11963299,0.061992705,0.05296213,0.072591074,-0.03948344,-0.13362426,0.09582153,-0.0009231125,0.0,0.0,0.002069908,0.009679052,0.10385594,0.00077964773,-0.096034184,0.1276673,-0.016586859,0.052852802,-0.049775735,0.028666323,0.061107885
5570,0.01849254,0.09915583,0.029225104,0.028235927,0.012925567,0.005403319,-0.031243827,0.0006165713,0.019176172,0.02070794,0.038178258,0.010454161,-0.021519832,-0.03378858,-0.0045126122,0.053198196,0.004774902,0.032709196,0.02590736,-0.034949932,-0.020872677,-0.00022143294,0.0,0.0,-0.040126022,-0.001400029,0.10710855,-0.0022737067,-0.005975324,0.122552946,-0.001809873,0.0618868,0.070069864,-0.015871823,0.03726435
3195,-0.04041658,0.022619473,-0.19446869,0.0072046085,0.0011423904,-0.03333191,0.011727837,-0.034933046,0.016861798,-0.15715869,-0.005307393,-0.037147738,-0.0037202898,0.04848484,-0.098327756,0.033094108,-0.030183755,-0.044722073,-0.15188552,-0.09214996,-0.029594619,-0.0010863129,0.0,0.0,-0.02280633,-0.0015995705,-0.040555064,0.003768652,-0.16476,0.10893451,-0.00053312595,-0.018816387,-0.04103666,-0.029420976,0.028825838
1786,-0.004326642,0.04608165,0.033588294,0.04074705,0.018769037,0.008758449,-0.028394604,-0.0038194892,-0.010722255,0.037674706,0.058347024,0.01132105,-0.006998365,-0.02131654,0.33031654,-0.06340043,0.0017137987,0.041656323,-0.06873849,0.39455113,-0.03577077,-0.00024479584,0.0,0.0,-0.034282748,-0.008952192,-0.021828452,0.0020189288,-0.001800187,0.26982784,-0.0034091503,0.08333673,0.04202043,-0.008882065,0.049797088
2781,0.08560319,0.16177483,0.054512423,-0.0020265626,0.037554756,0.09583761,-0.0009931375,0.053727802,0.043802783,0.031115409,-0.018337369,0.01804458,0.0691309,-0.03352767,-0.0023905397,0.08612876,0.0047606668,0.0699212,0.15837474,0.03830536,0.062948555,-0.00024479584,0.0,0.0,-0.028352853,-0.0014075788,0.13008675,0.0018837561,0.0048473817,-0.0257271,-0.0012204761,-0.028088912,0.0152527485,-0.023337979,-0.029746333
1436,-0.03573758,0.0031251356,-0.14485385,-0.04715233,0.00010631232,-0.018111033,0.19651507,-0.013752629,-0.007764213,-0.14411888,-0.084548436,0.004284744,0.0029733044,0.053422324,-0.2434029,-0.034158666,0.058814757,0.030697048,0.04849867,-0.11492391,0.075797245,-0.00010572172,0.0,0.0,-0.007473026,-0.004158124,-0.024539154,0.018675849,-0.17774469,0.08293099,-0.05860511,-0.040611368,-0.033128995,0.0072731865,0.04436081
4529,-0.011636437,-0.04589556,0.036667436,0.03568157,0.010770613,0.00039789878,0.021495977,-0.002098537,-0.013217855,0.028697442,-0.0077464134,0.00855364,-0.003864929,0.010645038,0.18048921,0.031004079,0.0026044827,-0.024835102,-0.0802216,0.066004954,0.010866326,-0.0010863129,0.0,0.0,-0.0074179047,-0.011865864,-0.021103678,-0.0022737067,-0.042797953,-0.053351387,-0.00725629,0.0010685535,-0.01778041,0.00010861503,-0.021603703
2603,0.028460717,-0.03855867,0.031415064,0.0059626945,-0.00090409105,-0.012346111,-0.014855907,0.020729218,-0.014484597,-0.0016434423,0.014474643,-0.00028185442,-0.031630345,-0.0053109066,-0.2533965,-0.0032076514,0.040392336,-0.0007187058,0.005042161,-0.14726345,0.11698163,-0.00010572172,0.0,0.0,-0.062481746,-0.0019205364,0.12280667,-0.0006318423,0.079454444,0.09633423,-0.04697266,-0.049881887,-0.012944745,-0.082052164,0.054104343
6069,-0.01333955,-0.14300257,0.03585313,0.03019112,-0.011994635,0.00386801,0.014749451,-0.005760154,-0.01524949,0.022276048,-0.010855287,-0.049606662,0.0038822342,0.010147944,-0.09480619,0.023298806,0.0023290655,-0.03518322,-0.15227309,-0.05829266,-0.05890434,-0.0010863129,0.0,0.0,-0.024049478,-0.005370613,-0.048818804,-0.0019902524,-0.026876852,-0.07149305,-0.0021528401,-0.039826542,-0.015130378,-0.030354323,-0.03822947
1061,-0.015192772,0.049538944,-0.12987313,0.018013975,0.059271023,-0.0127076395,0.0834777,-0.013165969,0.010493634,-0.14124474,0.0011156164,0.019973602,-0.0018699453,0.027424067,-0.23628268,-0.019860437,-0.004029541,-0.043375034,-0.041719954,-0.08538481,0.013051439,-0.00011481758,0.0,0.0,0.005258011,-0.0022240644,-0.025543042,0.0046935715,-0.13074651,0.0837899,0.009803505,-0.0036037737,-0.034190174,0.008359626,0.036240436
3661,-0.036423765,0.044938035,-0.14951551,0.017374992,-0.07084777,-0.013083241,0.0104901865,0.006219705,0.02092204,-0.14019214,0.027741997,0.0019874873,-0.0011532622,0.05476343,0.16272932,0.051686347,-0.029511089,-0.038536206,0.0096405,-0.044818316,-0.013867764,-0.00024479584,0.0,0.0,-0.028837949,-0.00477476,-0.0029960717,0.003485198,0.02261201,0.12917463,-0.001840828,-0.016803458,0.069320545,-0.009006073,0.031353984
31,0.003408306,0.014939393,-0.21298741,-0.0097825965,0.009611326,0.003620647,-0.026105763,0.0020021491,-0.005170932,-0.17714125,0.0035689052,0.015896725,-0.015767572,-0.011118879,-0.22538093,-0.058443088,-0.019658946,-0.052312467,-0.12202079,-0.09271277,0.015353318,-0.00027801792,0.0,0.0,0.01087104,-0.0012786245,-0.04088078,-0.002943134,-0.12907472,0.07644385,0.00089086435,0.027488176,-0.03605837,-0.015972724,0.025521072
6539,0.0015091258,0.050272558,-0.23520769,-0.0017308432,0.05349336,-0.019022638,0.0016107906,0.004674151,0.045611385,-0.21937466,-0.012891019,0.008112682,-0.002778335,0.0161125,-0.0805877,-0.0154666845,-0.01367895,-0.04326067,0.017988848,-0.09188056,0.021901883,-0.00010572172,0.0,0.0,-0.01817597,-0.002354025,-0.02127217,0.0060618734,0.090025984,0.11081428,-0.10276055,-0.025966402,-0.0140957385,-0.01349623,0.03530442
5531,0.01329382,0.054655436,0.028988972,0.031713497,-0.021990143,-0.0130111715,-0.02501543,0.004862756,0.06154691,0.020191276,-0.026724689,0.021936806,-0.036305595,-0.0073436373,0.0015404793,-0.0031174175,0.004825162,-0.044391055,-0.084719606,-0.024936562,-0.089433484,-0.0009231125,0.0,0.0,-0.009315476,-0.033290103,0.06825446,0.00075659633,-0.06140947,-0.04618126,-0.0023181431,-0.008572806,-0.008020589,-0.024389466,-0.033090886
3341,-0.032790113,0.041328505,0.032297894,0.020903224,-0.080957815,-0.0071521387,-0.030643307,-0.001684867,-0.009653346,0.028382909,-0.0112195965,-0.017007122,-0.004312553,-0.027279306,0.19326955,0.029028654,0.0019719885,-0.017561233,0.022134013,0.07834702,-0.007676904,-0.00024479584,0.0,0.0,-0.020285562,-0.024469666,-0.032904174,0.0020189288,-0.007332415,-0.08003869,-0.0024363925,-0.06127431,-0.029110141,-0.004516711,-0.023153491
3620,-0.0330849,-0.106351815,0.03327812,0.034079645,0.010662841,-0.005582258,0.02021362,-0.0054525873,-0.014569899,0.028697442,-0.0059415195,-0.014670423,-0.0044819904,0.030278651,0.19047852,0.0252777,0.0023574797,0.019091047,0.012462913,0.07776985,0.023191093,-0.00024479584,0.0,0.0,-0.010598965,-0.012262107,-0.03173482,-0.0022737067,-0.021954576,-0.027296124,-0.0023630415,-0.06036486,-0.015504069,-0.008307024,-0.021766817
6220,-0.036003705,0.08441857,0.03795078,0.025676182,0.0011985939,-0.004837409,-0.031007176,-0.004852494,0.021904996,0.022905279,0.029874954,0.01221713,0.0026193035,-0.02399946,-0.13612692,0.028136956,0.0022909208,0.04141082,-0.10391299,-0.071907565,-0.01590931,-0.00027801792,0.0,0.0,-0.03638806,-0.00460799,-0.04734831,-0.0019902524,-0.08214091,0.12658238,-0.002409975,-0.024394326,-0.035716493,-0.0372092,0.03457428
6244,-0.036003705,0.08441857,0.03795078,0.025676182,0.0011985939,-0.004837409,-0.031007176,-0.004852494,0.021904996,0.022905279,0.029874954,0.01221713,0.0026193035,-0.02399946,-0.13612692,0.028136956,0.0022909208,0.04141082,-0.10391299,-0.071907565,-0.01590931,-0.00027801792,0.0,0.0,-0.03638806,-0.00460799,-0.04734831,-0.0019902524,-0.08214091,0.12658238,-0.002409975,-0.024394326,-0.035716493,-0.0372092,0.03457428
1859,-0.002970179,0.021081654,0.04323413,0.007911443,-0.06938524,-0.0006222816,-0.0518654,-0.004385764,-0.00921084,0.029320685,-0.0077902167,-0.019244777,-0.004299984,0.0012497576,0.19341819,-0.016952615,0.001336826,-0.026745796,-0.01182281,0.23231408,-0.043499045,-0.00024479584,0.0,0.0,-0.01569174,-0.02766006,-0.014450083,0.0016003016,-0.0116281565,-0.085596785,-0.0075397836,0.004458525,-0.012778365,0.004334102,-0.022003595
5351,0.01849254,0.09915583,0.029225104,0.028235927,0.012925567,0.005403319,-0.031243827,0.0006165713,0.019176172,0.02070794,0.038178258,0.010454161,-0.021519832,-0.03378858,-0.0045126122,0.053198196,0.004774902,0.032709196,0.02590736,-0.034949932,-0.020872677,-0.00022143294,0.0,0.0,-0.040126022,-0.001400029,0.10710855,-0.0022737067,-0.005975324,0.122552946,-0.001809873,0.0618868,0.070069864,-0.015871823,0.03726435
1423,0.080416255,-0.069842696,0.03516042,-0.0042707506,0.04853604,0.027287558,0.036075287,0.050876748,-0.01526744,0.02378768,-0.0042944606,0.05362092,0.09145999,0.039188094,-0.032804944,0.03331352,0.004191125,0.0029637162,-0.045880105,0.038007483,0.03493172,-0.0009231125,0.0,0.0,-0.026302738,0.0031103985,0.114597976,-0.0019902524,-0.011363309,-0.018222874,-0.0025731018,0.020245295,-0.0064030983,0.02648801,-0.03027997
473,0.015493045,0.08791252,0.034098774,0.008881865,0.052150298,0.0054330574,-0.03136207,0.00044098214,0.021034637,0.03310304,0.0043950933,0.02175624,-0.022936277,-0.031856854,0.2252352,0.07136609,0.004800335,0.027259303,0.006828296,0.09398839,-0.0119893085,-0.00022143294,0.0,0.0,-0.036619343,0.03444752,0.060378313,-0.0022737067,-0.00576761,0.15681332,-0.0028176517,0.07947581,0.07343997,-0.01737911,0.030244086
5062,9.301682e-05,0.028547732,-0.31615523,0.009347953,-0.006101007,-0.028722724,-0.025006669,-0.00031318612,0.019826686,-0.23214531,0.007097128,-0.003882087,-0.0038336075,-0.010245977,0.2060673,-0.13517427,-0.028524198,0.055727422,0.10990025,-0.066028856,0.033362668,-0.00022143294,0.0,0.0,0.009895283,-0.0019694027,-0.027295873,0.0004961934,0.043393858,0.1278788,-0.10190199,-0.08153906,0.026579952,-0.028272705,0.04953247
6527,0.0038740067,0.017040046,-0.29637715,0.0036505954,-0.0058134412,-0.059190884,-0.01775375,0.0030000135,0.009262521,-0.21937466,-0.013133679,-0.016903592,-0.0045363083,-0.014787357,-0.09271337,-0.034578435,-0.021889811,-0.057597302,0.025764266,-0.07376761,0.010808019,-0.00012908461,0.0,0.0,-0.015760463,-0.0021280139,-0.028246073,0.00077964773,0.048103612,0.10369137,-0.07984009,-0.020432157,-0.02152471,0.02116386,0.03798853
592,-0.0062472043,0.10001659,0.0305526,0.025222553,0.012493706,0.009939033,-0.0304509,-0.0038194892,0.024973366,0.019196305,0.095895685,0.00017326369,-0.0005557471,-0.03378858,-0.007427186,0.057581615,0.002650639,0.02788837,0.027376102,-0.038616158,-0.015292869,-0.00024479584,0.0,0.0,-0.038798146,-0.0050118137,-0.04079908,-0.0019902524,-0.009354835,0.13576716,-0.0033354287,0.06506761,0.07098654,-0.019151712,0.03610247
17,-0.0015324585,0.09080306,-0.23482664,-0.012750179,-0.013276225,0.0028486757,0.015785957,0.001057503,-0.010420967,-0.17761543,-0.0754796,0.0054716473,-0.018495755,-0.039176967,-0.22092468,-0.08307593,-0.021148209,-0.05013439,-0.09326548,-0.09823195,-0.0042632506,-0.00027801792,0.0,0.0,-0.0027192999,-0.0028855556,-0.04088078,0.001349501,-0.13463268,0.057377577,0.0018711118,0.0237106,-0.029690998,-0.016764572,0.025609966
96,0.2401948,0.015636059,-0.18916294,-0.018575687,-0.02869252,0.0011228267,-0.026696233,0.0060753534,-0.02590515,-0.16107862,-0.03158575,-0.026836049,-0.00041626763,-0.0385218,-0.21385759,-0.066468544,-0.021169225,-0.053896222,-0.028882803,-0.08444332,-0.012013862,0.012460268,0.0,0.0,-0.037401803,0.046284597,-0.017128458,-0.002943134,0.07939705,0.121141165,0.0009781534,0.14861783,-0.009609101,0.015159564,0.024113335
696,-0.009061209,0.024345146,0.03998821,0.009135708,-0.014325774,-0.002792683,-0.011760113,-0.0049615945,-0.018087832,0.018105581,-0.018230584,-0.0029700876,-0.0012169958,0.02649939,-0.018612428,0.018073572,0.0025602714,-0.047101907,-0.093992814,-0.026882406,-0.025255196,-0.0010863129,0.0,0.0,-0.025516797,-0.022555605,-0.0334516,0.0018837561,-0.016774666,-0.06540624,-0.0073437886,-0.055941366,-0.02064085,-0.015420028,-0.02757717
5335,-0.0070480634,-0.006987479,-0.19029544,-0.018041428,-0.0064651384,-0.00744048,0.05503901,-0.0068402137,-0.020152401,-0.16675171,-0.08957037,-0.036291372,4.5888446e-05,0.013144441,-0.19439979,-0.007098436,-0.020376585,-0.09455938,-0.11881711,-0.120253064,-0.023340357,-0.00027801792,0.0,0.0,-0.022616167,-0.0030477627,-0.018372914,0.0046935715,0.10845443,0.07591316,0.007716195,0.005002062,-0.013302556,0.015648793,0.037810568
1511,-0.0065484773,0.030938728,0.036124002,-0.008281549,0.013758394,0.012647188,-0.020325346,0.0023262159,-0.0079736095,0.023623172,0.00087646174,-0.0356471,-0.016763289,-0.00476625,-0.20178425,-0.10684042,0.0045398627,0.032018967,-0.014420619,-0.07244704,-0.06353096,-0.00027801792,0.0,0.0,-0.04198756,-0.0004413657,0.107538626,0.0027178037,0.10913294,0.08968188,-0.001102404,0.10772512,-0.0056922124,0.029490964,0.035578728
156,-0.00066950143,0.083856836,0.039181784,-0.0018603395,-0.0008263051,0.0022960897,-0.02110467,-0.003936002,0.023275383,0.032760914,0.013888874,0.020669809,-0.026375856,-0.018652324,0.14473031,0.025717793,0.005310684,-0.02667308,-0.08050828,0.07872896,-0.06132017,-0.0009231125,0.0,0.0,-0.015849316,-0.0053876876,0.041503582,0.0020189288,-0.019075518,-0.05116572,-0.0052651074,-0.011406556,-0.01170662,-0.022786902,-0.021337384
5292,0.020249808,-0.009540397,0.038188506,0.06739057,-0.014071007,0.013604712,0.0149812335,0.021101711,-0.013226243,0.04428215,0.03141164,0.00424107,-0.017881181,0.026832376,-0.1589093,0.020191126,0.012010965,0.1453431,0.030823488,-0.058138847,0.10891588,-0.00010572172,0.0,0.0,-0.04059957,0.0027753203,0.12433676,0.000368317,0.11362142,0.106889926,-0.00045018416,0.28615555,0.0031916806,0.025616046,0.05096686
6774,-0.018681144,-0.100300945,0.029367395,0.027517172,-0.002666523,-0.058243733,0.013811927,0.005440775,-0.013806651,0.014756684,0.027835371,0.01393939,-0.007797668,0.029652912,-0.15191297,-0.11339259,0.0018021486,0.10192863,0.033863954,-0.060440507,0.17615941,-0.00011481758,0.0,0.0,-0.04222687,-0.0020422847,-0.03967942,-0.0019902524,0.08386787,-0.11650221,0.18740112,0.023207735,0.061201934,0.01354153,-0.074882224
6258,-0.036003705,0.08441857,0.03795078,0.025676182,0.0011985939,-0.004837409,-0.031007176,-0.004852494,0.021904996,0.022905279,0.029874954,0.01221713,0.0026193035,-0.02399946,-0.13612692,0.028136956,0.0022909208,0.04141082,-0.10391299,-0.071907565,-0.01590931,-0.00027801792,0.0,0.0,-0.03638806,-0.00460799,-0.04734831,-0.0019902524,-0.08214091,0.12658238,-0.002409975,-0.024394326,-0.035716493,-0.0372092,0.03457428
4939,0.016111823,0.18453468,0.054246347,-0.00045692115,0.005837273,0.085120626,-0.0011935618,0.01151743,0.04143943,0.03262699,-0.023823226,-0.03972297,0.03528536,-0.02457546,0.0036470797,0.09561343,0.0051257913,0.046963368,0.22434317,-0.022653114,0.062900975,-0.00024479584,0.0,0.0,-0.026971621,-0.0018025239,0.13008675,0.0018837561,0.012978578,-0.02575966,-0.0015652112,-0.029003736,0.013045632,-0.021594038,-0.02849643
319,0.024559308,0.15384576,-0.22757894,0.008475502,0.076515675,0.014531334,-0.011526458,0.0018683495,0.078722574,-0.1693555,0.0019620615,0.0514385,-0.041667797,-0.00291116,0.17592542,-0.037607834,-0.019932687,-0.06814689,0.12649621,-0.055763457,0.010201724,-0.00022143294,0.0,0.0,-0.008925879,0.03867849,0.04801223,0.023524167,-0.027514081,0.13017616,0.0006232592,-0.0016793667,0.04678095,-0.0146879405,0.040179368
1945,0.0038535504,-0.033590335,-0.17157295,-0.008749495,-0.0070927916,0.008644942,-0.013627723,0.005071224,-0.017042335,-0.143784,0.0064513776,0.02090704,-0.020125214,-0.045376934,0.028323699,0.020306105,-0.025301958,-0.056036737,0.061130516,-0.050203275,0.014169107,-0.00022143294,0.0,0.0,0.004478556,0.003324755,0.09790966,0.003768652,-0.011438185,-0.024135472,-0.0011190776,-0.014031557,-0.01617108,-0.021543253,-0.053704686
5430,0.026424391,-0.07851391,0.029562458,0.026918335,-1.4349557e-05,0.004657341,0.019893182,0.0070272707,-0.02068451,0.020191276,0.03182241,0.004586309,-0.024420602,0.030532068,-0.01787687,0.023303488,0.0047306344,0.0018100283,0.016453987,-0.02938667,0.006865235,-0.00022143294,0.0,0.0,-0.0283655,-0.0019855793,0.11504034,-0.0022737067,-0.010938173,-0.020378606,-0.00160627,-0.06485711,-0.008674696,-0.017332427,-0.030100498
5441,0.022184806,-0.10018849,0.019194683,0.017737925,-0.01580672,0.005643734,0.0029156224,0.0070272707,-0.021197546,0.014048747,0.031723928,0.0052294424,-0.021577789,0.017329946,-0.014215404,-0.09886575,0.004774902,0.055904772,-0.0231409,-0.030952737,-0.042078935,-0.00022143294,0.0,0.0,-0.02955582,-0.0022037392,0.11387098,-0.0022737067,-0.009016303,-0.11869702,-0.0016066404,-0.032080363,-0.027859619,-0.014485661,-0.07752589
3932,-0.025425972,0.09886415,0.03426809,0.02688038,-0.035294455,0.0022886824,-0.017944481,-0.001684867,0.021773763,0.028382909,0.05762099,0.047441166,-0.004101263,-0.024825906,0.18983611,0.086798236,0.0023308601,0.028478744,0.05594584,0.08214706,0.123253666,-0.00024479584,0.0,0.0,-0.017305115,-0.024420438,-0.020886693,0.0020189288,-0.008707362,-0.0014901157,-0.0068223914,-0.054320026,-0.011498512,-0.004107891,-0.021308832
321,0.0032395066,0.10278885,-0.26898053,-0.042628605,-0.02941538,0.006465726,-0.016195565,-0.0012578326,-0.015460728,-0.16968955,-0.10627861,0.017656526,-0.020981448,-0.041338492,0.11440348,-0.11117204,-0.009040288,-0.06456084,0.10803224,-0.055935554,0.007866324,-0.00024479584,0.0,0.0,0.001455646,-0.003376101,0.05689335,0.0024343496,-0.0017808588,0.09647709,5.69596e-05,-0.00766193,0.033355057,-0.014220703,0.035778522
5269,0.05804773,0.102749616,0.042625748,0.033215232,0.020210337,0.03464205,-0.022387413,0.020286249,0.06805401,0.032668654,0.02770184,0.04791951,0.0002468126,0.03777335,-0.0052194735,-0.04342143,0.0067056087,0.02195041,0.0059480667,-0.04597775,0.0652052,-0.00022143294,0.0,0.0,-0.018198993,0.10578627,0.083696514,0.0016405669,-0.022568926,0.11995547,-0.0014598977,-0.0039516967,0.042365994,-0.021623235,0.054388553
425,0.0022590032,0.21065187,0.043095704,-0.015400785,0.10037079,0.0005577408,-0.00050106464,0.0008923323,0.037413593,0.034751274,-0.043656427,0.023143109,-0.019638196,-0.033480644,0.16729502,0.0502664,0.004176377,0.022333274,0.023640167,0.09084771,0.06327282,-0.00024479584,0.0,0.0,-0.01738471,-0.0041762083,0.06301777,0.0016003016,-0.00841187,-0.043044224,-0.0029567864,-0.016382324,-0.0016531914,-0.018510133,-0.020119334
3315,-0.034725785,0.10149812,0.030535035,0.023627603,-0.09443821,-0.008851379,-0.029552124,-0.001118592,0.026426181,0.02918395,-0.0022307942,-0.012690621,-0.0047444133,-0.031172462,0.20906207,0.050372146,0.0022272225,-0.0053989664,-0.0059611453,0.05842377,-0.019632509,-0.00024479584,0.0,0.0,-0.023962097,-0.011508361,-0.02969405,-0.0022737067,-0.017262608,0.14119214,-0.0033357993,-0.018066693,0.050882034,-0.012548682,0.029451752
5830,-0.008738362,-0.10150664,0.023416352,0.02645299,0.008520575,0.0026602666,0.0063536637,-0.0052426206,-0.010298128,0.016133515,-0.010357466,-0.047911275,0.003734655,0.011243214,-0.094037235,0.01861654,0.0025424818,-0.021320604,-0.14659235,-0.057436347,-0.0014821336,-0.0010863129,0.0,0.0,-0.024490634,-0.005370613,-0.046669677,-0.0019902524,-0.022155534,-0.12658057,-0.0021528401,-0.023671843,-0.015516231,-0.024243748,-0.086136736
543,-0.009061209,0.024345146,0.03998821,0.009135708,-0.014325774,-0.002792683,-0.011760113,-0.0049615945,-0.018087832,0.018105581,-0.018230584,-0.0029700876,-0.0012169958,0.02649939,-0.018612428,0.018073572,0.0025602714,-0.047101907,-0.093992814,-0.026882406,-0.025255196,-0.0010863129,0.0,0.0,-0.025516797,-0.022555605,-0.0334516,0.0018837561,-0.016774666,-0.06540624,-0.0073437886,-0.055941366,-0.02064085,-0.015420028,-0.02757717
2517,0.06994109,-0.1268705,0.026511738,-0.09302928,-0.09775325,-0.023467654,0.016500339,-0.0054525873,-0.018604971,0.015643423,-0.0402575,-0.03148269,-0.0015359167,0.028059212,-0.05343916,0.016838746,0.0027808966,-0.02195072,-0.062148146,-0.031023847,0.009658306,0.010971305,0.0,0.0,0.005557645,-0.019633215,-0.030914111,-0.0019902524,-0.023000427,-0.07797058,-0.0023630415,-0.059105024,-0.014807788,-0.0022926158,-0.03625995
6224,-0.05441675,0.11331161,0.04419591,-0.009727982,0.0028043129,-0.0097998,-0.019789629,-0.019987496,-0.0025764382,0.024791256,-0.0032046693,0.0057275225,0.001954417,-0.020587862,-0.10524741,0.048910312,0.0017614681,0.01695056,0.04025879,-0.07918444,0.01606462,-0.00012908461,0.0,0.0,-0.02516803,-0.018575849,-0.0630147,0.0018837561,-0.053006057,-0.04324514,-0.0010831482,-0.0321654,-0.033224944,-0.0133226905,-0.032814875
5481,0.012044362,-0.027692286,0.033120263,0.028097972,-0.007328354,-0.00406688,0.019703688,0.0021758992,-0.026722813,0.020191276,0.032932725,0.01548573,-0.03018697,0.009383367,-0.01476558,0.018625807,0.0051910523,-0.040511318,-0.11850561,-0.037235413,-0.07644846,-0.0009231125,0.0,0.0,-0.026487373,-0.003934497,0.08823382,-0.0022737067,-0.029897142,-0.0411553,-0.0064995186,-0.009997513,-0.009943606,-0.022989377,-0.030601516
3316,-0.034725785,0.10149812,0.030535035,0.023627603,-0.09443821,-0.008851379,-0.029552124,-0.001118592,0.026426181,0.02918395,-0.0022307942,-0.012690621,-0.0047444133,-0.031172462,0.20906207,0.050372146,0.0022272225,-0.0053989664,-0.0059611453,0.05842377,-0.019632509,-0.00024479584,0.0,0.0,-0.023962097,-0.011508361,-0.02969405,-0.0022737067,-0.017262608,0.14119214,-0.0033357993,-0.018066693,0.050882034,-0.012548682,0.029451752
447,0.022663211,-0.072033435,0.03297136,0.006541689,-0.014267445,0.0049023884,0.01902719,0.006988223,-0.018826043,0.032760914,0.014915638,0.017630607,-0.031662542,0.03751145,0.1618634,0.04121474,0.0047306344,0.03137369,0.03225336,0.08226383,0.0141728325,-0.00022143294,0.0,0.0,-0.023657536,0.014361815,0.068310104,-0.0022737067,-0.01073046,-0.035552017,-0.0026140488,-0.058375653,-0.011468053,-0.016930332,-0.025406042
5803,-0.013661542,-0.14486253,0.035813253,0.03047991,-0.011749965,9.731709e-05,0.014749451,-0.005760154,-0.01813767,0.022276048,-0.0122548975,-0.049224645,0.0027217558,0.010995775,-0.0982545,-0.033519555,0.0023290655,-0.029377889,-0.14682439,-0.058265302,-0.043422785,-0.0010863129,0.0,0.0,-0.024415778,-0.005370613,-0.048416942,-0.0019902524,-0.018827276,-0.07104477,-0.0021528401,-0.039884347,-0.008062193,-0.005768027,-0.037796933
1864,-0.020507839,0.041306682,-0.19112219,0.046308756,-0.008864839,-0.049482964,-0.00069553795,-0.023317358,0.030754495,-0.07881701,-0.019834705,0.0030224605,-0.000632458,-0.00050792546,0.17038582,0.26939183,0.047187738,0.2511227,-0.076142624,-0.07028545,-0.009410456,-0.0010863129,0.0,0.0,0.051194098,0.008378028,-0.0069444785,0.003485198,-0.03780972,-0.062898435,-0.061106298,0.21744339,0.009121398,0.027208397,0.03196607
