,A_Z,B_Z,X_Z,weighted_Z,delta_AB_Z,delta_AX_Z,delta_BX_Z,A_mass,B_mass,X_mass,weighted_mass,delta_AB_mass,delta_AX_mass,delta_BX_mass,A_X,B_X,X_X,weighted_X,delta_AB_X,delta_AX_X,delta_BX_X,A_row,B_row,X_row,weighted_row,delta_AB_row,delta_AX_row,delta_BX_row,A_group,B_group,X_group,weighted_group,delta_AB_group,delta_AX_group,delta_BX_group
4979,1.4405449001424302,-0.2199822883869677,-0.3213574956846987,0.3288132035834668,1.2184017300663532,1.5107732641414715,-0.05070094850971438,1.408399213728895,-0.2722685099580334,-0.3056329538763202,0.3086620000937334,1.2243046202617451,1.46655944561676,-0.11249794153746981,-0.319446440174592,-0.2343905106176972,0.5510811662142671,0.4894360778563102,-0.06666279233214985,-0.5554166053499796,-0.5029794404556059,1.5446781651939872,-0.24716870518376147,-0.393958627608349,0.19808312471385886,1.3374736338199338,1.6026481490979558,0.045055712040526594,-0.3091825111894705,0.7198119230974284,0.39950008551410265,0.5709820733012146,-1.0411237373658397,-0.4436121958941157,0.21077984645754064
3071,-0.8272935346155679,1.896861874670466,0.5307837662036736,0.8514289771644032,-2.002152628530901,-1.033782835631731,1.4551595692624837,-0.8210351880706466,1.9299452554874603,0.4446465394754637,0.8357686504820417,-2.034377630427588,-0.9791394051698161,1.5450751770230173,0.1125580872804161,1.2782230046728869,0.1762431505096484,0.5141093566437334,-1.5973744707519661,-0.08641208650684284,0.45154789038493676,-0.8699977730111607,1.5582936798709563,0.770824870315171,0.8262831819789244,-1.712062299665373,-1.2372433546786028,0.744420486714034,-0.5312249058079979,-0.4936153059040588,0.6095496223839565,0.280870432493142,0.01015914019113761,-0.7129266562837424,-0.6794981444757453
6218,0.041240334015154784,-0.9416337076110928,1.098877940795922,0.3505888608160057,0.7229318287436987,-0.48852081425175903,-1.3414385351715983,-0.03512962201731603,-0.9125886553590835,1.0420014728954528,0.2639322838202272,0.6549707745033045,-0.5186842705301096,-1.2743592402388397,0.9285666391398748,0.9160479376314796,-1.8719788638763055,-1.667008488164513,-0.12442549717818072,1.8201932400946048,1.7628177590143699,-0.06510579360944473,-1.1498998977111203,1.935608368238691,1.1403832106114569,0.7275664471228724,-1.2372433546786028,-2.0530386119799955,1.6891990403772754,1.326525537598172,-1.9110448200542893,-0.9521040409411686,0.2204157157025331,2.2495324080021515,1.9913358283241125
3875,-0.8755454162061636,-0.6048630453065011,-0.3213574956846987,-0.8906236014387191,-0.19722655942694528,-0.6702748213784163,-0.3948976382862167,-0.8461823061976493,-0.5984604181023949,-0.3056329538763202,-0.8776282862505487,-0.16738163785309762,-0.6530905180129339,-0.4062735675469233,-0.7994514706801558,-0.4687390834091959,0.5510811662142671,0.3364617493742843,-0.32659496413928846,-0.7593316135426476,-0.6090380327712217,-0.8699977730111607,-0.24716870518376147,-0.393958627608349,-0.7442169611837398,-0.49224792627125025,-0.527270478734463,0.045055712040526594,-0.7532673004265251,-0.8980910489045545,0.39950008551410265,-0.154297028718968,0.2204157157025331,-0.7129266562837424,-0.8066807146090719
3866,-0.8755454162061636,-0.6048630453065011,-0.3213574956846987,-0.8906236014387191,-0.19722655942694528,-0.6702748213784163,-0.3948976382862167,-0.8461823061976493,-0.5984604181023949,-0.3056329538763202,-0.8776282862505487,-0.16738163785309762,-0.6530905180129339,-0.4062735675469233,-0.7994514706801558,-0.4687390834091959,0.5510811662142671,0.3364617493742843,-0.32659496413928846,-0.7593316135426476,-0.6090380327712217,-0.8699977730111607,-0.24716870518376147,-0.393958627608349,-0.7442169611837398,-0.49224792627125025,-0.527270478734463,0.045055712040526594,-0.7532673004265251,-0.8980910489045545,0.39950008551410265,-0.154297028718968,0.2204157157025331,-0.7129266562837424,-0.8066807146090719
233,1.2957892553706432,1.4638710231359908,-0.3213574956846987,1.0256342350247156,-0.12644514495228035,1.3744577587964784,1.4551595692624837,1.3399374395685006,1.466659585424246,-0.3056329538763202,1.0962741457599832,-0.12192078403752094,1.402194952327632,1.453619049875661,-0.8954524767812687,-1.4061333745751916,0.5510811662142671,0.09959827301501749,0.8286591327813276,-0.8001146151811812,-1.0332724020336852,1.5446781651939872,1.5582936798709563,-0.393958627608349,0.8262831819789244,0.11765926042581104,1.6026481490979558,1.4437852613875417,-0.5312249058079979,-1.1003289204048023,0.39950008551410265,-0.154297028718968,0.640928866725324,-0.5782694260889291,-0.9338632847423984
1554,-0.48953036348139795,-1.1340740860708596,-0.3213574956846987,-0.9559505731363362,0.47519687808237143,-0.3067668071251017,-0.8681680867289074,-0.5381883407979545,-1.0610502800283053,-0.3056329538763202,-0.9544202011597964,0.4008756024846808,-0.36352928822919184,-0.8228921987263556,-1.0634542374582163,-1.768308441616599,0.5510811662142671,-0.018833465164615922,1.1174726570114817,-0.8714848680486154,-1.1971811356123643,-0.06510579360944473,-1.1498998977111203,-0.393958627608349,-0.7442169611837398,0.7275664471228724,0.18270239720967668,-0.6543090626329808,-0.7532673004265251,-1.504804663405298,0.39950008551410265,-0.3718807593250226,0.8511854422367195,-0.7129266562837424,-1.1882284250090518
4466,-0.8755454162061636,0.261118657762449,-0.3213574956846987,-0.4986617712530166,-0.8342592896989296,-0.6702748213784163,0.3795449137109136,-0.8461823061976493,0.2077590871658228,-0.3056329538763202,-0.49792923682243934,-0.7685155024854065,-0.6530905180129339,0.31982549851691616,-0.7994514706801558,-0.9161318132838756,0.5510811662142671,0.23283397846710452,0.279913436744035,-0.7593316135426476,-0.8115135271919429,-0.8699977730111607,0.6555624873435975,-0.393958627608349,-0.43011693255120736,-1.1021551129683116,-0.527270478734463,0.744420486714034,-0.7532673004265251,-0.8980910489045545,0.39950008551410265,-0.154297028718968,0.2204157157025331,-0.7129266562837424,-0.8066807146090719
2596,-1.2615604689309292,-0.6048630453065011,-0.3213574956846987,-1.0648288592990314,-0.48035221732560496,-1.033782835631731,-0.3948976382862167,-1.1530336371011551,-0.5984604181023949,-0.3056329538763202,-1.0181754283523323,-0.38989377429885436,-0.9415774973662154,-0.4062735675469233,-0.679450213053765,-0.4687390834091959,0.5510811662142671,0.3611350281617074,-0.1821882020242116,-0.7083528614944806,-0.6090380327712217,-1.6748897524128765,-0.24716870518376147,-0.393958627608349,-1.058316989816273,-1.1021551129683116,-1.2372433546786028,0.045055712040526594,-0.7532673004265251,-0.8980910489045545,0.39950008551410265,-0.154297028718968,0.2204157157025331,-0.7129266562837424,-0.8066807146090719
3551,-0.8755454162061636,-1.0859639914559178,-0.3213574956846987,-1.1083801737641095,0.15668051294637933,-0.6702748213784163,-0.8251435005068447,-0.8461823061976493,-1.0365936833912697,-0.3056329538763202,-1.0839725675113625,0.1592995466953365,-0.6530905180129339,-0.8008660484518793,-0.7994514706801558,-0.9587406447005118,0.5510811662142671,0.22296466695213507,0.3376761415900659,-0.7593316135426476,-0.830796907612964,-0.8699977730111607,-1.1498998977111203,-0.393958627608349,-1.058316989816273,0.11765926042581104,-0.527270478734463,-0.6543090626329808,-0.7532673004265251,-1.3025667919050503,0.39950008551410265,-0.29935284912300464,0.640928866725324,-0.7129266562837424,-1.0610458548757251
2252,-1.2615604689309292,-0.5567529506915594,-0.3213574956846987,-1.0430532020664924,-0.5157429245629375,-1.033782835631731,-0.3518730520641539,-1.1530336371011551,-0.5412903678464469,-0.3056329538763202,-0.9912504859562552,-0.4325209410034703,-0.9415774973662154,-0.3547849595110058,-0.679450213053765,-0.2769993420343334,0.5510811662142671,0.4055469299790694,-0.44212037383134983,-0.7083528614944806,-0.522262820876627,-1.6748897524128765,-0.24716870518376147,-0.393958627608349,-1.058316989816273,-1.1021551129683116,-1.2372433546786028,0.045055712040526594,-0.7532673004265251,-0.6958531774043066,0.39950008551410265,-0.08176911851694935,0.01015914019113761,-0.7129266562837424,-0.6794981444757453
5935,-0.34477471870961085,2.329852726204941,-0.3213574956846987,0.6772237193040912,-1.966761921293568,-0.1704513017801087,2.2296021212596138,-0.37053141842904064,2.3974287264435943,-0.3056329538763202,0.7511851853207884,-2.056261748146426,-0.20590624986901185,2.2918902645994375,0.6645638723618148,0.5538728705900723,0.5510811662142671,0.8743392269401188,0.04886261735991188,-0.1373908385550097,-0.14623690266671607,-0.06510579360944473,1.5582936798709563,-0.393958627608349,0.19808312471385886,-1.1021551129683116,0.18270239720967668,1.4437852613875417,-0.08714011657094316,1.326525537598172,0.39950008551410265,0.8610937141092879,-1.4616368883886308,-0.30895496569930236,0.5923275568575204
239,1.2957892553706432,-0.6048630453065011,-0.3213574956846987,0.08928097402553711,1.3953552662530155,1.3744577587964784,-0.3948976382862167,1.3399374395685006,-0.5984604181023949,-0.3056329538763202,0.12368033331783447,1.4178752151134255,1.402194952327632,-0.4062735675469233,-0.8954524767812687,-0.4687390834091959,0.5510811662142671,0.3167231263443443,-0.44212037383135017,-0.8001146151811812,-0.6090380327712217,1.5446781651939872,-0.24716870518376147,-0.393958627608349,0.19808312471385886,1.3374736338199338,1.6026481490979558,0.045055712040526594,-0.5312249058079979,-0.8980910489045545,0.39950008551410265,-0.08176911851694935,0.4306722912139286,-0.5782694260889291,-0.8066807146090719
5678,1.7300561896860043,-0.2199822883869677,-0.3213574956846987,0.4594671469787009,1.430745973490348,1.7834042748314576,-0.05070094850971438,1.7528963604172734,-0.2722685099580334,-0.3056329538763202,0.46645205851292426,1.4741154843156594,1.790439224633287,-0.11249794153746981,-0.39144719475042616,-0.2343905106176972,0.5510811662142671,0.4746321105838555,-0.1533068496011955,-0.5860038565788797,-0.5029794404556059,1.5446781651939872,-0.24716870518376147,-0.393958627608349,0.19808312471385886,1.3374736338199338,1.6026481490979558,0.045055712040526594,-0.3091825111894705,0.7198119230974284,0.39950008551410265,0.5709820733012146,-1.0411237373658397,-0.4436121958941157,0.21077984645754064
4698,-0.8755454162061636,0.1648984685325657,-0.3213574956846987,-0.5422130857180947,-0.7634778752242647,-0.6702748213784163,0.293495741266788,-0.8461823061976493,0.1407430321577121,-0.3056329538763202,-0.5294912769575709,-0.7185469518906965,-0.6530905180129339,0.25946936146651883,-0.7994514706801558,-1.725699610199963,0.5510811662142671,0.04531705968268496,1.377404828818621,-0.7593316135426476,-1.1778977551913437,-0.8699977730111607,0.6555624873435975,-0.393958627608349,-0.43011693255120736,-1.1021551129683116,-0.527270478734463,0.744420486714034,-0.7532673004265251,-1.3025667919050503,0.39950008551410265,-0.29935284912300464,0.640928866725324,-0.7129266562837424,-1.0610458548757251
3433,0.5720110315117075,-0.2199822883869677,-0.037310408388574585,0.1328322884906154,0.5813689997943688,0.5565647267265206,-0.17977470717590277,0.49061833423714873,-0.2722685099580334,-0.036030889387471135,0.0719452789635898,0.5587791239783562,0.47804925964613443,-0.22956555704706122,0.8085653815134842,-0.2343905106176972,-2.8090739031378527,-2.994430886927903,1.2907607715495748,2.4829170167207764,1.9170848023825382,0.7397861857922712,-0.24716870518376147,0.770824870315171,0.8262831819789244,0.7275664471228724,0.18270239720967668,-0.6543090626329808,0.13490227804758417,0.7198119230974284,-2.7512429675337047,-2.5477180653855704,-0.6206105863430489,1.8455607174177113,2.118518398457439
3615,-0.8755454162061636,-0.6048630453065011,-0.3213574956846987,-0.8906236014387191,-0.19722655942694528,-0.6702748213784163,-0.3948976382862167,-0.8461823061976493,-0.5984604181023949,-0.3056329538763202,-0.8776282862505487,-0.16738163785309762,-0.6530905180129339,-0.4062735675469233,-0.7994514706801558,-0.4687390834091959,0.5510811662142671,0.3364617493742843,-0.32659496413928846,-0.7593316135426476,-0.6090380327712217,-0.8699977730111607,-0.24716870518376147,-0.393958627608349,-0.7442169611837398,-0.49224792627125025,-0.527270478734463,0.045055712040526594,-0.7532673004265251,-0.8980910489045545,0.39950008551410265,-0.154297028718968,0.2204157157025331,-0.7129266562837424,-0.8066807146090719
5689,0.6202629131023032,1.896861874670466,3.844666451325122,3.7911427035571728,-0.9404314114109269,-1.2609753445400527,-0.05070094850971438,0.5486209335776193,1.9299452554874603,3.9985391081458803,3.8840451993377854,-1.0411764312455545,-1.3478558355236898,0.0018906707014408727,2.152579466929064,1.2782230046728869,-1.2427864803721236,-0.635665434850206,0.857540485204344,1.8609762417331384,1.4735670526990534,0.7397861857922712,1.5582936798709563,3.100391866162211,3.339083411039187,-0.49224792627125025,-1.2372433546786028,-0.6543090626329808,0.3569446726661115,-0.4936153059040588,0.39950008551410265,0.35339834269515996,0.8511854422367195,-0.03964050530967563,-0.5523155743424187
1426,2.0678193608201743,2.233632536975058,0.43610140377163226,2.2450710400469016,-0.12644514495228035,1.7379657730497933,1.799356259038986,2.1269710814392004,2.3119460664886033,0.31397936612575733,2.276940970518072,-0.18146918203328904,1.8533369052899624,1.945852319807194,0.08855783575513787,-0.29830375774265105,-0.600207024878491,-0.7146199269699617,0.5109642561281582,0.49474568684226156,0.2972808470167685,1.5446781651939872,1.5582936798709563,0.770824870315171,1.768583267876523,0.11765926042581104,0.8926752731538163,0.744420486714034,-0.08714011657094316,0.9220497945976762,0.39950008551410265,0.7160378937052513,-1.0411237373658397,-0.30895496569930236,0.33796241659086723
2692,-1.2615604689309292,-0.6048630453065011,-0.3213574956846987,-1.0648288592990314,-0.48035221732560496,-1.033782835631731,-0.3948976382862167,-1.1530336371011551,-0.5984604181023949,-0.3056329538763202,-1.0181754283523323,-0.38989377429885436,-0.9415774973662154,-0.4062735675469233,-0.679450213053765,-0.4687390834091959,0.5510811662142671,0.3611350281617074,-0.1821882020242116,-0.7083528614944806,-0.6090380327712217,-1.6748897524128765,-0.24716870518376147,-0.393958627608349,-1.058316989816273,-1.1021551129683116,-1.2372433546786028,0.045055712040526594,-0.7532673004265251,-0.8980910489045545,0.39950008551410265,-0.154297028718968,0.2204157157025331,-0.7129266562837424,-0.8066807146090719
4368,-0.8755454162061636,0.3092287523773907,-0.3213574956846987,-0.47688611402047765,-0.869649996936262,-0.6702748213784163,0.4225694999329764,-0.8461823061976493,0.23904279155665106,-0.3056329538763202,-0.4831957892412677,-0.7918412766667405,-0.6530905180129339,0.34800029259317783,-0.7994514706801558,-0.34091258915928724,0.5510811662142671,0.36606968391919265,-0.499883078677381,-0.7593316135426476,-0.5511878915081585,-0.8699977730111607,0.6555624873435975,-0.393958627608349,-0.43011693255120736,-1.1021551129683116,-0.527270478734463,0.744420486714034,-0.7532673004265251,-0.6958531774043066,0.39950008551410265,-0.08176911851694935,0.01015914019113761,-0.7129266562837424,-0.6794981444757453
1181,1.7783080712766002,-0.6048630453065011,-0.3213574956846987,0.30703754635092745,1.7492623386263402,1.828842776613122,-0.3948976382862167,1.8212434150030201,-0.5984604181023949,-0.3056329538763202,0.3441329516090858,1.7668925081546671,1.8546958640523818,-0.4062735675469233,-0.10344417644708796,-0.4687390834091959,0.5510811662142671,0.47956676634134077,0.5109642561281582,-0.46365485166327863,-0.6090380327712217,1.5446781651939872,-0.24716870518376147,-0.393958627608349,0.19808312471385886,1.3374736338199338,1.6026481490979558,0.045055712040526594,-0.3091825111894705,-0.8980910489045545,0.39950008551410265,-0.009241208314931339,0.640928866725324,-0.4436121958941157,-0.8066807146090719
2446,-1.2615604689309292,-0.6048630453065011,-0.3213574956846987,-1.0648288592990314,-0.48035221732560496,-1.033782835631731,-0.3948976382862167,-1.1530336371011551,-0.5984604181023949,-0.3056329538763202,-1.0181754283523323,-0.38989377429885436,-0.9415774973662154,-0.4062735675469233,-0.679450213053765,-0.4687390834091959,0.5510811662142671,0.3611350281617074,-0.1821882020242116,-0.7083528614944806,-0.6090380327712217,-1.6748897524128765,-0.24716870518376147,-0.393958627608349,-1.058316989816273,-1.1021551129683116,-1.2372433546786028,0.045055712040526594,-0.7532673004265251,-0.8980910489045545,0.39950008551410265,-0.154297028718968,0.2204157157025331,-0.7129266562837424,-0.8066807146090719
1934,-0.48953036348139795,-0.2199822883869677,-0.9841340327089884,-0.9995018876014143,-0.19722655942694528,0.011302705346548599,0.25047115504472517,-0.5381883407979545,-0.2722685099580334,-0.8838182261859971,-0.9767969281649608,-0.18725632770982428,-0.0940481251542656,0.1385638271488646,-1.0634542374582163,-0.2343905106176972,-1.1089157604776165,-1.4992301924100324,-0.9619847174456273,0.39278818274592714,0.6925901456477002,-0.06510579360944473,-0.24716870518376147,-1.558742125531869,-1.3724170184488054,0.11765926042581104,0.8926752731538163,0.744420486714034,-0.7532673004265251,0.7198119230974284,-2.7512429675337047,-2.8378297061936433,-1.4616368883886308,1.306931796638458,2.118518398457439
3011,-0.8272935346155679,0.3092287523773907,1.0041955783638805,0.4594671469787009,-0.8342592896989296,-1.2609753445400527,-0.17977470717590277,-0.8210351880706466,0.23904279155665106,0.9234252555212876,0.3655641373410201,-0.7736059346090168,-1.2022890622687334,-0.18568595409584596,0.1125580872804161,-0.34091258915928724,-1.9924625117813615,-2.2591671790626795,0.5976083133972044,1.5652994798537696,1.2807332484888432,-0.8699977730111607,0.6555624873435975,1.935608368238691,1.45448323924399,-1.1021551129683116,-1.9472162306227425,-0.6543090626329808,-0.5312249058079979,-0.6958531774043066,-2.1210943569241434,-2.6202459755875886,0.2204157157025331,1.0376173362488312,0.8466926971241735
1446,1.8265599528671959,-0.26809238300190935,1.0041955783638805,1.395820407977879,1.5369180952023453,1.2381422534514854,-0.6960697418406563,1.867710961112662,-0.30691082696139377,0.9234252555212876,1.3399671622891394,1.58320290302339,1.3255417688433588,-0.6773838228893377,-0.07944392492180974,0.298219882090255,-1.9924625117813615,-2.1506047523980154,-0.49988307867738074,1.483733476576702,1.569983954804159,1.5446781651939872,-0.24716870518376147,1.935608368238691,2.0826832965090563,1.3374736338199338,0.18270239720967668,-1.3536738373064883,-0.3091825111894705,0.5175740515971805,-2.1210943569241434,-2.1125506041734607,-0.8308671618544443,1.1722745664436447,1.6097881179241327
1992,1.3440411369612388,-0.2199822883869677,-0.3213574956846987,0.28526188911838846,1.1476203155916882,1.4198962605781427,-0.05070094850971438,1.3701176740675325,-0.2722685099580334,-0.3056329538763202,0.2911279031132238,1.1965448997762524,1.430568968699545,-0.11249794153746981,-0.39144719475042616,-0.2343905106176972,0.5510811662142671,0.4746321105838555,-0.1533068496011955,-0.5860038565788797,-0.5029794404556059,1.5446781651939872,-0.24716870518376147,-0.393958627608349,0.19808312471385886,1.3374736338199338,1.6026481490979558,0.045055712040526594,-0.3091825111894705,0.7198119230974284,0.39950008551410265,0.5709820733012146,-1.0411237373658397,-0.4436121958941157,0.21077984645754064
756,-0.44127848189080227,-0.6048630453065011,-0.3213574956846987,-0.694642686345868,0.12128980570904686,-0.2613283053434374,-0.3948976382862167,-0.5194565462508922,-0.5984604181023949,-0.3056329538763202,-0.7279780576648021,0.0695423691686553,-0.345918548817253,-0.4062735675469233,-0.6314497100032085,-0.4687390834091959,0.5510811662142671,0.37100433967667684,-0.12442549717818072,-0.6879613606752139,-0.6090380327712217,-0.06510579360944473,-0.24716870518376147,-0.393958627608349,-0.43011693255120736,0.11765926042581104,0.18270239720967668,0.045055712040526594,-0.5312249058079979,-0.8980910489045545,0.39950008551410265,-0.08176911851694935,0.4306722912139286,-0.5782694260889291,-0.8066807146090719
4343,-0.8755454162061636,0.261118657762449,1.7616544778202117,0.9385316060945594,-0.8342592896989296,-1.6699218605750314,-0.5669959831744679,-0.8461823061976493,0.2077590871658228,1.5999788431542705,0.8001848960250662,-0.7685155024854065,-1.541259947479235,-0.507636374181561,-0.7994514706801558,-0.9161318132838756,-1.8452047198974042,-2.4170761633021915,0.279913436744035,1.0657077097817325,0.9143490204894429,-0.8699977730111607,0.6555624873435975,1.935608368238691,1.45448323924399,-1.1021551129683116,-1.9472162306227425,-0.6543090626329808,-0.7532673004265251,-0.8980910489045545,-0.44069806196531264,-1.0246319511431872,0.2204157157025331,-0.174297735504489,-0.2979504340757656
5064,1.0062779658270689,-0.8935236129961511,2.4244310148445014,1.7224552664659645,1.3953552662530155,-0.21588980356177304,-1.9007581560584144,0.9839817193657259,-0.8922971831518304,2.3735994738470345,1.6473649691000347,1.3788459504286004,-0.18119692824438063,-1.8342957508827167,1.6725744364234993,1.7469201502558853,-2.956331695021811,-2.52070393420937,-0.35547631656230416,2.9621172859735463,2.9198205842756337,0.7397861857922712,-1.1498998977111203,3.100391866162211,2.396783325141588,1.3374736338199338,-1.2372433546786028,-2.752403386653503,2.13328382961433,1.5287634090984197,-2.7512429675337047,-1.6048552327593333,0.4306722912139286,3.057475789171032,2.627248678990745
1115,-0.6825378898437807,-0.8935236129961511,1.6669721153881703,0.43769148974616195,0.15668051294637933,-1.44272935166671,-1.556561466281912,-0.6935289313928307,-0.8922971831518304,1.528127324868998,0.30307394263930887,0.16240514923755814,-1.3642539019722641,-1.4671716761903193,2.224580221504898,1.7469201502558853,-1.5105279201611372,-0.808378386362172,0.30879478916705017,2.095478501154707,1.8785180415404963,-0.8699977730111607,-1.1498998977111203,1.935608368238691,0.8262831819789244,0.11765926042581104,-1.9472162306227425,-2.0530386119799955,2.3553262242328574,1.5287634090984197,-0.6507475988351664,0.6435099835032333,0.640928866725324,1.8455607174177113,1.3554229776574795
2683,-1.2615604689309292,0.7903296985268075,-0.3213574956846987,-0.43333479955539955,-1.5066827272082461,-1.033782835631731,0.8528153621536043,-1.1530336371011551,0.7755732535719463,-0.3056329538763202,-0.37105727305119857,-1.414401573714755,-0.9415774973662154,0.8312114588307155,-0.679450213053765,0.6177861177150261,0.5510811662142671,0.6128024717934278,-1.655137175597997,-0.7083528614944806,-0.11731183203518465,-1.6748897524128765,0.6555624873435975,-0.393958627608349,-0.7442169611837398,-1.712062299665373,-1.2372433546786028,0.744420486714034,-0.7532673004265251,1.326525537598172,0.39950008551410265,0.6435099835032333,-2.092406614922817,-0.7129266562837424,0.5923275568575204
1221,1.8748118344577915,1.896861874670466,-0.3213574956846987,1.4829230369080357,-0.020273023240282975,1.9197197801764505,1.8423808452610488,1.9122351576277716,1.9299452554874603,-0.3056329538763202,1.5765938373741677,-0.052356492326542076,1.9402419586338016,1.8708643412082584,-0.05544367339653151,1.2782230046728869,0.5510811662142671,0.8940778499700566,-1.7995439377130742,-0.44326335084401225,0.181580564490642,1.5446781651939872,1.5582936798709563,-0.393958627608349,0.8262831819789244,0.11765926042581104,1.6026481490979558,1.4437852613875417,-0.3091825111894705,-0.4936153059040588,0.39950008551410265,0.1358146120891053,0.2204157157025331,-0.4436121958941157,-0.5523155743424187
4717,-0.8755454162061636,1.4638710231359908,-0.3213574956846987,0.0457296595604592,-1.719026970632241,-0.6702748213784163,1.4551595692624837,-0.8461823061976493,1.466659585424246,-0.3056329538763202,0.09496552619160015,-1.707177637004044,-0.6530905180129339,1.453619049875661,-0.7994514706801558,-1.4061333745751916,0.5510811662142671,0.11933689604495638,0.9441845424733893,-0.7593316135426476,-1.0332724020336852,-0.8699977730111607,1.5582936798709563,-0.393958627608349,-0.11601690391867427,-1.712062299665373,-0.527270478734463,1.4437852613875417,-0.7532673004265251,-1.1003289204048023,0.39950008551410265,-0.22682493892098599,0.4306722912139286,-0.7129266562837424,-0.9338632847423984
5605,2.11607124241077,-0.2199822883869677,-0.3213574956846987,0.6336724048390129,1.7138716313890077,2.146912289084772,-0.05070094850971438,2.1739655727950575,-0.2722685099580334,-0.3056329538763202,0.6593144269194561,1.779452305771963,2.1863084060373965,-0.11249794153746981,0.5685628662607018,-0.2343905106176972,0.5510811662142671,0.6720183408832445,1.0019472473194206,-0.17817384019354338,-0.5029794404556059,1.5446781651939872,-0.24716870518376147,-0.393958627608349,0.19808312471385886,1.3374736338199338,1.6026481490979558,0.045055712040526594,0.13490227804758417,0.7198119230974284,0.39950008551410265,0.7160378937052513,-0.6206105863430489,-0.174297735504489,0.21077984645754064
511,2.598590058316727,1.896861874670466,-0.3213574956846987,1.809557895396121,0.5105875853197039,2.6012973069014156,1.8423808452610488,2.709945367912353,1.9299452554874603,-0.3056329538763202,1.9419691152026592,0.526100191020332,2.690211034168421,1.8708643412082584,1.8165759455751687,1.2782230046728869,0.5510811662142671,1.2789809990538652,0.45320155128212797,0.3520051811073939,0.181580564490642,1.5446781651939872,1.5582936798709563,-0.393958627608349,0.8262831819789244,0.11765926042581104,1.6026481490979558,1.4437852613875417,2.3553262242328574,-0.4936153059040588,0.39950008551410265,1.0061495345133247,2.743494621839279,1.1722745664436447,-0.5523155743424187
5705,1.1027817290082602,0.3573388469923324,0.43610140377163226,0.9603072633270984,0.5459782925570363,0.8291957374165065,0.1213973963785368,1.1539578891354345,0.29545268189896645,0.31397936612575733,0.881579147692606,0.6164927999152463,0.9385563309574424,0.12975390776575357,2.0085779577773946,0.8521346905065258,-0.600207024878491,-0.05337605546700955,1.2618794191265588,1.3104057196129344,0.8179321183843374,0.7397861857922712,0.6555624873435975,0.770824870315171,1.1403832106114569,0.11765926042581104,0.18270239720967668,0.045055712040526594,2.5773686188513847,-0.4936153059040588,0.39950008551410265,1.0786774447153427,2.9537511973506745,1.306931796638458,-0.5523155743424187
3131,-0.20001907393782373,-0.2199822883869677,-0.3213574956846987,-0.4115591423228604,0.015117683997049484,-0.03413579643511573,-0.05070094850971438,-0.23533353930988982,-0.2722685099580334,-0.3056329538763202,-0.44421705745660456,0.032357739837291295,-0.07879965513073132,-0.11249794153746981,0.6885641238870931,-0.2343905106176972,0.5510811662142671,0.6966916196706676,1.1463540094344977,-0.12719508814537628,-0.5029794404556059,-0.06510579360944473,-0.24716870518376147,-0.393958627608349,-0.43011693255120736,0.11765926042581104,0.18270239720967668,0.045055712040526594,0.5789870672846389,0.7198119230974284,0.39950008551410265,0.8610937141092879,-0.20009743532025787,0.09501672488513772,0.21077984645754064
1047,1.2475373737800473,-0.2199822883869677,-0.3213574956846987,0.24171057465331056,1.0768389011170232,1.329019257014814,-0.05070094850971438,1.2553977533490932,-0.2722685099580334,-0.3056329538763202,0.23858272772928446,1.1133561628175883,1.322714773307061,-0.11249794153746981,-1.1354549920340506,-0.2343905106176972,0.5510811662142671,0.3216577821018296,-1.0486287747146734,-0.9020721192775154,-0.5029794404556059,1.5446781651939872,-0.24716870518376147,-0.393958627608349,0.19808312471385886,1.3374736338199338,1.6026481490979558,0.045055712040526594,-0.7532673004265251,0.7198119230974284,0.39950008551410265,0.42592625289717795,-1.4616368883886308,-0.7129266562837424,0.21077984645754064
37,0.041240334015154784,-0.8935236129961511,0.15205431647550816,-0.2809051989276263,0.6875411215063661,-0.03413579643511573,-0.8681680867289074,-0.03512962201731603,-0.8922971831518304,0.1179222433482073,-0.355999484347375,0.6398410349878023,-0.08798851005699111,-0.8548271580348359,0.9285666391398748,1.7469201502558853,-1.8987530078552066,-1.5041648481675172,-1.250798241675782,1.8405847409138714,2.1581270576453018,-0.06510579360944473,-1.1498998977111203,0.770824870315171,0.19808312471385886,0.7275664471228724,-0.527270478734463,-1.3536738373064883,1.6891990403772754,1.5287634090984197,-0.2306485250954588,0.8610937141092879,0.01015914019113761,1.1722745664436447,1.1010578373908264
960,-0.00701154757544092,2.329852726204941,4.128713538621246,3.900020989719868,-1.719026970632241,-1.9879913730466816,0.2074465688226624,-0.07075004994543396,2.3974287264435943,4.2031578812025,3.959909306741849,-1.838876369463169,-2.025527799781957,0.3340662661262792,1.52857292727183,0.5538728705900723,-2.9964929109901624,-2.871064492990785,1.0885913045884663,2.931530034744646,2.408811003118575,-0.06510579360944473,1.5582936798709563,4.265175364085731,3.967283468304252,-1.1021551129683116,-2.6571891065668822,-1.3536738373064883,1.4671566457587482,1.326525537598172,-2.7512429675337047,-1.8949668735674061,0.01015914019113761,2.6535040985865916,2.5000661088574185
1483,0.9580260842364732,-0.17187219377202603,0.43610140377163226,0.6554480620715523,0.8291039504556961,0.6928802320715135,-0.3518730520641539,0.9095669552775699,-0.19205006897440713,0.31397936612575733,0.5400452955200195,0.8027656848319856,0.7087916364964822,-0.3093018206055745,1.2405699089684918,0.10648014071539251,-0.600207024878491,-0.3839979912184856,1.348523476395605,0.9841417065046651,0.48047296101646864,0.7397861857922712,-0.24716870518376147,0.770824870315171,0.8262831819789244,0.7275664471228724,0.18270239720967668,-0.6543090626329808,1.911241434995803,0.9220497945976762,0.39950008551410265,1.368789085523416,0.8511854422367195,0.9029601060540179,0.33796241659086723
4003,-0.39302660030020653,-0.2199822883869677,-0.037310408388574585,-0.3026808561601652,-0.12644514495228035,-0.35220530890676605,-0.17977470717590277,-0.42619121461605547,-0.2722685099580334,-0.036030889387471135,-0.3479810793922228,-0.10604201539401403,-0.3838913309719261,-0.22956555704706122,0.23255934490680724,-0.2343905106176972,-2.8090739031378527,-3.1128626251075366,0.5976083133972051,2.238219006889574,1.9170848023825382,-0.06510579360944473,-0.24716870518376147,0.770824870315171,0.5121831533463913,0.11765926042581104,-0.527270478734463,-0.6543090626329808,-0.3091825111894705,0.7198119230974284,-2.7512429675337047,-2.6927738857896073,-1.0411237373658397,1.5762462570280846,2.118518398457439
101,0.7167666762834947,1.896861874670466,4.223395901053287,4.096001904812719,-0.869649996936262,-1.3518523481033813,-0.22279929339796556,0.6467061699014219,1.9299452554874603,4.373686568350306,4.184523878326826,-0.9700502757097992,-1.4304898756142106,-0.1610072607883524,2.248580473030177,1.2782230046728869,-2.8626221910956553,-2.4072068517872207,0.9730658948964057,3.1354450429373144,2.6402115681708285,0.7397861857922712,1.5582936798709563,4.265175364085731,4.281383496936785,-0.49224792627125025,-1.9472162306227425,-1.3536738373064883,0.8010294619031662,-0.4936153059040588,-2.541193430663851,-2.5477180653855704,1.2716985932595104,2.1148751778073382,1.228240407524153
1199,1.7783080712766002,-0.26809238300190935,0.43610140377163226,0.9820829205596378,1.5015273879650128,1.4653347623598072,-0.43792222450827956,1.8212434150030201,-0.30691082696139377,0.31397936612575733,0.9035254497399533,1.5495071294714102,1.5659063416511927,-0.41274795228157457,-0.10344417644708796,0.298219882090255,-0.600207024878491,-0.6159268118202682,-0.5287644311003962,0.4131796835651942,0.5672481729110633,1.5446781651939872,-0.24716870518376147,0.770824870315171,1.1403832106114569,1.3374736338199338,0.8926752731538163,-0.6543090626329808,-0.3091825111894705,0.5175740515971805,0.39950008551410265,0.4984541630991966,-0.8308671618544443,-0.4436121958941157,0.08359727632421407
6602,0.041240334015154784,0.6941095092969242,-0.3213574956846987,0.11105663125807645,-0.48035221732560496,0.1930567124732059,0.7667661897094787,-0.03512962201731603,0.6464873895690869,-0.3056329538763202,0.08018181684968846,-0.5075084287647047,0.10942251481837402,0.7149538829694894,0.9285666391398748,0.04256689359043819,0.5510811662142671,0.8101887020928168,1.0597099521654507,-0.02523758404904233,-0.3776374677189689,-0.06510579360944473,0.6555624873435975,-0.393958627608349,-0.11601690391867427,-0.49224792627125025,0.18270239720967668,0.744420486714034,1.6891990403772754,0.9220497945976762,0.39950008551410265,1.2962611753213973,0.640928866725324,0.7683028758592045,0.33796241659086723
3715,-0.8755454162061636,0.261118657762449,-0.3213574956846987,-0.4986617712530166,-0.8342592896989296,-0.6702748213784163,0.3795449137109136,-0.8461823061976493,0.2077590871658228,-0.3056329538763202,-0.49792923682243934,-0.7685155024854065,-0.6530905180129339,0.31982549851691616,-0.7994514706801558,-0.9161318132838756,0.5510811662142671,0.23283397846710452,0.279913436744035,-0.7593316135426476,-0.8115135271919429,-0.8699977730111607,0.6555624873435975,-0.393958627608349,-0.43011693255120736,-1.1021551129683116,-0.527270478734463,0.744420486714034,-0.7532673004265251,-0.8980910489045545,0.39950008551410265,-0.154297028718968,0.2204157157025331,-0.7129266562837424,-0.8066807146090719
2582,-0.34477471870961085,-0.4124226668467344,-0.7947693078449056,-0.8906236014387191,0.050508391234381944,0.05674120712821293,-0.00767636228765158,-0.37053141842904064,-0.4501102275211775,-0.6549940881947908,-0.8278854012468246,0.06692193185944316,-0.043075667150723494,-0.12096521758982313,0.6645638723618148,0.14908897213202874,-2.7421385431905994,-2.8611951814758156,0.5976083133972044,2.370763762214809,2.0424267751191754,-0.06510579360944473,-0.24716870518376147,-0.393958627608349,-0.43011693255120736,0.11765926042581104,0.18270239720967668,0.045055712040526594,-0.08714011657094316,-0.08913956290356309,-2.7512429675337047,-2.910357616395662,0.01015914019113761,1.710903487222898,1.6097881179241327
6654,0.041240334015154784,2.329852726204941,-0.3213574956846987,0.8514289771644032,-1.6836362633949085,0.1930567124732059,2.2296021212596138,-0.03512962201731603,2.3974287264435943,-0.3056329538763202,0.9048092996522202,-1.8130463445580784,0.10942251481837402,2.2918902645994375,0.9285666391398748,0.5538728705900723,0.5510811662142671,0.9286204402724503,0.366557494013081,-0.02523758404904233,-0.14623690266671607,-0.06510579360944473,1.5582936798709563,-0.393958627608349,0.19808312471385886,-1.1021551129683116,0.18270239720967668,1.4437852613875417,1.6891990403772754,1.326525537598172,0.39950008551410265,1.441316995725434,0.2204157157025331,0.7683028758592045,0.5923275568575204
5436,0.4272553867399204,-0.2199822883869677,-0.3213574956846987,-0.12847559829985322,0.47519687808237143,0.5565647267265206,-0.05070094850971438,0.38954312339944436,-0.2722685099580334,-0.3056329538763202,-0.1580047446362474,0.48548479920231213,0.5086795660366801,-0.11249794153746981,-0.7514509676295996,-0.2343905106176972,0.5510811662142671,0.4006122742215852,-0.586527135946427,-0.7389401127233811,-0.5029794404556059,0.7397861857922712,-0.24716870518376147,-0.393958627608349,-0.11601690391867427,0.7275664471228724,0.8926752731538163,0.045055712040526594,-0.5312249058079979,0.7198119230974284,0.39950008551410265,0.4984541630991966,-1.2513803128772354,-0.5782694260889291,0.21077984645754064
3790,-0.8755454162061636,1.0789902662164574,-0.3213574956846987,-0.12847559829985322,-1.4359013127335813,-0.6702748213784163,1.1109628794859812,-0.8461823061976493,1.094391722123531,-0.3056329538763202,-0.08035862920810036,-1.429607052464637,-0.6530905180129339,1.1183464025358973,-0.7994514706801558,-1.4061333745751916,0.5510811662142671,0.11933689604495638,0.9441845424733893,-0.7593316135426476,-1.0332724020336852,-0.8699977730111607,1.5582936798709563,-0.393958627608349,-0.11601690391867427,-1.712062299665373,-0.527270478734463,1.4437852613875417,-0.7532673004265251,-1.1003289204048023,0.39950008551410265,-0.22682493892098599,0.4306722912139286,-0.7129266562837424,-0.9338632847423984
1536,-0.48953036348139795,1.5119811177509326,0.43610140377163226,0.7643263482342474,-1.4712920199709136,-0.6702748213784163,1.153987465708044,-0.5381883407979545,1.5331298798290023,0.31397936612575733,0.6894246482383829,-1.5333985435230837,-0.6523188106303811,1.2444332868097174,-1.0634542374582163,-1.1504803860753747,-0.600207024878491,-1.1488696336286168,0.279913436744035,0.005349667179857697,-0.08838676140365301,-0.06510579360944473,1.5582936798709563,0.770824870315171,1.1403832106114569,-1.1021551129683116,-0.527270478734463,0.744420486714034,-0.7532673004265251,-1.1003289204048023,0.39950008551410265,-0.22682493892098599,0.4306722912139286,-0.7129266562837424,-0.9338632847423984
4296,-0.8755454162061636,0.21300856314750738,-0.3213574956846987,-0.5204374284855555,-0.7988685824615971,-0.6702748213784163,0.3365203274888508,-0.8461823061976493,0.16465329695576397,-0.3056329538763202,-0.518230441966517,-0.7363749376793224,-0.6530905180129339,0.2810034732385092,-0.7994514706801558,-1.1504803860753747,0.5510811662142671,0.17855276513477308,0.5976083133972048,-0.7593316135426476,-0.9175721195075587,-0.8699977730111607,0.6555624873435975,-0.393958627608349,-0.43011693255120736,-1.1021551129683116,-0.527270478734463,0.744420486714034,-0.7532673004265251,-1.1003289204048023,0.39950008551410265,-0.22682493892098599,0.4306722912139286,-0.7129266562837424,-0.9338632847423984
6938,0.041240334015154784,0.7422196039118658,-0.3213574956846987,0.1328322884906154,-0.5157429245629375,0.1930567124732059,0.8097907759315416,-0.03512962201731603,0.7188587786067024,-0.3056329538763202,0.1142660177947307,-0.5614700266877377,0.10942251481837402,0.7801331519484422,0.9285666391398748,0.4260463763401636,0.5510811662142671,0.8990125057275419,0.5398456085511736,-0.02523758404904233,-0.20408704392977933,-0.06510579360944473,0.6555624873435975,-0.393958627608349,-0.11601690391867427,-0.49224792627125025,0.18270239720967668,0.744420486714034,1.6891990403772754,1.124287666097924,0.39950008551410265,1.368789085523416,0.4306722912139286,0.7683028758592045,0.4651449867241938
5354,0.4272553867399204,-0.6048630453065011,-0.3213574956846987,-0.3026808561601652,0.758322535981031,0.5565647267265206,-0.3948976382862167,0.38954312339944436,-0.5984604181023949,-0.3056329538763202,-0.31162885896767895,0.7287002027906593,0.5086795660366801,-0.4062735675469233,-0.7514509676295996,-0.4687390834091959,0.5510811662142671,0.34633106088925375,-0.2688322592932579,-0.7389401127233811,-0.6090380327712217,0.7397861857922712,-0.24716870518376147,-0.393958627608349,-0.11601690391867427,0.7275664471228724,0.8926752731538163,0.045055712040526594,-0.5312249058079979,-0.8980910489045545,0.39950008551410265,-0.08176911851694935,0.4306722912139286,-0.5782694260889291,-0.8066807146090719
3404,-0.8755454162061636,0.21300856314750738,-0.3213574956846987,-0.5204374284855555,-0.7988685824615971,-0.6702748213784163,0.3365203274888508,-0.8461823061976493,0.16465329695576397,-0.3056329538763202,-0.518230441966517,-0.7363749376793224,-0.6530905180129339,0.2810034732385092,-0.7994514706801558,-1.1504803860753747,0.5510811662142671,0.17855276513477308,0.5976083133972048,-0.7593316135426476,-0.9175721195075587,-0.8699977730111607,0.6555624873435975,-0.393958627608349,-0.43011693255120736,-1.1021551129683116,-0.527270478734463,0.744420486714034,-0.7532673004265251,-1.1003289204048023,0.39950008551410265,-0.22682493892098599,0.4306722912139286,-0.7129266562837424,-0.9338632847423984
3038,-0.8272935346155679,-0.6048630453065011,-0.3213574956846987,-0.8688479442061802,-0.1618358521896128,-0.624836319596752,-0.3948976382862167,-0.8210351880706466,-0.5984604181023949,-0.3056329538763202,-0.8661101495214704,-0.14914629579537378,-0.629448397489818,-0.4062735675469233,0.1125580872804161,-0.4687390834091959,0.5510811662142671,0.5239786681587028,0.7708964279352971,-0.3718930979765781,-0.6090380327712217,-0.8699977730111607,-0.24716870518376147,-0.393958627608349,-0.7442169611837398,-0.49224792627125025,-0.527270478734463,0.045055712040526594,-0.5312249058079979,-0.8980910489045545,0.39950008551410265,-0.08176911851694935,0.4306722912139286,-0.5782694260889291,-0.8066807146090719
2138,-1.2615604689309292,-0.26809238300190935,-0.3213574956846987,-0.9123992586712583,-0.7280871679869322,-1.033782835631731,-0.09372553473177717,-1.1530336371011551,-0.30691082696139377,-0.3056329538763202,-0.88086654176001,-0.6072791529821113,-0.9415774973662154,-0.14369757620031404,-0.679450213053765,0.298219882090255,0.5510811662142671,0.5387826354311563,-1.2219168892527659,-0.7083528614944806,-0.2619371851928426,-1.6748897524128765,-0.24716870518376147,-0.393958627608349,-1.058316989816273,-1.1021551129683116,-1.2372433546786028,0.045055712040526594,-0.7532673004265251,0.5175740515971805,0.39950008551410265,0.35339834269515996,-1.2513803128772354,-0.7129266562837424,0.08359727632421407
2684,-1.2615604689309292,-0.6529731399214428,-0.3213574956846987,-1.0866045165315705,-0.4449615100882725,-1.033782835631731,-0.43792222450827956,-1.1530336371011551,-0.6525918369540739,-0.3056329538763202,-1.043669289698864,-0.3495322737401271,-0.9415774973662154,-0.4550255171289896,-0.679450213053765,-0.8522185661589213,0.5510811662142671,0.2723112245269823,0.3376761415900656,-0.7083528614944806,-0.7825884565604115,-1.6748897524128765,-0.24716870518376147,-0.393958627608349,-1.058316989816273,-1.1021551129683116,-1.2372433546786028,0.045055712040526594,-0.7532673004265251,-1.1003289204048023,0.39950008551410265,-0.22682493892098599,0.4306722912139286,-0.7129266562837424,-0.9338632847423984
3989,-0.8755454162061636,-1.0859639914559178,-0.3213574956846987,-1.1083801737641095,0.15668051294637933,-0.6702748213784163,-0.8251435005068447,-0.8461823061976493,-1.0365936833912697,-0.3056329538763202,-1.0839725675113625,0.1592995466953365,-0.6530905180129339,-0.8008660484518793,-0.7994514706801558,-0.9587406447005118,0.5510811662142671,0.22296466695213507,0.3376761415900659,-0.7593316135426476,-0.830796907612964,-0.8699977730111607,-1.1498998977111203,-0.393958627608349,-1.058316989816273,0.11765926042581104,-0.527270478734463,-0.6543090626329808,-0.7532673004265251,-1.3025667919050503,0.39950008551410265,-0.29935284912300464,0.640928866725324,-0.7129266562837424,-1.0610458548757251
2985,-0.8272935346155679,-0.6048630453065011,-0.3213574956846987,-0.8688479442061802,-0.1618358521896128,-0.624836319596752,-0.3948976382862167,-0.8210351880706466,-0.5984604181023949,-0.3056329538763202,-0.8661101495214704,-0.14914629579537378,-0.629448397489818,-0.4062735675469233,0.1125580872804161,-0.4687390834091959,0.5510811662142671,0.5239786681587028,0.7708964279352971,-0.3718930979765781,-0.6090380327712217,-0.8699977730111607,-0.24716870518376147,-0.393958627608349,-0.7442169611837398,-0.49224792627125025,-0.527270478734463,0.045055712040526594,-0.5312249058079979,-0.8980910489045545,0.39950008551410265,-0.08176911851694935,0.4306722912139286,-0.5782694260889291,-0.8066807146090719
3414,0.041240334015154784,-0.9897438022260345,-0.037310408388574585,-0.4551104567879385,0.758322535981031,0.05674120712821293,-0.8681680867289074,-0.03512962201731603,-0.9662956267991046,-0.036030889387471135,-0.4957237599250214,0.695015798331767,-0.016233881816619188,-0.8546216839062467,0.9285666391398748,0.298219882090255,-2.8090739031378527,-2.8463912142033614,0.7131337230892663,2.5338957687689434,2.1581270576453018,-0.06510579360944473,-1.1498998977111203,0.770824870315171,0.19808312471385886,0.7275664471228724,-0.527270478734463,-1.3536738373064883,1.6891990403772754,1.124287666097924,-2.7512429675337047,-1.8949668735674061,0.4306722912139286,2.788161328781405,2.3728835387240923
3915,-0.8755454162061636,-0.2199822883869677,-0.3213574956846987,-0.716418343578407,-0.48035221732560496,-0.6702748213784163,-0.05070094850971438,-0.8461823061976493,-0.2722685099580334,-0.3056329538763202,-0.7240041719191166,-0.4105970414414447,-0.6530905180129339,-0.11249794153746981,-0.7994514706801558,-0.2343905106176972,0.5510811662142671,0.39074296270661574,-0.6442898407924575,-0.7593316135426476,-0.5029794404556059,-0.8699977730111607,-0.24716870518376147,-0.393958627608349,-0.7442169611837398,-0.49224792627125025,-0.527270478734463,0.045055712040526594,-0.7532673004265251,0.7198119230974284,0.39950008551410265,0.42592625289717795,-1.4616368883886308,-0.7129266562837424,0.21077984645754064
538,2.598590058316727,1.896861874670466,2.2350662899804186,3.573386131231782,0.5105875853197039,1.3744577587964784,0.6807170172653532,2.709945367912353,1.9299452554874603,2.1590168235863807,3.620903257838235,0.526100191020332,1.5414846303466503,0.800654908425012,1.8165759455751687,1.2782230046728869,-0.09149828927936539,0.5683905699760647,0.45320155128212797,0.8414012007697975,0.6443816945951476,1.5446781651939872,1.5582936798709563,1.935608368238691,2.710883353774121,0.11765926042581104,0.18270239720967668,0.045055712040526594,2.3553262242328574,-0.4936153059040588,0.6095496223839565,1.2237332651193793,2.743494621839279,1.0376173362488312,-0.6794981444757453
2083,1.3440411369612388,-0.9416337076110928,1.0041955783638805,0.8732046343969426,1.6784809241516752,0.7837572356348421,-1.2984139489495354,1.3701176740675325,-0.9125886553590835,0.9234252555212876,0.8268029993430117,1.673980785526497,0.85772830392063,-1.2228706322029224,-0.39144719475042616,0.9160479376314796,-1.9924625117813615,-2.07165026027826,-1.7128998804440279,1.351188721251468,1.8495929709089645,1.5446781651939872,-1.1498998977111203,1.935608368238691,1.768583267876523,1.9473808205169951,0.18270239720967668,-2.0530386119799955,-0.3091825111894705,1.326525537598172,-2.1210943569241434,-1.822438963365388,-1.6718934639000262,1.1722745664436447,2.118518398457439
3805,-0.8755454162061636,-0.4605327614616761,-0.3213574956846987,-0.8252966297411021,-0.3033986811389427,-0.6702748213784163,-0.26582387962002835,-0.8461823061976493,-0.466974973961211,-0.3056329538763202,-0.8157035897779286,-0.2654198925256757,-0.6530905180129339,-0.2878548768950012,-0.7994514706801558,-0.44743466770087775,0.5510811662142671,0.3413964051317685,-0.3554763165623039,-0.7593316135426476,-0.5993963425607112,-0.8699977730111607,-0.24716870518376147,-0.393958627608349,-0.7442169611837398,-0.49224792627125025,-0.527270478734463,0.045055712040526594,-0.7532673004265251,-0.2913774344038109,0.39950008551410265,0.06328670188708667,-0.41035401083165335,-0.7129266562837424,-0.42513300420909217
6765,0.041240334015154784,-0.4124226668467344,-0.3213574956846987,-0.38978348509032146,0.33363404913304157,0.1930567124732059,-0.22279929339796556,-0.03512962201731603,-0.4501102275211775,-0.3056329538763202,-0.43627439649357486,0.31013733544779026,0.10942251481837402,-0.27266611433158755,0.9285666391398748,0.14908897213202874,0.5510811662142671,0.834861980880241,0.9153031900503736,-0.02523758404904233,-0.32942901666641616,-0.06510579360944473,-0.24716870518376147,-0.393958627608349,-0.43011693255120736,0.11765926042581104,0.18270239720967668,0.045055712040526594,1.6891990403772754,-0.08913956290356309,0.39950008551410265,0.9336216243113059,1.6922117442823015,0.7683028758592045,-0.2979504340757656
457,1.2957892553706432,0.21300856314750738,-0.3213574956846987,0.4594671469787009,0.7937132432183636,1.3744577587964784,0.3365203274888508,1.3399374395685006,0.16465329695576397,-0.3056329538763202,0.4830781776018661,0.8488819152872006,1.402194952327632,0.2810034732385092,-0.8954524767812687,-1.1504803860753747,0.5510811662142671,0.1588141421048331,0.48208290370514306,-0.8001146151811812,-0.9175721195075587,1.5446781651939872,0.6555624873435975,-0.393958627608349,0.5121831533463913,0.7275664471228724,1.6026481490979558,0.744420486714034,-0.5312249058079979,-1.1003289204048023,0.39950008551410265,-0.154297028718968,0.640928866725324,-0.5782694260889291,-0.9338632847423984
1789,-0.48953036348139795,1.0789902662164574,-0.3213574956846987,0.0457296595604592,-1.1527756548349215,-0.3067668071251017,1.1109628794859812,-0.5381883407979545,1.094391722123531,-0.3056329538763202,0.060711873872544,-1.2062663387330166,-0.36352928822919184,1.1183464025358973,-1.0634542374582163,-1.4061333745751916,0.5510811662142671,0.06505568271262387,0.6264896658202196,-0.8714848680486154,-1.0332724020336852,-0.06510579360944473,1.5582936798709563,-0.393958627608349,0.19808312471385886,-1.1021551129683116,0.18270239720967668,1.4437852613875417,-0.7532673004265251,-1.1003289204048023,0.39950008551410265,-0.22682493892098599,0.4306722912139286,-0.7129266562837424,-0.9338632847423984
50,-0.7790416530249722,0.6941095092969242,0.43610140377163226,0.2634862318858495,-1.0819942403602567,-0.9429058320684023,0.4225694999329764,-0.7698599597839447,0.6464873895690869,0.31397936612575733,0.16573682711242183,-1.0402954845893897,-0.8701254121737513,0.4459035068882288,0.8325656330387624,0.04256689359043819,-0.600207024878491,-0.4826911063681801,0.9441845424733897,0.8108139495408972,0.451547890384937,-0.8699977730111607,0.6555624873435975,0.770824870315171,0.5121831533463913,-1.1021551129683116,-1.2372433546786028,0.045055712040526594,1.911241434995803,0.9220497945976762,0.39950008551410265,1.368789085523416,0.8511854422367195,0.9029601060540179,0.33796241659086723
177,1.2957892553706432,-0.5567529506915594,-0.3213574956846987,0.11105663125807645,1.359964559015683,1.3744577587964784,-0.3518730520641539,1.3399374395685006,-0.5412903678464469,-0.3056329538763202,0.15060527571391166,1.3752480484088097,1.402194952327632,-0.3547849595110058,-0.8954524767812687,-0.2769993420343334,0.5510811662142671,0.3611350281617074,-0.7020525456384884,-0.8001146151811812,-0.522262820876627,1.5446781651939872,-0.24716870518376147,-0.393958627608349,0.19808312471385886,1.3374736338199338,1.6026481490979558,0.045055712040526594,-0.5312249058079979,-0.6958531774043066,0.39950008551410265,-0.009241208314931339,0.2204157157025331,-0.5782694260889291,-0.6794981444757453
6554,0.041240334015154784,0.3573388469923324,-0.3213574956846987,-0.04137296936969701,-0.23261726666427773,0.1930567124732059,0.46559408615503917,-0.03512962201731603,0.29545268189896645,-0.3056329538763202,-0.08514232123882898,-0.24576972229219218,0.10942251481837402,0.3988042838470142,0.9285666391398748,0.8521346905065258,0.5510811662142671,0.9977056208772364,-0.03778143990913506,-0.02523758404904233,-0.011253239719568453,-0.06510579360944473,0.6555624873435975,-0.393958627608349,-0.11601690391867427,-0.49224792627125025,0.18270239720967668,0.744420486714034,1.6891990403772754,-0.4936153059040588,0.39950008551410265,0.7885658039072693,2.1127248953050923,0.7683028758592045,-0.5523155743424187
6018,-0.34477471870961085,-0.31620247761685105,-0.3213574956846987,-0.5204374284855555,-0.020273023240282975,-0.1704513017801087,-0.13675012095383995,-0.37053141842904064,-0.3971444863765875,-0.3056329538763202,-0.564953639814766,0.02742958460251424,-0.20590624986901185,-0.22496399979930354,0.6645638723618148,0.3195242977985731,0.5510811662142671,0.8200580136077863,0.36655749401308163,-0.1373908385550097,-0.25229549498233206,-0.06510579360944473,-0.24716870518376147,-0.393958627608349,-0.43011693255120736,0.11765926042581104,0.18270239720967668,0.045055712040526594,-0.08714011657094316,0.3153361800969326,0.39950008551410265,0.4984541630991966,-0.41035401083165335,-0.30895496569930236,-0.04358529380911249
585,-0.44127848189080227,0.21300856314750738,-0.3213574956846987,-0.3244565133927042,-0.48035221732560496,-0.2613283053434374,0.3365203274888508,-0.5194565462508922,0.16465329695576397,-0.3056329538763202,-0.36858021338077035,-0.49945093065756946,-0.345918548817253,0.2810034732385092,-0.6314497100032085,-1.1504803860753747,0.5510811662142671,0.21309535543716562,0.7997777803583125,-0.6879613606752139,-0.9175721195075587,-0.06510579360944473,0.6555624873435975,-0.393958627608349,-0.11601690391867427,-0.49224792627125025,0.18270239720967668,0.744420486714034,-0.5312249058079979,-1.1003289204048023,0.39950008551410265,-0.154297028718968,0.640928866725324,-0.5782694260889291,-0.9338632847423984
1894,-0.48953036348139795,0.1648984685325657,-0.3213574956846987,-0.36800782785778247,-0.48035221732560496,-0.3067668071251017,0.293495741266788,-0.5381883407979545,0.1407430321577121,-0.3056329538763202,-0.38842077387692686,-0.49520623815907605,-0.36352928822919184,0.25946936146651883,-1.0634542374582163,-1.725699610199963,0.5510811662142671,-0.008964153649646471,1.0597099521654512,-0.8714848680486154,-1.1778977551913437,-0.06510579360944473,0.6555624873435975,-0.393958627608349,-0.11601690391867427,-0.49224792627125025,0.18270239720967668,0.744420486714034,-0.7532673004265251,-1.3025667919050503,0.39950008551410265,-0.29935284912300464,0.640928866725324,-0.7129266562837424,-1.0610458548757251
6659,0.041240334015154784,-1.3265144645306262,-0.5107222205487815,-0.9341749159037972,1.0060574866423584,0.28393371603653456,-0.9542172591730331,-0.03512962201731603,-1.2280896432386688,-0.45946771017501353,-0.9074665808017549,0.8902148077970286,0.1811219700520176,-0.9065328304533185,0.9285666391398748,2.7269232728385173,-0.6403682408468434,0.11440224028747112,-2.579340453134491,0.8821842024083312,1.6953259275407961,-0.06510579360944473,-2.0526310902384792,-0.393958627608349,-1.058316989816273,1.3374736338199338,0.18270239720967668,-1.3536738373064883,1.6891990403772754,1.326525537598172,-0.02059898822560498,1.0061495345133247,0.2204157157025331,1.0376173362488312,0.8466926971241735
4407,-0.8755454162061636,-0.2199822883869677,-0.3213574956846987,-0.716418343578407,-0.48035221732560496,-0.6702748213784163,-0.05070094850971438,-0.8461823061976493,-0.2722685099580334,-0.3056329538763202,-0.7240041719191166,-0.4105970414414447,-0.6530905180129339,-0.11249794153746981,-0.7994514706801558,-0.2343905106176972,0.5510811662142671,0.39074296270661574,-0.6442898407924575,-0.7593316135426476,-0.5029794404556059,-0.8699977730111607,-0.24716870518376147,-0.393958627608349,-0.7442169611837398,-0.49224792627125025,-0.527270478734463,0.045055712040526594,-0.7532673004265251,0.7198119230974284,0.39950008551410265,0.42592625289717795,-1.4616368883886308,-0.7129266562837424,0.21077984645754064
1916,-0.48953036348139795,-0.5567529506915594,0.43610140377163226,-0.17202691276493112,0.050508391234381944,-0.6702748213784163,-0.6960697418406563,-0.5381883407979545,-0.5412903678464469,0.31397936612575733,-0.28754922923528214,0.01333190917390688,-0.6523188106303811,-0.6238353355922663,-1.0634542374582163,-0.2769993420343334,-0.600207024878491,-0.9465487475717442,-0.9042220125995964,0.005349667179857697,0.30692253722727886,-0.06510579360944473,-0.24716870518376147,0.770824870315171,0.5121831533463913,0.11765926042581104,-0.527270478734463,-0.6543090626329808,-0.7532673004265251,-0.6958531774043066,0.39950008551410265,-0.08176911851694935,0.01015914019113761,-0.7129266562837424,-0.6794981444757453
5015,0.3790035051493247,0.8384397931417491,-0.3213574956846987,0.3288132035834668,-0.33878938837627515,0.5111262249448562,0.8958399483756672,0.3483932119733062,0.8841675269480189,-0.3056329538763202,0.3677852152042478,-0.406617432935741,0.4699923828557319,0.9290138562708707,-1.0634542374582163,0.7243081962566171,0.5510811662142671,0.5585212584610963,-2.2616455764813215,-0.8714848680486154,-0.06910338098263172,0.7397861857922712,0.6555624873435975,-0.393958627608349,0.19808312471385886,0.11765926042581104,0.8926752731538163,0.744420486714034,-0.7532673004265251,1.5287634090984197,0.39950008551410265,0.7160378937052513,-2.3026631904342127,-0.7129266562837424,0.7195101269908469
5003,0.3790035051493247,0.3573388469923324,-0.3213574956846987,0.11105663125807645,0.015117683997049484,0.5111262249448562,0.46559408615503917,0.3483932119733062,0.29545268189896645,-0.3056329538763202,0.09052267617032199,0.03234047822644493,0.4699923828557319,0.3988042838470142,-1.0634542374582163,0.8521346905065258,0.5510811662142671,0.5881291930060047,-2.434933691019414,-0.8714848680486154,-0.011253239719568453,0.7397861857922712,0.6555624873435975,-0.393958627608349,0.19808312471385886,0.11765926042581104,0.8926752731538163,0.744420486714034,-0.7532673004265251,-0.4936153059040588,0.39950008551410265,-0.009241208314931339,-0.20009743532025787,-0.7129266562837424,-0.5523155743424187
5033,2.1643231240013656,-1.2784043699156846,2.4244310148445014,2.0708657821865892,2.527857897847654,0.8746342391981708,-2.2449548458349167,2.229262702166753,-1.1910355664310488,2.3735994738470345,2.0770465900784356,2.5046024561632936,0.9895568309671935,-2.1033461269639773,2.6325844974346273,3.5790999011712405,-2.956331695021811,-1.898937308766295,-1.684018528021013,3.369947302358883,3.74900594237954,1.5446781651939872,-2.0526310902384792,3.100391866162211,2.396783325141588,2.5572880072140562,-0.527270478734463,-3.4517681613270104,0.3569446726661115,1.5287634090984197,-2.7512429675337047,-2.185078514375479,-1.2513803128772354,1.9802179476125248,2.627248678990745
764,-0.44127848189080227,-0.6048630453065011,-0.3213574956846987,-0.694642686345868,0.12128980570904686,-0.2613283053434374,-0.3948976382862167,-0.5194565462508922,-0.5984604181023949,-0.3056329538763202,-0.7279780576648021,0.0695423691686553,-0.345918548817253,-0.4062735675469233,-0.6314497100032085,-0.4687390834091959,0.5510811662142671,0.37100433967667684,-0.12442549717818072,-0.6879613606752139,-0.6090380327712217,-0.06510579360944473,-0.24716870518376147,-0.393958627608349,-0.43011693255120736,0.11765926042581104,0.18270239720967668,0.045055712040526594,-0.5312249058079979,-0.8980910489045545,0.39950008551410265,-0.08176911851694935,0.4306722912139286,-0.5782694260889291,-0.8066807146090719
3309,-0.8755454162061636,-0.6048630453065011,-0.3213574956846987,-0.8906236014387191,-0.19722655942694528,-0.6702748213784163,-0.3948976382862167,-0.8461823061976493,-0.5984604181023949,-0.3056329538763202,-0.8776282862505487,-0.16738163785309762,-0.6530905180129339,-0.4062735675469233,-0.7994514706801558,-0.4687390834091959,0.5510811662142671,0.3364617493742843,-0.32659496413928846,-0.7593316135426476,-0.6090380327712217,-0.8699977730111607,-0.24716870518376147,-0.393958627608349,-0.7442169611837398,-0.49224792627125025,-0.527270478734463,0.045055712040526594,-0.7532673004265251,-0.8980910489045545,0.39950008551410265,-0.154297028718968,0.2204157157025331,-0.7129266562837424,-0.8066807146090719
2271,2.598590058316727,-0.8935236129961511,-0.7947693078449056,0.21993491742077162,2.5632486050849868,2.828489815809737,-0.43792222450827956,2.709945367912353,-0.8922971831518304,-0.6549940881947908,0.3748122354607491,2.6304222682989415,2.85304161688671,-0.5192085414129219,1.8165759455751687,1.7469201502558853,-2.7421385431905994,-2.254232523305195,-0.1821882020242116,2.8601597818772126,2.765553540907465,1.5446781651939872,-1.1498998977111203,-0.393958627608349,-0.11601690391867427,1.9473808205169951,1.6026481490979558,-0.6543090626329808,2.3553262242328574,1.5287634090984197,-2.7512429675337047,-1.5323273225573149,0.640928866725324,3.192133019365845,2.627248678990745
734,-0.44127848189080227,-0.6048630453065011,-0.3213574956846987,-0.694642686345868,0.12128980570904686,-0.2613283053434374,-0.3948976382862167,-0.5194565462508922,-0.5984604181023949,-0.3056329538763202,-0.7279780576648021,0.0695423691686553,-0.345918548817253,-0.4062735675469233,-0.6314497100032085,-0.4687390834091959,0.5510811662142671,0.37100433967667684,-0.12442549717818072,-0.6879613606752139,-0.6090380327712217,-0.06510579360944473,-0.24716870518376147,-0.393958627608349,-0.43011693255120736,0.11765926042581104,0.18270239720967668,0.045055712040526594,-0.5312249058079979,-0.8980910489045545,0.39950008551410265,-0.08176911851694935,0.4306722912139286,-0.5782694260889291,-0.8066807146090719
1197,1.7783080712766002,-1.4227346537605097,-0.3213574956846987,-0.06314862660223597,2.3509043616609917,1.828842776613122,-1.1263156040612843,1.8212434150030201,-1.2875133965653665,-0.3056329538763202,0.019614927400584365,2.28066459773224,1.8546958640523818,-1.0268498756877453,-0.10344417644708796,0.5964817020067085,0.5510811662142671,0.726299554215577,-0.9331033650226123,-0.46365485166327863,-0.12695352224569498,1.5446781651939872,-2.0526310902384792,-0.393958627608349,-0.43011693255120736,2.5572880072140562,1.6026481490979558,-1.3536738373064883,-0.3091825111894705,0.9220497945976762,0.39950008551410265,0.6435099835032333,-1.2513803128772354,-0.4436121958941157,0.33796241659086723
3757,-0.8755454162061636,-0.36431257223179275,-0.3213574956846987,-0.781745315276024,-0.3741800956136076,-0.6702748213784163,-0.17977470717590277,-0.8461823061976493,-0.39268551997518075,-0.3056329538763202,-0.780716052417809,-0.32081163917064104,-0.6530905180129339,-0.22094815632427578,-0.7994514706801558,0.2556110506736188,0.5510811662142671,0.504240045128765,-1.308560946521812,-0.7593316135426476,-0.28122056561386366,-0.8699977730111607,-0.24716870518376147,-0.393958627608349,-0.7442169611837398,-0.49224792627125025,-0.527270478734463,0.045055712040526594,-0.7532673004265251,0.11309830859668477,0.39950008551410265,0.20834252229112332,-0.8308671618544443,-0.7129266562837424,-0.17076786394243906
3929,-0.8755454162061636,-0.2199822883869677,-0.3213574956846987,-0.716418343578407,-0.48035221732560496,-0.6702748213784163,-0.05070094850971438,-0.8461823061976493,-0.2722685099580334,-0.3056329538763202,-0.7240041719191166,-0.4105970414414447,-0.6530905180129339,-0.11249794153746981,-0.7994514706801558,-0.2343905106176972,0.5510811662142671,0.39074296270661574,-0.6442898407924575,-0.7593316135426476,-0.5029794404556059,-0.8699977730111607,-0.24716870518376147,-0.393958627608349,-0.7442169611837398,-0.49224792627125025,-0.527270478734463,0.045055712040526594,-0.7532673004265251,0.7198119230974284,0.39950008551410265,0.42592625289717795,-1.4616368883886308,-0.7129266562837424,0.21077984645754064
576,-0.44127848189080227,-0.6048630453065011,-0.3213574956846987,-0.694642686345868,0.12128980570904686,-0.2613283053434374,-0.3948976382862167,-0.5194565462508922,-0.5984604181023949,-0.3056329538763202,-0.7279780576648021,0.0695423691686553,-0.345918548817253,-0.4062735675469233,-0.6314497100032085,-0.4687390834091959,0.5510811662142671,0.37100433967667684,-0.12442549717818072,-0.6879613606752139,-0.6090380327712217,-0.06510579360944473,-0.24716870518376147,-0.393958627608349,-0.43011693255120736,0.11765926042581104,0.18270239720967668,0.045055712040526594,-0.5312249058079979,-0.8980910489045545,0.39950008551410265,-0.08176911851694935,0.4306722912139286,-0.5782694260889291,-0.8066807146090719
1961,1.3440411369612388,-0.4605327614616761,-0.3213574956846987,0.1763836029556933,1.3245738517783505,1.4198962605781427,-0.26582387962002835,1.3701176740675325,-0.466974973961211,-0.3056329538763202,0.19942848525441184,1.3417220486920216,1.430568968699545,-0.2878548768950012,-0.39144719475042616,-0.44743466770087775,0.5510811662142671,0.42528555300900933,0.13550667462895818,-0.5860038565788797,-0.5993963425607112,1.5446781651939872,-0.24716870518376147,-0.393958627608349,0.19808312471385886,1.3374736338199338,1.6026481490979558,0.045055712040526594,-0.3091825111894705,-0.2913774344038109,0.39950008551410265,0.20834252229112332,0.01015914019113761,-0.4436121958941157,-0.42513300420909217
2227,-1.2615604689309292,-0.6048630453065011,-0.3213574956846987,-1.0648288592990314,-0.48035221732560496,-1.033782835631731,-0.3948976382862167,-1.1530336371011551,-0.5984604181023949,-0.3056329538763202,-1.0181754283523323,-0.38989377429885436,-0.9415774973662154,-0.4062735675469233,-0.679450213053765,-0.4687390834091959,0.5510811662142671,0.3611350281617074,-0.1821882020242116,-0.7083528614944806,-0.6090380327712217,-1.6748897524128765,-0.24716870518376147,-0.393958627608349,-1.058316989816273,-1.1021551129683116,-1.2372433546786028,0.045055712040526594,-0.7532673004265251,-0.8980910489045545,0.39950008551410265,-0.154297028718968,0.2204157157025331,-0.7129266562837424,-0.8066807146090719
6968,0.5237591499211118,-0.5086428560766177,0.43610140377163226,0.30703754635092745,0.758322535981031,0.28393371603653456,-0.6530451556185936,0.45845134790450964,-0.5216801759453499,0.31397936612575733,0.17817739756781006,0.7214198237903034,0.2846742682354986,-0.606173964301104,0.16055859033097256,-0.21308609490937908,-0.600207024878491,-0.6800773366675691,0.4820829037051434,0.5253329380711618,0.33584760785881046,0.7397861857922712,-0.24716870518376147,0.770824870315171,0.8262831819789244,0.7275664471228724,0.18270239720967668,-0.6543090626329808,-0.08714011657094316,-0.4936153059040588,0.39950008551410265,0.20834252229112332,0.4306722912139286,-0.30895496569930236,-0.5523155743424187
3742,-0.8755454162061636,-1.0378538968409763,-0.3213574956846987,-1.0866045165315705,0.12128980570904686,-0.6702748213784163,-0.7821189142847819,-0.8461823061976493,-0.986823689482021,-0.3056329538763202,-1.0605327731949281,0.12219001438324041,-0.6530905180129339,-0.7560420943557975,-0.7994514706801558,-0.31960817345096915,0.5510811662142671,0.37100433967667684,-0.5287644311003965,-0.7593316135426476,-0.541546201297648,-0.8699977730111607,-1.1498998977111203,-0.393958627608349,-1.058316989816273,0.11765926042581104,-0.527270478734463,-0.6543090626329808,-0.7532673004265251,0.9220497945976762,0.39950008551410265,0.4984541630991966,-1.6718934639000262,-0.7129266562837424,0.33796241659086723
2298,-0.34477471870961085,-0.31620247761685105,-0.7947693078449056,-0.847072286973641,-0.020273023240282975,0.05674120712821293,0.07837281015647402,-0.37053141842904064,-0.3971444863765875,-0.6549940881947908,-0.8029405302365835,0.02742958460251424,-0.043075667150723494,-0.07326310305753912,0.6645638723618148,0.3195242977985731,-2.7421385431905994,-2.8217179354159376,0.36655749401308163,2.370763762214809,2.1195602968032596,-0.06510579360944473,-0.24716870518376147,-0.393958627608349,-0.43011693255120736,0.11765926042581104,0.18270239720967668,0.045055712040526594,-0.08714011657094316,0.3153361800969326,-2.7512429675337047,-2.765301795991625,-0.41035401083165335,1.710903487222898,1.8641532581907858
6981,0.5237591499211118,-0.6048630453065011,-0.3213574956846987,-0.25912954169508734,0.8291039504556961,0.6474417302898492,-0.3948976382862167,0.45845134790450964,-0.5984604181023949,-0.3056329538763202,-0.2800668188325474,0.7786687533853692,0.573463790636688,-0.4062735675469233,0.16055859033097256,-0.4687390834091959,0.5510811662142671,0.5338479796736734,0.828659132781328,-0.3515015971573113,-0.6090380327712217,0.7397861857922712,-0.24716870518376147,-0.393958627608349,-0.11601690391867427,0.7275664471228724,0.8926752731538163,0.045055712040526594,-0.08714011657094316,-0.8980910489045545,0.39950008551410265,0.06328670188708667,0.8511854422367195,-0.30895496569930236,-0.8066807146090719
2650,-1.2615604689309292,-1.0859639914559178,-0.3213574956846987,-1.2825854316244216,-0.12644514495228035,-1.033782835631731,-0.8251435005068447,-1.1530336371011551,-1.0365936833912697,-0.3056329538763202,-1.2245197096131462,-0.0632125897504203,-0.9415774973662154,-0.8008660484518793,-0.679450213053765,-0.9587406447005118,0.5510811662142671,0.24763794573955816,0.48208290370514273,-0.7083528614944806,-0.830796907612964,-1.6748897524128765,-1.1498998977111203,-0.393958627608349,-1.3724170184488054,-0.49224792627125025,-1.2372433546786028,-0.6543090626329808,-0.7532673004265251,-1.3025667919050503,0.39950008551410265,-0.29935284912300464,0.640928866725324,-0.7129266562837424,-1.0610458548757251
2716,-1.2615604689309292,-0.6048630453065011,-0.3213574956846987,-1.0648288592990314,-0.48035221732560496,-1.033782835631731,-0.3948976382862167,-1.1530336371011551,-0.5984604181023949,-0.3056329538763202,-1.0181754283523323,-0.38989377429885436,-0.9415774973662154,-0.4062735675469233,-0.679450213053765,-0.4687390834091959,0.5510811662142671,0.3611350281617074,-0.1821882020242116,-0.7083528614944806,-0.6090380327712217,-1.6748897524128765,-0.24716870518376147,-0.393958627608349,-1.058316989816273,-1.1021551129683116,-1.2372433546786028,0.045055712040526594,-0.7532673004265251,-0.8980910489045545,0.39950008551410265,-0.154297028718968,0.2204157157025331,-0.7129266562837424,-0.8066807146090719
2095,1.3440411369612388,-0.5567529506915594,-0.3213574956846987,0.1328322884906154,1.3953552662530155,1.4198962605781427,-0.3518730520641539,1.3701176740675325,-0.5412903678464469,-0.3056329538763202,0.16442873117786908,1.397133136659984,1.430568968699545,-0.3547849595110058,-0.39144719475042616,-0.2769993420343334,0.5510811662142671,0.4647627990688872,-0.09554414475516464,-0.5860038565788797,-0.522262820876627,1.5446781651939872,-0.24716870518376147,-0.393958627608349,0.19808312471385886,1.3374736338199338,1.6026481490979558,0.045055712040526594,-0.3091825111894705,-0.6958531774043066,0.39950008551410265,0.06328670188708667,0.4306722912139286,-0.4436121958941157,-0.6794981444757453
6854,0.041240334015154784,0.6941095092969242,0.43610140377163226,0.6336724048390129,-0.48035221732560496,-0.1704513017801087,0.4225694999329764,-0.03512962201731603,0.6464873895690869,0.31397936612575733,0.5022654283882334,-0.5075084287647047,-0.1793670075828153,0.4459035068882288,0.9285666391398748,0.04256689359043819,-0.600207024878491,-0.4629524833382412,1.0597099521654507,0.8515969511794307,0.451547890384937,-0.06510579360944473,0.6555624873435975,0.770824870315171,0.8262831819789244,-0.49224792627125025,-0.527270478734463,0.045055712040526594,1.6891990403772754,0.9220497945976762,0.39950008551410265,1.2962611753213973,0.640928866725324,0.7683028758592045,0.33796241659086723
6641,0.041240334015154784,-1.4227346537605097,-0.3213574956846987,-0.847072286973641,1.0768389011170232,0.1930567124732059,-1.1263156040612843,-0.03512962201731603,-1.2875133965653665,-0.3056329538763202,-0.8306597781377263,0.9345223819189805,0.10942251481837402,-1.0268498756877453,0.9285666391398748,0.5964817020067085,0.5510811662142671,0.9384897517874197,0.30879478916705017,-0.02523758404904233,-0.12695352224569498,-0.06510579360944473,-2.0526310902384792,-0.393958627608349,-1.058316989816273,1.3374736338199338,0.18270239720967668,-1.3536738373064883,1.6891990403772754,0.9220497945976762,0.39950008551410265,1.2962611753213973,0.640928866725324,0.7683028758592045,0.33796241659086723
5503,0.4272553867399204,-0.26809238300190935,0.43610140377163226,0.3723645180485447,0.5105875853197039,0.1930567124732059,-0.43792222450827956,0.38954312339944436,-0.30691082696139377,0.31397936612575733,0.2477636391631882,0.5113148241074024,0.2198900436354907,-0.41274795228157457,-0.7514509676295996,0.298219882090255,-0.600207024878491,-0.7491625172723553,-1.3085609465218122,0.13789442250509212,0.5672481729110633,0.7397861857922712,-0.24716870518376147,0.770824870315171,0.8262831819789244,0.7275664471228724,0.18270239720967668,-0.6543090626329808,-0.5312249058079979,0.5175740515971805,0.39950008551410265,0.42592625289717795,-1.0411237373658397,-0.5782694260889291,0.08359727632421407
2440,-1.2615604689309292,-0.6048630453065011,-0.3213574956846987,-1.0648288592990314,-0.48035221732560496,-1.033782835631731,-0.3948976382862167,-1.1530336371011551,-0.5984604181023949,-0.3056329538763202,-1.0181754283523323,-0.38989377429885436,-0.9415774973662154,-0.4062735675469233,-0.679450213053765,-0.4687390834091959,0.5510811662142671,0.3611350281617074,-0.1821882020242116,-0.7083528614944806,-0.6090380327712217,-1.6748897524128765,-0.24716870518376147,-0.393958627608349,-1.058316989816273,-1.1021551129683116,-1.2372433546786028,0.045055712040526594,-0.7532673004265251,-0.8980910489045545,0.39950008551410265,-0.154297028718968,0.2204157157025331,-0.7129266562837424,-0.8066807146090719
3250,0.6202629131023032,1.896861874670466,-0.3213574956846987,0.9167559488620205,-0.9404314114109269,0.7383187338531778,1.8423808452610488,0.5486209335776193,1.9299452554874603,-0.3056329538763202,0.95201749431161,-1.0411764312455545,0.6582369324828691,1.8708643412082584,2.152579466929064,1.2782230046728869,0.5510811662142671,1.3480661796586513,0.857540485204344,0.4947456868422618,0.181580564490642,0.7397861857922712,1.5582936798709563,-0.393958627608349,0.5121831533463913,-0.49224792627125025,0.8926752731538163,1.4437852613875417,0.3569446726661115,-0.4936153059040588,0.39950008551410265,0.35339834269515996,0.8511854422367195,-0.03964050530967563,-0.5523155743424187
6877,-1.0203010609779506,-1.2784043699156846,1.7616544778202117,0.1763836029556933,0.19207122018371178,-1.8062373659200244,-1.9437827422804772,-0.979837671269667,-1.1910355664310488,1.5999788431542705,0.08018707135137589,0.17753488875306034,-1.6669163441142283,-1.7674216869344241,5.224611662164674,3.5790999011712405,-1.8452047198974042,-0.13726520334425044,1.4351675336646514,3.6248410625997183,2.948745654907166,-1.6748897524128765,-2.0526310902384792,1.935608368238691,0.19808312471385886,0.11765926042581104,-2.6571891065668822,-2.752403386653503,2.5773686188513847,1.5287634090984197,-0.44069806196531264,0.9336216243113059,0.8511854422367195,1.8455607174177113,1.228240407524153
3877,-0.8755454162061636,-0.6048630453065011,-0.3213574956846987,-0.8906236014387191,-0.19722655942694528,-0.6702748213784163,-0.3948976382862167,-0.8461823061976493,-0.5984604181023949,-0.3056329538763202,-0.8776282862505487,-0.16738163785309762,-0.6530905180129339,-0.4062735675469233,-0.7994514706801558,-0.4687390834091959,0.5510811662142671,0.3364617493742843,-0.32659496413928846,-0.7593316135426476,-0.6090380327712217,-0.8699977730111607,-0.24716870518376147,-0.393958627608349,-0.7442169611837398,-0.49224792627125025,-0.527270478734463,0.045055712040526594,-0.7532673004265251,-0.8980910489045545,0.39950008551410265,-0.154297028718968,0.2204157157025331,-0.7129266562837424,-0.8066807146090719
4508,-0.8755454162061636,-0.7010832345363844,-0.3213574956846987,-0.9341749159037972,-0.12644514495228035,-0.6702748213784163,-0.48094681073034234,-0.8461823061976493,-0.7432961707267495,-0.3056329538763202,-0.9458404756546941,-0.05938911826869258,-0.6530905180129339,-0.5367158404341442,-0.7994514706801558,-1.6191775316583727,0.5510811662142671,0.06999033847010913,1.2329980667035436,-0.7593316135426476,-1.1296893041387905,-0.8699977730111607,-0.24716870518376147,-0.393958627608349,-0.7442169611837398,-0.49224792627125025,-0.527270478734463,0.045055712040526594,-0.7532673004265251,-1.3025667919050503,0.39950008551410265,-0.29935284912300464,0.640928866725324,-0.7129266562837424,-1.0610458548757251
3206,-0.20001907393782373,-0.2199822883869677,0.43610140377163226,0.11105663125807645,0.015117683997049484,-0.39764381068843035,-0.3948976382862167,-0.23533353930988982,-0.2722685099580334,0.31397936612575733,-0.022133445918059932,0.032357739837291295,-0.3675891775319206,-0.3815483176187303,0.6885641238870931,-0.2343905106176972,-0.600207024878491,-0.5764495657603893,1.1463540094344977,0.7496394470830967,0.3262059176482999,-0.06510579360944473,-0.24716870518376147,0.770824870315171,0.5121831533463913,0.11765926042581104,-0.527270478734463,-0.6543090626329808,0.5789870672846389,0.7198119230974284,0.39950008551410265,0.8610937141092879,-0.20009743532025787,0.09501672488513772,0.21077984645754064
245,1.2957892553706432,1.896861874670466,-0.3213574956846987,1.221615150117567,-0.4449615100882725,1.3744577587964784,1.8423808452610488,1.3399374395685006,1.9299452554874603,-0.3056329538763202,1.3144642631997059,-0.4673561195187892,1.402194952327632,1.8708643412082584,-0.8954524767812687,1.2782230046728869,0.5510811662142671,0.7213648984580918,-2.810391272518613,-0.8001146151811812,0.181580564490642,1.5446781651939872,1.5582936798709563,-0.393958627608349,0.8262831819789244,0.11765926042581104,1.6026481490979558,1.4437852613875417,-0.5312249058079979,-0.4936153059040588,0.39950008551410265,0.06328670188708667,0.01015914019113761,-0.5782694260889291,-0.5523155743424187
1078,-0.00701154757544092,-0.9897438022260345,0.43610140377163226,-0.15025125553239216,0.7229318287436987,-0.21588980356177304,-1.0832910178392214,-0.07075004994543396,-0.9662956267991046,0.31397936612575733,-0.2736099120091198,0.6691857734266767,-0.21285563422815798,-1.0066044444779159,1.52857292727183,0.298219882090255,-0.600207024878491,-0.28037022031130693,1.4351675336646514,1.106490711420266,0.5672481729110633,-0.06510579360944473,-1.1498998977111203,0.770824870315171,0.19808312471385886,0.7275664471228724,-0.527270478734463,-1.3536738373064883,1.4671566457587482,1.124287666097924,0.39950008551410265,1.2962611753213973,0.2204157157025331,0.6336456456643912,0.4651449867241938
5429,-0.34477471870961085,-0.17187219377202603,2.519113377276543,1.5046986941405742,-0.12644514495228035,-1.5336063552300383,-1.2984139489495354,-0.37053141842904064,-0.19205006897440713,2.456604754391084,1.413290930934704,-0.12549303627412653,-1.493332730553619,-1.2396806202267798,0.6645638723618148,0.10648014071539251,-2.782299759158952,-2.915476394808148,0.6553710182432354,2.4013510134437093,2.052068465329686,-0.06510579360944473,-0.24716870518376147,3.100391866162211,2.396783325141588,0.11765926042581104,-1.9472162306227425,-2.0530386119799955,-0.08714011657094316,0.9220497945976762,-2.541193430663851,-2.330134334779516,-1.0411237373658397,1.5762462570280846,2.118518398457439
2183,-1.2615604689309292,-0.6048630453065011,-0.3213574956846987,-1.0648288592990314,-0.48035221732560496,-1.033782835631731,-0.3948976382862167,-1.1530336371011551,-0.5984604181023949,-0.3056329538763202,-1.0181754283523323,-0.38989377429885436,-0.9415774973662154,-0.4062735675469233,-0.679450213053765,-0.4687390834091959,0.5510811662142671,0.3611350281617074,-0.1821882020242116,-0.7083528614944806,-0.6090380327712217,-1.6748897524128765,-0.24716870518376147,-0.393958627608349,-1.058316989816273,-1.1021551129683116,-1.2372433546786028,0.045055712040526594,-0.7532673004265251,-0.8980910489045545,0.39950008551410265,-0.154297028718968,0.2204157157025331,-0.7129266562837424,-0.8066807146090719
4213,-0.8755454162061636,-1.0859639914559178,-0.3213574956846987,-1.1083801737641095,0.15668051294637933,-0.6702748213784163,-0.8251435005068447,-0.8461823061976493,-1.0365936833912697,-0.3056329538763202,-1.0839725675113625,0.1592995466953365,-0.6530905180129339,-0.8008660484518793,-0.7994514706801558,-0.9587406447005118,0.5510811662142671,0.22296466695213507,0.3376761415900659,-0.7593316135426476,-0.830796907612964,-0.8699977730111607,-1.1498998977111203,-0.393958627608349,-1.058316989816273,0.11765926042581104,-0.527270478734463,-0.6543090626329808,-0.7532673004265251,-1.3025667919050503,0.39950008551410265,-0.29935284912300464,0.640928866725324,-0.7129266562837424,-1.0610458548757251
2542,1.0545298474176645,-0.8935236129961511,-0.7947693078449056,-0.47688611402047765,1.430745973490348,1.3744577587964784,-0.43792222450827956,1.042297503144985,-0.8922971831518304,-0.6549940881947908,-0.3890206628195619,1.4211334308153556,1.285198669244499,-0.5192085414129219,1.8885767001510028,1.7469201502558853,-2.7421385431905994,-2.2394285560327405,-0.09554414475516593,2.8907470331061123,2.765553540907465,0.7397861857922712,-1.1498998977111203,-0.393958627608349,-0.43011693255120736,1.3374736338199338,0.8926752731538163,-0.6543090626329808,2.3553262242328574,1.5287634090984197,-2.7512429675337047,-1.5323273225573149,0.640928866725324,3.192133019365845,2.627248678990745
6454,0.041240334015154784,0.6941095092969242,-0.3213574956846987,0.11105663125807645,-0.48035221732560496,0.1930567124732059,0.7667661897094787,-0.03512962201731603,0.6464873895690869,-0.3056329538763202,0.08018181684968846,-0.5075084287647047,0.10942251481837402,0.7149538829694894,0.9285666391398748,0.04256689359043819,0.5510811662142671,0.8101887020928168,1.0597099521654507,-0.02523758404904233,-0.3776374677189689,-0.06510579360944473,0.6555624873435975,-0.393958627608349,-0.11601690391867427,-0.49224792627125025,0.18270239720967668,0.744420486714034,1.6891990403772754,0.9220497945976762,0.39950008551410265,1.2962611753213973,0.640928866725324,0.7683028758592045,0.33796241659086723
6803,0.041240334015154784,-1.374624559145568,-0.9841340327089884,-1.2825854316244216,1.0414481938796907,0.5111262249448562,-0.7821189142847819,-0.03512962201731603,-1.26520508324871,-0.8838182261859971,-1.2140166613404306,0.9178888441419346,0.37890367789330015,-0.7556967480615214,0.9285666391398748,1.6830069031309305,-1.1089157604776165,-0.6455347463651755,-1.1641541844067351,1.2390354667455001,1.5603422645936482,-0.06510579360944473,-2.0526310902384792,-1.558742125531869,-2.0006170757138713,1.3374736338199338,0.8926752731538163,-0.6543090626329808,1.6891990403772754,1.124287666097924,-2.7512429675337047,-1.8949668735674061,0.4306722912139286,2.788161328781405,2.3728835387240923
408,1.2957892553706432,0.1648984685325657,-0.3213574956846987,0.43769148974616195,0.8291039504556961,1.3744577587964784,0.293495741266788,1.3399374395685006,0.1407430321577121,-0.3056329538763202,0.4718173426108119,0.8667099010758265,1.402194952327632,0.25946936146651883,-0.8954524767812687,-1.725699610199963,0.5510811662142671,0.025578436652746058,1.2618794191265592,-0.8001146151811812,-1.1778977551913437,1.5446781651939872,0.6555624873435975,-0.393958627608349,0.5121831533463913,0.7275664471228724,1.6026481490979558,0.744420486714034,-0.5312249058079979,-1.3025667919050503,0.39950008551410265,-0.22682493892098599,0.8511854422367195,-0.5782694260889291,-1.0610458548757251
6777,0.041240334015154784,-0.17187219377202603,-0.3213574956846987,-0.2809051989276263,0.15668051294637933,0.1930567124732059,-0.00767636228765158,-0.03512962201731603,-0.19205006897440713,-0.3056329538763202,-0.3147377724660062,0.11772236731422057,0.10942251481837402,-0.040251444524313985,0.9285666391398748,0.10648014071539251,0.5510811662142671,0.8249926693652716,0.9730658948964045,-0.02523758404904233,-0.34871239708743723,-0.06510579360944473,-0.24716870518376147,-0.393958627608349,-0.43011693255120736,0.11765926042581104,0.18270239720967668,0.045055712040526594,1.6891990403772754,0.9220497945976762,0.39950008551410265,1.2962611753213973,0.640928866725324,0.7683028758592045,0.33796241659086723
6596,0.041240334015154784,-0.36431257223179275,-0.3213574956846987,-0.36800782785778247,0.2982433418957091,0.1930567124732059,-0.17977470717590277,-0.03512962201731603,-0.39268551997518075,-0.3056329538763202,-0.4092295200964848,0.267320291023864,0.10942251481837402,-0.22094815632427578,0.9285666391398748,0.2556110506736188,0.5510811662142671,0.8595352596676641,0.7708964279352971,-0.02523758404904233,-0.28122056561386366,-0.06510579360944473,-0.24716870518376147,-0.393958627608349,-0.43011693255120736,0.11765926042581104,0.18270239720967668,0.045055712040526594,1.6891990403772754,0.11309830859668477,0.39950008551410265,1.0061495345133247,1.481955168770906,0.7683028758592045,-0.17076786394243906
1888,-0.48953036348139795,0.1648984685325657,-0.3213574956846987,-0.36800782785778247,-0.48035221732560496,-0.3067668071251017,0.293495741266788,-0.5381883407979545,0.1407430321577121,-0.3056329538763202,-0.38842077387692686,-0.49520623815907605,-0.36352928822919184,0.25946936146651883,-1.0634542374582163,-1.725699610199963,0.5510811662142671,-0.008964153649646471,1.0597099521654512,-0.8714848680486154,-1.1778977551913437,-0.06510579360944473,0.6555624873435975,-0.393958627608349,-0.11601690391867427,-0.49224792627125025,0.18270239720967668,0.744420486714034,-0.7532673004265251,-1.3025667919050503,0.39950008551410265,-0.29935284912300464,0.640928866725324,-0.7129266562837424,-1.0610458548757251
1558,-0.48953036348139795,-1.1340740860708596,-0.3213574956846987,-0.9559505731363362,0.47519687808237143,-0.3067668071251017,-0.8681680867289074,-0.5381883407979545,-1.0610502800283053,-0.3056329538763202,-0.9544202011597964,0.4008756024846808,-0.36352928822919184,-0.8228921987263556,-1.0634542374582163,-1.768308441616599,0.5510811662142671,-0.018833465164615922,1.1174726570114817,-0.8714848680486154,-1.1971811356123643,-0.06510579360944473,-1.1498998977111203,-0.393958627608349,-0.7442169611837398,0.7275664471228724,0.18270239720967668,-0.6543090626329808,-0.7532673004265251,-1.504804663405298,0.39950008551410265,-0.3718807593250226,0.8511854422367195,-0.7129266562837424,-1.1882284250090518
5692,1.1027817290082602,1.896861874670466,0.5307837662036736,1.7224552664659645,-0.5865243390376024,0.7837572356348421,1.4551595692624837,1.1539578891354345,1.9299452554874603,0.4446465394754637,1.740374903467177,-0.6022185200833686,0.8776548456786336,1.5450751770230173,2.0085779577773946,1.2782230046728869,0.1762431505096484,0.9039471614850272,0.6842523706662514,0.7190521958541966,0.45154789038493676,0.7397861857922712,1.5582936798709563,0.770824870315171,1.45448323924399,-0.49224792627125025,0.18270239720967668,0.744420486714034,2.5773686188513847,-0.4936153059040588,0.6095496223839565,1.2962611753213973,2.9537511973506745,1.1722745664436447,-0.6794981444757453
6617,0.041240334015154784,-0.9416337076110928,-0.3213574956846987,-0.6293157146482508,0.7229318287436987,0.1930567124732059,-0.6960697418406563,-0.03512962201731603,-0.9125886553590835,-0.3056329538763202,-0.6540843332212145,0.6549707745033045,0.10942251481837402,-0.6891843855138988,0.9285666391398748,0.9160479376314796,0.5510811662142671,1.01250958814969,-0.12442549717818072,-0.02523758404904233,0.017671830911962963,-0.06510579360944473,-1.1498998977111203,-0.393958627608349,-0.7442169611837398,0.7275664471228724,0.18270239720967668,-0.6543090626329808,1.6891990403772754,1.326525537598172,0.39950008551410265,1.441316995725434,0.2204157157025331,0.7683028758592045,0.5923275568575204
2929,-0.8272935346155679,0.5978893200670408,1.6669721153881703,1.0474098922572546,-1.0466035331229244,-1.5790448570117026,-0.22279929339796556,-0.8210351880706466,0.5172564852695953,1.528127324868998,0.908518977843464,-0.9810477935598888,-1.4841292003107764,-0.19769655741710118,0.1125580872804161,0.3621331292152093,-1.5105279201611372,-1.5633807172573344,-0.35547631656230355,1.1982524651069668,1.2518081778573114,-0.8699977730111607,0.6555624873435975,1.935608368238691,1.45448323924399,-1.1021551129683116,-1.9472162306227425,-0.6543090626329808,-0.5312249058079979,0.5175740515971805,-0.6507475988351664,-0.6619924001330959,-1.0411237373658397,0.09501672488513772,0.7195101269908469
5214,1.0545298474176645,-0.8935236129961511,0.5307837662036736,0.43769148974616195,1.430745973490348,0.7383187338531778,-1.0402664316171586,1.042297503144985,-0.8922971831518304,0.4446465394754637,0.36006109772389644,1.4211334308153556,0.7726770788462126,-0.9966986023399277,1.8885767001510028,1.7469201502558853,0.1762431505096484,0.987836309362267,-0.09554414475516593,0.6680734438060292,0.6636650750161688,0.7397861857922712,-1.1498998977111203,0.770824870315171,0.5121831533463913,1.3374736338199338,0.18270239720967668,-1.3536738373064883,2.3553262242328574,1.5287634090984197,0.6095496223839565,1.9490123671395612,0.640928866725324,1.0376173362488312,0.5923275568575204
2860,-0.8272935346155679,-0.6048630453065011,-0.3213574956846987,-0.8688479442061802,-0.1618358521896128,-0.624836319596752,-0.3948976382862167,-0.8210351880706466,-0.5984604181023949,-0.3056329538763202,-0.8661101495214704,-0.14914629579537378,-0.629448397489818,-0.4062735675469233,0.1125580872804161,-0.4687390834091959,0.5510811662142671,0.5239786681587028,0.7708964279352971,-0.3718930979765781,-0.6090380327712217,-0.8699977730111607,-0.24716870518376147,-0.393958627608349,-0.7442169611837398,-0.49224792627125025,-0.527270478734463,0.045055712040526594,-0.5312249058079979,-0.8980910489045545,0.39950008551410265,-0.08176911851694935,0.4306722912139286,-0.5782694260889291,-0.8066807146090719
2932,-0.8272935346155679,-0.4124226668467344,0.43610140377163226,-0.25912954169508734,-0.3033986811389427,-0.9883443338500666,-0.5669959831744679,-0.8210351880706466,-0.4501102275211775,0.31397936612575733,-0.37415918054727604,-0.25975925268899097,-0.9182379198910073,-0.5417164904128481,0.1125580872804161,0.14908897213202874,-0.600207024878491,-0.6060575003052977,-0.06666279233214985,0.504941437251895,0.4997563414374897,-0.8699977730111607,-0.24716870518376147,0.770824870315171,0.19808312471385886,-0.49224792627125025,-1.2372433546786028,-0.6543090626329808,-0.5312249058079979,-0.08913956290356309,0.39950008551410265,0.20834252229112332,-0.41035401083165335,-0.5782694260889291,-0.2979504340757656
6579,0.041240334015154784,-0.9897438022260345,-0.3213574956846987,-0.6510913718807899,0.758322535981031,0.1930567124732059,-0.7390943280627191,-0.03512962201731603,-0.9662956267991046,-0.3056329538763202,-0.6793782958085551,0.695015798331767,0.10942251481837402,-0.7375540683966553,0.9285666391398748,0.298219882090255,0.5510811662142671,0.8694045711826336,0.7131337230892663,-0.02523758404904233,-0.2619371851928426,-0.06510579360944473,-1.1498998977111203,-0.393958627608349,-0.7442169611837398,0.7275664471228724,0.18270239720967668,-0.6543090626329808,1.6891990403772754,1.124287666097924,0.39950008551410265,1.368789085523416,0.4306722912139286,0.7683028758592045,0.4651449867241938
132,1.2957892553706432,1.0789902662164574,-0.3213574956846987,0.8514289771644032,0.15668051294637933,1.3744577587964784,1.1109628794859812,1.3399374395685006,1.094391722123531,-0.3056329538763202,0.920949990360283,0.15564980050188598,1.402194952327632,1.1183464025358973,-0.8954524767812687,-1.4061333745751916,0.5510811662142671,0.09959827301501749,0.8286591327813276,-0.8001146151811812,-1.0332724020336852,1.5446781651939872,1.5582936798709563,-0.393958627608349,0.8262831819789244,0.11765926042581104,1.6026481490979558,1.4437852613875417,-0.5312249058079979,-1.1003289204048023,0.39950008551410265,-0.154297028718968,0.640928866725324,-0.5782694260889291,-0.9338632847423984
4823,0.5720110315117075,-0.2199822883869677,-0.3213574956846987,-0.06314862660223597,0.5813689997943688,0.6928802320715135,-0.05070094850971438,0.49061833423714873,-0.2722685099580334,-0.3056329538763202,-0.1117092569199439,0.5587791239783562,0.6037056562811277,-0.11249794153746981,0.8085653815134842,-0.2343905106176972,0.5510811662142671,0.7213648984580918,1.2907607715495748,-0.0762163360972092,-0.5029794404556059,0.7397861857922712,-0.24716870518376147,-0.393958627608349,-0.11601690391867427,0.7275664471228724,0.8926752731538163,0.045055712040526594,0.13490227804758417,0.7198119230974284,0.39950008551410265,0.7160378937052513,-0.6206105863430489,-0.174297735504489,0.21077984645754064
1414,2.0678193608201743,-1.0859639914559178,-0.3213574956846987,0.21993491742077162,2.3155136544236594,2.101473787303108,-0.8251435005068447,2.1269710814392004,-1.0365936833912697,-0.3056329538763202,0.2778211403151859,2.3152710079110403,2.1421264276911516,-0.8008660484518793,0.08855783575513787,-0.9587406447005118,0.5510811662142671,0.4055469299790694,1.406286181241636,-0.38208884838621127,-0.830796907612964,1.5446781651939872,-1.1498998977111203,-0.393958627608349,-0.11601690391867427,1.9473808205169951,1.6026481490979558,-0.6543090626329808,-0.08714011657094316,-1.3025667919050503,0.39950008551410265,-0.08176911851694935,1.2716985932595104,-0.30895496569930236,-1.0610458548757251
6864,0.041240334015154784,-0.31620247761685105,-0.3213574956846987,-0.34623217062524353,0.2628526346583767,0.1930567124732059,-0.13675012095383995,-0.03512962201731603,-0.3971444863765875,-0.3056329538763202,-0.41132952548333407,0.27064498819086136,0.10942251481837402,-0.22496399979930354,0.9285666391398748,0.3195242977985731,0.5510811662142671,0.8743392269401177,0.6842523706662508,-0.02523758404904233,-0.25229549498233206,-0.06510579360944473,-0.24716870518376147,-0.393958627608349,-0.43011693255120736,0.11765926042581104,0.18270239720967668,0.045055712040526594,1.6891990403772754,0.3153361800969326,0.39950008551410265,1.0786774447153427,1.2716985932595104,0.7683028758592045,-0.04358529380911249
6837,0.041240334015154784,-1.2784043699156846,-0.9841340327089884,-1.2390341171593438,0.9706667794050259,0.5111262249448562,-0.6960697418406563,-0.03512962201731603,-1.1910355664310488,-0.8838182261859971,-1.1790856098734497,0.8625865251194262,0.37890367789330015,-0.6888980455496125,0.9285666391398748,3.5790999011712405,-1.1089157604776165,-0.2063503839490355,-3.7345945500551068,1.2390354667455001,2.4184526933290855,-0.06510579360944473,-2.0526310902384792,-1.558742125531869,-2.0006170757138713,1.3374736338199338,0.8926752731538163,-0.6543090626329808,1.6891990403772754,1.5287634090984197,-2.7512429675337047,-1.7499110531633695,0.01015914019113761,2.788161328781405,2.627248678990745
5435,0.4272553867399204,1.896861874670466,-0.3213574956846987,0.8296533199318643,-1.0819942403602567,0.5565647267265206,1.8423808452610488,0.38954312339944436,1.9299452554874603,-0.3056329538763202,0.8791550709141922,-1.1565311318415552,0.5086795660366801,1.8708643412082584,-0.7514509676295996,1.2782230046728869,0.5510811662142671,0.7509728330030001,-2.637103157980521,-0.7389401127233811,0.181580564490642,0.7397861857922712,1.5582936798709563,-0.393958627608349,0.5121831533463913,-0.49224792627125025,0.8926752731538163,1.4437852613875417,-0.5312249058079979,-0.4936153059040588,0.39950008551410265,0.06328670188708667,0.01015914019113761,-0.5782694260889291,-0.5523155743424187
79,-0.7790416530249722,0.7422196039118658,-0.3213574956846987,-0.23735388446254838,-1.1173849475975892,-0.5793978178150877,0.8097907759315416,-0.7698599597839447,0.7188587786067024,-0.3056329538763202,-0.22226258348108058,-1.0942570825124227,-0.581335889772562,0.7801331519484422,0.8325656330387624,0.4260463763401636,0.5510811662142671,0.879273882697603,0.42432019885911254,-0.06602058568757578,-0.20408704392977933,-0.8699977730111607,0.6555624873435975,-0.393958627608349,-0.43011693255120736,-1.1021551129683116,-0.527270478734463,0.744420486714034,1.911241434995803,1.124287666097924,0.39950008551410265,1.441316995725434,0.640928866725324,0.9029601060540179,0.4651449867241938
6723,0.041240334015154784,-0.26809238300190935,-0.3213574956846987,-0.3244565133927042,0.22746192742104424,0.1930567124732059,-0.09372553473177717,-0.03512962201731603,-0.30691082696139377,-0.3056329538763202,-0.36883286733690196,0.20336491365815054,0.10942251481837402,-0.14369757620031404,0.9285666391398748,0.298219882090255,0.5510811662142671,0.8694045711826336,0.7131337230892663,-0.02523758404904233,-0.2619371851928426,-0.06510579360944473,-0.24716870518376147,-0.393958627608349,-0.43011693255120736,0.11765926042581104,0.18270239720967668,0.045055712040526594,1.6891990403772754,0.5175740515971805,0.39950008551410265,1.1512053549173606,1.061442017748115,0.7683028758592045,0.08359727632421407
3268,-0.8755454162061636,1.8006416854405827,-0.3213574956846987,0.19815926018823227,-1.966761921293568,-0.6702748213784163,1.7563316728169232,-0.8461823061976493,1.8304624879254758,-0.3056329538763202,0.26630300358610726,-1.9784365724626436,-0.6530905180129339,1.7812679668409928,-0.7994514706801558,-0.98004506040883,0.5510811662142671,0.2180300111946509,0.36655749401308135,-0.7593316135426476,-0.8404385978234743,-0.8699977730111607,1.5582936798709563,-0.393958627608349,-0.11601690391867427,-1.712062299665373,-0.527270478734463,1.4437852613875417,-0.7532673004265251,-0.8980910489045545,0.39950008551410265,-0.154297028718968,0.2204157157025331,-0.7129266562837424,-0.8066807146090719
3405,-0.8755454162061636,0.21300856314750738,-0.3213574956846987,-0.5204374284855555,-0.7988685824615971,-0.6702748213784163,0.3365203274888508,-0.8461823061976493,0.16465329695576397,-0.3056329538763202,-0.518230441966517,-0.7363749376793224,-0.6530905180129339,0.2810034732385092,-0.7994514706801558,-1.1504803860753747,0.5510811662142671,0.17855276513477308,0.5976083133972048,-0.7593316135426476,-0.9175721195075587,-0.8699977730111607,0.6555624873435975,-0.393958627608349,-0.43011693255120736,-1.1021551129683116,-0.527270478734463,0.744420486714034,-0.7532673004265251,-1.1003289204048023,0.39950008551410265,-0.22682493892098599,0.4306722912139286,-0.7129266562837424,-0.9338632847423984
1805,-0.48953036348139795,-1.518954842990393,-0.3213574956846987,-1.1301558309966486,0.758322535981031,-0.3067668071251017,-1.2123647765054097,-0.5381883407979545,-1.3594756975868396,-0.3056329538763202,-1.0949673432615803,0.6233877389304375,-0.36352928822919184,-1.0916607109777114,-1.0634542374582163,-1.661786363075009,0.5510811662142671,0.005839813622808252,0.9730658948964048,-0.8714848680486154,-1.1489726845598116,-0.06510579360944473,-2.0526310902384792,-0.393958627608349,-1.058316989816273,1.3374736338199338,0.18270239720967668,-1.3536738373064883,-0.7532673004265251,-1.504804663405298,0.39950008551410265,-0.3718807593250226,0.8511854422367195,-0.7129266562837424,-1.1882284250090518
230,1.2957892553706432,1.8487517800555244,-0.3213574956846987,1.199839492885028,-0.40957080285094005,1.3744577587964784,1.799356259038986,1.3399374395685006,1.8761665448853355,-0.3056329538763202,1.2891365141665152,-0.42725760549382447,1.402194952327632,1.822430048454042,-0.8954524767812687,-0.5539567462424683,0.5510811662142671,0.2969845033144065,-0.32659496413928846,-0.8001146151811812,-0.6476047936132638,1.5446781651939872,1.5582936798709563,-0.393958627608349,0.8262831819789244,0.11765926042581104,1.6026481490979558,1.4437852613875417,-0.5312249058079979,-0.6958531774043066,0.39950008551410265,-0.009241208314931339,0.2204157157025331,-0.5782694260889291,-0.6794981444757453
6107,2.502086295135536,0.7422196039118658,0.43610140377163226,1.7660065809310423,1.289183144541018,2.146912289084772,0.46559408615503917,2.622049141810179,0.7188587786067024,0.31397936612575733,1.7534174524053712,1.3653735751198102,2.3187856741122106,0.5110827758671816,0.8565658845640406,0.4260463763401636,-0.600207024878491,-0.3889326469759698,0.45320155128212797,0.8210096999505306,0.6250983141741265,1.5446781651939872,0.6555624873435975,0.770824870315171,1.45448323924399,0.7275664471228724,0.8926752731538163,0.045055712040526594,1.911241434995803,1.124287666097924,0.39950008551410265,1.441316995725434,0.640928866725324,0.9029601060540179,0.4651449867241938
5386,0.4272553867399204,1.319540739291166,-0.3213574956846987,0.5683454331413961,-0.6573057535122673,0.5565647267265206,1.3260858105962952,0.38954312339944436,1.3073876745575086,-0.3056329538763202,0.5859538767620807,-0.6923393799239943,0.5086795660366801,1.3101752545136687,-0.7514509676295996,-1.2570024646169653,0.5510811662142671,0.16374879786231947,0.7997777803583125,-0.7389401127233811,-0.9657805705601116,0.7397861857922712,1.5582936798709563,-0.393958627608349,0.5121831533463913,-0.49224792627125025,0.8926752731538163,1.4437852613875417,-0.5312249058079979,-1.1003289204048023,0.39950008551410265,-0.154297028718968,0.640928866725324,-0.5782694260889291,-0.9338632847423984
469,1.2957892553706432,-0.2199822883869677,-0.3213574956846987,0.2634862318858495,1.1122296083543557,1.3744577587964784,-0.05070094850971438,1.3399374395685006,-0.2722685099580334,-0.3056329538763202,0.2773044476492664,1.1746598115250781,1.402194952327632,-0.11249794153746981,-0.8954524767812687,-0.2343905106176972,0.5510811662142671,0.37100433967667684,-0.7598152504845193,-0.8001146151811812,-0.5029794404556059,1.5446781651939872,-0.24716870518376147,-0.393958627608349,0.19808312471385886,1.3374736338199338,1.6026481490979558,0.045055712040526594,-0.5312249058079979,0.7198119230974284,0.39950008551410265,0.4984541630991966,-1.2513803128772354,-0.5782694260889291,0.21077984645754064
3214,2.1643231240013656,-0.027541909927201003,2.897842827004708,2.963667728720689,1.6076995096770104,0.6474417302898492,-1.3414385351715983,2.229262702166753,-0.020288886923930355,2.7774875413655686,2.9035551844850263,1.631669624150725,0.8013122813400564,-1.2243236341903718,2.6325844974346273,1.6830069031309305,-1.1624640484354194,-0.35439005667357726,0.8864218376273588,2.003716747468006,1.5989090254356904,1.5446781651939872,-0.24716870518376147,3.100391866162211,3.024983382406654,1.3374736338199338,-0.527270478734463,-2.0530386119799955,0.3569446726661115,1.5287634090984197,-1.7009952831844355,-1.0971598613452052,-1.2513803128772354,1.306931796638458,1.9913358283241125
833,0.9097742026458774,-0.8935236129961511,-0.9841340327089884,-0.6728670291133289,1.3245738517783505,1.329019257014814,-0.3518730520641539,0.8635452859147253,-0.8922971831518304,-0.8838182261859971,-0.6267709255153943,1.2915119048692005,1.223794944444235,-0.41984766946835195,1.0245676452409878,1.7469201502558853,-1.1089157604776165,-0.6109921560627819,-1.1352728319837202,1.279818468384034,1.58926733522518,0.7397861857922712,-1.1498998977111203,-1.558742125531869,-1.3724170184488054,1.3374736338199338,1.6026481490979558,0.045055712040526594,1.6891990403772754,1.5287634090984197,-2.7512429675337047,-1.7499110531633695,0.01015914019113761,2.788161328781405,2.627248678990745
5690,2.1643231240013656,-0.8935236129961511,3.844666451325122,3.224975615511158,2.2447322399489944,0.1930567124732059,-2.546126949389356,2.229262702166753,-0.8922971831518304,3.9985391081458803,3.3246597072091677,2.28185696603167,0.23220336046429357,-2.539883108661504,2.6325844974346273,1.7469201502558853,-1.2427864803721236,-0.4284098930358476,0.7997777803583119,2.0648912499258065,1.6856842373302854,1.5446781651939872,-1.1498998977111203,3.100391866162211,2.710883353774121,1.9473808205169951,-0.527270478734463,-2.752403386653503,0.3569446726661115,1.5287634090984197,0.39950008551410265,1.0786774447153427,-1.2513803128772354,-0.03964050530967563,0.7195101269908469
4722,-0.8755454162061636,-0.6048630453065011,-0.3213574956846987,-0.8906236014387191,-0.19722655942694528,-0.6702748213784163,-0.3948976382862167,-0.8461823061976493,-0.5984604181023949,-0.3056329538763202,-0.8776282862505487,-0.16738163785309762,-0.6530905180129339,-0.4062735675469233,-0.7994514706801558,-0.4687390834091959,0.5510811662142671,0.3364617493742843,-0.32659496413928846,-0.7593316135426476,-0.6090380327712217,-0.8699977730111607,-0.24716870518376147,-0.393958627608349,-0.7442169611837398,-0.49224792627125025,-0.527270478734463,0.045055712040526594,-0.7532673004265251,-0.8980910489045545,0.39950008551410265,-0.154297028718968,0.2204157157025331,-0.7129266562837424,-0.8066807146090719
6313,0.4755072683305161,1.896861874670466,-0.3213574956846987,0.8514289771644032,-1.0466035331229244,0.6020032285081849,1.8423808452610488,0.4141284842429066,1.9299452554874603,-0.3056329538763202,0.8904159059052458,-1.1387031460529295,0.5317935491670686,1.8708643412082584,-0.10344417644708796,1.2782230046728869,0.5510811662142671,0.8842085384550883,-1.857306642559105,-0.46365485166327863,0.181580564490642,0.7397861857922712,1.5582936798709563,-0.393958627608349,0.5121831533463913,-0.49224792627125025,0.8926752731538163,1.4437852613875417,-0.3091825111894705,-0.4936153059040588,0.39950008551410265,0.1358146120891053,0.2204157157025331,-0.4436121958941157,-0.5523155743424187
2513,-0.34477471870961085,-0.4605327614616761,-0.7947693078449056,-0.9123992586712583,0.0858990984717144,0.05674120712821293,-0.05070094850971438,-0.37053141842904064,-0.466974973961211,-0.6549940881947908,-0.835828062209854,0.07949663408048228,-0.043075667150723494,-0.13615398015323682,0.6645638723618148,-0.44743466770087775,-2.7421385431905994,-2.999365542685388,1.406286181241636,2.370763762214809,1.7724594492248804,-0.06510579360944473,-0.24716870518376147,-0.393958627608349,-0.43011693255120736,0.11765926042581104,0.18270239720967668,0.045055712040526594,-0.08714011657094316,-0.2913774344038109,-2.7512429675337047,-2.9828855265976806,0.2204157157025331,1.710903487222898,1.4826055477908062
5559,0.4272553867399204,-0.5567529506915594,-0.3213574956846987,-0.2809051989276263,0.7229318287436987,0.5565647267265206,-0.3518730520641539,0.38954312339944436,-0.5412903678464469,-0.3056329538763202,-0.28470391657160177,0.6860730360860433,0.5086795660366801,-0.3547849595110058,-0.7514509676295996,-0.2769993420343334,0.5510811662142671,0.39074296270661574,-0.5287644311003962,-0.7389401127233811,-0.522262820876627,0.7397861857922712,-0.24716870518376147,-0.393958627608349,-0.11601690391867427,0.7275664471228724,0.8926752731538163,0.045055712040526594,-0.5312249058079979,-0.6958531774043066,0.39950008551410265,-0.009241208314931339,0.2204157157025331,-0.5782694260889291,-0.6794981444757453
4252,-0.8755454162061636,0.7422196039118658,-0.3213574956846987,-0.2809051989276263,-1.188166362072254,-0.6702748213784163,0.8097907759315416,-0.8461823061976493,0.7188587786067024,-0.3056329538763202,-0.2572205145265931,-1.1496019568822426,-0.6530905180129339,0.7801331519484422,-0.7994514706801558,0.4260463763401636,0.5510811662142671,0.5437172911886428,-1.5396117659059352,-0.7593316135426476,-0.20408704392977933,-0.8699977730111607,0.6555624873435975,-0.393958627608349,-0.43011693255120736,-1.1021551129683116,-0.527270478734463,0.744420486714034,-0.7532673004265251,1.124287666097924,0.39950008551410265,0.5709820733012146,-1.8821500394114217,-0.7129266562837424,0.4651449867241938
1835,-0.48953036348139795,0.3092287523773907,-0.3213574956846987,-0.3026808561601652,-0.5865243390376024,-0.3067668071251017,0.4225694999329764,-0.5381883407979545,0.23904279155665106,-0.3056329538763202,-0.3421252861606234,-0.5685005629351201,-0.36352928822919184,0.34800029259317783,-1.0634542374582163,-0.34091258915928724,0.5510811662142671,0.3117884705868601,-0.8175779553305508,-0.8714848680486154,-0.5511878915081585,-0.06510579360944473,0.6555624873435975,-0.393958627608349,-0.11601690391867427,-0.49224792627125025,0.18270239720967668,0.744420486714034,-0.7532673004265251,-0.6958531774043066,0.39950008551410265,-0.08176911851694935,0.01015914019113761,-0.7129266562837424,-0.6794981444757453
3666,-0.8755454162061636,0.3573388469923324,1.7616544778202117,0.9820829205596378,-0.9050407041735945,-1.6699218605750314,-0.48094681073034234,-0.8461823061976493,0.29545268189896645,1.5999788431542705,0.8414852792873531,-0.8339016524866972,-1.541259947479235,-0.42865758885146305,-0.7994514706801558,0.8521346905065258,-1.8452047198974042,-2.007499735430959,-2.1172388143662437,1.0657077097817325,1.7146093079618172,-0.8699977730111607,0.6555624873435975,1.935608368238691,1.45448323924399,-1.1021551129683116,-1.9472162306227425,-0.6543090626329808,-0.7532673004265251,-0.4936153059040588,-0.44069806196531264,-0.8795761307391506,-0.20009743532025787,-0.174297735504489,-0.04358529380911249
4161,-0.8755454162061636,0.261118657762449,-0.3213574956846987,-0.4986617712530166,-0.8342592896989296,-0.6702748213784163,0.3795449137109136,-0.8461823061976493,0.2077590871658228,-0.3056329538763202,-0.49792923682243934,-0.7685155024854065,-0.6530905180129339,0.31982549851691616,-0.7994514706801558,-0.9161318132838756,0.5510811662142671,0.23283397846710452,0.279913436744035,-0.7593316135426476,-0.8115135271919429,-0.8699977730111607,0.6555624873435975,-0.393958627608349,-0.43011693255120736,-1.1021551129683116,-0.527270478734463,0.744420486714034,-0.7532673004265251,-0.8980910489045545,0.39950008551410265,-0.154297028718968,0.2204157157025331,-0.7129266562837424,-0.8066807146090719
2251,-1.2615604689309292,2.762843577739416,-0.3213574956846987,0.4594671469787009,-2.957701723938877,-1.033782835631731,2.616823397258179,-1.1530336371011551,2.937583150434619,-0.3056329538763202,0.6471680332440335,-3.0264406724735733,-0.9415774973662154,2.778365250911823,-0.679450213053765,-0.8096097347422856,0.5510811662142671,0.28218053604195176,0.27991343674403535,-0.7083528614944806,-0.7633050761393904,-1.6748897524128765,2.4610248723983155,-0.393958627608349,-0.11601690391867427,-2.9318766730594956,-1.2372433546786028,2.143150036061049,-0.7532673004265251,-1.1003289204048023,0.39950008551410265,-0.22682493892098599,0.4306722912139286,-0.7129266562837424,-0.9338632847423984
3721,-0.8755454162061636,0.261118657762449,-0.3213574956846987,-0.4986617712530166,-0.8342592896989296,-0.6702748213784163,0.3795449137109136,-0.8461823061976493,0.2077590871658228,-0.3056329538763202,-0.49792923682243934,-0.7685155024854065,-0.6530905180129339,0.31982549851691616,-0.7994514706801558,-0.9161318132838756,0.5510811662142671,0.23283397846710452,0.279913436744035,-0.7593316135426476,-0.8115135271919429,-0.8699977730111607,0.6555624873435975,-0.393958627608349,-0.43011693255120736,-1.1021551129683116,-0.527270478734463,0.744420486714034,-0.7532673004265251,-0.8980910489045545,0.39950008551410265,-0.154297028718968,0.2204157157025331,-0.7129266562837424,-0.8066807146090719
437,1.2957892553706432,-0.6048630453065011,-0.3213574956846987,0.08928097402553711,1.3953552662530155,1.3744577587964784,-0.3948976382862167,1.3399374395685006,-0.5984604181023949,-0.3056329538763202,0.12368033331783447,1.4178752151134255,1.402194952327632,-0.4062735675469233,-0.8954524767812687,-0.4687390834091959,0.5510811662142671,0.3167231263443443,-0.44212037383135017,-0.8001146151811812,-0.6090380327712217,1.5446781651939872,-0.24716870518376147,-0.393958627608349,0.19808312471385886,1.3374736338199338,1.6026481490979558,0.045055712040526594,-0.5312249058079979,-0.8980910489045545,0.39950008551410265,-0.08176911851694935,0.4306722912139286,-0.5782694260889291,-0.8066807146090719
1509,0.9580260842364732,0.7903296985268075,0.43610140377163226,1.0909612067223329,0.12128980570904686,0.6928802320715135,0.508618672377102,0.9095669552775699,0.7755732535719463,0.31397936612575733,0.9957594693579356,0.08128581044327203,0.7087916364964822,0.5621610827494548,1.2405699089684918,0.6177861177150261,-0.600207024878491,-0.2655662530388522,0.655371018243236,0.9841417065046651,0.7118735260687212,0.7397861857922712,0.6555624873435975,0.770824870315171,1.1403832106114569,0.11765926042581104,0.18270239720967668,0.045055712040526594,1.911241434995803,1.326525537598172,0.39950008551410265,1.513844905927452,0.4306722912139286,0.9029601060540179,0.5923275568575204
2669,-1.2615604689309292,-0.9416337076110928,-0.3213574956846987,-1.2172584599268046,-0.23261726666427773,-1.033782835631731,-0.6960697418406563,-1.1530336371011551,-0.9125886553590835,-0.3056329538763202,-1.1661180076443223,-0.1556732921369573,-0.9415774973662154,-0.6891843855138988,-0.679450213053765,0.9160479376314796,0.5510811662142671,0.681887652398214,-2.059476109520213,-0.7083528614944806,0.017671830911962963,-1.6748897524128765,-1.1498998977111203,-0.393958627608349,-1.3724170184488054,-0.49224792627125025,-1.2372433546786028,-0.6543090626329808,-0.7532673004265251,1.326525537598172,0.39950008551410265,0.6435099835032333,-2.092406614922817,-0.7129266562837424,0.5923275568575204
5144,0.3790035051493247,-0.6048630453065011,-0.22667513325265734,-0.25912954169508734,0.7229318287436987,0.46568772316319185,-0.43792222450827956,0.3483932119733062,-0.5984604181023949,-0.18996847010692136,-0.25168541964677604,0.6988604928600446,0.4160833659620186,-0.45649783174053593,-1.0634542374582163,-0.4687390834091959,1.2739830536446037,1.0815947687544762,-0.6442898407924582,-1.4220553901688195,-1.1296893041387905,0.7397861857922712,-0.24716870518376147,-0.393958627608349,-0.11601690391867427,0.7275664471228724,0.8926752731538163,0.045055712040526594,-0.7532673004265251,-0.8980910489045545,0.6095496223839565,0.06328670188708667,0.2204157157025331,-0.8475838864785558,-0.9338632847423984
5546,0.4272553867399204,-0.6048630453065011,-0.3213574956846987,-0.3026808561601652,0.758322535981031,0.5565647267265206,-0.3948976382862167,0.38954312339944436,-0.5984604181023949,-0.3056329538763202,-0.31162885896767895,0.7287002027906593,0.5086795660366801,-0.4062735675469233,-0.7514509676295996,-0.4687390834091959,0.5510811662142671,0.34633106088925375,-0.2688322592932579,-0.7389401127233811,-0.6090380327712217,0.7397861857922712,-0.24716870518376147,-0.393958627608349,-0.11601690391867427,0.7275664471228724,0.8926752731538163,0.045055712040526594,-0.5312249058079979,-0.8980910489045545,0.39950008551410265,-0.08176911851694935,0.4306722912139286,-0.5782694260889291,-0.8066807146090719
6178,3.0328569926320883,2.329852726204941,-0.3213574956846987,2.201519725581823,0.5105875853197039,3.0102438229363946,2.2296021212596138,3.265350819804038,2.3974287264435943,-0.3056329538763202,2.416528646917154,0.5802851500282931,3.212376737868636,2.2918902645994375,0.28055984795736316,0.5538728705900723,0.5510811662142671,0.7953847348203632,-0.41323902140833507,-0.3005228451091444,-0.14623690266671607,2.349570144595703,1.5582936798709563,-0.393958627608349,1.1403832106114569,0.7275664471228724,2.3126210250420955,1.4437852613875417,-0.3091825111894705,1.326525537598172,0.39950008551410265,0.7885658039072693,-1.6718934639000262,-0.4436121958941157,0.5923275568575204
3836,-0.8755454162061636,0.1648984685325657,-0.3213574956846987,-0.5422130857180947,-0.7634778752242647,-0.6702748213784163,0.293495741266788,-0.8461823061976493,0.1407430321577121,-0.3056329538763202,-0.5294912769575709,-0.7185469518906965,-0.6530905180129339,0.25946936146651883,-0.7994514706801558,-1.725699610199963,0.5510811662142671,0.04531705968268496,1.377404828818621,-0.7593316135426476,-1.1778977551913437,-0.8699977730111607,0.6555624873435975,-0.393958627608349,-0.43011693255120736,-1.1021551129683116,-0.527270478734463,0.744420486714034,-0.7532673004265251,-1.3025667919050503,0.39950008551410265,-0.29935284912300464,0.640928866725324,-0.7129266562837424,-1.0610458548757251
5465,0.041240334015154784,0.4535590362222158,2.519113377276543,1.961987496023894,-0.3033986811389427,-1.1700983409767238,-0.7390943280627191,-0.03512962201731603,0.39084456929952355,2.456604754391084,1.8414364859198464,-0.3168958778279475,-1.1780039658662331,-0.7147128543780549,0.9285666391398748,0.9373523533397982,-2.782299759158952,-2.6687436069339117,-0.15330684960119678,2.5135042679496764,2.4280943835395967,-0.06510579360944473,0.6555624873435975,3.100391866162211,2.710883353774121,-0.49224792627125025,-1.9472162306227425,-1.3536738373064883,1.6891990403772754,-0.08913956290356309,-2.541193430663851,-2.1125506041734607,1.6922117442823015,2.6535040985865916,1.4826055477908062
4923,-0.6825378898437807,1.896861874670466,-0.3213574956846987,0.3288132035834668,-1.8959805068189033,-0.48852081425175903,1.8423808452610488,-0.6935289313928307,1.9299452554874603,-0.3056329538763202,0.38307548232922445,-1.9419169280410513,-0.5095730991513059,1.8708643412082584,2.224580221504898,1.2782230046728869,0.5510811662142671,1.362870146931106,0.9441845424733897,0.5253329380711618,0.181580564490642,-0.8699977730111607,1.5582936798709563,-0.393958627608349,-0.11601690391867427,-1.712062299665373,-0.527270478734463,1.4437852613875417,2.3553262242328574,-0.4936153059040588,0.39950008551410265,1.0061495345133247,2.743494621839279,1.1722745664436447,-0.5523155743424187
937,1.2475373737800473,-0.6048630453065011,-0.3213574956846987,0.06750531679299815,1.359964559015683,1.329019257014814,-0.3948976382862167,1.2553977533490932,-0.5984604181023949,-0.3056329538763202,0.08495861339785259,1.3565715664059357,1.322714773307061,-0.4062735675469233,-1.1354549920340506,-0.4687390834091959,0.5510811662142671,0.26737656876949817,-0.7309338980615042,-0.9020721192775154,-0.6090380327712217,1.5446781651939872,-0.24716870518376147,-0.393958627608349,0.19808312471385886,1.3374736338199338,1.6026481490979558,0.045055712040526594,-0.7532673004265251,-0.8980910489045545,0.39950008551410265,-0.154297028718968,0.2204157157025331,-0.7129266562837424,-0.8066807146090719
3153,-0.20001907393782373,-0.2199822883869677,-0.3213574956846987,-0.4115591423228604,0.015117683997049484,-0.03413579643511573,-0.05070094850971438,-0.23533353930988982,-0.2722685099580334,-0.3056329538763202,-0.44421705745660456,0.032357739837291295,-0.07879965513073132,-0.11249794153746981,0.6885641238870931,-0.2343905106176972,0.5510811662142671,0.6966916196706676,1.1463540094344977,-0.12719508814537628,-0.5029794404556059,-0.06510579360944473,-0.24716870518376147,-0.393958627608349,-0.43011693255120736,0.11765926042581104,0.18270239720967668,0.045055712040526594,0.5789870672846389,0.7198119230974284,0.39950008551410265,0.8610937141092879,-0.20009743532025787,0.09501672488513772,0.21077984645754064
4694,-0.8755454162061636,0.1648984685325657,-0.3213574956846987,-0.5422130857180947,-0.7634778752242647,-0.6702748213784163,0.293495741266788,-0.8461823061976493,0.1407430321577121,-0.3056329538763202,-0.5294912769575709,-0.7185469518906965,-0.6530905180129339,0.25946936146651883,-0.7994514706801558,-1.725699610199963,0.5510811662142671,0.04531705968268496,1.377404828818621,-0.7593316135426476,-1.1778977551913437,-0.8699977730111607,0.6555624873435975,-0.393958627608349,-0.43011693255120736,-1.1021551129683116,-0.527270478734463,0.744420486714034,-0.7532673004265251,-1.3025667919050503,0.39950008551410265,-0.29935284912300464,0.640928866725324,-0.7129266562837424,-1.0610458548757251
6861,0.041240334015154784,0.3573388469923324,-0.3213574956846987,-0.04137296936969701,-0.23261726666427773,0.1930567124732059,0.46559408615503917,-0.03512962201731603,0.29545268189896645,-0.3056329538763202,-0.08514232123882898,-0.24576972229219218,0.10942251481837402,0.3988042838470142,0.9285666391398748,0.8521346905065258,0.5510811662142671,0.9977056208772364,-0.03778143990913506,-0.02523758404904233,-0.011253239719568453,-0.06510579360944473,0.6555624873435975,-0.393958627608349,-0.11601690391867427,-0.49224792627125025,0.18270239720967668,0.744420486714034,1.6891990403772754,-0.4936153059040588,0.39950008551410265,0.7885658039072693,2.1127248953050923,0.7683028758592045,-0.5523155743424187
1620,-0.48953036348139795,-0.2199822883869677,-0.3213574956846987,-0.5422130857180947,-0.19722655942694528,-0.3067668071251017,-0.05070094850971438,-0.5381883407979545,-0.2722685099580334,-0.3056329538763202,-0.5829336688384724,-0.18725632770982428,-0.36352928822919184,-0.11249794153746981,-1.0634542374582163,-0.2343905106176972,0.5510811662142671,0.3364617493742832,-0.9619847174456273,-0.8714848680486154,-0.5029794404556059,-0.06510579360944473,-0.24716870518376147,-0.393958627608349,-0.43011693255120736,0.11765926042581104,0.18270239720967668,0.045055712040526594,-0.7532673004265251,0.7198119230974284,0.39950008551410265,0.42592625289717795,-1.4616368883886308,-0.7129266562837424,0.21077984645754064
3544,-0.8755454162061636,-1.0859639914559178,-0.3213574956846987,-1.1083801737641095,0.15668051294637933,-0.6702748213784163,-0.8251435005068447,-0.8461823061976493,-1.0365936833912697,-0.3056329538763202,-1.0839725675113625,0.1592995466953365,-0.6530905180129339,-0.8008660484518793,-0.7994514706801558,-0.9587406447005118,0.5510811662142671,0.22296466695213507,0.3376761415900659,-0.7593316135426476,-0.830796907612964,-0.8699977730111607,-1.1498998977111203,-0.393958627608349,-1.058316989816273,0.11765926042581104,-0.527270478734463,-0.6543090626329808,-0.7532673004265251,-1.3025667919050503,0.39950008551410265,-0.29935284912300464,0.640928866725324,-0.7129266562837424,-1.0610458548757251
2338,-1.2615604689309292,-0.5086428560766177,-0.3213574956846987,-1.0212775448339535,-0.5511336318002699,-1.033782835631731,-0.30884846584209114,-1.1530336371011551,-0.5216801759453499,-0.3056329538763202,-0.9820148234905198,-0.44714270389392013,-0.9415774973662154,-0.33712358821984345,-0.679450213053765,-0.21308609490937908,0.5510811662142671,0.4203508972515241,-0.5287644311003962,-0.7083528614944806,-0.4933377502450954,-1.6748897524128765,-0.24716870518376147,-0.393958627608349,-1.058316989816273,-1.1021551129683116,-1.2372433546786028,0.045055712040526594,-0.7532673004265251,-0.4936153059040588,0.39950008551410265,-0.009241208314931339,-0.20009743532025787,-0.7129266562837424,-0.5523155743424187
5658,1.7300561896860043,-0.6048630453065011,-0.3213574956846987,0.28526188911838846,1.7138716313890077,1.7834042748314576,-0.3948976382862167,1.7528963604172734,-0.5984604181023949,-0.3056329538763202,0.31282794418149207,1.7173308879040068,1.790439224633287,-0.4062735675469233,-0.39144719475042616,-0.4687390834091959,0.5510811662142671,0.4203508972515241,0.1643880270519736,-0.5860038565788797,-0.6090380327712217,1.5446781651939872,-0.24716870518376147,-0.393958627608349,0.19808312471385886,1.3374736338199338,1.6026481490979558,0.045055712040526594,-0.3091825111894705,-0.8980910489045545,0.39950008551410265,-0.009241208314931339,0.640928866725324,-0.4436121958941157,-0.8066807146090719
435,1.2957892553706432,-0.6048630453065011,-0.3213574956846987,0.08928097402553711,1.3953552662530155,1.3744577587964784,-0.3948976382862167,1.3399374395685006,-0.5984604181023949,-0.3056329538763202,0.12368033331783447,1.4178752151134255,1.402194952327632,-0.4062735675469233,-0.8954524767812687,-0.4687390834091959,0.5510811662142671,0.3167231263443443,-0.44212037383135017,-0.8001146151811812,-0.6090380327712217,1.5446781651939872,-0.24716870518376147,-0.393958627608349,0.19808312471385886,1.3374736338199338,1.6026481490979558,0.045055712040526594,-0.5312249058079979,-0.8980910489045545,0.39950008551410265,-0.08176911851694935,0.4306722912139286,-0.5782694260889291,-0.8066807146090719
3149,-0.20001907393782373,-0.2199822883869677,-0.3213574956846987,-0.4115591423228604,0.015117683997049484,-0.03413579643511573,-0.05070094850971438,-0.23533353930988982,-0.2722685099580334,-0.3056329538763202,-0.44421705745660456,0.032357739837291295,-0.07879965513073132,-0.11249794153746981,0.6885641238870931,-0.2343905106176972,0.5510811662142671,0.6966916196706676,1.1463540094344977,-0.12719508814537628,-0.5029794404556059,-0.06510579360944473,-0.24716870518376147,-0.393958627608349,-0.43011693255120736,0.11765926042581104,0.18270239720967668,0.045055712040526594,0.5789870672846389,0.7198119230974284,0.39950008551410265,0.8610937141092879,-0.20009743532025787,0.09501672488513772,0.21077984645754064
3722,-0.8755454162061636,0.261118657762449,-0.3213574956846987,-0.4986617712530166,-0.8342592896989296,-0.6702748213784163,0.3795449137109136,-0.8461823061976493,0.2077590871658228,-0.3056329538763202,-0.49792923682243934,-0.7685155024854065,-0.6530905180129339,0.31982549851691616,-0.7994514706801558,-0.9161318132838756,0.5510811662142671,0.23283397846710452,0.279913436744035,-0.7593316135426476,-0.8115135271919429,-0.8699977730111607,0.6555624873435975,-0.393958627608349,-0.43011693255120736,-1.1021551129683116,-0.527270478734463,0.744420486714034,-0.7532673004265251,-0.8980910489045545,0.39950008551410265,-0.154297028718968,0.2204157157025331,-0.7129266562837424,-0.8066807146090719
1965,1.3440411369612388,0.7903296985268075,0.43610140377163226,1.2651664645826448,0.4044154636077065,1.0563882463248282,0.508618672377102,1.3701176740675325,0.7755732535719463,0.31397936612575733,1.2067055556214705,0.41525250394869917,1.141779446298356,0.5621610827494548,-0.39144719475042616,0.6177861177150261,-0.600207024878491,-0.6011228445478135,-1.3085609465218115,0.2908306786495934,0.7118735260687212,1.5446781651939872,0.6555624873435975,0.770824870315171,1.45448323924399,0.7275664471228724,0.8926752731538163,0.045055712040526594,-0.3091825111894705,1.326525537598172,0.39950008551410265,0.7885658039072693,-1.6718934639000262,-0.4436121958941157,0.5923275568575204
6066,-0.34477471870961085,-0.5567529506915594,-0.3213574956846987,-0.6293157146482508,0.15668051294637933,-0.1704513017801087,-0.3518730520641539,-0.37053141842904064,-0.5412903678464469,-0.3056329538763202,-0.6328409258645793,0.1349077220484444,-0.20590624986901185,-0.3547849595110058,0.6645638723618148,-0.2769993420343334,0.5510811662142671,0.681887652398214,1.175235361857513,-0.1373908385550097,-0.522262820876627,-0.06510579360944473,-0.24716870518376147,-0.393958627608349,-0.43011693255120736,0.11765926042581104,0.18270239720967668,0.045055712040526594,-0.08714011657094316,-0.6958531774043066,0.39950008551410265,0.1358146120891053,0.640928866725324,-0.30895496569930236,-0.6794981444757453
544,2.11607124241077,-0.6048630453065011,0.8148308534997978,1.2433908073501059,1.9969972892876673,1.6016502677048001,-0.9111926729509703,2.1739655727950575,-0.5984604181023949,0.6230218868020253,1.1382955342287975,2.0226677093603103,1.7534800402067225,-0.809517541348726,0.5685628662607018,-0.4687390834091959,-2.715364399211698,-2.994430886927903,1.3196421239725897,2.3095892597570087,1.7435343785933488,1.5446781651939872,-0.24716870518376147,1.935608368238691,2.0826832965090563,1.3374736338199338,0.18270239720967668,-1.3536738373064883,0.13490227804758417,-0.8980910489045545,-2.541193430663851,-2.910357616395662,1.061442017748115,1.710903487222898,0.9738752672575001
1034,1.2475373737800473,-0.6048630453065011,-0.3213574956846987,0.06750531679299815,1.359964559015683,1.329019257014814,-0.3948976382862167,1.2553977533490932,-0.5984604181023949,-0.3056329538763202,0.08495861339785259,1.3565715664059357,1.322714773307061,-0.4062735675469233,-1.1354549920340506,-0.4687390834091959,0.5510811662142671,0.26737656876949817,-0.7309338980615042,-0.9020721192775154,-0.6090380327712217,1.5446781651939872,-0.24716870518376147,-0.393958627608349,0.19808312471385886,1.3374736338199338,1.6026481490979558,0.045055712040526594,-0.7532673004265251,-0.8980910489045545,0.39950008551410265,-0.154297028718968,0.2204157157025331,-0.7129266562837424,-0.8066807146090719
1174,-0.00701154757544092,0.7903296985268075,0.43610140377163226,0.6554480620715523,-0.5865243390376024,-0.21588980356177304,0.508618672377102,-0.07075004994543396,0.7755732535719463,0.31397936612575733,0.5467447851713445,-0.6295875319795832,-0.21285563422815798,0.5621610827494548,1.52857292727183,0.6177861177150261,-0.600207024878491,-0.2063503839490355,1.0019472473194206,1.106490711420266,0.7118735260687212,-0.06510579360944473,0.6555624873435975,0.770824870315171,0.8262831819789244,-0.49224792627125025,-0.527270478734463,0.045055712040526594,1.4671566457587482,1.326525537598172,0.39950008551410265,1.368789085523416,0.01015914019113761,0.6336456456643912,0.5923275568575204
2077,1.3440411369612388,1.8487517800555244,-0.3213574956846987,1.221615150117567,-0.3741800956136076,1.4198962605781427,1.799356259038986,1.3701176740675325,1.8761665448853355,-0.3056329538763202,1.3029599696304721,-0.4053725172426501,1.430568968699545,1.822430048454042,-0.39144719475042616,-0.5539567462424683,0.5510811662142671,0.4006122742215852,0.27991343674403535,-0.5860038565788797,-0.6476047936132638,1.5446781651939872,1.5582936798709563,-0.393958627608349,0.8262831819789244,0.11765926042581104,1.6026481490979558,1.4437852613875417,-0.3091825111894705,-0.6958531774043066,0.39950008551410265,0.06328670188708667,0.4306722912139286,-0.4436121958941157,-0.6794981444757453
2843,-0.8272935346155679,0.8384397931417491,-0.3213574956846987,-0.21557822723000902,-1.2235570693095865,-0.624836319596752,0.8958399483756672,-0.8210351880706466,0.8841675269480189,-0.3056329538763202,-0.1678481777971484,-1.2546242215911592,-0.629448397489818,0.9290138562708707,0.1125580872804161,0.7243081962566171,0.5510811662142671,0.8003193905778474,-0.8464593077535659,-0.3718930979765781,-0.06910338098263172,-0.8699977730111607,0.6555624873435975,-0.393958627608349,-0.43011693255120736,-1.1021551129683116,-0.527270478734463,0.744420486714034,-0.5312249058079979,1.5287634090984197,0.39950008551410265,0.7885658039072693,-2.092406614922817,-0.5782694260889291,0.7195101269908469
736,-0.44127848189080227,-0.6048630453065011,-0.3213574956846987,-0.694642686345868,0.12128980570904686,-0.2613283053434374,-0.3948976382862167,-0.5194565462508922,-0.5984604181023949,-0.3056329538763202,-0.7279780576648021,0.0695423691686553,-0.345918548817253,-0.4062735675469233,-0.6314497100032085,-0.4687390834091959,0.5510811662142671,0.37100433967667684,-0.12442549717818072,-0.6879613606752139,-0.6090380327712217,-0.06510579360944473,-0.24716870518376147,-0.393958627608349,-0.43011693255120736,0.11765926042581104,0.18270239720967668,0.045055712040526594,-0.5312249058079979,-0.8980910489045545,0.39950008551410265,-0.08176911851694935,0.4306722912139286,-0.5782694260889291,-0.8066807146090719
1652,-0.48953036348139795,0.3092287523773907,0.43610140377163226,0.21993491742077162,-0.5865243390376024,-0.6702748213784163,0.07837281015647402,-0.5381883407979545,0.23904279155665106,0.31397936612575733,0.07995832537792126,-0.5685005629351201,-0.6523188106303811,0.07894991651191721,-1.0634542374582163,-0.34091258915928724,-0.600207024878491,-0.9613527148441979,-0.8175779553305508,0.005349667179857697,0.2779974665957474,-0.06510579360944473,0.6555624873435975,0.770824870315171,0.8262831819789244,-0.49224792627125025,-0.527270478734463,0.045055712040526594,-0.7532673004265251,-0.6958531774043066,0.39950008551410265,-0.08176911851694935,0.01015914019113761,-0.7129266562837424,-0.6794981444757453
4024,-0.8755454162061636,-0.6048630453065011,-0.3213574956846987,-0.8906236014387191,-0.19722655942694528,-0.6702748213784163,-0.3948976382862167,-0.8461823061976493,-0.5984604181023949,-0.3056329538763202,-0.8776282862505487,-0.16738163785309762,-0.6530905180129339,-0.4062735675469233,-0.7994514706801558,-0.4687390834091959,0.5510811662142671,0.3364617493742843,-0.32659496413928846,-0.7593316135426476,-0.6090380327712217,-0.8699977730111607,-0.24716870518376147,-0.393958627608349,-0.7442169611837398,-0.49224792627125025,-0.527270478734463,0.045055712040526594,-0.7532673004265251,-0.8980910489045545,0.39950008551410265,-0.154297028718968,0.2204157157025331,-0.7129266562837424,-0.8066807146090719
5762,-0.34477471870961085,0.3092287523773907,-0.3213574956846987,-0.23735388446254838,-0.48035221732560496,-0.1704513017801087,0.4225694999329764,-0.37053141842904064,0.23904279155665106,-0.3056329538763202,-0.26533337125137546,-0.4469247500605826,-0.20590624986901185,0.34800029259317783,0.6645638723618148,-0.34091258915928724,0.5510811662142671,0.6670836851257603,1.2618794191265588,-0.1373908385550097,-0.5511878915081585,-0.06510579360944473,0.6555624873435975,-0.393958627608349,-0.11601690391867427,-0.49224792627125025,0.18270239720967668,0.744420486714034,-0.08714011657094316,-0.6958531774043066,0.39950008551410265,0.1358146120891053,0.640928866725324,-0.30895496569930236,-0.6794981444757453
1964,1.3440411369612388,-0.31620247761685105,-0.3213574956846987,0.24171057465331056,1.2184017300663532,1.4198962605781427,-0.13675012095383995,1.3701176740675325,-0.3971444863765875,-0.3056329538763202,0.23231601722768233,1.2896549992140536,1.430568968699545,-0.22496399979930354,-0.39144719475042616,0.3195242977985731,0.5510811662142671,0.6029331602784583,-0.9042220125995961,-0.5860038565788797,-0.25229549498233206,1.5446781651939872,-0.24716870518376147,-0.393958627608349,0.19808312471385886,1.3374736338199338,1.6026481490979558,0.045055712040526594,-0.3091825111894705,0.3153361800969326,0.39950008551410265,0.42592625289717795,-0.6206105863430489,-0.4436121958941157,-0.04358529380911249
6209,-0.2965228371190151,-0.2199822883869677,-0.3213574956846987,-0.4551104567879385,-0.055663730477615435,-0.1250127999984444,-0.05070094850971438,-0.31174719638663684,-0.2722685099580334,-0.3056329538763202,-0.4792168115331473,-0.023053348130670823,-0.15064012929944354,-0.11249794153746981,0.8805661360893183,-0.2343905106176972,0.5510811662142671,0.7361688657305454,1.3774048288186205,-0.04562908486830917,-0.5029794404556059,-0.06510579360944473,-0.24716870518376147,-0.393958627608349,-0.43011693255120736,0.11765926042581104,0.18270239720967668,0.045055712040526594,0.13490227804758417,0.7198119230974284,0.39950008551410265,0.7160378937052513,-0.6206105863430489,-0.174297735504489,0.21077984645754064
3795,-0.8755454162061636,-1.0859639914559178,-0.3213574956846987,-1.1083801737641095,0.15668051294637933,-0.6702748213784163,-0.8251435005068447,-0.8461823061976493,-1.0365936833912697,-0.3056329538763202,-1.0839725675113625,0.1592995466953365,-0.6530905180129339,-0.8008660484518793,-0.7994514706801558,-0.9587406447005118,0.5510811662142671,0.22296466695213507,0.3376761415900659,-0.7593316135426476,-0.830796907612964,-0.8699977730111607,-1.1498998977111203,-0.393958627608349,-1.058316989816273,0.11765926042581104,-0.527270478734463,-0.6543090626329808,-0.7532673004265251,-1.3025667919050503,0.39950008551410265,-0.29935284912300464,0.640928866725324,-0.7129266562837424,-1.0610458548757251
2900,-0.8272935346155679,-1.6151750322202763,0.15205431647550816,-0.9995018876014143,0.5813689997943688,-0.8520288285050737,-1.5135368800598492,-0.8210351880706466,-1.4698004132711961,0.1179222433482073,-0.987950170227965,0.5005427470543905,-0.8268594223651832,-1.3749393028024308,0.1125580872804161,0.9373523533397982,-1.8987530078552066,-1.8594600627064173,-1.1352728319837202,1.4939292269863356,1.7917428296459015,-0.8699977730111607,-2.9553622827658383,0.770824870315171,-0.7442169611837398,1.3374736338199338,-1.2372433546786028,-2.752403386653503,-0.5312249058079979,-1.504804663405298,-0.2306485250954588,-0.9521040409411686,1.061442017748115,-0.174297735504489,-0.8066807146090719
2087,1.3440411369612388,-0.6048630453065011,-0.3213574956846987,0.11105663125807645,1.430745973490348,1.4198962605781427,-0.3948976382862167,1.3701176740675325,-0.5984604181023949,-0.3056329538763202,0.1375037887817916,1.4397603033645998,1.430568968699545,-0.4062735675469233,-0.39144719475042616,-0.4687390834091959,0.5510811662142671,0.4203508972515241,0.1643880270519736,-0.5860038565788797,-0.6090380327712217,1.5446781651939872,-0.24716870518376147,-0.393958627608349,0.19808312471385886,1.3374736338199338,1.6026481490979558,0.045055712040526594,-0.3091825111894705,-0.8980910489045545,0.39950008551410265,-0.009241208314931339,0.640928866725324,-0.4436121958941157,-0.8066807146090719
6770,0.041240334015154784,-0.4124226668467344,1.6669721153881703,0.9820829205596378,0.33363404913304157,-0.7611518249417449,-1.1263156040612843,-0.03512962201731603,-0.4501102275211775,1.528127324868998,0.812894053136602,0.31013733544779026,-0.7452582880025844,-1.0689283523672204,0.9285666391398748,0.14908897213202874,-1.5105279201611372,-1.444948979077701,0.9153031900503736,1.5449079790345026,1.1553912757522062,-0.06510579360944473,-0.24716870518376147,1.935608368238691,1.45448323924399,0.11765926042581104,-1.2372433546786028,-1.3536738373064883,1.6891990403772754,-0.08913956290356309,-0.6507475988351664,-0.154297028718968,1.6922117442823015,1.4415890268332714,0.33796241659086723
3213,2.1643231240013656,-0.027541909927201003,2.897842827004708,2.963667728720689,1.6076995096770104,0.6474417302898492,-1.3414385351715983,2.229262702166753,-0.020288886923930355,2.7774875413655686,2.9035551844850263,1.631669624150725,0.8013122813400564,-1.2243236341903718,2.6325844974346273,1.6830069031309305,-1.1624640484354194,-0.35439005667357726,0.8864218376273588,2.003716747468006,1.5989090254356904,1.5446781651939872,-0.24716870518376147,3.100391866162211,3.024983382406654,1.3374736338199338,-0.527270478734463,-2.0530386119799955,0.3569446726661115,1.5287634090984197,-1.7009952831844355,-1.0971598613452052,-1.2513803128772354,1.306931796638458,1.9913358283241125
3298,-0.8755454162061636,1.8487517800555244,-0.3213574956846987,0.21993491742077162,-2.002152628530901,-0.6702748213784163,1.799356259038986,-0.8461823061976493,1.8761665448853355,-0.3056329538763202,0.2878278945981322,-2.0125144584603474,-0.6530905180129339,1.822430048454042,-0.7994514706801558,-0.5539567462424683,0.5510811662142671,0.3167231263443443,-0.2110695544472267,-0.7593316135426476,-0.6476047936132638,-0.8699977730111607,1.5582936798709563,-0.393958627608349,-0.11601690391867427,-1.712062299665373,-0.527270478734463,1.4437852613875417,-0.7532673004265251,-0.6958531774043066,0.39950008551410265,-0.08176911851694935,0.01015914019113761,-0.7129266562837424,-0.6794981444757453
4381,-0.8755454162061636,1.8487517800555244,-0.3213574956846987,0.21993491742077162,-2.002152628530901,-0.6702748213784163,1.799356259038986,-0.8461823061976493,1.8761665448853355,-0.3056329538763202,0.2878278945981322,-2.0125144584603474,-0.6530905180129339,1.822430048454042,-0.7994514706801558,-0.5539567462424683,0.5510811662142671,0.3167231263443443,-0.2110695544472267,-0.7593316135426476,-0.6476047936132638,-0.8699977730111607,1.5582936798709563,-0.393958627608349,-0.11601690391867427,-1.712062299665373,-0.527270478734463,1.4437852613875417,-0.7532673004265251,-0.6958531774043066,0.39950008551410265,-0.08176911851694935,0.01015914019113761,-0.7129266562837424,-0.6794981444757453
1287,-0.15176719234722802,-0.027541909927201003,-0.3213574956846987,-0.3026808561601652,-0.0910544377149479,0.011302705346548599,0.1213973963785368,-0.2179926240057857,-0.020288886923930355,-0.3056329538763202,-0.31760147588559245,-0.14294875358787223,-0.062496554014721366,0.11444046389258937,1.360571166594883,1.6830069031309305,0.5510811662142671,1.2789809990538652,-0.6442898407924572,0.1582859233243592,0.3647726784903421,-0.06510579360944473,-0.24716870518376147,-0.393958627608349,-0.43011693255120736,0.11765926042581104,0.18270239720967668,0.045055712040526594,0.8010294619031662,1.5287634090984197,0.39950008551410265,1.2237332651193793,-0.8308671618544443,0.2296739550799511,0.7195101269908469
6583,0.041240334015154784,0.8384397931417491,-0.3213574956846987,0.1763836029556933,-0.5865243390376024,0.1930567124732059,0.8958399483756672,-0.03512962201731603,0.8841675269480189,-0.3056329538763202,0.19212021779509744,-0.6847276334543781,0.10942251481837402,0.9290138562708707,0.9285666391398748,0.7243081962566171,0.5510811662142671,0.9680976863323281,0.13550667462895755,-0.02523758404904233,-0.06910338098263172,-0.06510579360944473,0.6555624873435975,-0.393958627608349,-0.11601690391867427,-0.49224792627125025,0.18270239720967668,0.744420486714034,1.6891990403772754,1.5287634090984197,0.39950008551410265,1.513844905927452,0.01015914019113761,0.7683028758592045,0.7195101269908469
2018,2.1643231240013656,-0.8454135183812095,4.3180782634853285,3.573386131231782,2.209341532711662,-0.03413579643511573,-2.7182252942776075,2.229262702166753,-0.8292976286658482,4.434564435268048,3.6513531826912455,2.234883200933202,0.028980245123380165,-2.67247686682255,2.6325844974346273,2.9825762613383344,-2.5814936793171914,-1.6225965863471505,-0.875340660176582,3.0844662908891474,3.2090712905909498,1.5446781651939872,-1.1498998977111203,4.265175364085731,3.65318343967172,1.9473808205169951,-1.2372433546786028,-3.4517681613270104,0.3569446726661115,1.7310012805986676,-2.331143893793997,-1.6773831429613513,-1.4616368883886308,1.710903487222898,2.5000661088574185
6541,0.041240334015154784,-0.17187219377202603,-0.3213574956846987,-0.2809051989276263,0.15668051294637933,0.1930567124732059,-0.00767636228765158,-0.03512962201731603,-0.19205006897440713,-0.3056329538763202,-0.3147377724660062,0.11772236731422057,0.10942251481837402,-0.040251444524313985,0.9285666391398748,0.10648014071539251,0.5510811662142671,0.8249926693652716,0.9730658948964045,-0.02523758404904233,-0.34871239708743723,-0.06510579360944473,-0.24716870518376147,-0.393958627608349,-0.43011693255120736,0.11765926042581104,0.18270239720967668,0.045055712040526594,1.6891990403772754,0.9220497945976762,0.39950008551410265,1.2962611753213973,0.640928866725324,0.7683028758592045,0.33796241659086723
4697,-0.8755454162061636,0.1648984685325657,-0.3213574956846987,-0.5422130857180947,-0.7634778752242647,-0.6702748213784163,0.293495741266788,-0.8461823061976493,0.1407430321577121,-0.3056329538763202,-0.5294912769575709,-0.7185469518906965,-0.6530905180129339,0.25946936146651883,-0.7994514706801558,-1.725699610199963,0.5510811662142671,0.04531705968268496,1.377404828818621,-0.7593316135426476,-1.1778977551913437,-0.8699977730111607,0.6555624873435975,-0.393958627608349,-0.43011693255120736,-1.1021551129683116,-0.527270478734463,0.744420486714034,-0.7532673004265251,-1.3025667919050503,0.39950008551410265,-0.29935284912300464,0.640928866725324,-0.7129266562837424,-1.0610458548757251
3857,-0.8755454162061636,1.8487517800555244,-0.3213574956846987,0.21993491742077162,-2.002152628530901,-0.6702748213784163,1.799356259038986,-0.8461823061976493,1.8761665448853355,-0.3056329538763202,0.2878278945981322,-2.0125144584603474,-0.6530905180129339,1.822430048454042,-0.7994514706801558,-0.5539567462424683,0.5510811662142671,0.3167231263443443,-0.2110695544472267,-0.7593316135426476,-0.6476047936132638,-0.8699977730111607,1.5582936798709563,-0.393958627608349,-0.11601690391867427,-1.712062299665373,-0.527270478734463,1.4437852613875417,-0.7532673004265251,-0.6958531774043066,0.39950008551410265,-0.08176911851694935,0.01015914019113761,-0.7129266562837424,-0.6794981444757453
5132,0.3790035051493247,-0.9897438022260345,0.43610140377163226,0.02395400232792024,1.0060574866423584,0.14761821069154157,-1.0832910178392214,0.3483932119733062,-0.9662956267991046,0.31397936612575733,-0.08162968686085982,0.973125998850404,0.18120286045454245,-1.0066044444779159,-1.0634542374582163,0.298219882090255,-0.600207024878491,-0.8133130421196562,-1.684018528021013,0.005349667179857697,0.5672481729110633,0.7397861857922712,-1.1498998977111203,0.770824870315171,0.5121831533463913,1.3374736338199338,0.18270239720967668,-1.3536738373064883,-0.7532673004265251,1.124287666097924,0.39950008551410265,0.5709820733012146,-1.8821500394114217,-0.7129266562837424,0.4651449867241938
4513,-0.8755454162061636,-0.7010832345363844,-0.3213574956846987,-0.9341749159037972,-0.12644514495228035,-0.6702748213784163,-0.48094681073034234,-0.8461823061976493,-0.7432961707267495,-0.3056329538763202,-0.9458404756546941,-0.05938911826869258,-0.6530905180129339,-0.5367158404341442,-0.7994514706801558,-1.6191775316583727,0.5510811662142671,0.06999033847010913,1.2329980667035436,-0.7593316135426476,-1.1296893041387905,-0.8699977730111607,-0.24716870518376147,-0.393958627608349,-0.7442169611837398,-0.49224792627125025,-0.527270478734463,0.045055712040526594,-0.7532673004265251,-1.3025667919050503,0.39950008551410265,-0.29935284912300464,0.640928866725324,-0.7129266562837424,-1.0610458548757251
5891,-0.34477471870961085,-0.4124226668467344,-0.3213574956846987,-0.5639887429506336,0.050508391234381944,-0.1704513017801087,-0.22279929339796556,-0.37053141842904064,-0.4501102275211775,-0.3056329538763202,-0.589898510825007,0.06692193185944316,-0.20590624986901185,-0.27266611433158755,0.6645638723618148,0.14908897213202874,0.5510811662142671,0.7805807675479096,0.5976083133972044,-0.1373908385550097,-0.32942901666641616,-0.06510579360944473,-0.24716870518376147,-0.393958627608349,-0.43011693255120736,0.11765926042581104,0.18270239720967668,0.045055712040526594,-0.08714011657094316,-0.08913956290356309,0.39950008551410265,0.35339834269515996,0.01015914019113761,-0.30895496569930236,-0.2979504340757656
2614,-0.2965228371190151,1.896861874670466,-0.7947693078449056,0.1763836029556933,-1.6128548489202437,0.10217970890987725,2.057503776371363,-0.31174719638663684,1.9299452554874603,-0.6549940881947908,0.31995611359547393,-1.6650692791745383,0.01219045341884483,2.022565237950023,0.8805661360893183,1.2782230046728869,-2.7421385431905994,-2.5552465245117633,-0.6731711932154734,2.4625255159015094,2.553436356276234,-0.06510579360944473,1.5582936798709563,-0.393958627608349,0.19808312471385886,-1.1021551129683116,0.18270239720967668,1.4437852613875417,0.13490227804758417,-0.4936153059040588,-2.7512429675337047,-2.9828855265976806,0.640928866725324,1.8455607174177113,1.3554229776574795
2228,-1.2615604689309292,-0.6048630453065011,-0.3213574956846987,-1.0648288592990314,-0.48035221732560496,-1.033782835631731,-0.3948976382862167,-1.1530336371011551,-0.5984604181023949,-0.3056329538763202,-1.0181754283523323,-0.38989377429885436,-0.9415774973662154,-0.4062735675469233,-0.679450213053765,-0.4687390834091959,0.5510811662142671,0.3611350281617074,-0.1821882020242116,-0.7083528614944806,-0.6090380327712217,-1.6748897524128765,-0.24716870518376147,-0.393958627608349,-1.058316989816273,-1.1021551129683116,-1.2372433546786028,0.045055712040526594,-0.7532673004265251,-0.8980910489045545,0.39950008551410265,-0.154297028718968,0.2204157157025331,-0.7129266562837424,-0.8066807146090719
4842,0.041240334015154784,-0.9416337076110928,2.8031604645726667,1.5264743513731136,0.7229318287436987,-1.306413846321717,-2.1158810871687286,-0.03512962201731603,-0.9125886553590835,2.6604879692235563,1.3664549476598373,0.6549707745033045,-1.2730300561106807,-1.9771444923430235,0.9285666391398748,0.9160479376314796,-1.9121400798446575,-1.7114203899818752,-0.12442549717818072,1.8507804913235049,1.7917428296459013,-0.06510579360944473,-1.1498998977111203,3.100391866162211,2.0826832965090563,0.7275664471228724,-1.9472162306227425,-2.752403386653503,1.6891990403772754,1.326525537598172,-1.9110448200542893,-0.9521040409411686,0.2204157157025331,2.2495324080021515,1.9913358283241125
5245,-0.39302660030020653,2.233632536975058,0.43610140377163226,1.1345125211874107,-1.9313712140562358,-0.5793978178150877,1.799356259038986,-0.42619121461605547,2.3119460664886033,0.31397936612575733,1.107515819334884,-2.032885617201562,-0.5470244567381223,1.945852319807194,0.23255934490680724,-0.29830375774265105,-0.600207024878491,-0.6850119924250533,0.6842523706662508,0.555920189300062,0.2972808470167685,-0.06510579360944473,1.5582936798709563,0.770824870315171,1.1403832106114569,-1.1021551129683116,-0.527270478734463,0.744420486714034,-0.3091825111894705,0.9220497945976762,0.39950008551410265,0.6435099835032333,-1.2513803128772354,-0.4436121958941157,0.33796241659086723
2523,-1.2615604689309292,-0.6048630453065011,-0.3213574956846987,-1.0648288592990314,-0.48035221732560496,-1.033782835631731,-0.3948976382862167,-1.1530336371011551,-0.5984604181023949,-0.3056329538763202,-1.0181754283523323,-0.38989377429885436,-0.9415774973662154,-0.4062735675469233,-0.679450213053765,-0.4687390834091959,0.5510811662142671,0.3611350281617074,-0.1821882020242116,-0.7083528614944806,-0.6090380327712217,-1.6748897524128765,-0.24716870518376147,-0.393958627608349,-1.058316989816273,-1.1021551129683116,-1.2372433546786028,0.045055712040526594,-0.7532673004265251,-0.8980910489045545,0.39950008551410265,-0.154297028718968,0.2204157157025331,-0.7129266562837424,-0.8066807146090719
6442,0.041240334015154784,-0.12376209915708435,-0.3213574956846987,-0.25912954169508734,0.12128980570904686,0.1930567124732059,0.03534822393441121,-0.03512962201731603,-0.13780871701584468,-0.3056329538763202,-0.28919213676284894,0.07727889836728132,0.10942251481837402,0.00859951323817466,0.9285666391398748,0.5325684548817536,0.5510811662142671,0.9236857845149661,0.3954388464360971,-0.02523758404904233,-0.15587859287722683,-0.06510579360944473,-0.24716870518376147,-0.393958627608349,-0.43011693255120736,0.11765926042581104,0.18270239720967668,0.045055712040526594,1.6891990403772754,1.124287666097924,0.39950008551410265,1.368789085523416,0.4306722912139286,0.7683028758592045,0.4651449867241938
3956,-0.44127848189080227,-0.6048630453065011,-0.037310408388574585,-0.4986617712530166,0.12128980570904686,-0.39764381068843035,-0.5239713969524051,-0.5194565462508922,-0.5984604181023949,-0.036030889387471135,-0.5443235217812684,0.0695423691686553,-0.4715749454522461,-0.5233411830565147,-0.6314497100032085,-0.4687390834091959,-2.8090739031378527,-3.344791445709318,-0.12442549717818072,1.8711719921427719,1.8110262100669225,-0.06510579360944473,-0.24716870518376147,0.770824870315171,0.5121831533463913,0.11765926042581104,-0.527270478734463,-0.6543090626329808,-0.5312249058079979,-0.8980910489045545,-2.7512429675337047,-3.345525077607771,0.4306722912139286,1.4415890268332714,1.1010578373908264
5400,0.4272553867399204,-0.5567529506915594,-0.3213574956846987,-0.2809051989276263,0.7229318287436987,0.5565647267265206,-0.3518730520641539,0.38954312339944436,-0.5412903678464469,-0.3056329538763202,-0.28470391657160177,0.6860730360860433,0.5086795660366801,-0.3547849595110058,-0.7514509676295996,-0.2769993420343334,0.5510811662142671,0.39074296270661574,-0.5287644311003962,-0.7389401127233811,-0.522262820876627,0.7397861857922712,-0.24716870518376147,-0.393958627608349,-0.11601690391867427,0.7275664471228724,0.8926752731538163,0.045055712040526594,-0.5312249058079979,-0.6958531774043066,0.39950008551410265,-0.009241208314931339,0.2204157157025331,-0.5782694260889291,-0.6794981444757453
6763,0.041240334015154784,-0.4124226668467344,-0.3213574956846987,-0.38978348509032146,0.33363404913304157,0.1930567124732059,-0.22279929339796556,-0.03512962201731603,-0.4501102275211775,-0.3056329538763202,-0.43627439649357486,0.31013733544779026,0.10942251481837402,-0.27266611433158755,0.9285666391398748,0.14908897213202874,0.5510811662142671,0.834861980880241,0.9153031900503736,-0.02523758404904233,-0.32942901666641616,-0.06510579360944473,-0.24716870518376147,-0.393958627608349,-0.43011693255120736,0.11765926042581104,0.18270239720967668,0.045055712040526594,1.6891990403772754,-0.08913956290356309,0.39950008551410265,0.9336216243113059,1.6922117442823015,0.7683028758592045,-0.2979504340757656
1902,-0.48953036348139795,1.4638710231359908,-0.3213574956846987,0.21993491742077162,-1.4359013127335813,-0.3067668071251017,1.4551595692624837,-0.5381883407979545,1.466659585424246,-0.3056329538763202,0.23603602927224418,-1.4838369232724233,-0.36352928822919184,1.453619049875661,-1.0634542374582163,-1.4061333745751916,0.5510811662142671,0.06505568271262387,0.6264896658202196,-0.8714848680486154,-1.0332724020336852,-0.06510579360944473,1.5582936798709563,-0.393958627608349,0.19808312471385886,-1.1021551129683116,0.18270239720967668,1.4437852613875417,-0.7532673004265251,-1.1003289204048023,0.39950008551410265,-0.22682493892098599,0.4306722912139286,-0.7129266562837424,-0.9338632847423984
5703,1.1027817290082602,0.3573388469923324,0.43610140377163226,0.9603072633270984,0.5459782925570363,0.8291957374165065,0.1213973963785368,1.1539578891354345,0.29545268189896645,0.31397936612575733,0.881579147692606,0.6164927999152463,0.9385563309574424,0.12975390776575357,2.0085779577773946,0.8521346905065258,-0.600207024878491,-0.05337605546700955,1.2618794191265588,1.3104057196129344,0.8179321183843374,0.7397861857922712,0.6555624873435975,0.770824870315171,1.1403832106114569,0.11765926042581104,0.18270239720967668,0.045055712040526594,2.5773686188513847,-0.4936153059040588,0.39950008551410265,1.0786774447153427,2.9537511973506745,1.306931796638458,-0.5523155743424187
6871,0.041240334015154784,-0.31620247761685105,-0.3213574956846987,-0.34623217062524353,0.2628526346583767,0.1930567124732059,-0.13675012095383995,-0.03512962201731603,-0.3971444863765875,-0.3056329538763202,-0.41132952548333407,0.27064498819086136,0.10942251481837402,-0.22496399979930354,0.9285666391398748,0.3195242977985731,0.5510811662142671,0.8743392269401177,0.6842523706662508,-0.02523758404904233,-0.25229549498233206,-0.06510579360944473,-0.24716870518376147,-0.393958627608349,-0.43011693255120736,0.11765926042581104,0.18270239720967668,0.045055712040526594,1.6891990403772754,0.3153361800969326,0.39950008551410265,1.0786774447153427,1.2716985932595104,0.7683028758592045,-0.04358529380911249
6484,0.041240334015154784,0.8384397931417491,-0.3213574956846987,0.1763836029556933,-0.5865243390376024,0.1930567124732059,0.8958399483756672,-0.03512962201731603,0.8841675269480189,-0.3056329538763202,0.19212021779509744,-0.6847276334543781,0.10942251481837402,0.9290138562708707,0.9285666391398748,0.7243081962566171,0.5510811662142671,0.9680976863323281,0.13550667462895755,-0.02523758404904233,-0.06910338098263172,-0.06510579360944473,0.6555624873435975,-0.393958627608349,-0.11601690391867427,-0.49224792627125025,0.18270239720967668,0.744420486714034,1.6891990403772754,1.5287634090984197,0.39950008551410265,1.513844905927452,0.01015914019113761,0.7683028758592045,0.7195101269908469
3870,-0.8755454162061636,-0.6048630453065011,-0.3213574956846987,-0.8906236014387191,-0.19722655942694528,-0.6702748213784163,-0.3948976382862167,-0.8461823061976493,-0.5984604181023949,-0.3056329538763202,-0.8776282862505487,-0.16738163785309762,-0.6530905180129339,-0.4062735675469233,-0.7994514706801558,-0.4687390834091959,0.5510811662142671,0.3364617493742843,-0.32659496413928846,-0.7593316135426476,-0.6090380327712217,-0.8699977730111607,-0.24716870518376147,-0.393958627608349,-0.7442169611837398,-0.49224792627125025,-0.527270478734463,0.045055712040526594,-0.7532673004265251,-0.8980910489045545,0.39950008551410265,-0.154297028718968,0.2204157157025331,-0.7129266562837424,-0.8066807146090719
4482,-0.8755454162061636,0.3092287523773907,-0.3213574956846987,-0.47688611402047765,-0.869649996936262,-0.6702748213784163,0.4225694999329764,-0.8461823061976493,0.23904279155665106,-0.3056329538763202,-0.4831957892412677,-0.7918412766667405,-0.6530905180129339,0.34800029259317783,-0.7994514706801558,-0.34091258915928724,0.5510811662142671,0.36606968391919265,-0.499883078677381,-0.7593316135426476,-0.5511878915081585,-0.8699977730111607,0.6555624873435975,-0.393958627608349,-0.43011693255120736,-1.1021551129683116,-0.527270478734463,0.744420486714034,-0.7532673004265251,-0.6958531774043066,0.39950008551410265,-0.08176911851694935,0.01015914019113761,-0.7129266562837424,-0.6794981444757453
6479,0.041240334015154784,-0.9897438022260345,-0.3213574956846987,-0.6510913718807899,0.758322535981031,0.1930567124732059,-0.7390943280627191,-0.03512962201731603,-0.9662956267991046,-0.3056329538763202,-0.6793782958085551,0.695015798331767,0.10942251481837402,-0.7375540683966553,0.9285666391398748,0.298219882090255,0.5510811662142671,0.8694045711826336,0.7131337230892663,-0.02523758404904233,-0.2619371851928426,-0.06510579360944473,-1.1498998977111203,-0.393958627608349,-0.7442169611837398,0.7275664471228724,0.18270239720967668,-0.6543090626329808,1.6891990403772754,1.124287666097924,0.39950008551410265,1.368789085523416,0.4306722912139286,0.7683028758592045,0.4651449867241938
1606,-0.48953036348139795,1.896861874670466,-0.3213574956846987,0.4159158325136226,-1.7544176778695735,-0.3067668071251017,1.8423808452610488,-0.5381883407979545,1.9299452554874603,-0.3056329538763202,0.45422614671196687,-1.8292722587536918,-0.36352928822919184,1.8708643412082584,-1.0634542374582163,1.2782230046728869,0.5510811662142671,0.6868223081556992,-3.0125607394797216,-0.8714848680486154,0.181580564490642,-0.06510579360944473,1.5582936798709563,-0.393958627608349,0.19808312471385886,-1.1021551129683116,0.18270239720967668,1.4437852613875417,-0.7532673004265251,-0.4936153059040588,0.39950008551410265,-0.009241208314931339,-0.20009743532025787,-0.7129266562837424,-0.5523155743424187
3226,0.6202629131023032,-1.374624559145568,-0.9841340327089884,-1.0212775448339535,1.4661366807276803,1.0563882463248282,-0.7821189142847819,0.5486209335776193,-1.26520508324871,-0.8838182261859971,-0.9466413429814667,1.341193455187187,0.927718095557795,-0.7556967480615214,2.152579466929064,1.6830069031309305,-1.1089157604776165,-0.39386730273345505,0.30879478916705144,1.7590187376368043,1.5603422645936482,0.7397861857922712,-2.0526310902384792,-1.558742125531869,-1.6865170470813384,1.9473808205169951,1.6026481490979558,-0.6543090626329808,0.3569446726661115,1.124287666097924,-2.7512429675337047,-2.330134334779516,-0.8308671618544443,1.9802179476125248,2.3728835387240923
5839,-0.34477471870961085,-0.4605327614616761,-0.3213574956846987,-0.5857644001831728,0.0858990984717144,-0.1704513017801087,-0.26582387962002835,-0.37053141842904064,-0.466974973961211,-0.3056329538763202,-0.5978411717880364,0.07949663408048228,-0.20590624986901185,-0.2878548768950012,0.6645638723618148,-0.44743466770087775,0.5510811662142671,0.6424104063383361,1.406286181241636,-0.1373908385550097,-0.5993963425607112,-0.06510579360944473,-0.24716870518376147,-0.393958627608349,-0.43011693255120736,0.11765926042581104,0.18270239720967668,0.045055712040526594,-0.08714011657094316,-0.2913774344038109,0.39950008551410265,0.280870432493142,0.2204157157025331,-0.30895496569930236,-0.42513300420909217
1795,-0.48953036348139795,1.0789902662164574,-0.3213574956846987,0.0457296595604592,-1.1527756548349215,-0.3067668071251017,1.1109628794859812,-0.5381883407979545,1.094391722123531,-0.3056329538763202,0.060711873872544,-1.2062663387330166,-0.36352928822919184,1.1183464025358973,-1.0634542374582163,-1.4061333745751916,0.5510811662142671,0.06505568271262387,0.6264896658202196,-0.8714848680486154,-1.0332724020336852,-0.06510579360944473,1.5582936798709563,-0.393958627608349,0.19808312471385886,-1.1021551129683116,0.18270239720967668,1.4437852613875417,-0.7532673004265251,-1.1003289204048023,0.39950008551410265,-0.22682493892098599,0.4306722912139286,-0.7129266562837424,-0.9338632847423984
4937,1.5370486633236216,1.896861874670466,-0.3213574956846987,1.330493436280262,-0.2680079739016102,1.6016502677048001,1.8423808452610488,1.4866446556138297,1.9299452554874603,-0.3056329538763202,1.3816605822776376,-0.36097191066384754,1.5401220764552292,1.8708643412082584,-0.319446440174592,1.2782230046728869,0.5510811662142671,0.8397966366377252,-2.1172388143662437,-0.5554166053499796,0.181580564490642,1.5446781651939872,1.5582936798709563,-0.393958627608349,0.8262831819789244,0.11765926042581104,1.6026481490979558,1.4437852613875417,-0.3091825111894705,-0.4936153059040588,0.39950008551410265,0.1358146120891053,0.2204157157025331,-0.4436121958941157,-0.5523155743424187
6033,-0.34477471870961085,-0.9416337076110928,-0.3213574956846987,-0.8035209725085631,0.439806170845039,-0.1704513017801087,-0.6960697418406563,-0.37053141842904064,-0.9125886553590835,-0.3056329538763202,-0.8077084475526464,0.41175537091495745,-0.20590624986901185,-0.6891843855138988,0.6645638723618148,0.9160479376314796,0.5510811662142671,0.9582283748173586,-0.44212037383134983,-0.1373908385550097,0.017671830911962963,-0.06510579360944473,-1.1498998977111203,-0.393958627608349,-0.7442169611837398,0.7275664471228724,0.18270239720967668,-0.6543090626329808,-0.08714011657094316,1.326525537598172,0.39950008551410265,0.8610937141092879,-1.4616368883886308,-0.30895496569930236,0.5923275568575204
3509,-0.8755454162061636,1.8006416854405827,-0.3213574956846987,0.19815926018823227,-1.966761921293568,-0.6702748213784163,1.7563316728169232,-0.8461823061976493,1.8304624879254758,-0.3056329538763202,0.26630300358610726,-1.9784365724626436,-0.6530905180129339,1.7812679668409928,-0.7994514706801558,-0.98004506040883,0.5510811662142671,0.2180300111946509,0.36655749401308135,-0.7593316135426476,-0.8404385978234743,-0.8699977730111607,1.5582936798709563,-0.393958627608349,-0.11601690391867427,-1.712062299665373,-0.527270478734463,1.4437852613875417,-0.7532673004265251,-0.8980910489045545,0.39950008551410265,-0.154297028718968,0.2204157157025331,-0.7129266562837424,-0.8066807146090719
5832,-0.34477471870961085,-0.4605327614616761,-0.3213574956846987,-0.5857644001831728,0.0858990984717144,-0.1704513017801087,-0.26582387962002835,-0.37053141842904064,-0.466974973961211,-0.3056329538763202,-0.5978411717880364,0.07949663408048228,-0.20590624986901185,-0.2878548768950012,0.6645638723618148,-0.44743466770087775,0.5510811662142671,0.6424104063383361,1.406286181241636,-0.1373908385550097,-0.5993963425607112,-0.06510579360944473,-0.24716870518376147,-0.393958627608349,-0.43011693255120736,0.11765926042581104,0.18270239720967668,0.045055712040526594,-0.08714011657094316,-0.2913774344038109,0.39950008551410265,0.280870432493142,0.2204157157025331,-0.30895496569930236,-0.42513300420909217
2641,-1.2615604689309292,1.0789902662164574,-0.3213574956846987,-0.3026808561601652,-1.719026970632241,-1.033782835631731,1.1109628794859812,-1.1530336371011551,1.094391722123531,-0.3056329538763202,-0.22090577130988406,-1.6521191889103937,-0.9415774973662154,1.1183464025358973,-0.679450213053765,-1.4061333745751916,0.5510811662142671,0.14401017483237946,1.0885913045884663,-0.7083528614944806,-1.0332724020336852,-1.6748897524128765,1.5582936798709563,-0.393958627608349,-0.43011693255120736,-2.321969486362434,-1.2372433546786028,1.4437852613875417,-0.7532673004265251,-1.1003289204048023,0.39950008551410265,-0.22682493892098599,0.4306722912139286,-0.7129266562837424,-0.9338632847423984
6215,-0.2965228371190151,-0.2199822883869677,-0.3213574956846987,-0.4551104567879385,-0.055663730477615435,-0.1250127999984444,-0.05070094850971438,-0.31174719638663684,-0.2722685099580334,-0.3056329538763202,-0.4792168115331473,-0.023053348130670823,-0.15064012929944354,-0.11249794153746981,0.8805661360893183,-0.2343905106176972,0.5510811662142671,0.7361688657305454,1.3774048288186205,-0.04562908486830917,-0.5029794404556059,-0.06510579360944473,-0.24716870518376147,-0.393958627608349,-0.43011693255120736,0.11765926042581104,0.18270239720967668,0.045055712040526594,0.13490227804758417,0.7198119230974284,0.39950008551410265,0.7160378937052513,-0.6206105863430489,-0.174297735504489,0.21077984645754064
5018,0.3790035051493247,-0.6048630453065011,-0.3213574956846987,-0.3244565133927042,0.7229318287436987,0.5111262249448562,-0.3948976382862167,0.3483932119733062,-0.5984604181023949,-0.3056329538763202,-0.33047675652007386,0.6988604928600446,0.4699923828557319,-0.4062735675469233,-1.0634542374582163,-0.4687390834091959,0.5510811662142671,0.28218053604195176,-0.6442898407924582,-0.8714848680486154,-0.6090380327712217,0.7397861857922712,-0.24716870518376147,-0.393958627608349,-0.11601690391867427,0.7275664471228724,0.8926752731538163,0.045055712040526594,-0.7532673004265251,-0.8980910489045545,0.39950008551410265,-0.154297028718968,0.2204157157025331,-0.7129266562837424,-0.8066807146090719
5749,-0.34477471870961085,-0.4124226668467344,-0.3213574956846987,-0.5639887429506336,0.050508391234381944,-0.1704513017801087,-0.22279929339796556,-0.37053141842904064,-0.4501102275211775,-0.3056329538763202,-0.589898510825007,0.06692193185944316,-0.20590624986901185,-0.27266611433158755,0.6645638723618148,0.14908897213202874,0.5510811662142671,0.7805807675479096,0.5976083133972044,-0.1373908385550097,-0.32942901666641616,-0.06510579360944473,-0.24716870518376147,-0.393958627608349,-0.43011693255120736,0.11765926042581104,0.18270239720967668,0.045055712040526594,-0.08714011657094316,-0.08913956290356309,0.39950008551410265,0.35339834269515996,0.01015914019113761,-0.30895496569930236,-0.2979504340757656
6928,0.041240334015154784,-0.9897438022260345,-0.9841340327089884,-1.1083801737641095,0.758322535981031,0.5111262249448562,-0.43792222450827956,-0.03512962201731603,-0.9662956267991046,-0.8838182261859971,-1.0732415551350436,0.695015798331767,0.37890367789330015,-0.4864922997103209,0.9285666391398748,0.298219882090255,-1.1089157604776165,-0.9662873706016821,0.7131337230892663,1.2390354667455001,0.9336324009104635,-0.06510579360944473,-1.1498998977111203,-1.558742125531869,-1.6865170470813384,0.7275664471228724,0.8926752731538163,0.045055712040526594,1.6891990403772754,1.124287666097924,-2.7512429675337047,-1.8949668735674061,0.4306722912139286,2.788161328781405,2.3728835387240923
5606,2.11607124241077,1.8487517800555244,-0.4160398581167401,1.5046986941405742,0.19207122018371178,2.1923507908664366,1.8423808452610488,2.1739655727950575,1.8761665448853355,-0.38248669541526925,1.618793265875154,0.17753488875306034,2.2221284738399594,1.855801767183323,0.5685628662607018,-0.5539567462424683,0.015598286636240124,0.005839813622808252,1.4351675336646514,0.2296561761917929,-0.2619371851928426,1.5446781651939872,1.5582936798709563,-0.393958627608349,0.8262831819789244,0.11765926042581104,1.6026481490979558,1.4437852613875417,0.13490227804758417,-0.6958531774043066,0.18945054864424885,-0.009241208314931339,0.8511854422367195,-0.03964050530967563,-0.5523155743424187
217,1.2957892553706432,-1.0859639914559178,-0.3213574956846987,-0.12847559829985322,1.7492623386263402,1.3744577587964784,-0.8251435005068447,1.3399374395685006,-1.0365936833912697,-0.3056329538763202,-0.08266394794297915,1.7445563996618594,1.402194952327632,-0.8008660484518793,-0.8954524767812687,-0.9587406447005118,0.5510811662142671,0.20322604392219618,0.22215073189800416,-0.8001146151811812,-0.830796907612964,1.5446781651939872,-1.1498998977111203,-0.393958627608349,-0.11601690391867427,1.9473808205169951,1.6026481490979558,-0.6543090626329808,-0.5312249058079979,-1.3025667919050503,0.39950008551410265,-0.22682493892098599,0.8511854422367195,-0.5782694260889291,-1.0610458548757251
263,1.2957892553706432,-1.1340740860708596,-0.3213574956846987,-0.15025125553239216,1.7846530458636725,1.3744577587964784,-0.8681680867289074,1.3399374395685006,-1.0610502800283053,-0.3056329538763202,-0.09418208467205746,1.762791741719583,1.402194952327632,-0.8228921987263556,-0.8954524767812687,-1.768308441616599,0.5510811662142671,0.015709125137776607,1.3196421239725897,-0.8001146151811812,-1.1971811356123643,1.5446781651939872,-1.1498998977111203,-0.393958627608349,-0.11601690391867427,1.9473808205169951,1.6026481490979558,-0.6543090626329808,-0.5312249058079979,-1.504804663405298,0.39950008551410265,-0.29935284912300464,1.061442017748115,-0.5782694260889291,-1.1882284250090518
3532,-0.8755454162061636,-0.6048630453065011,-0.7947693078449056,-1.2172584599268046,-0.19722655942694528,-0.44308231247009466,-0.17977470717590277,-0.8461823061976493,-0.5984604181023949,-0.6549940881947908,-1.1156151766723663,-0.16738163785309762,-0.49025993529464557,-0.25457267080515883,-0.7994514706801558,-0.4687390834091959,-2.7421385431905994,-3.30531419964944,-0.32659496413928846,1.7488229872271708,1.7628177590143699,-0.8699977730111607,-0.24716870518376147,-0.393958627608349,-0.7442169611837398,-0.49224792627125025,-0.527270478734463,0.045055712040526594,-0.7532673004265251,-0.8980910489045545,-2.7512429675337047,-3.41805298780979,0.2204157157025331,1.306931796638458,1.1010578373908264
5330,1.0062779658270689,-0.9416337076110928,0.43610140377163226,0.3288132035834668,1.430745973490348,0.7383187338531778,-1.0402664316171586,0.9839817193657259,-0.9125886553590835,0.31397936612575733,0.23478293570985373,1.3939756899441027,0.778752846858089,-0.9582347615951593,1.6725744364234993,0.9160479376314796,-0.600207024878491,-0.10765726879934098,0.7708964279352971,1.1676652138780665,0.8468571890158688,0.7397861857922712,-1.1498998977111203,0.770824870315171,0.5121831533463913,1.3374736338199338,0.18270239720967668,-1.3536738373064883,2.13328382961433,1.326525537598172,0.39950008551410265,1.5863728161294706,0.640928866725324,1.0376173362488312,0.5923275568575204
5865,-0.34477471870961085,0.8384397931417491,-0.3213574956846987,0.0021783450953812883,-0.869649996936262,-0.1704513017801087,0.8958399483756672,-0.37053141842904064,0.8841675269480189,-0.3056329538763202,0.038496103463665235,-0.9279430370427252,-0.20590624986901185,0.9290138562708707,0.6645638723618148,0.7243081962566171,0.5510811662142671,0.9138164729999966,-0.1821882020242116,-0.1373908385550097,-0.06910338098263172,-0.06510579360944473,0.6555624873435975,-0.393958627608349,-0.11601690391867427,-0.49224792627125025,0.18270239720967668,0.744420486714034,-0.08714011657094316,1.5287634090984197,0.39950008551410265,0.9336216243113059,-1.6718934639000262,-0.30895496569930236,0.7195101269908469
4118,-0.8755454162061636,-0.6529731399214428,-0.3213574956846987,-0.9123992586712583,-0.1618358521896128,-0.6702748213784163,-0.43792222450827956,-0.8461823061976493,-0.6525918369540739,-0.3056329538763202,-0.9031221475970802,-0.12702013729437037,-0.6530905180129339,-0.4550255171289896,-0.7994514706801558,-0.8522185661589213,0.5510811662142671,0.24763794573955816,0.19326937947498873,-0.7593316135426476,-0.7825884565604115,-0.8699977730111607,-0.24716870518376147,-0.393958627608349,-0.7442169611837398,-0.49224792627125025,-0.527270478734463,0.045055712040526594,-0.7532673004265251,-1.1003289204048023,0.39950008551410265,-0.22682493892098599,0.4306722912139286,-0.7129266562837424,-0.9338632847423984
6584,0.041240334015154784,0.8384397931417491,-0.3213574956846987,0.1763836029556933,-0.5865243390376024,0.1930567124732059,0.8958399483756672,-0.03512962201731603,0.8841675269480189,-0.3056329538763202,0.19212021779509744,-0.6847276334543781,0.10942251481837402,0.9290138562708707,0.9285666391398748,0.7243081962566171,0.5510811662142671,0.9680976863323281,0.13550667462895755,-0.02523758404904233,-0.06910338098263172,-0.06510579360944473,0.6555624873435975,-0.393958627608349,-0.11601690391867427,-0.49224792627125025,0.18270239720967668,0.744420486714034,1.6891990403772754,1.5287634090984197,0.39950008551410265,1.513844905927452,0.01015914019113761,0.7683028758592045,0.7195101269908469
6116,2.502086295135536,0.7903296985268075,0.43610140377163226,1.7877822381635817,1.2537924373036857,2.146912289084772,0.508618672377102,2.622049141810179,0.7755732535719463,0.31397936612575733,1.7801278359825496,1.323086094733055,2.3187856741122106,0.5621610827494548,0.8565658845640406,0.6177861177150261,-0.600207024878491,-0.3445207451586078,0.1932693794749897,0.8210096999505306,0.7118735260687212,1.5446781651939872,0.6555624873435975,0.770824870315171,1.45448323924399,0.7275664471228724,0.8926752731538163,0.045055712040526594,1.911241434995803,1.326525537598172,0.39950008551410265,1.513844905927452,0.4306722912139286,0.9029601060540179,0.5923275568575204
4772,-0.8755454162061636,0.21300856314750738,-0.3213574956846987,-0.5204374284855555,-0.7988685824615971,-0.6702748213784163,0.3365203274888508,-0.8461823061976493,0.16465329695576397,-0.3056329538763202,-0.518230441966517,-0.7363749376793224,-0.6530905180129339,0.2810034732385092,-0.7994514706801558,-1.1504803860753747,0.5510811662142671,0.17855276513477308,0.5976083133972048,-0.7593316135426476,-0.9175721195075587,-0.8699977730111607,0.6555624873435975,-0.393958627608349,-0.43011693255120736,-1.1021551129683116,-0.527270478734463,0.744420486714034,-0.7532673004265251,-1.1003289204048023,0.39950008551410265,-0.22682493892098599,0.4306722912139286,-0.7129266562837424,-0.9338632847423984
5766,-0.34477471870961085,-0.6048630453065011,-0.3213574956846987,-0.6510913718807899,0.19207122018371178,-0.1704513017801087,-0.3948976382862167,-0.37053141842904064,-0.5984604181023949,-0.3056329538763202,-0.6597658682606565,0.17753488875306034,-0.20590624986901185,-0.4062735675469233,0.6645638723618148,-0.4687390834091959,0.5510811662142671,0.637475750580852,1.4351675336646514,-0.1373908385550097,-0.6090380327712217,-0.06510579360944473,-0.24716870518376147,-0.393958627608349,-0.43011693255120736,0.11765926042581104,0.18270239720967668,0.045055712040526594,-0.08714011657094316,-0.8980910489045545,0.39950008551410265,0.06328670188708667,0.8511854422367195,-0.30895496569930236,-0.8066807146090719
3429,0.5720110315117075,-0.2199822883869677,-0.037310408388574585,0.1328322884906154,0.5813689997943688,0.5565647267265206,-0.17977470717590277,0.49061833423714873,-0.2722685099580334,-0.036030889387471135,0.0719452789635898,0.5587791239783562,0.47804925964613443,-0.22956555704706122,0.8085653815134842,-0.2343905106176972,-2.8090739031378527,-2.994430886927903,1.2907607715495748,2.4829170167207764,1.9170848023825382,0.7397861857922712,-0.24716870518376147,0.770824870315171,0.8262831819789244,0.7275664471228724,0.18270239720967668,-0.6543090626329808,0.13490227804758417,0.7198119230974284,-2.7512429675337047,-2.5477180653855704,-0.6206105863430489,1.8455607174177113,2.118518398457439
3639,-0.8755454162061636,-0.6048630453065011,-0.3213574956846987,-0.8906236014387191,-0.19722655942694528,-0.6702748213784163,-0.3948976382862167,-0.8461823061976493,-0.5984604181023949,-0.3056329538763202,-0.8776282862505487,-0.16738163785309762,-0.6530905180129339,-0.4062735675469233,-0.7994514706801558,-0.4687390834091959,0.5510811662142671,0.3364617493742843,-0.32659496413928846,-0.7593316135426476,-0.6090380327712217,-0.8699977730111607,-0.24716870518376147,-0.393958627608349,-0.7442169611837398,-0.49224792627125025,-0.527270478734463,0.045055712040526594,-0.7532673004265251,-0.8980910489045545,0.39950008551410265,-0.154297028718968,0.2204157157025331,-0.7129266562837424,-0.8066807146090719
1079,-0.00701154757544092,-0.9897438022260345,0.43610140377163226,-0.15025125553239216,0.7229318287436987,-0.21588980356177304,-1.0832910178392214,-0.07075004994543396,-0.9662956267991046,0.31397936612575733,-0.2736099120091198,0.6691857734266767,-0.21285563422815798,-1.0066044444779159,1.52857292727183,0.298219882090255,-0.600207024878491,-0.28037022031130693,1.4351675336646514,1.106490711420266,0.5672481729110633,-0.06510579360944473,-1.1498998977111203,0.770824870315171,0.19808312471385886,0.7275664471228724,-0.527270478734463,-1.3536738373064883,1.4671566457587482,1.124287666097924,0.39950008551410265,1.2962611753213973,0.2204157157025331,0.6336456456643912,0.4651449867241938
185,1.2957892553706432,-0.07565200454214267,1.7616544778202117,1.7660065809310423,1.0060574866423584,0.37481071959986323,-0.8681680867289074,1.3399374395685006,-0.09538257075987763,1.5999788431542705,1.6587252017480079,1.0427700128604727,0.5140255228613309,-0.7806524365151898,-0.8954524767812687,0.894743521923162,-1.8452047198974042,-2.0173690469459284,-2.2905269289043364,1.024924708143199,1.7338926883828385,1.5446781651939872,-0.24716870518376147,1.935608368238691,2.0826832965090563,1.3374736338199338,0.18270239720967668,-1.3536738373064883,-0.5312249058079979,1.326525537598172,-0.44069806196531264,-0.154297028718968,-1.8821500394114217,-0.03964050530967563,1.1010578373908264
6646,0.041240334015154784,2.329852726204941,-0.3213574956846987,0.8514289771644032,-1.6836362633949085,0.1930567124732059,2.2296021212596138,-0.03512962201731603,2.3974287264435943,-0.3056329538763202,0.9048092996522202,-1.8130463445580784,0.10942251481837402,2.2918902645994375,0.9285666391398748,0.5538728705900723,0.5510811662142671,0.9286204402724503,0.366557494013081,-0.02523758404904233,-0.14623690266671607,-0.06510579360944473,1.5582936798709563,-0.393958627608349,0.19808312471385886,-1.1021551129683116,0.18270239720967668,1.4437852613875417,1.6891990403772754,1.326525537598172,0.39950008551410265,1.441316995725434,0.2204157157025331,0.7683028758592045,0.5923275568575204
5761,-1.0685529425685463,-1.2784043699156846,1.0041955783638805,-0.36800782785778247,0.15668051294637933,-1.488167853448374,-1.599586052503975,-1.0179379540030864,-1.1910355664310488,0.9234252555212876,-0.39813634749677007,0.14990660607545808,-1.3874076472294048,-1.4736460609249709,4.2646016011535455,3.5790999011712405,-1.9924625117813615,-0.4974950736406337,0.27991343674403535,3.3291643007203495,3.054804247222781,-1.6748897524128765,-2.0526310902384792,1.935608368238691,0.19808312471385886,0.11765926042581104,-2.6571891065668822,-2.752403386653503,2.3553262242328574,1.5287634090984197,-2.1210943569241434,-0.8795761307391506,0.640928866725324,2.788161328781405,2.2457009685907656
6080,-0.34477471870961085,-0.2199822883869677,-0.3213574956846987,-0.47688611402047765,-0.0910544377149479,-0.1704513017801087,-0.05070094850971438,-0.37053141842904064,-0.2722685099580334,-0.3056329538763202,-0.5061417539292244,-0.06568051483528677,-0.20590624986901185,-0.11249794153746981,0.6645638723618148,-0.2343905106176972,0.5510811662142671,0.6917569639131834,1.1174726570114824,-0.1373908385550097,-0.5029794404556059,-0.06510579360944473,-0.24716870518376147,-0.393958627608349,-0.43011693255120736,0.11765926042581104,0.18270239720967668,0.045055712040526594,-0.08714011657094316,0.7198119230974284,0.39950008551410265,0.6435099835032333,-0.8308671618544443,-0.30895496569930236,0.21077984645754064
5758,-0.34477471870961085,-0.4605327614616761,-0.3213574956846987,-0.5857644001831728,0.0858990984717144,-0.1704513017801087,-0.26582387962002835,-0.37053141842904064,-0.466974973961211,-0.3056329538763202,-0.5978411717880364,0.07949663408048228,-0.20590624986901185,-0.2878548768950012,0.6645638723618148,-0.44743466770087775,0.5510811662142671,0.6424104063383361,1.406286181241636,-0.1373908385550097,-0.5993963425607112,-0.06510579360944473,-0.24716870518376147,-0.393958627608349,-0.43011693255120736,0.11765926042581104,0.18270239720967668,0.045055712040526594,-0.08714011657094316,-0.2913774344038109,0.39950008551410265,0.280870432493142,0.2204157157025331,-0.30895496569930236,-0.42513300420909217
3098,-0.8272935346155679,-0.2199822883869677,-0.3213574956846987,-0.694642686345868,-0.4449615100882725,-0.624836319596752,-0.05070094850971438,-0.8210351880706466,-0.2722685099580334,-0.3056329538763202,-0.7124860351900384,-0.3923616993837209,-0.629448397489818,-0.11249794153746981,0.1125580872804161,-0.2343905106176972,0.5510811662142671,0.5782598814910352,0.45320155128212797,-0.3718930979765781,-0.5029794404556059,-0.8699977730111607,-0.24716870518376147,-0.393958627608349,-0.7442169611837398,-0.49224792627125025,-0.527270478734463,0.045055712040526594,-0.5312249058079979,0.7198119230974284,0.39950008551410265,0.4984541630991966,-1.2513803128772354,-0.5782694260889291,0.21077984645754064
2348,-1.2615604689309292,-0.4124226668467344,-0.3213574956846987,-0.9777262303688754,-0.6219150462749348,-1.033782835631731,-0.22279929339796556,-1.1530336371011551,-0.4501102275211775,-0.3056329538763202,-0.9483080709166828,-0.5005067311924716,-0.9415774973662154,-0.27266611433158755,-0.679450213053765,0.14908897213202874,0.5510811662142671,0.504240045128765,-1.0197474222916585,-0.7083528614944806,-0.32942901666641616,-1.6748897524128765,-0.24716870518376147,-0.393958627608349,-1.058316989816273,-1.1021551129683116,-1.2372433546786028,0.045055712040526594,-0.7532673004265251,-0.08913956290356309,0.39950008551410265,0.1358146120891053,-0.6206105863430489,-0.7129266562837424,-0.2979504340757656
5026,0.3790035051493247,-0.6048630453065011,-0.3213574956846987,-0.3244565133927042,0.7229318287436987,0.5111262249448562,-0.3948976382862167,0.3483932119733062,-0.5984604181023949,-0.3056329538763202,-0.33047675652007386,0.6988604928600446,0.4699923828557319,-0.4062735675469233,-1.0634542374582163,-0.4687390834091959,0.5510811662142671,0.28218053604195176,-0.6442898407924582,-0.8714848680486154,-0.6090380327712217,0.7397861857922712,-0.24716870518376147,-0.393958627608349,-0.11601690391867427,0.7275664471228724,0.8926752731538163,0.045055712040526594,-0.7532673004265251,-0.8980910489045545,0.39950008551410265,-0.154297028718968,0.2204157157025331,-0.7129266562837424,-0.8066807146090719
2080,1.3440411369612388,-0.6048630453065011,-0.3213574956846987,0.11105663125807645,1.430745973490348,1.4198962605781427,-0.3948976382862167,1.3701176740675325,-0.5984604181023949,-0.3056329538763202,0.1375037887817916,1.4397603033645998,1.430568968699545,-0.4062735675469233,-0.39144719475042616,-0.4687390834091959,0.5510811662142671,0.4203508972515241,0.1643880270519736,-0.5860038565788797,-0.6090380327712217,1.5446781651939872,-0.24716870518376147,-0.393958627608349,0.19808312471385886,1.3374736338199338,1.6026481490979558,0.045055712040526594,-0.3091825111894705,-0.8980910489045545,0.39950008551410265,-0.009241208314931339,0.640928866725324,-0.4436121958941157,-0.8066807146090719
2112,-1.2615604689309292,-0.6048630453065011,-0.3213574956846987,-1.0648288592990314,-0.48035221732560496,-1.033782835631731,-0.3948976382862167,-1.1530336371011551,-0.5984604181023949,-0.3056329538763202,-1.0181754283523323,-0.38989377429885436,-0.9415774973662154,-0.4062735675469233,-0.679450213053765,-0.4687390834091959,0.5510811662142671,0.3611350281617074,-0.1821882020242116,-0.7083528614944806,-0.6090380327712217,-1.6748897524128765,-0.24716870518376147,-0.393958627608349,-1.058316989816273,-1.1021551129683116,-1.2372433546786028,0.045055712040526594,-0.7532673004265251,-0.8980910489045545,0.39950008551410265,-0.154297028718968,0.2204157157025331,-0.7129266562837424,-0.8066807146090719
6964,0.5237591499211118,-0.2199822883869677,-0.3213574956846987,-0.08492428383477492,0.5459782925570363,0.6474417302898492,-0.05070094850971438,0.45845134790450964,-0.2722685099580334,-0.3056329538763202,-0.12644270450111553,0.5354533497970221,0.573463790636688,-0.11249794153746981,0.16055859033097256,-0.2343905106176972,0.5510811662142671,0.5881291930060047,0.5109642561281589,-0.3515015971573113,-0.5029794404556059,0.7397861857922712,-0.24716870518376147,-0.393958627608349,-0.11601690391867427,0.7275664471228724,0.8926752731538163,0.045055712040526594,-0.08714011657094316,0.7198119230974284,0.39950008551410265,0.6435099835032333,-0.8308671618544443,-0.30895496569930236,0.21077984645754064
3979,-0.8272935346155679,1.896861874670466,-0.037310408388574585,0.4594671469787009,-2.002152628530901,-0.7611518249417449,1.7133070865948603,-0.8210351880706466,1.9299452554874603,-0.036030889387471135,0.5083283162439346,-2.034377630427588,-0.7551047941248112,1.7537967256986675,0.1125580872804161,1.2782230046728869,-2.8090739031378527,-2.787175345113545,-1.5973744707519661,2.1872402548414076,2.6016448073287863,-0.8699977730111607,1.5582936798709563,0.770824870315171,0.8262831819789244,-1.712062299665373,-1.2372433546786028,0.744420486714034,-0.5312249058079979,-0.4936153059040588,-2.7512429675337047,-3.2004692572037343,0.01015914019113761,1.4415890268332714,1.3554229776574795
4574,-0.8755454162061636,0.6941095092969242,-0.3213574956846987,-0.3026808561601652,-1.1527756548349215,-0.6702748213784163,0.7667661897094787,-0.8461823061976493,0.6464873895690869,-0.3056329538763202,-0.29130471547163567,-1.0956403589592096,-0.6530905180129339,0.7149538829694894,-0.7994514706801558,0.04256689359043819,0.5510811662142671,0.45489348755391773,-1.0197474222916583,-0.7593316135426476,-0.3776374677189689,-0.8699977730111607,0.6555624873435975,-0.393958627608349,-0.43011693255120736,-1.1021551129683116,-0.527270478734463,0.744420486714034,-0.7532673004265251,0.9220497945976762,0.39950008551410265,0.4984541630991966,-1.6718934639000262,-0.7129266562837424,0.33796241659086723
393,1.2957892553706432,-0.6529731399214428,-0.3213574956846987,0.06750531679299815,1.430745973490348,1.3744577587964784,-0.43792222450827956,1.3399374395685006,-0.6525918369540739,-0.3056329538763202,0.09818647197130308,1.4582367156721525,1.402194952327632,-0.4550255171289896,-0.8954524767812687,-0.8522185661589213,0.5510811662142671,0.22789932270962035,0.077743969782927,-0.8001146151811812,-0.7825884565604115,1.5446781651939872,-0.24716870518376147,-0.393958627608349,0.19808312471385886,1.3374736338199338,1.6026481490979558,0.045055712040526594,-0.5312249058079979,-1.1003289204048023,0.39950008551410265,-0.154297028718968,0.640928866725324,-0.5782694260889291,-0.9338632847423984
4231,-0.8755454162061636,-1.0859639914559178,-0.3213574956846987,-1.1083801737641095,0.15668051294637933,-0.6702748213784163,-0.8251435005068447,-0.8461823061976493,-1.0365936833912697,-0.3056329538763202,-1.0839725675113625,0.1592995466953365,-0.6530905180129339,-0.8008660484518793,-0.7994514706801558,-0.9587406447005118,0.5510811662142671,0.22296466695213507,0.3376761415900659,-0.7593316135426476,-0.830796907612964,-0.8699977730111607,-1.1498998977111203,-0.393958627608349,-1.058316989816273,0.11765926042581104,-0.527270478734463,-0.6543090626329808,-0.7532673004265251,-1.3025667919050503,0.39950008551410265,-0.29935284912300464,0.640928866725324,-0.7129266562837424,-1.0610458548757251
169,1.2957892553706432,-0.6048630453065011,-0.3213574956846987,0.08928097402553711,1.3953552662530155,1.3744577587964784,-0.3948976382862167,1.3399374395685006,-0.5984604181023949,-0.3056329538763202,0.12368033331783447,1.4178752151134255,1.402194952327632,-0.4062735675469233,-0.8954524767812687,-0.4687390834091959,0.5510811662142671,0.3167231263443443,-0.44212037383135017,-0.8001146151811812,-0.6090380327712217,1.5446781651939872,-0.24716870518376147,-0.393958627608349,0.19808312471385886,1.3374736338199338,1.6026481490979558,0.045055712040526594,-0.5312249058079979,-0.8980910489045545,0.39950008551410265,-0.08176911851694935,0.4306722912139286,-0.5782694260889291,-0.8066807146090719
1718,-0.48953036348139795,-0.26809238300190935,-0.3213574956846987,-0.5639887429506336,-0.1618358521896128,-0.3067668071251017,-0.09372553473177717,-0.5381883407979545,-0.30691082696139377,-0.3056329538763202,-0.5992488965775821,-0.1614263028047341,-0.36352928822919184,-0.14369757620031404,-1.0634542374582163,0.298219882090255,0.5510811662142671,0.4598281433114008,-1.684018528021013,-0.8714848680486154,-0.2619371851928426,-0.06510579360944473,-0.24716870518376147,-0.393958627608349,-0.43011693255120736,0.11765926042581104,0.18270239720967668,0.045055712040526594,-0.7532673004265251,0.5175740515971805,0.39950008551410265,0.35339834269515996,-1.2513803128772354,-0.7129266562837424,0.08359727632421407
6865,0.041240334015154784,-0.31620247761685105,-0.3213574956846987,-0.34623217062524353,0.2628526346583767,0.1930567124732059,-0.13675012095383995,-0.03512962201731603,-0.3971444863765875,-0.3056329538763202,-0.41132952548333407,0.27064498819086136,0.10942251481837402,-0.22496399979930354,0.9285666391398748,0.3195242977985731,0.5510811662142671,0.8743392269401177,0.6842523706662508,-0.02523758404904233,-0.25229549498233206,-0.06510579360944473,-0.24716870518376147,-0.393958627608349,-0.43011693255120736,0.11765926042581104,0.18270239720967668,0.045055712040526594,1.6891990403772754,0.3153361800969326,0.39950008551410265,1.0786774447153427,1.2716985932595104,0.7683028758592045,-0.04358529380911249
2288,-1.2615604689309292,-0.9416337076110928,-0.3213574956846987,-1.2172584599268046,-0.23261726666427773,-1.033782835631731,-0.6960697418406563,-1.1530336371011551,-0.9125886553590835,-0.3056329538763202,-1.1661180076443223,-0.1556732921369573,-0.9415774973662154,-0.6891843855138988,-0.679450213053765,0.9160479376314796,0.5510811662142671,0.681887652398214,-2.059476109520213,-0.7083528614944806,0.017671830911962963,-1.6748897524128765,-1.1498998977111203,-0.393958627608349,-1.3724170184488054,-0.49224792627125025,-1.2372433546786028,-0.6543090626329808,-0.7532673004265251,1.326525537598172,0.39950008551410265,0.6435099835032333,-2.092406614922817,-0.7129266562837424,0.5923275568575204
5647,-0.00701154757544092,-0.8935236129961511,5.07553716294166,3.0943216721159237,0.6521504142690338,-2.442376390863325,-3.1054465702761727,-0.07075004994543396,-0.8922971831518304,5.206684013308283,3.0941801860730997,0.6140110100827122,-2.4932522511081827,-3.064488302266294,1.52857292727183,1.7469201502558853,-2.5814936793171914,-2.1358007851255607,-0.5287644311003968,2.6154617720460105,2.649853258381339,-0.06510579360944473,-1.1498998977111203,4.265175364085731,3.024983382406654,0.7275664471228724,-2.6571891065668822,-3.4517681613270104,1.4671566457587482,1.5287634090984197,-2.331143893793997,-1.3872715021532782,-0.20009743532025787,2.3841896381969647,2.3728835387240923
706,-0.44127848189080227,-1.0859639914559178,-0.3213574956846987,-0.9123992586712583,0.47519687808237143,-0.2613283053434374,-0.8251435005068447,-0.5194565462508922,-1.0365936833912697,-0.3056329538763202,-0.9343223389256158,0.3962235537170894,-0.345918548817253,-0.8008660484518793,-0.6314497100032085,-0.9587406447005118,0.5510811662142671,0.2575072572545287,0.5398456085511736,-0.6879613606752139,-0.830796907612964,-0.06510579360944473,-1.1498998977111203,-0.393958627608349,-0.7442169611837398,0.7275664471228724,0.18270239720967668,-0.6543090626329808,-0.5312249058079979,-1.3025667919050503,0.39950008551410265,-0.22682493892098599,0.8511854422367195,-0.5782694260889291,-1.0610458548757251
381,1.2957892553706432,1.2233205500612825,0.43610140377163226,1.439371722442957,0.050508391234381944,1.0109497445431639,0.8958399483756672,1.3399374395685006,1.193624016250177,0.31397936612575733,1.3897682783811618,0.08166015863030254,1.1134054299264426,0.9386668189223271,-0.8954524767812687,-1.3209157117419197,-0.600207024878491,-1.1538042893861022,0.7131337230892666,0.07671992004729185,-0.16552028308773736,1.5446781651939872,1.5582936798709563,0.770824870315171,1.768583267876523,0.11765926042581104,0.8926752731538163,0.744420486714034,-0.5312249058079979,-1.1003289204048023,0.39950008551410265,-0.154297028718968,0.640928866725324,-0.5782694260889291,-0.9338632847423984
1732,-0.48953036348139795,1.030880171601516,-0.3213574956846987,0.02395400232792024,-1.1173849475975892,-0.3067668071251017,1.0679382932639183,-0.5381883407979545,1.0650402148125842,-0.3056329538763202,0.04688841840858658,-1.184381250481842,-0.36352928822919184,1.0919117877606639,-1.0634542374582163,-1.8535261044498716,0.5510811662142671,-0.03857208819455482,1.2329980667035434,-0.8714848680486154,-1.2357478964544064,-0.06510579360944473,1.5582936798709563,-0.393958627608349,0.19808312471385886,-1.1021551129683116,0.18270239720967668,1.4437852613875417,-0.7532673004265251,-1.3025667919050503,0.39950008551410265,-0.29935284912300464,0.640928866725324,-0.7129266562837424,-1.0610458548757251
1046,1.2475373737800473,0.21300856314750738,-0.3213574956846987,0.43769148974616195,0.758322535981031,1.329019257014814,0.3365203274888508,1.2553977533490932,0.16465329695576397,-0.3056329538763202,0.4443564576818839,0.7875782665797106,1.322714773307061,0.2810034732385092,-1.1354549920340506,-1.1504803860753747,0.5510811662142671,0.10946758452998694,0.19326937947498907,-0.9020721192775154,-0.9175721195075587,1.5446781651939872,0.6555624873435975,-0.393958627608349,0.5121831533463913,0.7275664471228724,1.6026481490979558,0.744420486714034,-0.7532673004265251,-1.1003289204048023,0.39950008551410265,-0.22682493892098599,0.4306722912139286,-0.7129266562837424,-0.9338632847423984
2981,-0.8272935346155679,-0.6048630453065011,-0.3213574956846987,-0.8688479442061802,-0.1618358521896128,-0.624836319596752,-0.3948976382862167,-0.8210351880706466,-0.5984604181023949,-0.3056329538763202,-0.8661101495214704,-0.14914629579537378,-0.629448397489818,-0.4062735675469233,0.1125580872804161,-0.4687390834091959,0.5510811662142671,0.5239786681587028,0.7708964279352971,-0.3718930979765781,-0.6090380327712217,-0.8699977730111607,-0.24716870518376147,-0.393958627608349,-0.7442169611837398,-0.49224792627125025,-0.527270478734463,0.045055712040526594,-0.5312249058079979,-0.8980910489045545,0.39950008551410265,-0.08176911851694935,0.4306722912139286,-0.5782694260889291,-0.8066807146090719
3481,-0.8755454162061636,-0.7010832345363844,-0.3213574956846987,-0.9341749159037972,-0.12644514495228035,-0.6702748213784163,-0.48094681073034234,-0.8461823061976493,-0.7432961707267495,-0.3056329538763202,-0.9458404756546941,-0.05938911826869258,-0.6530905180129339,-0.5367158404341442,-0.7994514706801558,-1.6191775316583727,0.5510811662142671,0.06999033847010913,1.2329980667035436,-0.7593316135426476,-1.1296893041387905,-0.8699977730111607,-0.24716870518376147,-0.393958627608349,-0.7442169611837398,-0.49224792627125025,-0.527270478734463,0.045055712040526594,-0.7532673004265251,-1.3025667919050503,0.39950008551410265,-0.29935284912300464,0.640928866725324,-0.7129266562837424,-1.0610458548757251
4043,-0.8755454162061636,0.21300856314750738,-0.3213574956846987,-0.5204374284855555,-0.7988685824615971,-0.6702748213784163,0.3365203274888508,-0.8461823061976493,0.16465329695576397,-0.3056329538763202,-0.518230441966517,-0.7363749376793224,-0.6530905180129339,0.2810034732385092,-0.7994514706801558,-1.1504803860753747,0.5510811662142671,0.17855276513477308,0.5976083133972048,-0.7593316135426476,-0.9175721195075587,-0.8699977730111607,0.6555624873435975,-0.393958627608349,-0.43011693255120736,-1.1021551129683116,-0.527270478734463,0.744420486714034,-0.7532673004265251,-1.1003289204048023,0.39950008551410265,-0.22682493892098599,0.4306722912139286,-0.7129266562837424,-0.9338632847423984
4619,-0.8755454162061636,-1.0859639914559178,-0.3213574956846987,-1.1083801737641095,0.15668051294637933,-0.6702748213784163,-0.8251435005068447,-0.8461823061976493,-1.0365936833912697,-0.3056329538763202,-1.0839725675113625,0.1592995466953365,-0.6530905180129339,-0.8008660484518793,-0.7994514706801558,-0.9587406447005118,0.5510811662142671,0.22296466695213507,0.3376761415900659,-0.7593316135426476,-0.830796907612964,-0.8699977730111607,-1.1498998977111203,-0.393958627608349,-1.058316989816273,0.11765926042581104,-0.527270478734463,-0.6543090626329808,-0.7532673004265251,-1.3025667919050503,0.39950008551410265,-0.29935284912300464,0.640928866725324,-0.7129266562837424,-1.0610458548757251
4002,-0.8755454162061636,-0.6529731399214428,-0.3213574956846987,-0.9123992586712583,-0.1618358521896128,-0.6702748213784163,-0.43792222450827956,-0.8461823061976493,-0.6525918369540739,-0.3056329538763202,-0.9031221475970802,-0.12702013729437037,-0.6530905180129339,-0.4550255171289896,-0.7994514706801558,-0.8522185661589213,0.5510811662142671,0.24763794573955816,0.19326937947498873,-0.7593316135426476,-0.7825884565604115,-0.8699977730111607,-0.24716870518376147,-0.393958627608349,-0.7442169611837398,-0.49224792627125025,-0.527270478734463,0.045055712040526594,-0.7532673004265251,-1.1003289204048023,0.39950008551410265,-0.22682493892098599,0.4306722912139286,-0.7129266562837424,-0.9338632847423984
1730,-0.48953036348139795,1.030880171601516,-0.3213574956846987,0.02395400232792024,-1.1173849475975892,-0.3067668071251017,1.0679382932639183,-0.5381883407979545,1.0650402148125842,-0.3056329538763202,0.04688841840858658,-1.184381250481842,-0.36352928822919184,1.0919117877606639,-1.0634542374582163,-1.8535261044498716,0.5510811662142671,-0.03857208819455482,1.2329980667035434,-0.8714848680486154,-1.2357478964544064,-0.06510579360944473,1.5582936798709563,-0.393958627608349,0.19808312471385886,-1.1021551129683116,0.18270239720967668,1.4437852613875417,-0.7532673004265251,-1.3025667919050503,0.39950008551410265,-0.29935284912300464,0.640928866725324,-0.7129266562837424,-1.0610458548757251
5227,1.0545298474176645,-0.8935236129961511,-0.3213574956846987,-0.15025125553239216,1.430745973490348,1.1472652498881568,-0.6530451556185936,1.042297503144985,-0.8922971831518304,-0.3056329538763202,-0.15103377239774446,1.4211334308153556,1.122368086526211,-0.6709094381546864,1.8885767001510028,1.7469201502558853,0.5510811662142671,1.4023473929909829,-0.09554414475516593,0.3825924323362939,0.39369774912187394,0.7397861857922712,-1.1498998977111203,-0.393958627608349,-0.43011693255120736,1.3374736338199338,0.8926752731538163,-0.6543090626329808,2.3553262242328574,1.5287634090984197,0.39950008551410265,1.7314286365335072,0.640928866725324,1.1722745664436447,0.7195101269908469
179,1.2957892553706432,1.896861874670466,-0.3213574956846987,1.221615150117567,-0.4449615100882725,1.3744577587964784,1.8423808452610488,1.3399374395685006,1.9299452554874603,-0.3056329538763202,1.3144642631997059,-0.4673561195187892,1.402194952327632,1.8708643412082584,-0.8954524767812687,1.2782230046728869,0.5510811662142671,0.7213648984580918,-2.810391272518613,-0.8001146151811812,0.181580564490642,1.5446781651939872,1.5582936798709563,-0.393958627608349,0.8262831819789244,0.11765926042581104,1.6026481490979558,1.4437852613875417,-0.5312249058079979,-0.4936153059040588,0.39950008551410265,0.06328670188708667,0.01015914019113761,-0.5782694260889291,-0.5523155743424187
561,-0.44127848189080227,-0.4605327614616761,-0.3213574956846987,-0.6293157146482508,0.015117683997049484,-0.2613283053434374,-0.26582387962002835,-0.5194565462508922,-0.466974973961211,-0.3056329538763202,-0.666053361192182,-0.028495885503922763,-0.345918548817253,-0.2878548768950012,-0.6314497100032085,-0.44743466770087775,0.5510811662142671,0.3759389954341621,-0.15330684960119614,-0.6879613606752139,-0.5993963425607112,-0.06510579360944473,-0.24716870518376147,-0.393958627608349,-0.43011693255120736,0.11765926042581104,0.18270239720967668,0.045055712040526594,-0.5312249058079979,-0.2913774344038109,0.39950008551410265,0.1358146120891053,-0.20009743532025787,-0.5782694260889291,-0.42513300420909217
5152,0.3790035051493247,-0.2199822883869677,-0.3213574956846987,-0.15025125553239216,0.439806170845039,0.5111262249448562,-0.05070094850971438,0.3483932119733062,-0.2722685099580334,-0.3056329538763202,-0.17685264218864197,0.4556450892716975,0.4699923828557319,-0.11249794153746981,-1.0634542374582163,-0.2343905106176972,0.5510811662142671,0.3364617493742832,-0.9619847174456273,-0.8714848680486154,-0.5029794404556059,0.7397861857922712,-0.24716870518376147,-0.393958627608349,-0.11601690391867427,0.7275664471228724,0.8926752731538163,0.045055712040526594,-0.7532673004265251,0.7198119230974284,0.39950008551410265,0.42592625289717795,-1.4616368883886308,-0.7129266562837424,0.21077984645754064
3801,-0.8755454162061636,-1.0859639914559178,-0.3213574956846987,-1.1083801737641095,0.15668051294637933,-0.6702748213784163,-0.8251435005068447,-0.8461823061976493,-1.0365936833912697,-0.3056329538763202,-1.0839725675113625,0.1592995466953365,-0.6530905180129339,-0.8008660484518793,-0.7994514706801558,-0.9587406447005118,0.5510811662142671,0.22296466695213507,0.3376761415900659,-0.7593316135426476,-0.830796907612964,-0.8699977730111607,-1.1498998977111203,-0.393958627608349,-1.058316989816273,0.11765926042581104,-0.527270478734463,-0.6543090626329808,-0.7532673004265251,-1.3025667919050503,0.39950008551410265,-0.29935284912300464,0.640928866725324,-0.7129266562837424,-1.0610458548757251
6568,0.041240334015154784,-0.8935236129961511,-0.3213574956846987,-0.6075400574157118,0.6875411215063661,0.1930567124732059,-0.6530451556185936,-0.03512962201731603,-0.8922971831518304,-0.3056329538763202,-0.6445278133674464,0.6398410349878023,0.10942251481837402,-0.6709094381546864,0.9285666391398748,1.7469201502558853,0.5510811662142671,1.2049611626915948,-1.250798241675782,-0.02523758404904233,0.39369774912187394,-0.06510579360944473,-1.1498998977111203,-0.393958627608349,-0.7442169611837398,0.7275664471228724,0.18270239720967668,-0.6543090626329808,1.6891990403772754,1.5287634090984197,0.39950008551410265,1.513844905927452,0.01015914019113761,0.7683028758592045,0.7195101269908469
2387,-1.2615604689309292,-0.6048630453065011,-0.3213574956846987,-1.0648288592990314,-0.48035221732560496,-1.033782835631731,-0.3948976382862167,-1.1530336371011551,-0.5984604181023949,-0.3056329538763202,-1.0181754283523323,-0.38989377429885436,-0.9415774973662154,-0.4062735675469233,-0.679450213053765,-0.4687390834091959,0.5510811662142671,0.3611350281617074,-0.1821882020242116,-0.7083528614944806,-0.6090380327712217,-1.6748897524128765,-0.24716870518376147,-0.393958627608349,-1.058316989816273,-1.1021551129683116,-1.2372433546786028,0.045055712040526594,-0.7532673004265251,-0.8980910489045545,0.39950008551410265,-0.154297028718968,0.2204157157025331,-0.7129266562837424,-0.8066807146090719
2127,-1.2615604689309292,-0.6048630453065011,-0.3213574956846987,-1.0648288592990314,-0.48035221732560496,-1.033782835631731,-0.3948976382862167,-1.1530336371011551,-0.5984604181023949,-0.3056329538763202,-1.0181754283523323,-0.38989377429885436,-0.9415774973662154,-0.4062735675469233,-0.679450213053765,-0.4687390834091959,0.5510811662142671,0.3611350281617074,-0.1821882020242116,-0.7083528614944806,-0.6090380327712217,-1.6748897524128765,-0.24716870518376147,-0.393958627608349,-1.058316989816273,-1.1021551129683116,-1.2372433546786028,0.045055712040526594,-0.7532673004265251,-0.8980910489045545,0.39950008551410265,-0.154297028718968,0.2204157157025331,-0.7129266562837424,-0.8066807146090719
5055,0.3790035051493247,-0.9416337076110928,-0.3213574956846987,-0.47688611402047765,0.9706667794050259,0.5111262249448562,-0.6960697418406563,0.3483932119733062,-0.9125886553590835,-0.3056329538763202,-0.47841933581206353,0.9330809750219416,0.4699923828557319,-0.6891843855138988,-1.0634542374582163,0.9160479376314796,0.5510811662142671,0.6029331602784583,-2.52157774828846,-0.8714848680486154,0.017671830911962963,0.7397861857922712,-1.1498998977111203,-0.393958627608349,-0.43011693255120736,1.3374736338199338,0.8926752731538163,-0.6543090626329808,-0.7532673004265251,1.326525537598172,0.39950008551410265,0.6435099835032333,-2.092406614922817,-0.7129266562837424,0.5923275568575204
5528,0.4272553867399204,-1.518954842990393,-0.3213574956846987,-0.716418343578407,1.430745973490348,0.5565647267265206,-1.2123647765054097,0.38954312339944436,-1.3594756975868396,-0.3056329538763202,-0.6700384190593549,1.296128865842574,0.5086795660366801,-1.0916607109777114,-0.7514509676295996,-1.661786363075009,0.5510811662142671,0.06999033847010913,1.348523476395605,-0.7389401127233811,-1.1489726845598116,0.7397861857922712,-2.0526310902384792,-0.393958627608349,-0.7442169611837398,1.9473808205169951,0.8926752731538163,-1.3536738373064883,-0.5312249058079979,-1.504804663405298,0.39950008551410265,-0.29935284912300464,1.061442017748115,-0.5782694260889291,-1.1882284250090518
3460,-0.8755454162061636,1.8487517800555244,-0.3213574956846987,0.21993491742077162,-2.002152628530901,-0.6702748213784163,1.799356259038986,-0.8461823061976493,1.8761665448853355,-0.3056329538763202,0.2878278945981322,-2.0125144584603474,-0.6530905180129339,1.822430048454042,-0.7994514706801558,-0.5539567462424683,0.5510811662142671,0.3167231263443443,-0.2110695544472267,-0.7593316135426476,-0.6476047936132638,-0.8699977730111607,1.5582936798709563,-0.393958627608349,-0.11601690391867427,-1.712062299665373,-0.527270478734463,1.4437852613875417,-0.7532673004265251,-0.6958531774043066,0.39950008551410265,-0.08176911851694935,0.01015914019113761,-0.7129266562837424,-0.6794981444757453
1783,-0.48953036348139795,2.185522442360116,0.43610140377163226,1.0691855494897935,-1.966761921293568,-0.6702748213784163,1.7563316728169232,-0.5381883407979545,2.241409995050683,0.31397936612575733,1.0229979303546888,-2.06150678218915,-0.6523188106303811,1.8823259783329234,-1.0634542374582163,0.5112640391734361,-0.600207024878491,-0.7639664845448089,-1.9728320522511673,0.005349667179857697,0.6636650750161688,-0.06510579360944473,1.5582936798709563,0.770824870315171,1.1403832106114569,-1.1021551129683116,-0.527270478734463,0.744420486714034,-0.7532673004265251,0.7198119230974284,0.39950008551410265,0.42592625289717795,-1.4616368883886308,-0.7129266562837424,0.21077984645754064
5201,1.0545298474176645,-1.6151750322202763,-0.3213574956846987,-0.47688611402047765,1.9616065820503348,1.1472652498881568,-1.2984139489495354,1.042297503144985,-1.4698004132711961,-0.3056329538763202,-0.42301606268608866,1.8517317310187253,1.122368086526211,-1.1910215829222814,1.8885767001510028,0.9373523533397982,0.5510811662142671,1.2148304742065643,1.0019472473194193,0.3825924323362939,0.02731352112247372,0.7397861857922712,-2.9553622827658383,-0.393958627608349,-1.058316989816273,2.5572880072140562,0.8926752731538163,-2.0530386119799955,2.3553262242328574,-1.504804663405298,0.39950008551410265,0.6435099835032333,3.7947774993962566,1.1722745664436447,-1.1882284250090518
168,1.2957892553706432,-0.6048630453065011,-0.3213574956846987,0.08928097402553711,1.3953552662530155,1.3744577587964784,-0.3948976382862167,1.3399374395685006,-0.5984604181023949,-0.3056329538763202,0.12368033331783447,1.4178752151134255,1.402194952327632,-0.4062735675469233,-0.8954524767812687,-0.4687390834091959,0.5510811662142671,0.3167231263443443,-0.44212037383135017,-0.8001146151811812,-0.6090380327712217,1.5446781651939872,-0.24716870518376147,-0.393958627608349,0.19808312471385886,1.3374736338199338,1.6026481490979558,0.045055712040526594,-0.5312249058079979,-0.8980910489045545,0.39950008551410265,-0.08176911851694935,0.4306722912139286,-0.5782694260889291,-0.8066807146090719
5403,0.4272553867399204,-0.2199822883869677,-0.3213574956846987,-0.12847559829985322,0.47519687808237143,0.5565647267265206,-0.05070094850971438,0.38954312339944436,-0.2722685099580334,-0.3056329538763202,-0.1580047446362474,0.48548479920231213,0.5086795660366801,-0.11249794153746981,-0.7514509676295996,-0.2343905106176972,0.5510811662142671,0.4006122742215852,-0.586527135946427,-0.7389401127233811,-0.5029794404556059,0.7397861857922712,-0.24716870518376147,-0.393958627608349,-0.11601690391867427,0.7275664471228724,0.8926752731538163,0.045055712040526594,-0.5312249058079979,0.7198119230974284,0.39950008551410265,0.4984541630991966,-1.2513803128772354,-0.5782694260889291,0.21077984645754064
3063,-0.8272935346155679,-0.5567529506915594,-0.3213574956846987,-0.847072286973641,-0.19722655942694528,-0.624836319596752,-0.3518730520641539,-0.8210351880706466,-0.5412903678464469,-0.3056329538763202,-0.839185207125393,-0.19177346249998972,-0.629448397489818,-0.3547849595110058,0.1125580872804161,-0.2769993420343334,0.5510811662142671,0.5683905699760659,0.5109642561281589,-0.3718930979765781,-0.522262820876627,-0.8699977730111607,-0.24716870518376147,-0.393958627608349,-0.7442169611837398,-0.49224792627125025,-0.527270478734463,0.045055712040526594,-0.5312249058079979,-0.6958531774043066,0.39950008551410265,-0.009241208314931339,0.2204157157025331,-0.5782694260889291,-0.6794981444757453
1328,0.08949221560575049,2.329852726204941,0.43610140377163226,1.395820407977879,-1.648245556157576,-0.1250127999984444,1.8854054314831115,0.04735375215439625,2.3974287264435943,0.31397936612575733,1.3646727783225516,-1.753233823119239,-0.10182007502886592,2.022839888518177,1.3125706635443264,0.5538728705900723,-0.600207024878491,-0.2655662530388522,0.828659132781328,1.0147289577335654,0.6829484554371898,-0.06510579360944473,1.5582936798709563,0.770824870315171,1.1403832106114569,-1.1021551129683116,-0.527270478734463,0.744420486714034,1.911241434995803,1.326525537598172,0.39950008551410265,1.513844905927452,0.4306722912139286,0.9029601060540179,0.5923275568575204
1397,-1.3580642321121206,-1.374624559145568,-0.4160398581167401,-1.5221176611823513,0.015117683997049484,-1.0792213374133952,-1.0402664316171586,-1.266473323694391,-1.26520508324871,-0.38248669541526925,-1.4364990936334916,0.02498439770382304,-1.0124080099202906,-0.9733867980185755,2.248580473030177,1.6830069031309305,0.015598286636240124,0.8694045711826336,0.42432019885911315,0.9433587048661317,0.7504402869107634,-2.4797817318145925,-2.0526310902384792,-0.393958627608349,-2.0006170757138713,-0.49224792627125025,-1.9472162306227425,-1.3536738373064883,-0.7532673004265251,1.124287666097924,0.18945054864424885,0.35339834269515996,-1.8821500394114217,-0.5782694260889291,0.5923275568575204
1451,1.8265599528671959,-0.2199822883869677,-0.3213574956846987,0.5030184614437788,1.5015273879650128,1.8742812783947862,-0.05070094850971438,1.867710961112662,-0.2722685099580334,-0.3056329538763202,0.5190406001750385,1.5573728781182996,1.8983824336222739,-0.11249794153746981,-0.07944392492180974,-0.2343905106176972,0.5510811662142671,0.5387826354311563,0.2221507318980045,-0.4534591012536454,-0.5029794404556059,1.5446781651939872,-0.24716870518376147,-0.393958627608349,0.19808312471385886,1.3374736338199338,1.6026481490979558,0.045055712040526594,-0.3091825111894705,0.7198119230974284,0.39950008551410265,0.5709820733012146,-1.0411237373658397,-0.4436121958941157,0.21077984645754064
2432,-1.2615604689309292,-0.6048630453065011,-0.3213574956846987,-1.0648288592990314,-0.48035221732560496,-1.033782835631731,-0.3948976382862167,-1.1530336371011551,-0.5984604181023949,-0.3056329538763202,-1.0181754283523323,-0.38989377429885436,-0.9415774973662154,-0.4062735675469233,-0.679450213053765,-0.4687390834091959,0.5510811662142671,0.3611350281617074,-0.1821882020242116,-0.7083528614944806,-0.6090380327712217,-1.6748897524128765,-0.24716870518376147,-0.393958627608349,-1.058316989816273,-1.1021551129683116,-1.2372433546786028,0.045055712040526594,-0.7532673004265251,-0.8980910489045545,0.39950008551410265,-0.154297028718968,0.2204157157025331,-0.7129266562837424,-0.8066807146090719
970,-0.15176719234722802,-1.2784043699156846,4.128713538621246,2.201519725581823,0.8291039504556961,-2.1243068783916748,-3.019397397832047,-0.2179926240057857,-1.1910355664310488,4.2031578812025,2.202436127385994,0.7299840784246964,-2.163958241969709,-2.8977838127091053,1.360571166594883,3.5790999011712405,-2.9964929109901624,-2.2048859657303477,-3.214730206440829,2.8601597818772126,3.777931013011071,-0.06510579360944473,-2.0526310902384792,4.265175364085731,2.710883353774121,1.3374736338199338,-2.6571891065668822,-4.151132936000518,0.8010294619031662,1.5287634090984197,-2.7512429675337047,-2.0400226939714425,-0.8308671618544443,2.2495324080021515,2.627248678990745
3184,-0.20001907393782373,-0.2199822883869677,-0.3213574956846987,-0.4115591423228604,0.015117683997049484,-0.03413579643511573,-0.05070094850971438,-0.23533353930988982,-0.2722685099580334,-0.3056329538763202,-0.44421705745660456,0.032357739837291295,-0.07879965513073132,-0.11249794153746981,0.6885641238870931,-0.2343905106176972,0.5510811662142671,0.6966916196706676,1.1463540094344977,-0.12719508814537628,-0.5029794404556059,-0.06510579360944473,-0.24716870518376147,-0.393958627608349,-0.43011693255120736,0.11765926042581104,0.18270239720967668,0.045055712040526594,0.5789870672846389,0.7198119230974284,0.39950008551410265,0.8610937141092879,-0.20009743532025787,0.09501672488513772,0.21077984645754064
4781,-0.8755454162061636,-0.2199822883869677,-0.3213574956846987,-0.716418343578407,-0.48035221732560496,-0.6702748213784163,-0.05070094850971438,-0.8461823061976493,-0.2722685099580334,-0.3056329538763202,-0.7240041719191166,-0.4105970414414447,-0.6530905180129339,-0.11249794153746981,-0.7994514706801558,-0.2343905106176972,0.5510811662142671,0.39074296270661574,-0.6442898407924575,-0.7593316135426476,-0.5029794404556059,-0.8699977730111607,-0.24716870518376147,-0.393958627608349,-0.7442169611837398,-0.49224792627125025,-0.527270478734463,0.045055712040526594,-0.7532673004265251,0.7198119230974284,0.39950008551410265,0.42592625289717795,-1.4616368883886308,-0.7129266562837424,0.21077984645754064
1726,-0.48953036348139795,1.030880171601516,-0.3213574956846987,0.02395400232792024,-1.1173849475975892,-0.3067668071251017,1.0679382932639183,-0.5381883407979545,1.0650402148125842,-0.3056329538763202,0.04688841840858658,-1.184381250481842,-0.36352928822919184,1.0919117877606639,-1.0634542374582163,-1.8535261044498716,0.5510811662142671,-0.03857208819455482,1.2329980667035434,-0.8714848680486154,-1.2357478964544064,-0.06510579360944473,1.5582936798709563,-0.393958627608349,0.19808312471385886,-1.1021551129683116,0.18270239720967668,1.4437852613875417,-0.7532673004265251,-1.3025667919050503,0.39950008551410265,-0.29935284912300464,0.640928866725324,-0.7129266562837424,-1.0610458548757251
5257,1.5853005449142172,0.7422196039118658,0.43610140377163226,1.3522690935128012,0.6167597070317012,1.2835807552331497,0.46559408615503917,1.589127475632462,0.7188587786067024,0.31397936612575733,1.280308250731603,0.6163541524385687,1.3476820112837968,0.5110827758671816,-0.2234454340734791,0.4260463763401636,-0.600207024878491,-0.6109921560627819,-0.8464593077535659,0.3622009315170271,0.6250983141741265,1.5446781651939872,0.6555624873435975,0.770824870315171,1.45448323924399,0.7275664471228724,0.8926752731538163,0.045055712040526594,-0.3091825111894705,1.124287666097924,0.39950008551410265,0.7160378937052513,-1.4616368883886308,-0.4436121958941157,0.4651449867241938
1744,-0.48953036348139795,-0.7010832345363844,-0.3213574956846987,-0.759969658043485,0.15668051294637933,-0.3067668071251017,-0.48094681073034234,-0.5381883407979545,-0.7432961707267495,-0.3056329538763202,-0.8047699725740499,0.16395159546292787,-0.36352928822919184,-0.5367158404341442,-1.0634542374582163,-1.6191775316583727,0.5510811662142671,0.015709125137776607,0.915303190050374,-0.8714848680486154,-1.1296893041387905,-0.06510579360944473,-0.24716870518376147,-0.393958627608349,-0.43011693255120736,0.11765926042581104,0.18270239720967668,0.045055712040526594,-0.7532673004265251,-1.3025667919050503,0.39950008551410265,-0.29935284912300464,0.640928866725324,-0.7129266562837424,-1.0610458548757251
6137,2.502086295135536,0.7903296985268075,0.43610140377163226,1.7877822381635817,1.2537924373036857,2.146912289084772,0.508618672377102,2.622049141810179,0.7755732535719463,0.31397936612575733,1.7801278359825496,1.323086094733055,2.3187856741122106,0.5621610827494548,0.8565658845640406,0.6177861177150261,-0.600207024878491,-0.3445207451586078,0.1932693794749897,0.8210096999505306,0.7118735260687212,1.5446781651939872,0.6555624873435975,0.770824870315171,1.45448323924399,0.7275664471228724,0.8926752731538163,0.045055712040526594,1.911241434995803,1.326525537598172,0.39950008551410265,1.513844905927452,0.4306722912139286,0.9029601060540179,0.5923275568575204
3667,-0.8755454162061636,-0.2199822883869677,-0.3213574956846987,-0.716418343578407,-0.48035221732560496,-0.6702748213784163,-0.05070094850971438,-0.8461823061976493,-0.2722685099580334,-0.3056329538763202,-0.7240041719191166,-0.4105970414414447,-0.6530905180129339,-0.11249794153746981,-0.7994514706801558,-0.2343905106176972,0.5510811662142671,0.39074296270661574,-0.6442898407924575,-0.7593316135426476,-0.5029794404556059,-0.8699977730111607,-0.24716870518376147,-0.393958627608349,-0.7442169611837398,-0.49224792627125025,-0.527270478734463,0.045055712040526594,-0.7532673004265251,0.7198119230974284,0.39950008551410265,0.42592625289717795,-1.4616368883886308,-0.7129266562837424,0.21077984645754064
5982,-0.34477471870961085,0.6941095092969242,-0.3213574956846987,-0.06314862660223597,-0.7634778752242647,-0.1704513017801087,0.7667661897094787,-0.37053141842904064,0.6464873895690869,-0.3056329538763202,-0.07344229748174343,-0.7507238323530517,-0.20590624986901185,0.7149538829694894,0.6645638723618148,0.04256689359043819,0.5510811662142671,0.7559074887604854,0.7420150755122816,-0.1373908385550097,-0.3776374677189689,-0.06510579360944473,0.6555624873435975,-0.393958627608349,-0.11601690391867427,-0.49224792627125025,0.18270239720967668,0.744420486714034,-0.08714011657094316,0.9220497945976762,0.39950008551410265,0.7160378937052513,-1.0411237373658397,-0.30895496569930236,0.33796241659086723
1755,-0.48953036348139795,1.1271003608313992,-0.3213574956846987,0.06750531679299815,-1.188166362072254,-0.3067668071251017,1.153987465708044,-0.5381883407979545,1.116901418313589,-0.3056329538763202,0.07131309375178399,-1.2230500317273048,-0.36352928822919184,1.1386191313326837,-1.0634542374582163,-1.3635245431585554,0.5510811662142671,0.07492499422759331,0.5687269609741887,-0.8714848680486154,-1.0139890216126641,-0.06510579360944473,1.5582936798709563,-0.393958627608349,0.19808312471385886,-1.1021551129683116,0.18270239720967668,1.4437852613875417,-0.7532673004265251,-1.1003289204048023,0.39950008551410265,-0.22682493892098599,0.4306722912139286,-0.7129266562837424,-0.9338632847423984
534,-0.634286008253185,0.8865498877566909,6.779819686718404,4.792822936253969,-1.1173849475975892,-3.850969946094919,-2.2879794320569795,-0.6726645381929256,0.8712342093176664,7.137189295297128,4.964113888692026,-1.137390431743743,-3.958915341063086,-2.314484253641834,3.1605900309907486,1.91735547592243,-1.349883056287729,-0.39880195849093925,1.204116714280528,2.370763762214809,1.8399512806984542,-0.8699977730111607,0.6555624873435975,4.265175364085731,3.339083411039187,-1.1021551129683116,-3.367161982511022,-2.0530386119799955,2.5773686188513847,1.7310012805986676,0.18945054864424885,1.6589007263314886,0.640928866725324,1.4415890268332714,0.9738752672575001
5634,2.11607124241077,-0.6048630453065011,-0.3213574956846987,0.4594671469787009,1.9969972892876673,2.146912289084772,-0.3948976382862167,2.1739655727950575,-0.5984604181023949,-0.3056329538763202,0.5056903125880244,2.0226677093603103,2.1863084060373965,-0.4062735675469233,0.5685628662607018,-0.4687390834091959,0.5510811662142671,0.617737127550912,1.3196421239725897,-0.17817384019354338,-0.6090380327712217,1.5446781651939872,-0.24716870518376147,-0.393958627608349,0.19808312471385886,1.3374736338199338,1.6026481490979558,0.045055712040526594,0.13490227804758417,-0.8980910489045545,0.39950008551410265,0.1358146120891053,1.061442017748115,-0.174297735504489,-0.8066807146090719
2208,-1.2615604689309292,-0.6048630453065011,-0.3213574956846987,-1.0648288592990314,-0.48035221732560496,-1.033782835631731,-0.3948976382862167,-1.1530336371011551,-0.5984604181023949,-0.3056329538763202,-1.0181754283523323,-0.38989377429885436,-0.9415774973662154,-0.4062735675469233,-0.679450213053765,-0.4687390834091959,0.5510811662142671,0.3611350281617074,-0.1821882020242116,-0.7083528614944806,-0.6090380327712217,-1.6748897524128765,-0.24716870518376147,-0.393958627608349,-1.058316989816273,-1.1021551129683116,-1.2372433546786028,0.045055712040526594,-0.7532673004265251,-0.8980910489045545,0.39950008551410265,-0.154297028718968,0.2204157157025331,-0.7129266562837424,-0.8066807146090719
4918,-0.6825378898437807,0.5016691308371575,-0.3213574956846987,-0.3026808561601652,-0.869649996936262,-0.48852081425175903,0.5946678448212276,-0.6935289313928307,0.4249755262827055,-0.3056329538763202,-0.3257086290239433,-0.8197805079224176,-0.5095730991513059,0.5154554138760217,2.224580221504898,1.1077876790063421,0.5510811662142671,1.323392900871227,1.175235361857513,0.5253329380711618,0.10444704280655764,-0.8699977730111607,0.6555624873435975,-0.393958627608349,-0.43011693255120736,-1.1021551129683116,-0.527270478734463,0.744420486714034,2.3553262242328574,0.11309830859668477,0.39950008551410265,1.2237332651193793,2.1127248953050923,1.1722745664436447,-0.17076786394243906
6858,0.041240334015154784,0.3573388469923324,-0.3213574956846987,-0.04137296936969701,-0.23261726666427773,0.1930567124732059,0.46559408615503917,-0.03512962201731603,0.29545268189896645,-0.3056329538763202,-0.08514232123882898,-0.24576972229219218,0.10942251481837402,0.3988042838470142,0.9285666391398748,0.8521346905065258,0.5510811662142671,0.9977056208772364,-0.03778143990913506,-0.02523758404904233,-0.011253239719568453,-0.06510579360944473,0.6555624873435975,-0.393958627608349,-0.11601690391867427,-0.49224792627125025,0.18270239720967668,0.744420486714034,1.6891990403772754,-0.4936153059040588,0.39950008551410265,0.7885658039072693,2.1127248953050923,0.7683028758592045,-0.5523155743424187
5782,-0.34477471870961085,-0.2199822883869677,-0.3213574956846987,-0.47688611402047765,-0.0910544377149479,-0.1704513017801087,-0.05070094850971438,-0.37053141842904064,-0.2722685099580334,-0.3056329538763202,-0.5061417539292244,-0.06568051483528677,-0.20590624986901185,-0.11249794153746981,0.6645638723618148,-0.2343905106176972,0.5510811662142671,0.6917569639131834,1.1174726570114824,-0.1373908385550097,-0.5029794404556059,-0.06510579360944473,-0.24716870518376147,-0.393958627608349,-0.43011693255120736,0.11765926042581104,0.18270239720967668,0.045055712040526594,-0.08714011657094316,0.7198119230974284,0.39950008551410265,0.6435099835032333,-0.8308671618544443,-0.30895496569930236,0.21077984645754064
4270,-0.8755454162061636,-0.6048630453065011,-0.3213574956846987,-0.8906236014387191,-0.19722655942694528,-0.6702748213784163,-0.3948976382862167,-0.8461823061976493,-0.5984604181023949,-0.3056329538763202,-0.8776282862505487,-0.16738163785309762,-0.6530905180129339,-0.4062735675469233,-0.7994514706801558,-0.4687390834091959,0.5510811662142671,0.3364617493742843,-0.32659496413928846,-0.7593316135426476,-0.6090380327712217,-0.8699977730111607,-0.24716870518376147,-0.393958627608349,-0.7442169611837398,-0.49224792627125025,-0.527270478734463,0.045055712040526594,-0.7532673004265251,-0.8980910489045545,0.39950008551410265,-0.154297028718968,0.2204157157025331,-0.7129266562837424,-0.8066807146090719
4536,-0.8755454162061636,-0.7010832345363844,-0.3213574956846987,-0.9341749159037972,-0.12644514495228035,-0.6702748213784163,-0.48094681073034234,-0.8461823061976493,-0.7432961707267495,-0.3056329538763202,-0.9458404756546941,-0.05938911826869258,-0.6530905180129339,-0.5367158404341442,-0.7994514706801558,-1.6191775316583727,0.5510811662142671,0.06999033847010913,1.2329980667035436,-0.7593316135426476,-1.1296893041387905,-0.8699977730111607,-0.24716870518376147,-0.393958627608349,-0.7442169611837398,-0.49224792627125025,-0.527270478734463,0.045055712040526594,-0.7532673004265251,-1.3025667919050503,0.39950008551410265,-0.29935284912300464,0.640928866725324,-0.7129266562837424,-1.0610458548757251
5473,0.4272553867399204,-0.7010832345363844,-0.3213574956846987,-0.34623217062524353,0.8291039504556961,0.5565647267265206,-0.48094681073034234,0.38954312339944436,-0.7432961707267495,-0.3056329538763202,-0.3798410483718246,0.8366927223750643,0.5086795660366801,-0.5367158404341442,-0.7514509676295996,-1.6191775316583727,0.5510811662142671,0.07985964998507748,1.2907607715495744,-0.7389401127233811,-1.1296893041387905,0.7397861857922712,-0.24716870518376147,-0.393958627608349,-0.11601690391867427,0.7275664471228724,0.8926752731538163,0.045055712040526594,-0.5312249058079979,-1.3025667919050503,0.39950008551410265,-0.22682493892098599,0.8511854422367195,-0.5782694260889291,-1.0610458548757251
3898,-0.8755454162061636,0.21300856314750738,-0.3213574956846987,-0.5204374284855555,-0.7988685824615971,-0.6702748213784163,0.3365203274888508,-0.8461823061976493,0.16465329695576397,-0.3056329538763202,-0.518230441966517,-0.7363749376793224,-0.6530905180129339,0.2810034732385092,-0.7994514706801558,-1.1504803860753747,0.5510811662142671,0.17855276513477308,0.5976083133972048,-0.7593316135426476,-0.9175721195075587,-0.8699977730111607,0.6555624873435975,-0.393958627608349,-0.43011693255120736,-1.1021551129683116,-0.527270478734463,0.744420486714034,-0.7532673004265251,-1.1003289204048023,0.39950008551410265,-0.22682493892098599,0.4306722912139286,-0.7129266562837424,-0.9338632847423984
468,1.2957892553706432,-0.2199822883869677,-0.3213574956846987,0.2634862318858495,1.1122296083543557,1.3744577587964784,-0.05070094850971438,1.3399374395685006,-0.2722685099580334,-0.3056329538763202,0.2773044476492664,1.1746598115250781,1.402194952327632,-0.11249794153746981,-0.8954524767812687,-0.2343905106176972,0.5510811662142671,0.37100433967667684,-0.7598152504845193,-0.8001146151811812,-0.5029794404556059,1.5446781651939872,-0.24716870518376147,-0.393958627608349,0.19808312471385886,1.3374736338199338,1.6026481490979558,0.045055712040526594,-0.5312249058079979,0.7198119230974284,0.39950008551410265,0.4984541630991966,-1.2513803128772354,-0.5782694260889291,0.21077984645754064
742,-0.44127848189080227,-0.6048630453065011,-0.3213574956846987,-0.694642686345868,0.12128980570904686,-0.2613283053434374,-0.3948976382862167,-0.5194565462508922,-0.5984604181023949,-0.3056329538763202,-0.7279780576648021,0.0695423691686553,-0.345918548817253,-0.4062735675469233,-0.6314497100032085,-0.4687390834091959,0.5510811662142671,0.37100433967667684,-0.12442549717818072,-0.6879613606752139,-0.6090380327712217,-0.06510579360944473,-0.24716870518376147,-0.393958627608349,-0.43011693255120736,0.11765926042581104,0.18270239720967668,0.045055712040526594,-0.5312249058079979,-0.8980910489045545,0.39950008551410265,-0.08176911851694935,0.4306722912139286,-0.5782694260889291,-0.8066807146090719
1175,-0.00701154757544092,-0.9897438022260345,-0.9841340327089884,-1.1301558309966486,0.7229318287436987,0.46568772316319185,-0.43792222450827956,-0.07075004994543396,-0.9662956267991046,-0.8838182261859971,-1.089556782874153,0.6691857734266767,0.34541505124795757,-0.4864922997103209,1.52857292727183,0.298219882090255,-1.1089157604776165,-0.8429209766645646,1.4351675336646514,1.4939292269863353,0.9336324009104635,-0.06510579360944473,-1.1498998977111203,-1.558742125531869,-1.6865170470813384,0.7275664471228724,0.8926752731538163,0.045055712040526594,1.4671566457587482,1.124287666097924,-2.7512429675337047,-1.9674947837694245,0.2204157157025331,2.6535040985865916,2.3728835387240923
1168,-0.00701154757544092,-0.8935236129961511,0.3414190413395909,-0.17202691276493112,0.6521504142690338,-0.1704513017801087,-0.9542172591730331,-0.07075004994543396,-0.8922971831518304,0.2718928888790672,-0.2674289891293156,0.6140110100827122,-0.19323992732358994,-0.9216848668767346,1.52857292727183,1.7469201502558853,-1.1223028324670676,-0.5221683524280579,-0.5287644311003968,1.504124977395969,1.5989090254356908,-0.06510579360944473,-1.1498998977111203,0.770824870315171,0.19808312471385886,0.7275664471228724,-0.527270478734463,-1.3536738373064883,1.4671566457587482,1.5287634090984197,0.18945054864424885,1.2237332651193793,-0.20009743532025787,0.7683028758592045,0.8466926971241735
5814,-0.34477471870961085,-0.4124226668467344,-0.3213574956846987,-0.5639887429506336,0.050508391234381944,-0.1704513017801087,-0.22279929339796556,-0.37053141842904064,-0.4501102275211775,-0.3056329538763202,-0.589898510825007,0.06692193185944316,-0.20590624986901185,-0.27266611433158755,0.6645638723618148,0.14908897213202874,0.5510811662142671,0.7805807675479096,0.5976083133972044,-0.1373908385550097,-0.32942901666641616,-0.06510579360944473,-0.24716870518376147,-0.393958627608349,-0.43011693255120736,0.11765926042581104,0.18270239720967668,0.045055712040526594,-0.08714011657094316,-0.08913956290356309,0.39950008551410265,0.35339834269515996,0.01015914019113761,-0.30895496569930236,-0.2979504340757656
1820,-0.48953036348139795,-1.1340740860708596,-0.3213574956846987,-0.9559505731363362,0.47519687808237143,-0.3067668071251017,-0.8681680867289074,-0.5381883407979545,-1.0610502800283053,-0.3056329538763202,-0.9544202011597964,0.4008756024846808,-0.36352928822919184,-0.8228921987263556,-1.0634542374582163,-1.768308441616599,0.5510811662142671,-0.018833465164615922,1.1174726570114817,-0.8714848680486154,-1.1971811356123643,-0.06510579360944473,-1.1498998977111203,-0.393958627608349,-0.7442169611837398,0.7275664471228724,0.18270239720967668,-0.6543090626329808,-0.7532673004265251,-1.504804663405298,0.39950008551410265,-0.3718807593250226,0.8511854422367195,-0.7129266562837424,-1.1882284250090518
1210,1.7783080712766002,-1.0859639914559178,-0.3213574956846987,0.08928097402553711,2.103169410999665,1.828842776613122,-0.8251435005068447,1.8212434150030201,-1.0365936833912697,-0.3056329538763202,0.1377886703482722,2.093573692703101,1.8546958640523818,-0.8008660484518793,-0.10344417644708796,-0.9587406447005118,0.5510811662142671,0.36606968391919265,1.1752353618575124,-0.46365485166327863,-0.830796907612964,1.5446781651939872,-1.1498998977111203,-0.393958627608349,-0.11601690391867427,1.9473808205169951,1.6026481490979558,-0.6543090626329808,-0.3091825111894705,-1.3025667919050503,0.39950008551410265,-0.154297028718968,1.061442017748115,-0.4436121958941157,-1.0610458548757251
1372,1.6818043080954086,-0.6048630453065011,-0.3213574956846987,0.2634862318858495,1.6784809241516752,1.7379657730497933,-0.3948976382862167,1.7208637871862629,-0.5984604181023949,-0.3056329538763202,0.29815606184508997,1.694102582898777,1.760323727773236,-0.4062735675469233,-0.15144467949764442,-0.4687390834091959,0.5510811662142671,0.4696974548263713,0.4532015512821273,-0.4840463524825459,-0.6090380327712217,1.5446781651939872,-0.24716870518376147,-0.393958627608349,0.19808312471385886,1.3374736338199338,1.6026481490979558,0.045055712040526594,-0.3091825111894705,-0.8980910489045545,0.39950008551410265,-0.009241208314931339,0.640928866725324,-0.4436121958941157,-0.8066807146090719
4046,-0.8755454162061636,-0.2199822883869677,-0.3213574956846987,-0.716418343578407,-0.48035221732560496,-0.6702748213784163,-0.05070094850971438,-0.8461823061976493,-0.2722685099580334,-0.3056329538763202,-0.7240041719191166,-0.4105970414414447,-0.6530905180129339,-0.11249794153746981,-0.7994514706801558,-0.2343905106176972,0.5510811662142671,0.39074296270661574,-0.6442898407924575,-0.7593316135426476,-0.5029794404556059,-0.8699977730111607,-0.24716870518376147,-0.393958627608349,-0.7442169611837398,-0.49224792627125025,-0.527270478734463,0.045055712040526594,-0.7532673004265251,0.7198119230974284,0.39950008551410265,0.42592625289717795,-1.4616368883886308,-0.7129266562837424,0.21077984645754064
6761,0.041240334015154784,-0.4124226668467344,-0.3213574956846987,-0.38978348509032146,0.33363404913304157,0.1930567124732059,-0.22279929339796556,-0.03512962201731603,-0.4501102275211775,-0.3056329538763202,-0.43627439649357486,0.31013733544779026,0.10942251481837402,-0.27266611433158755,0.9285666391398748,0.14908897213202874,0.5510811662142671,0.834861980880241,0.9153031900503736,-0.02523758404904233,-0.32942901666641616,-0.06510579360944473,-0.24716870518376147,-0.393958627608349,-0.43011693255120736,0.11765926042581104,0.18270239720967668,0.045055712040526594,1.6891990403772754,-0.08913956290356309,0.39950008551410265,0.9336216243113059,1.6922117442823015,0.7683028758592045,-0.2979504340757656
1832,-0.48953036348139795,-1.1340740860708596,-0.3213574956846987,-0.9559505731363362,0.47519687808237143,-0.3067668071251017,-0.8681680867289074,-0.5381883407979545,-1.0610502800283053,-0.3056329538763202,-0.9544202011597964,0.4008756024846808,-0.36352928822919184,-0.8228921987263556,-1.0634542374582163,-1.768308441616599,0.5510811662142671,-0.018833465164615922,1.1174726570114817,-0.8714848680486154,-1.1971811356123643,-0.06510579360944473,-1.1498998977111203,-0.393958627608349,-0.7442169611837398,0.7275664471228724,0.18270239720967668,-0.6543090626329808,-0.7532673004265251,-1.504804663405298,0.39950008551410265,-0.3718807593250226,0.8511854422367195,-0.7129266562837424,-1.1882284250090518
503,-0.634286008253185,-1.2784043699156846,6.779819686718404,3.812918360789712,0.47519687808237143,-3.850969946094919,-4.224085812049806,-0.6726645381929256,-1.1910355664310488,7.137189295297128,3.9928624262809294,0.40028037888468426,-3.958915341063086,-4.171809893071331,3.1605900309907486,3.5790999011712405,-1.349883056287729,-0.013898809407131745,-1.0486287747146734,2.370763762214809,2.592003117118276,-0.8699977730111607,-2.0526310902384792,4.265175364085731,2.396783325141588,0.7275664471228724,-3.367161982511022,-4.151132936000518,2.5773686188513847,1.5287634090984197,0.18945054864424885,1.5863728161294706,0.8511854422367195,1.4415890268332714,0.8466926971241735
4076,-0.8755454162061636,0.261118657762449,-0.3213574956846987,-0.4986617712530166,-0.8342592896989296,-0.6702748213784163,0.3795449137109136,-0.8461823061976493,0.2077590871658228,-0.3056329538763202,-0.49792923682243934,-0.7685155024854065,-0.6530905180129339,0.31982549851691616,-0.7994514706801558,-0.9161318132838756,0.5510811662142671,0.23283397846710452,0.279913436744035,-0.7593316135426476,-0.8115135271919429,-0.8699977730111607,0.6555624873435975,-0.393958627608349,-0.43011693255120736,-1.1021551129683116,-0.527270478734463,0.744420486714034,-0.7532673004265251,-0.8980910489045545,0.39950008551410265,-0.154297028718968,0.2204157157025331,-0.7129266562837424,-0.8066807146090719
733,-0.44127848189080227,-0.6048630453065011,-0.3213574956846987,-0.694642686345868,0.12128980570904686,-0.2613283053434374,-0.3948976382862167,-0.5194565462508922,-0.5984604181023949,-0.3056329538763202,-0.7279780576648021,0.0695423691686553,-0.345918548817253,-0.4062735675469233,-0.6314497100032085,-0.4687390834091959,0.5510811662142671,0.37100433967667684,-0.12442549717818072,-0.6879613606752139,-0.6090380327712217,-0.06510579360944473,-0.24716870518376147,-0.393958627608349,-0.43011693255120736,0.11765926042581104,0.18270239720967668,0.045055712040526594,-0.5312249058079979,-0.8980910489045545,0.39950008551410265,-0.08176911851694935,0.4306722912139286,-0.5782694260889291,-0.8066807146090719
4974,1.4405449001424302,-0.6048630453065011,-0.3213574956846987,0.15460794572315437,1.5015273879650128,1.5107732641414715,-0.3948976382862167,1.408399213728895,-0.5984604181023949,-0.3056329538763202,0.1550378857623015,1.4675200238500925,1.46655944561676,-0.4062735675469233,-0.319446440174592,-0.4687390834091959,0.5510811662142671,0.4351548645239777,0.25103208432101926,-0.5554166053499796,-0.6090380327712217,1.5446781651939872,-0.24716870518376147,-0.393958627608349,0.19808312471385886,1.3374736338199338,1.6026481490979558,0.045055712040526594,-0.3091825111894705,-0.8980910489045545,0.39950008551410265,-0.009241208314931339,0.640928866725324,-0.4436121958941157,-0.8066807146090719
4801,-0.8755454162061636,-0.2199822883869677,-0.3213574956846987,-0.716418343578407,-0.48035221732560496,-0.6702748213784163,-0.05070094850971438,-0.8461823061976493,-0.2722685099580334,-0.3056329538763202,-0.7240041719191166,-0.4105970414414447,-0.6530905180129339,-0.11249794153746981,-0.7994514706801558,-0.2343905106176972,0.5510811662142671,0.39074296270661574,-0.6442898407924575,-0.7593316135426476,-0.5029794404556059,-0.8699977730111607,-0.24716870518376147,-0.393958627608349,-0.7442169611837398,-0.49224792627125025,-0.527270478734463,0.045055712040526594,-0.7532673004265251,0.7198119230974284,0.39950008551410265,0.42592625289717795,-1.4616368883886308,-0.7129266562837424,0.21077984645754064
95,-1.1650567057497379,2.2817426315899993,-0.3213574956846987,0.28526188911838846,-2.5330132370908873,-0.9429058320684023,2.186577535037551,-1.0790395114533742,2.3643223489917515,-0.3056329538763202,0.4110753031054638,-2.5453490409762676,-0.872011751194731,2.26207393096888,1.8645764486257252,1.2143097575479331,0.5510811662142671,1.2740463432963811,0.5976083133972044,0.37239668192666076,0.15265549385911056,-1.6748897524128765,1.5582936798709563,-0.393958627608349,-0.43011693255120736,-2.321969486362434,-1.2372433546786028,1.4437852613875417,1.911241434995803,1.124287666097924,0.39950008551410265,1.441316995725434,0.640928866725324,0.9029601060540179,0.4651449867241938
1438,1.8265599528671959,1.896861874670466,-0.3213574956846987,1.4611473796754963,-0.055663730477615435,1.8742812783947862,1.8423808452610488,1.867710961112662,1.9299452554874603,-0.3056329538763202,1.5562004157254774,-0.08464305292556783,1.8983824336222739,1.8708643412082584,-0.07944392492180974,1.2782230046728869,0.5510811662142671,0.8891431942125725,-1.8284252901360896,-0.4534591012536454,0.181580564490642,1.5446781651939872,1.5582936798709563,-0.393958627608349,0.8262831819789244,0.11765926042581104,1.6026481490979558,1.4437852613875417,-0.3091825111894705,-0.4936153059040588,0.39950008551410265,0.1358146120891053,0.2204157157025331,-0.4436121958941157,-0.5523155743424187
2827,-0.8272935346155679,-0.4124226668467344,-0.3213574956846987,-0.781745315276024,-0.3033986811389427,-0.624836319596752,-0.22279929339796556,-0.8210351880706466,-0.4501102275211775,-0.3056329538763202,-0.7962427920858206,-0.25975925268899097,-0.629448397489818,-0.27266611433158755,0.1125580872804161,0.14908897213202874,0.5510811662142671,0.6670836851257603,-0.06666279233214985,-0.3718930979765781,-0.32942901666641616,-0.8699977730111607,-0.24716870518376147,-0.393958627608349,-0.7442169611837398,-0.49224792627125025,-0.527270478734463,0.045055712040526594,-0.5312249058079979,-0.08913956290356309,0.39950008551410265,0.20834252229112332,-0.41035401083165335,-0.5782694260889291,-0.2979504340757656
3914,-0.8755454162061636,-0.2199822883869677,-0.3213574956846987,-0.716418343578407,-0.48035221732560496,-0.6702748213784163,-0.05070094850971438,-0.8461823061976493,-0.2722685099580334,-0.3056329538763202,-0.7240041719191166,-0.4105970414414447,-0.6530905180129339,-0.11249794153746981,-0.7994514706801558,-0.2343905106176972,0.5510811662142671,0.39074296270661574,-0.6442898407924575,-0.7593316135426476,-0.5029794404556059,-0.8699977730111607,-0.24716870518376147,-0.393958627608349,-0.7442169611837398,-0.49224792627125025,-0.527270478734463,0.045055712040526594,-0.7532673004265251,0.7198119230974284,0.39950008551410265,0.42592625289717795,-1.4616368883886308,-0.7129266562837424,0.21077984645754064
1103,0.1377440971963462,-0.8935236129961511,1.6669721153881703,0.8078776626993254,0.758322535981031,-0.6702748213784163,-1.556561466281912,0.10312658536229734,-0.8922971831518304,1.528127324868998,0.6679661390976748,0.7400970253735814,-0.6152763989674411,-1.4671716761903193,1.79257569404989,1.7469201502558853,-1.5105279201611372,-0.897202189996897,-0.21106955444722766,1.9119549937813052,1.8785180415404963,-0.06510579360944473,-1.1498998977111203,1.935608368238691,1.1403832106114569,0.7275664471228724,-1.2372433546786028,-2.0530386119799955,2.13328382961433,1.5287634090984197,-0.6507475988351664,0.5709820733012146,0.4306722912139286,1.710903487222898,1.3554229776574795
4414,-0.7790416530249722,-0.2199822883869677,-0.037310408388574585,-0.47688611402047765,-0.40957080285094005,-0.7157133231600806,-0.17977470717590277,-0.7698599597839447,-0.2722685099580334,-0.036030889387471135,-0.5053917049900705,-0.3552521670716248,-0.7069922864075552,-0.22956555704706122,0.8325656330387624,-0.2343905106176972,-2.8090739031378527,-2.9894962311704183,1.3196421239725904,2.49311276713041,1.9170848023825382,-0.8699977730111607,-0.24716870518376147,0.770824870315171,0.19808312471385886,-0.49224792627125025,-1.2372433546786028,-0.6543090626329808,1.911241434995803,0.7198119230974284,-2.7512429675337047,-1.9674947837694245,1.061442017748115,2.922818558976218,2.118518398457439
2653,-1.2615604689309292,-1.0859639914559178,-0.3213574956846987,-1.2825854316244216,-0.12644514495228035,-1.033782835631731,-0.8251435005068447,-1.1530336371011551,-1.0365936833912697,-0.3056329538763202,-1.2245197096131462,-0.0632125897504203,-0.9415774973662154,-0.8008660484518793,-0.679450213053765,-0.9587406447005118,0.5510811662142671,0.24763794573955816,0.48208290370514273,-0.7083528614944806,-0.830796907612964,-1.6748897524128765,-1.1498998977111203,-0.393958627608349,-1.3724170184488054,-0.49224792627125025,-1.2372433546786028,-0.6543090626329808,-0.7532673004265251,-1.3025667919050503,0.39950008551410265,-0.29935284912300464,0.640928866725324,-0.7129266562837424,-1.0610458548757251
6000,-0.34477471870961085,-0.4605327614616761,-0.3213574956846987,-0.5857644001831728,0.0858990984717144,-0.1704513017801087,-0.26582387962002835,-0.37053141842904064,-0.466974973961211,-0.3056329538763202,-0.5978411717880364,0.07949663408048228,-0.20590624986901185,-0.2878548768950012,0.6645638723618148,-0.44743466770087775,0.5510811662142671,0.6424104063383361,1.406286181241636,-0.1373908385550097,-0.5993963425607112,-0.06510579360944473,-0.24716870518376147,-0.393958627608349,-0.43011693255120736,0.11765926042581104,0.18270239720967668,0.045055712040526594,-0.08714011657094316,-0.2913774344038109,0.39950008551410265,0.280870432493142,0.2204157157025331,-0.30895496569930236,-0.42513300420909217
1075,-0.00701154757544092,-0.027541909927201003,0.43610140377163226,0.28526188911838846,0.015117683997049484,-0.21588980356177304,-0.22279929339796556,-0.07075004994543396,-0.020288886923930355,0.31397936612575733,0.17192366480962537,-0.03617633179823251,-0.21285563422815798,-0.15460991218867115,1.52857292727183,1.6830069031309305,-0.600207024878491,0.040382403925199685,-0.44212037383134983,1.106490711420266,1.193958036594248,-0.06510579360944473,-0.24716870518376147,0.770824870315171,0.5121831533463913,0.11765926042581104,-0.527270478734463,-0.6543090626329808,1.4671566457587482,1.5287634090984197,0.39950008551410265,1.441316995725434,-0.20009743532025787,0.6336456456643912,0.7195101269908469
1869,-0.48953036348139795,0.7903296985268075,0.43610140377163226,0.43769148974616195,-0.9404314114109269,-0.6702748213784163,0.508618672377102,-0.5381883407979545,0.7755732535719463,0.31397936612575733,0.33264398366977477,-0.9685487235373774,-0.6523188106303811,0.5621610827494548,-1.0634542374582163,0.6177861177150261,-0.600207024878491,-0.7392932057573858,-2.1172388143662437,0.005349667179857697,0.7118735260687212,-0.06510579360944473,0.6555624873435975,0.770824870315171,0.8262831819789244,-0.49224792627125025,-0.527270478734463,0.045055712040526594,-0.7532673004265251,1.326525537598172,0.39950008551410265,0.6435099835032333,-2.092406614922817,-0.7129266562837424,0.5923275568575204
3781,-0.8755454162061636,1.0789902662164574,-0.3213574956846987,-0.12847559829985322,-1.4359013127335813,-0.6702748213784163,1.1109628794859812,-0.8461823061976493,1.094391722123531,-0.3056329538763202,-0.08035862920810036,-1.429607052464637,-0.6530905180129339,1.1183464025358973,-0.7994514706801558,-1.4061333745751916,0.5510811662142671,0.11933689604495638,0.9441845424733893,-0.7593316135426476,-1.0332724020336852,-0.8699977730111607,1.5582936798709563,-0.393958627608349,-0.11601690391867427,-1.712062299665373,-0.527270478734463,1.4437852613875417,-0.7532673004265251,-1.1003289204048023,0.39950008551410265,-0.22682493892098599,0.4306722912139286,-0.7129266562837424,-0.9338632847423984
5707,2.936353229450897,1.896861874670466,-0.3213574956846987,1.961987496023894,0.758322535981031,2.9193668193730655,1.8423808452610488,3.1508061925076536,1.9299452554874603,-0.3056329538763202,2.1438966374951733,0.8457888287299936,3.1046873449871275,1.8708643412082584,0.08855783575513787,1.2782230046728869,0.5510811662142671,0.9236857845149661,-1.6262558231749815,-0.38208884838621127,0.181580564490642,2.349570144595703,1.5582936798709563,-0.393958627608349,1.1403832106114569,0.7275664471228724,2.3126210250420955,1.4437852613875417,-0.3091825111894705,-0.4936153059040588,0.39950008551410265,0.1358146120891053,0.2204157157025331,-0.4436121958941157,-0.5523155743424187
1371,1.6818043080954086,-0.6048630453065011,-0.3213574956846987,0.2634862318858495,1.6784809241516752,1.7379657730497933,-0.3948976382862167,1.7208637871862629,-0.5984604181023949,-0.3056329538763202,0.29815606184508997,1.694102582898777,1.760323727773236,-0.4062735675469233,-0.15144467949764442,-0.4687390834091959,0.5510811662142671,0.4696974548263713,0.4532015512821273,-0.4840463524825459,-0.6090380327712217,1.5446781651939872,-0.24716870518376147,-0.393958627608349,0.19808312471385886,1.3374736338199338,1.6026481490979558,0.045055712040526594,-0.3091825111894705,-0.8980910489045545,0.39950008551410265,-0.009241208314931339,0.640928866725324,-0.4436121958941157,-0.8066807146090719
6150,1.9230637160483872,-0.6048630453065011,-0.3213574956846987,0.3723645180485447,1.8554344603383375,1.9651582819581148,-0.3948976382862167,1.9442650540687072,-0.5984604181023949,-0.3056329538763202,0.40048056377830493,1.856101206246229,1.970354938903552,-0.4062735675469233,-0.03144342187125328,-0.4687390834091959,0.5510811662142671,0.4943707336137944,0.5976083133972044,-0.4330676004343786,-0.6090380327712217,1.5446781651939872,-0.24716870518376147,-0.393958627608349,0.19808312471385886,1.3374736338199338,1.6026481490979558,0.045055712040526594,-0.3091825111894705,-0.8980910489045545,0.39950008551410265,-0.009241208314931339,0.640928866725324,-0.4436121958941157,-0.8066807146090719
3799,-0.8755454162061636,-1.0859639914559178,0.43610140377163226,-0.5857644001831728,0.15668051294637933,-1.033782835631731,-1.1693401902833471,-0.8461823061976493,-1.0365936833912697,0.31397936612575733,-0.6618889559728176,0.1592995466953365,-0.9418800404141233,-1.0699164245331398,-0.7994514706801558,-0.9587406447005118,-0.600207024878491,-1.050176518478923,0.3376761415900659,0.11750292168582552,-0.001611549509058124,-0.8699977730111607,-1.1498998977111203,0.770824870315171,-0.11601690391867427,0.11765926042581104,-1.2372433546786028,-1.3536738373064883,-0.7532673004265251,-1.3025667919050503,0.39950008551410265,-0.29935284912300464,0.640928866725324,-0.7129266562837424,-1.0610458548757251
2276,-1.2615604689309292,-0.4124226668467344,-0.3213574956846987,-0.9777262303688754,-0.6219150462749348,-1.033782835631731,-0.22279929339796556,-1.1530336371011551,-0.4501102275211775,-0.3056329538763202,-0.9483080709166828,-0.5005067311924716,-0.9415774973662154,-0.27266611433158755,-0.679450213053765,0.14908897213202874,0.5510811662142671,0.504240045128765,-1.0197474222916585,-0.7083528614944806,-0.32942901666641616,-1.6748897524128765,-0.24716870518376147,-0.393958627608349,-1.058316989816273,-1.1021551129683116,-1.2372433546786028,0.045055712040526594,-0.7532673004265251,-0.08913956290356309,0.39950008551410265,0.1358146120891053,-0.6206105863430489,-0.7129266562837424,-0.2979504340757656
683,-0.44127848189080227,-0.07565200454214267,-0.3213574956846987,-0.4551104567879385,-0.2680079739016102,-0.2613283053434374,0.07837281015647402,-0.5194565462508922,-0.09538257075987763,-0.3056329538763202,-0.49104732208213453,-0.3055628330842972,-0.345918548817253,0.046809436183287416,-0.6314497100032085,0.894743521923162,0.5510811662142671,0.6868223081556992,-1.9728320522511673,-0.6879613606752139,0.008030140701452634,-0.06510579360944473,-0.24716870518376147,-0.393958627608349,-0.43011693255120736,0.11765926042581104,0.18270239720967668,0.045055712040526594,-0.5312249058079979,1.326525537598172,0.39950008551410265,0.7160378937052513,-1.8821500394114217,-0.5782694260889291,0.5923275568575204
2748,-1.2615604689309292,0.21300856314750738,-0.3213574956846987,-0.694642686345868,-1.0819942403602567,-1.033782835631731,0.3365203274888508,-1.1530336371011551,0.16465329695576397,-0.3056329538763202,-0.6587775840683007,-0.9588870741250792,-0.9415774973662154,0.2810034732385092,-0.679450213053765,-1.1504803860753747,0.5510811662142671,0.20322604392219618,0.7420150755122816,-0.7083528614944806,-0.9175721195075587,-1.6748897524128765,0.6555624873435975,-0.393958627608349,-0.7442169611837398,-1.712062299665373,-1.2372433546786028,0.744420486714034,-0.7532673004265251,-1.1003289204048023,0.39950008551410265,-0.22682493892098599,0.4306722912139286,-0.7129266562837424,-0.9338632847423984
3244,0.6202629131023032,-0.027541909927201003,5.927678424830032,4.357309791603187,0.47519687808237143,-2.2606223837366675,-2.7182252942776075,0.5486209335776193,-0.020288886923930355,6.1675833316368704,4.4431241788679765,0.4129583041521102,-2.3588061106359106,-2.696383691551616,2.152579466929064,1.6830069031309305,-0.8947226086464062,-0.15700382637418933,0.30879478916705144,1.59588673108267,1.40607522122548,0.7397861857922712,-0.24716870518376147,4.265175364085731,3.65318343967172,0.7275664471228724,-1.9472162306227425,-2.752403386653503,0.3569446726661115,1.5287634090984197,-1.7009952831844355,-1.0971598613452052,-1.2513803128772354,1.306931796638458,1.9913358283241125
1623,-0.48953036348139795,-0.2199822883869677,0.3414190413395909,-0.08492428383477492,-0.19722655942694528,-0.624836319596752,-0.3518730520641539,-0.5381883407979545,-0.2722685099580334,0.2718928888790672,-0.1895196168612323,-0.18725632770982428,-0.6327031037258131,-0.363273370259518,-1.0634542374582163,-0.2343905106176972,-1.1223028324670676,-1.5140341596824871,-0.9619847174456273,0.40298393315556075,0.7022318358582109,-0.06510579360944473,-0.24716870518376147,0.770824870315171,0.5121831533463913,0.11765926042581104,-0.527270478734463,-0.6543090626329808,-0.7532673004265251,0.7198119230974284,0.18945054864424885,0.20834252229112332,-1.4616368883886308,-0.5782694260889291,0.33796241659086723
6942,0.041240334015154784,0.7422196039118658,-0.3213574956846987,0.1328322884906154,-0.5157429245629375,0.1930567124732059,0.8097907759315416,-0.03512962201731603,0.7188587786067024,-0.3056329538763202,0.1142660177947307,-0.5614700266877377,0.10942251481837402,0.7801331519484422,0.9285666391398748,0.4260463763401636,0.5510811662142671,0.8990125057275419,0.5398456085511736,-0.02523758404904233,-0.20408704392977933,-0.06510579360944473,0.6555624873435975,-0.393958627608349,-0.11601690391867427,-0.49224792627125025,0.18270239720967668,0.744420486714034,1.6891990403772754,1.124287666097924,0.39950008551410265,1.368789085523416,0.4306722912139286,0.7683028758592045,0.4651449867241938
4100,-0.8755454162061636,1.0789902662164574,-0.3213574956846987,-0.12847559829985322,-1.4359013127335813,-0.6702748213784163,1.1109628794859812,-0.8461823061976493,1.094391722123531,-0.3056329538763202,-0.08035862920810036,-1.429607052464637,-0.6530905180129339,1.1183464025358973,-0.7994514706801558,-1.4061333745751916,0.5510811662142671,0.11933689604495638,0.9441845424733893,-0.7593316135426476,-1.0332724020336852,-0.8699977730111607,1.5582936798709563,-0.393958627608349,-0.11601690391867427,-1.712062299665373,-0.527270478734463,1.4437852613875417,-0.7532673004265251,-1.1003289204048023,0.39950008551410265,-0.22682493892098599,0.4306722912139286,-0.7129266562837424,-0.9338632847423984
6036,-0.34477471870961085,2.2817426315899993,-0.3213574956846987,0.6554480620715523,-1.9313712140562358,-0.1704513017801087,2.186577535037551,-0.37053141842904064,2.3643223489917515,-0.3056329538763202,0.7355933273139659,-2.0315769513986948,-0.20590624986901185,2.26207393096888,0.6645638723618148,1.2143097575479331,0.5510811662142671,1.0273135554221449,-0.8464593077535659,-0.1373908385550097,0.15265549385911056,-0.06510579360944473,1.5582936798709563,-0.393958627608349,0.19808312471385886,-1.1021551129683116,0.18270239720967668,1.4437852613875417,-0.08714011657094316,1.124287666097924,0.39950008551410265,0.7885658039072693,-1.2513803128772354,-0.30895496569930236,0.4651449867241938
2521,-1.2615604689309292,-0.6048630453065011,-0.3213574956846987,-1.0648288592990314,-0.48035221732560496,-1.033782835631731,-0.3948976382862167,-1.1530336371011551,-0.5984604181023949,-0.3056329538763202,-1.0181754283523323,-0.38989377429885436,-0.9415774973662154,-0.4062735675469233,-0.679450213053765,-0.4687390834091959,0.5510811662142671,0.3611350281617074,-0.1821882020242116,-0.7083528614944806,-0.6090380327712217,-1.6748897524128765,-0.24716870518376147,-0.393958627608349,-1.058316989816273,-1.1021551129683116,-1.2372433546786028,0.045055712040526594,-0.7532673004265251,-0.8980910489045545,0.39950008551410265,-0.154297028718968,0.2204157157025331,-0.7129266562837424,-0.8066807146090719
496,-0.634286008253185,0.8865498877566909,6.779819686718404,4.792822936253969,-1.1173849475975892,-3.850969946094919,-2.2879794320569795,-0.6726645381929256,0.8712342093176664,7.137189295297128,4.964113888692026,-1.137390431743743,-3.958915341063086,-2.314484253641834,3.1605900309907486,1.91735547592243,-1.349883056287729,-0.39880195849093925,1.204116714280528,2.370763762214809,1.8399512806984542,-0.8699977730111607,0.6555624873435975,4.265175364085731,3.339083411039187,-1.1021551129683116,-3.367161982511022,-2.0530386119799955,2.5773686188513847,1.7310012805986676,0.18945054864424885,1.6589007263314886,0.640928866725324,1.4415890268332714,0.9738752672575001
2522,-1.2615604689309292,-0.6048630453065011,-0.3213574956846987,-1.0648288592990314,-0.48035221732560496,-1.033782835631731,-0.3948976382862167,-1.1530336371011551,-0.5984604181023949,-0.3056329538763202,-1.0181754283523323,-0.38989377429885436,-0.9415774973662154,-0.4062735675469233,-0.679450213053765,-0.4687390834091959,0.5510811662142671,0.3611350281617074,-0.1821882020242116,-0.7083528614944806,-0.6090380327712217,-1.6748897524128765,-0.24716870518376147,-0.393958627608349,-1.058316989816273,-1.1021551129683116,-1.2372433546786028,0.045055712040526594,-0.7532673004265251,-0.8980910489045545,0.39950008551410265,-0.154297028718968,0.2204157157025331,-0.7129266562837424,-0.8066807146090719
2691,-1.2615604689309292,-0.6048630453065011,-0.3213574956846987,-1.0648288592990314,-0.48035221732560496,-1.033782835631731,-0.3948976382862167,-1.1530336371011551,-0.5984604181023949,-0.3056329538763202,-1.0181754283523323,-0.38989377429885436,-0.9415774973662154,-0.4062735675469233,-0.679450213053765,-0.4687390834091959,0.5510811662142671,0.3611350281617074,-0.1821882020242116,-0.7083528614944806,-0.6090380327712217,-1.6748897524128765,-0.24716870518376147,-0.393958627608349,-1.058316989816273,-1.1021551129683116,-1.2372433546786028,0.045055712040526594,-0.7532673004265251,-0.8980910489045545,0.39950008551410265,-0.154297028718968,0.2204157157025331,-0.7129266562837424,-0.8066807146090719
4635,-0.8755454162061636,0.3092287523773907,-0.3213574956846987,-0.47688611402047765,-0.869649996936262,-0.6702748213784163,0.4225694999329764,-0.8461823061976493,0.23904279155665106,-0.3056329538763202,-0.4831957892412677,-0.7918412766667405,-0.6530905180129339,0.34800029259317783,-0.7994514706801558,-0.34091258915928724,0.5510811662142671,0.36606968391919265,-0.499883078677381,-0.7593316135426476,-0.5511878915081585,-0.8699977730111607,0.6555624873435975,-0.393958627608349,-0.43011693255120736,-1.1021551129683116,-0.527270478734463,0.744420486714034,-0.7532673004265251,-0.6958531774043066,0.39950008551410265,-0.08176911851694935,0.01015914019113761,-0.7129266562837424,-0.6794981444757453
2117,0.041240334015154784,-0.9416337076110928,-0.7947693078449056,-0.9559505731363362,0.7229318287436987,0.42024922138152754,-0.48094681073034234,-0.03512962201731603,-0.9125886553590835,-0.6549940881947908,-0.892071223643032,0.6549707745033045,0.2722530975366624,-0.5374834887721344,0.9285666391398748,0.9160479376314796,-2.7421385431905994,-2.629266360874034,-0.12442549717818072,2.4829170167207764,2.3895276226975546,-0.06510579360944473,-1.1498998977111203,-0.393958627608349,-0.7442169611837398,0.7275664471228724,0.18270239720967668,-0.6543090626329808,1.6891990403772754,1.326525537598172,-2.7512429675337047,-1.822438963365388,0.2204157157025331,2.788161328781405,2.5000661088574185
6930,0.041240334015154784,-0.9897438022260345,-0.3213574956846987,-0.6510913718807899,0.758322535981031,0.1930567124732059,-0.7390943280627191,-0.03512962201731603,-0.9662956267991046,-0.3056329538763202,-0.6793782958085551,0.695015798331767,0.10942251481837402,-0.7375540683966553,0.9285666391398748,0.298219882090255,0.5510811662142671,0.8694045711826336,0.7131337230892663,-0.02523758404904233,-0.2619371851928426,-0.06510579360944473,-1.1498998977111203,-0.393958627608349,-0.7442169611837398,0.7275664471228724,0.18270239720967668,-0.6543090626329808,1.6891990403772754,1.124287666097924,0.39950008551410265,1.368789085523416,0.4306722912139286,0.7683028758592045,0.4651449867241938
3050,-0.8272935346155679,-0.6048630453065011,-0.3213574956846987,-0.8688479442061802,-0.1618358521896128,-0.624836319596752,-0.3948976382862167,-0.8210351880706466,-0.5984604181023949,-0.3056329538763202,-0.8661101495214704,-0.14914629579537378,-0.629448397489818,-0.4062735675469233,0.1125580872804161,-0.4687390834091959,0.5510811662142671,0.5239786681587028,0.7708964279352971,-0.3718930979765781,-0.6090380327712217,-0.8699977730111607,-0.24716870518376147,-0.393958627608349,-0.7442169611837398,-0.49224792627125025,-0.527270478734463,0.045055712040526594,-0.5312249058079979,-0.8980910489045545,0.39950008551410265,-0.08176911851694935,0.4306722912139286,-0.5782694260889291,-0.8066807146090719
2892,-0.8272935346155679,-0.5567529506915594,-0.3213574956846987,-0.847072286973641,-0.19722655942694528,-0.624836319596752,-0.3518730520641539,-0.8210351880706466,-0.5412903678464469,-0.3056329538763202,-0.839185207125393,-0.19177346249998972,-0.629448397489818,-0.3547849595110058,0.1125580872804161,-0.2769993420343334,0.5510811662142671,0.5683905699760659,0.5109642561281589,-0.3718930979765781,-0.522262820876627,-0.8699977730111607,-0.24716870518376147,-0.393958627608349,-0.7442169611837398,-0.49224792627125025,-0.527270478734463,0.045055712040526594,-0.5312249058079979,-0.6958531774043066,0.39950008551410265,-0.009241208314931339,0.2204157157025331,-0.5782694260889291,-0.6794981444757453
4578,-0.8755454162061636,0.6941095092969242,-0.3213574956846987,-0.3026808561601652,-1.1527756548349215,-0.6702748213784163,0.7667661897094787,-0.8461823061976493,0.6464873895690869,-0.3056329538763202,-0.29130471547163567,-1.0956403589592096,-0.6530905180129339,0.7149538829694894,-0.7994514706801558,0.04256689359043819,0.5510811662142671,0.45489348755391773,-1.0197474222916583,-0.7593316135426476,-0.3776374677189689,-0.8699977730111607,0.6555624873435975,-0.393958627608349,-0.43011693255120736,-1.1021551129683116,-0.527270478734463,0.744420486714034,-0.7532673004265251,0.9220497945976762,0.39950008551410265,0.4984541630991966,-1.6718934639000262,-0.7129266562837424,0.33796241659086723
3032,-0.8272935346155679,-0.6048630453065011,-0.3213574956846987,-0.8688479442061802,-0.1618358521896128,-0.624836319596752,-0.3948976382862167,-0.8210351880706466,-0.5984604181023949,-0.3056329538763202,-0.8661101495214704,-0.14914629579537378,-0.629448397489818,-0.4062735675469233,0.1125580872804161,-0.4687390834091959,0.5510811662142671,0.5239786681587028,0.7708964279352971,-0.3718930979765781,-0.6090380327712217,-0.8699977730111607,-0.24716870518376147,-0.393958627608349,-0.7442169611837398,-0.49224792627125025,-0.527270478734463,0.045055712040526594,-0.5312249058079979,-0.8980910489045545,0.39950008551410265,-0.08176911851694935,0.4306722912139286,-0.5782694260889291,-0.8066807146090719
3765,-0.8755454162061636,-0.17187219377202603,-0.3213574956846987,-0.694642686345868,-0.5157429245629375,-0.6702748213784163,-0.00767636228765158,-0.8461823061976493,-0.19205006897440713,-0.3056329538763202,-0.6862243047873303,-0.47040956288028446,-0.6530905180129339,-0.040251444524313985,-0.7994514706801558,0.10648014071539251,0.5510811662142671,0.4696974548263713,-1.1063914795607046,-0.7593316135426476,-0.34871239708743723,-0.8699977730111607,-0.24716870518376147,-0.393958627608349,-0.7442169611837398,-0.49224792627125025,-0.527270478734463,0.045055712040526594,-0.7532673004265251,0.9220497945976762,0.39950008551410265,0.4984541630991966,-1.6718934639000262,-0.7129266562837424,0.33796241659086723
1002,1.2475373737800473,1.0789902662164574,-0.3213574956846987,0.8296533199318643,0.12128980570904686,1.329019257014814,1.1109628794859812,1.2553977533490932,1.094391722123531,-0.3056329538763202,0.8822282704403012,0.0943461517943961,1.322714773307061,1.1183464025358973,-1.1354549920340506,-1.4061333745751916,0.5510811662142671,0.050251715440170236,0.5398456085511736,-0.9020721192775154,-1.0332724020336852,1.5446781651939872,1.5582936798709563,-0.393958627608349,0.8262831819789244,0.11765926042581104,1.6026481490979558,1.4437852613875417,-0.7532673004265251,-1.1003289204048023,0.39950008551410265,-0.22682493892098599,0.4306722912139286,-0.7129266562837424,-0.9338632847423984
2312,-1.2615604689309292,-0.6048630453065011,-0.3213574956846987,-1.0648288592990314,-0.48035221732560496,-1.033782835631731,-0.3948976382862167,-1.1530336371011551,-0.5984604181023949,-0.3056329538763202,-1.0181754283523323,-0.38989377429885436,-0.9415774973662154,-0.4062735675469233,-0.679450213053765,-0.4687390834091959,0.5510811662142671,0.3611350281617074,-0.1821882020242116,-0.7083528614944806,-0.6090380327712217,-1.6748897524128765,-0.24716870518376147,-0.393958627608349,-1.058316989816273,-1.1021551129683116,-1.2372433546786028,0.045055712040526594,-0.7532673004265251,-0.8980910489045545,0.39950008551410265,-0.154297028718968,0.2204157157025331,-0.7129266562837424,-0.8066807146090719
2154,-1.2615604689309292,-0.4605327614616761,-0.3213574956846987,-0.9995018876014143,-0.5865243390376024,-1.033782835631731,-0.26582387962002835,-1.1530336371011551,-0.466974973961211,-0.3056329538763202,-0.9562507318797122,-0.48793202897143245,-0.9415774973662154,-0.2878548768950012,-0.679450213053765,-0.44743466770087775,0.5510811662142671,0.36606968391919265,-0.21106955444722703,-0.7083528614944806,-0.5993963425607112,-1.6748897524128765,-0.24716870518376147,-0.393958627608349,-1.058316989816273,-1.1021551129683116,-1.2372433546786028,0.045055712040526594,-0.7532673004265251,-0.2913774344038109,0.39950008551410265,0.06328670188708667,-0.41035401083165335,-0.7129266562837424,-0.42513300420909217
5954,-0.34477471870961085,-0.26809238300190935,-0.3213574956846987,-0.4986617712530166,-0.055663730477615435,-0.1704513017801087,-0.09372553473177717,-0.37053141842904064,-0.30691082696139377,-0.3056329538763202,-0.5224569816683339,-0.03985048993019658,-0.20590624986901185,-0.14369757620031404,0.6645638723618148,0.298219882090255,0.5510811662142671,0.815123357850301,0.3954388464360971,-0.1373908385550097,-0.2619371851928426,-0.06510579360944473,-0.24716870518376147,-0.393958627608349,-0.43011693255120736,0.11765926042581104,0.18270239720967668,0.045055712040526594,-0.08714011657094316,0.5175740515971805,0.39950008551410265,0.5709820733012146,-0.6206105863430489,-0.30895496569930236,0.08359727632421407
3611,-0.8755454162061636,-0.6048630453065011,-0.3213574956846987,-0.8906236014387191,-0.19722655942694528,-0.6702748213784163,-0.3948976382862167,-0.8461823061976493,-0.5984604181023949,-0.3056329538763202,-0.8776282862505487,-0.16738163785309762,-0.6530905180129339,-0.4062735675469233,-0.7994514706801558,-0.4687390834091959,0.5510811662142671,0.3364617493742843,-0.32659496413928846,-0.7593316135426476,-0.6090380327712217,-0.8699977730111607,-0.24716870518376147,-0.393958627608349,-0.7442169611837398,-0.49224792627125025,-0.527270478734463,0.045055712040526594,-0.7532673004265251,-0.8980910489045545,0.39950008551410265,-0.154297028718968,0.2204157157025331,-0.7129266562837424,-0.8066807146090719
5597,2.11607124241077,-0.2199822883869677,-0.3213574956846987,0.6336724048390129,1.7138716313890077,2.146912289084772,-0.05070094850971438,2.1739655727950575,-0.2722685099580334,-0.3056329538763202,0.6593144269194561,1.779452305771963,2.1863084060373965,-0.11249794153746981,0.5685628662607018,-0.2343905106176972,0.5510811662142671,0.6720183408832445,1.0019472473194206,-0.17817384019354338,-0.5029794404556059,1.5446781651939872,-0.24716870518376147,-0.393958627608349,0.19808312471385886,1.3374736338199338,1.6026481490979558,0.045055712040526594,0.13490227804758417,0.7198119230974284,0.39950008551410265,0.7160378937052513,-0.6206105863430489,-0.174297735504489,0.21077984645754064
3034,-0.8272935346155679,-0.6048630453065011,1.2882426656600046,0.24171057465331056,-0.1618358521896128,-1.3972908498850456,-1.1263156040612843,-0.8210351880706466,-0.5984604181023949,1.1961387923508549,0.15690572974959965,-0.14914629579537378,-1.3293956570070138,-1.0583785048878689,0.1125580872804161,-0.4687390834091959,-1.9790754397919108,-2.2739711463351338,0.7708964279352971,1.555103729444136,1.2132414170152692,-0.8699977730111607,-0.24716870518376147,1.935608368238691,1.1403832106114569,-0.49224792627125025,-1.9472162306227425,-1.3536738373064883,-0.5312249058079979,-0.8980910489045545,-1.4909457463145817,-2.0400226939714425,0.4306722912139286,0.6336456456643912,0.33796241659086723
642,-0.44127848189080227,-0.6048630453065011,-0.3213574956846987,-0.694642686345868,0.12128980570904686,-0.2613283053434374,-0.3948976382862167,-0.5194565462508922,-0.5984604181023949,-0.3056329538763202,-0.7279780576648021,0.0695423691686553,-0.345918548817253,-0.4062735675469233,-0.6314497100032085,-0.4687390834091959,0.5510811662142671,0.37100433967667684,-0.12442549717818072,-0.6879613606752139,-0.6090380327712217,-0.06510579360944473,-0.24716870518376147,-0.393958627608349,-0.43011693255120736,0.11765926042581104,0.18270239720967668,0.045055712040526594,-0.5312249058079979,-0.8980910489045545,0.39950008551410265,-0.08176911851694935,0.4306722912139286,-0.5782694260889291,-0.8066807146090719
6126,2.502086295135536,2.329852726204941,-0.3213574956846987,1.961987496023894,0.12128980570904686,2.510420303338087,2.2296021212596138,2.622049141810179,2.3974287264435943,-0.3056329538763202,2.121877122724316,0.11379725724946937,2.6075751965134,2.2918902645994375,0.8565658845640406,0.5538728705900723,0.5510811662142671,0.9138164729999966,0.27991343674403535,-0.05582483527794236,-0.14623690266671607,1.5446781651939872,1.5582936798709563,-0.393958627608349,0.8262831819789244,0.11765926042581104,1.6026481490979558,1.4437852613875417,1.911241434995803,1.326525537598172,0.39950008551410265,1.513844905927452,0.4306722912139286,0.9029601060540179,0.5923275568575204
828,0.9097742026458774,-0.26809238300190935,0.43610140377163226,0.590121090373935,0.8644946576930285,0.6474417302898492,-0.43792222450827956,0.8635452859147253,-0.30691082696139377,0.31397936612575733,0.46487089138018306,0.8550357835395486,0.6655242589681197,-0.41274795228157457,1.0245676452409878,0.298219882090255,-0.600207024878491,-0.3839979912184856,0.828659132781328,0.8923799528179643,0.5672481729110633,0.7397861857922712,-0.24716870518376147,0.770824870315171,0.8262831819789244,0.7275664471228724,0.18270239720967668,-0.6543090626329808,1.6891990403772754,0.5175740515971805,0.39950008551410265,1.1512053549173606,1.061442017748115,0.7683028758592045,0.08359727632421407
2575,-1.2615604689309292,-0.6048630453065011,-0.3213574956846987,-1.0648288592990314,-0.48035221732560496,-1.033782835631731,-0.3948976382862167,-1.1530336371011551,-0.5984604181023949,-0.3056329538763202,-1.0181754283523323,-0.38989377429885436,-0.9415774973662154,-0.4062735675469233,-0.679450213053765,-0.4687390834091959,0.5510811662142671,0.3611350281617074,-0.1821882020242116,-0.7083528614944806,-0.6090380327712217,-1.6748897524128765,-0.24716870518376147,-0.393958627608349,-1.058316989816273,-1.1021551129683116,-1.2372433546786028,0.045055712040526594,-0.7532673004265251,-0.8980910489045545,0.39950008551410265,-0.154297028718968,0.2204157157025331,-0.7129266562837424,-0.8066807146090719
5593,2.11607124241077,-0.2199822883869677,-0.3213574956846987,0.6336724048390129,1.7138716313890077,2.146912289084772,-0.05070094850971438,2.1739655727950575,-0.2722685099580334,-0.3056329538763202,0.6593144269194561,1.779452305771963,2.1863084060373965,-0.11249794153746981,0.5685628662607018,-0.2343905106176972,0.5510811662142671,0.6720183408832445,1.0019472473194206,-0.17817384019354338,-0.5029794404556059,1.5446781651939872,-0.24716870518376147,-0.393958627608349,0.19808312471385886,1.3374736338199338,1.6026481490979558,0.045055712040526594,0.13490227804758417,0.7198119230974284,0.39950008551410265,0.7160378937052513,-0.6206105863430489,-0.174297735504489,0.21077984645754064
1433,1.0545298474176645,-0.07565200454214267,6.4957725994222795,4.923476879649202,0.8291039504556961,-2.1243068783916748,-3.019397397832047,1.042297503144985,-0.09538257075987763,6.813591346279013,5.0739411184345,0.8269374859160084,-2.1957670104355578,-3.0445267324668435,1.8885767001510028,0.894743521923162,-1.3766572002666304,-0.9268101245418043,1.05970995216545,1.8507804913235049,1.3964335310149696,0.7397861857922712,-0.24716870518376147,4.265175364085731,3.65318343967172,0.7275664471228724,-1.9472162306227425,-2.752403386653503,2.3553262242328574,1.326525537598172,-0.44069806196531264,0.7885658039072693,0.8511854422367195,1.710903487222898,1.1010578373908264
676,-0.44127848189080227,-0.6048630453065011,-0.3213574956846987,-0.694642686345868,0.12128980570904686,-0.2613283053434374,-0.3948976382862167,-0.5194565462508922,-0.5984604181023949,-0.3056329538763202,-0.7279780576648021,0.0695423691686553,-0.345918548817253,-0.4062735675469233,-0.6314497100032085,-0.4687390834091959,0.5510811662142671,0.37100433967667684,-0.12442549717818072,-0.6879613606752139,-0.6090380327712217,-0.06510579360944473,-0.24716870518376147,-0.393958627608349,-0.43011693255120736,0.11765926042581104,0.18270239720967668,0.045055712040526594,-0.5312249058079979,-0.8980910489045545,0.39950008551410265,-0.08176911851694935,0.4306722912139286,-0.5782694260889291,-0.8066807146090719
6705,0.041240334015154784,-0.5086428560766177,-0.3213574956846987,-0.43333479955539955,0.4044154636077065,0.1930567124732059,-0.30884846584209114,-0.03512962201731603,-0.5216801759453499,-0.3056329538763202,-0.46998114906741195,0.3635013627463417,0.10942251481837402,-0.33712358821984345,0.9285666391398748,-0.21308609490937908,0.5510811662142671,0.7509728330030001,1.406286181241636,-0.02523758404904233,-0.4933377502450954,-0.06510579360944473,-0.24716870518376147,-0.393958627608349,-0.43011693255120736,0.11765926042581104,0.18270239720967668,0.045055712040526594,1.6891990403772754,-0.4936153059040588,0.39950008551410265,0.7885658039072693,2.1127248953050923,0.7683028758592045,-0.5523155743424187
1760,-0.48953036348139795,-0.26809238300190935,0.43610140377163226,-0.04137296936969701,-0.1618358521896128,-0.6702748213784163,-0.43792222450827956,-0.5381883407979545,-0.30691082696139377,0.31397936612575733,-0.1771652850390371,-0.1614263028047341,-0.6523188106303811,-0.41274795228157457,-1.0634542374582163,0.298219882090255,-0.600207024878491,-0.8133130421196562,-1.684018528021013,0.005349667179857697,0.5672481729110633,-0.06510579360944473,-0.24716870518376147,0.770824870315171,0.5121831533463913,0.11765926042581104,-0.527270478734463,-0.6543090626329808,-0.7532673004265251,0.5175740515971805,0.39950008551410265,0.35339834269515996,-1.2513803128772354,-0.7129266562837424,0.08359727632421407
763,-0.44127848189080227,-0.6048630453065011,-0.3213574956846987,-0.694642686345868,0.12128980570904686,-0.2613283053434374,-0.3948976382862167,-0.5194565462508922,-0.5984604181023949,-0.3056329538763202,-0.7279780576648021,0.0695423691686553,-0.345918548817253,-0.4062735675469233,-0.6314497100032085,-0.4687390834091959,0.5510811662142671,0.37100433967667684,-0.12442549717818072,-0.6879613606752139,-0.6090380327712217,-0.06510579360944473,-0.24716870518376147,-0.393958627608349,-0.43011693255120736,0.11765926042581104,0.18270239720967668,0.045055712040526594,-0.5312249058079979,-0.8980910489045545,0.39950008551410265,-0.08176911851694935,0.4306722912139286,-0.5782694260889291,-0.8066807146090719
61,-0.7790416530249722,2.329852726204941,0.5307837662036736,1.0691855494897935,-2.2852782864295604,-0.9883443338500666,1.8423808452610488,-0.7698599597839447,2.3974287264435943,0.4446465394754637,1.0793755684980497,-2.3458334003827637,-0.9310268974525601,1.9661011004141962,0.8325656330387624,0.5538728705900723,0.1762431505096484,0.4943707336137944,0.2510320843210199,0.21946042578215946,0.12373042322757873,-0.8699977730111607,1.5582936798709563,0.770824870315171,0.8262831819789244,-1.712062299665373,-1.2372433546786028,0.744420486714034,1.911241434995803,1.326525537598172,0.6095496223839565,1.7314286365335072,0.4306722912139286,0.7683028758592045,0.4651449867241938
4796,-0.8755454162061636,-0.2199822883869677,-0.3213574956846987,-0.716418343578407,-0.48035221732560496,-0.6702748213784163,-0.05070094850971438,-0.8461823061976493,-0.2722685099580334,-0.3056329538763202,-0.7240041719191166,-0.4105970414414447,-0.6530905180129339,-0.11249794153746981,-0.7994514706801558,-0.2343905106176972,0.5510811662142671,0.39074296270661574,-0.6442898407924575,-0.7593316135426476,-0.5029794404556059,-0.8699977730111607,-0.24716870518376147,-0.393958627608349,-0.7442169611837398,-0.49224792627125025,-0.527270478734463,0.045055712040526594,-0.7532673004265251,0.7198119230974284,0.39950008551410265,0.42592625289717795,-1.4616368883886308,-0.7129266562837424,0.21077984645754064
4523,-0.8755454162061636,-0.7010832345363844,-0.3213574956846987,-0.9341749159037972,-0.12644514495228035,-0.6702748213784163,-0.48094681073034234,-0.8461823061976493,-0.7432961707267495,-0.3056329538763202,-0.9458404756546941,-0.05938911826869258,-0.6530905180129339,-0.5367158404341442,-0.7994514706801558,-1.6191775316583727,0.5510811662142671,0.06999033847010913,1.2329980667035436,-0.7593316135426476,-1.1296893041387905,-0.8699977730111607,-0.24716870518376147,-0.393958627608349,-0.7442169611837398,-0.49224792627125025,-0.527270478734463,0.045055712040526594,-0.7532673004265251,-1.3025667919050503,0.39950008551410265,-0.29935284912300464,0.640928866725324,-0.7129266562837424,-1.0610458548757251
3985,-0.8755454162061636,-1.0859639914559178,-0.3213574956846987,-1.1083801737641095,0.15668051294637933,-0.6702748213784163,-0.8251435005068447,-0.8461823061976493,-1.0365936833912697,-0.3056329538763202,-1.0839725675113625,0.1592995466953365,-0.6530905180129339,-0.8008660484518793,-0.7994514706801558,-0.9587406447005118,0.5510811662142671,0.22296466695213507,0.3376761415900659,-0.7593316135426476,-0.830796907612964,-0.8699977730111607,-1.1498998977111203,-0.393958627608349,-1.058316989816273,0.11765926042581104,-0.527270478734463,-0.6543090626329808,-0.7532673004265251,-1.3025667919050503,0.39950008551410265,-0.29935284912300464,0.640928866725324,-0.7129266562837424,-1.0610458548757251
1219,1.8748118344577915,-0.6048630453065011,-0.3213574956846987,0.3505888608160057,1.820043753101005,1.9197197801764505,-0.3948976382862167,1.9122351576277716,-0.5984604181023949,-0.3056329538763202,0.38580990749229654,1.8328748423056727,1.9402419586338016,-0.4062735675469233,-0.05544367339653151,-0.4687390834091959,0.5510811662142671,0.4894360778563102,0.5687269609741891,-0.44326335084401225,-0.6090380327712217,1.5446781651939872,-0.24716870518376147,-0.393958627608349,0.19808312471385886,1.3374736338199338,1.6026481490979558,0.045055712040526594,-0.3091825111894705,-0.8980910489045545,0.39950008551410265,-0.009241208314931339,0.640928866725324,-0.4436121958941157,-0.8066807146090719
4450,-0.34477471870961085,-1.2784043699156846,-0.037310408388574585,-0.759969658043485,0.6875411215063661,-0.3067668071251017,-1.1263156040612843,-0.37053141842904064,-1.1910355664310488,-0.036030889387471135,-0.7551919289948594,0.6193711215310791,-0.33156264650400497,-1.0570274297455384,0.6645638723618148,3.5790999011712405,-2.8090739031378527,-2.1407354408830463,-4.052289426708276,2.421742514262976,3.642947350063924,-0.06510579360944473,-2.0526310902384792,0.770824870315171,-0.11601690391867427,1.3374736338199338,-0.527270478734463,-2.0530386119799955,-0.08714011657094316,1.5287634090984197,-2.7512429675337047,-2.330134334779516,-1.6718934639000262,1.710903487222898,2.627248678990745
1108,-0.00701154757544092,-0.12376209915708435,0.43610140377163226,0.24171057465331056,0.0858990984717144,-0.21588980356177304,-0.30884846584209114,-0.07075004994543396,-0.13780871701584468,0.31397936612575733,0.11657624703658631,0.051448873462191125,-0.21285563422815798,-0.2604508628430859,1.52857292727183,0.5325684548817536,-0.600207024878491,-0.22608900697897438,1.1174726570114824,1.106490711420266,0.6733067652266791,-0.06510579360944473,-0.24716870518376147,0.770824870315171,0.5121831533463913,0.11765926042581104,-0.527270478734463,-0.6543090626329808,1.4671566457587482,1.124287666097924,0.39950008551410265,1.2962611753213973,0.2204157157025331,0.6336456456643912,0.4651449867241938
6251,-0.2965228371190151,-0.2199822883869677,-0.3213574956846987,-0.4551104567879385,-0.055663730477615435,-0.1250127999984444,-0.05070094850971438,-0.31174719638663684,-0.2722685099580334,-0.3056329538763202,-0.4792168115331473,-0.023053348130670823,-0.15064012929944354,-0.11249794153746981,0.8805661360893183,-0.2343905106176972,0.5510811662142671,0.7361688657305454,1.3774048288186205,-0.04562908486830917,-0.5029794404556059,-0.06510579360944473,-0.24716870518376147,-0.393958627608349,-0.43011693255120736,0.11765926042581104,0.18270239720967668,0.045055712040526594,0.13490227804758417,0.7198119230974284,0.39950008551410265,0.7160378937052513,-0.6206105863430489,-0.174297735504489,0.21077984645754064
1022,1.2475373737800473,-0.6529731399214428,-0.3213574956846987,0.0457296595604592,1.3953552662530155,1.329019257014814,-0.43792222450827956,1.2553977533490932,-0.6525918369540739,-0.3056329538763202,0.05946475205132089,1.3969330669646627,1.322714773307061,-0.4550255171289896,-1.1354549920340506,-0.8522185661589213,0.5510811662142671,0.17855276513477308,-0.21106955444722703,-0.9020721192775154,-0.7825884565604115,1.5446781651939872,-0.24716870518376147,-0.393958627608349,0.19808312471385886,1.3374736338199338,1.6026481490979558,0.045055712040526594,-0.7532673004265251,-1.1003289204048023,0.39950008551410265,-0.22682493892098599,0.4306722912139286,-0.7129266562837424,-0.9338632847423984
3882,-0.8755454162061636,-0.6048630453065011,-0.3213574956846987,-0.8906236014387191,-0.19722655942694528,-0.6702748213784163,-0.3948976382862167,-0.8461823061976493,-0.5984604181023949,-0.3056329538763202,-0.8776282862505487,-0.16738163785309762,-0.6530905180129339,-0.4062735675469233,-0.7994514706801558,-0.4687390834091959,0.5510811662142671,0.3364617493742843,-0.32659496413928846,-0.7593316135426476,-0.6090380327712217,-0.8699977730111607,-0.24716870518376147,-0.393958627608349,-0.7442169611837398,-0.49224792627125025,-0.527270478734463,0.045055712040526594,-0.7532673004265251,-0.8980910489045545,0.39950008551410265,-0.154297028718968,0.2204157157025331,-0.7129266562837424,-0.8066807146090719
429,1.2957892553706432,0.8384397931417491,-0.3213574956846987,0.7425506910017081,0.33363404913304157,1.3744577587964784,0.8958399483756672,1.3399374395685006,0.8841675269480189,-0.3056329538763202,0.8219423050421567,0.31239728931763977,1.402194952327632,0.9290138562708707,-0.8954524767812687,0.7243081962566171,0.5510811662142671,0.5930638487634889,-2.059476109520213,-0.8001146151811812,-0.06910338098263172,1.5446781651939872,0.6555624873435975,-0.393958627608349,0.5121831533463913,0.7275664471228724,1.6026481490979558,0.744420486714034,-0.5312249058079979,1.5287634090984197,0.39950008551410265,0.7885658039072693,-2.092406614922817,-0.5782694260889291,0.7195101269908469
5483,0.4272553867399204,-0.7010832345363844,-0.3213574956846987,-0.34623217062524353,0.8291039504556961,0.5565647267265206,-0.48094681073034234,0.38954312339944436,-0.7432961707267495,-0.3056329538763202,-0.3798410483718246,0.8366927223750643,0.5086795660366801,-0.5367158404341442,-0.7514509676295996,-1.6191775316583727,0.5510811662142671,0.07985964998507748,1.2907607715495744,-0.7389401127233811,-1.1296893041387905,0.7397861857922712,-0.24716870518376147,-0.393958627608349,-0.11601690391867427,0.7275664471228724,0.8926752731538163,0.045055712040526594,-0.5312249058079979,-1.3025667919050503,0.39950008551410265,-0.22682493892098599,0.8511854422367195,-0.5782694260889291,-1.0610458548757251
996,1.2475373737800473,1.6082013069808159,0.43610140377163226,1.5918013230707309,-0.2680079739016102,0.9655112427614995,1.2400366381521695,1.2553977533490932,1.6216230556846065,0.31397936612575733,1.5526180006893509,-0.2987683871466767,1.0339252509058716,1.3241321925319263,-1.1354549920340506,-1.1078715546587385,-0.600207024878491,-1.1538042893861022,0.13550667462895818,-0.02523758404904233,-0.06910338098263193,1.5446781651939872,1.5582936798709563,0.770824870315171,1.768583267876523,0.11765926042581104,0.8926752731538163,0.744420486714034,-0.7532673004265251,-1.1003289204048023,0.39950008551410265,-0.22682493892098599,0.4306722912139286,-0.7129266562837424,-0.9338632847423984
19,0.8615223210552817,2.329852726204941,0.43610140377163226,1.7442309236985039,-1.0819942403602567,0.6020032285081849,1.8854054314831115,0.7766872719631132,2.3974287264435943,0.31397936612575733,1.6987294745940904,-1.2243602503819104,0.5838644988369001,2.022839888518177,1.6005736818476646,0.5538728705900723,-0.600207024878491,-0.2063503839490355,1.1752353618575124,1.1370779626491663,0.6829484554371898,0.7397861857922712,1.5582936798709563,0.770824870315171,1.45448323924399,-0.49224792627125025,0.18270239720967668,0.744420486714034,1.4671566457587482,1.326525537598172,0.39950008551410265,1.368789085523416,0.01015914019113761,0.6336456456643912,0.5923275568575204
2268,-1.2615604689309292,-0.6048630453065011,-0.3213574956846987,-1.0648288592990314,-0.48035221732560496,-1.033782835631731,-0.3948976382862167,-1.1530336371011551,-0.5984604181023949,-0.3056329538763202,-1.0181754283523323,-0.38989377429885436,-0.9415774973662154,-0.4062735675469233,-0.679450213053765,-0.4687390834091959,0.5510811662142671,0.3611350281617074,-0.1821882020242116,-0.7083528614944806,-0.6090380327712217,-1.6748897524128765,-0.24716870518376147,-0.393958627608349,-1.058316989816273,-1.1021551129683116,-1.2372433546786028,0.045055712040526594,-0.7532673004265251,-0.8980910489045545,0.39950008551410265,-0.154297028718968,0.2204157157025331,-0.7129266562837424,-0.8066807146090719
3295,-0.8755454162061636,-0.9897438022260345,-0.3213574956846987,-1.0648288592990314,0.0858990984717144,-0.6702748213784163,-0.7390943280627191,-0.8461823061976493,-0.9662956267991046,-0.3056329538763202,-1.0508648281298791,0.10688386813726182,-0.6530905180129339,-0.7375540683966553,-0.7994514706801558,0.298219882090255,0.5510811662142671,0.5141093566437334,-1.3663236513678427,-0.7593316135426476,-0.2619371851928426,-0.8699977730111607,-1.1498998977111203,-0.393958627608349,-1.058316989816273,0.11765926042581104,-0.527270478734463,-0.6543090626329808,-0.7532673004265251,1.124287666097924,0.39950008551410265,0.5709820733012146,-1.8821500394114217,-0.7129266562837424,0.4651449867241938
6299,0.4755072683305161,0.6459994146819824,0.43610140377163226,0.8078776626993254,-0.12644514495228035,0.23849521425487025,0.3795449137109136,0.4141284842429066,0.6017294416211062,0.31397936612575733,0.6869598490718922,-0.14835808489046004,0.24300402676587912,0.40559351191589077,-0.10344417644708796,-0.14917284778442474,-0.600207024878491,-0.7195545827274469,0.07774396978292732,0.4131796835651942,0.3647726784903421,0.7397861857922712,0.6555624873435975,0.770824870315171,1.1403832106114569,0.11765926042581104,0.18270239720967668,0.045055712040526594,-0.3091825111894705,0.7198119230974284,0.39950008551410265,0.5709820733012146,-1.0411237373658397,-0.4436121958941157,0.21077984645754064
6606,0.041240334015154784,-0.9416337076110928,-0.4160398581167401,-0.694642686345868,0.7229318287436987,0.23849521425487025,-0.6530451556185936,-0.03512962201731603,-0.9125886553590835,-0.38248669541526925,-0.7064375607827655,0.6549707745033045,0.14524258262093662,-0.6558126667846184,0.9285666391398748,0.9160479376314796,0.015598286636240124,0.4203508972515241,-0.12442549717818072,0.3825924323362939,0.40333943933238425,-0.06510579360944473,-1.1498998977111203,-0.393958627608349,-0.7442169611837398,0.7275664471228724,0.18270239720967668,-0.6543090626329808,1.6891990403772754,1.326525537598172,0.18945054864424885,1.2237332651193793,0.2204157157025331,0.9029601060540179,0.7195101269908469
3263,-0.8755454162061636,-0.7010832345363844,-0.3213574956846987,-0.9341749159037972,-0.12644514495228035,-0.6702748213784163,-0.48094681073034234,-0.8461823061976493,-0.7432961707267495,-0.3056329538763202,-0.9458404756546941,-0.05938911826869258,-0.6530905180129339,-0.5367158404341442,-0.7994514706801558,-1.6191775316583727,0.5510811662142671,0.06999033847010913,1.2329980667035436,-0.7593316135426476,-1.1296893041387905,-0.8699977730111607,-0.24716870518376147,-0.393958627608349,-0.7442169611837398,-0.49224792627125025,-0.527270478734463,0.045055712040526594,-0.7532673004265251,-1.3025667919050503,0.39950008551410265,-0.29935284912300464,0.640928866725324,-0.7129266562837424,-1.0610458548757251
6006,-0.34477471870961085,0.3092287523773907,-0.3213574956846987,-0.23735388446254838,-0.48035221732560496,-0.1704513017801087,0.4225694999329764,-0.37053141842904064,0.23904279155665106,-0.3056329538763202,-0.26533337125137546,-0.4469247500605826,-0.20590624986901185,0.34800029259317783,0.6645638723618148,-0.34091258915928724,0.5510811662142671,0.6670836851257603,1.2618794191265588,-0.1373908385550097,-0.5511878915081585,-0.06510579360944473,0.6555624873435975,-0.393958627608349,-0.11601690391867427,-0.49224792627125025,0.18270239720967668,0.744420486714034,-0.08714011657094316,-0.6958531774043066,0.39950008551410265,0.1358146120891053,0.640928866725324,-0.30895496569930236,-0.6794981444757453
2131,-1.2615604689309292,0.6459994146819824,0.43610140377163226,0.02395400232792024,-1.4005106054962488,-1.3972908498850456,0.3795449137109136,-1.1530336371011551,0.6017294416211062,0.31397936612575733,-0.03084755530381509,-1.2847800477685993,-1.2303670197674048,0.40559351191589077,-0.679450213053765,-0.14917284778442474,-0.600207024878491,-0.8379863209070804,-0.6154084883694424,0.1684816737339924,0.3647726784903421,-1.6748897524128765,0.6555624873435975,0.770824870315171,0.19808312471385886,-1.712062299665373,-1.9472162306227425,0.045055712040526594,-0.7532673004265251,0.7198119230974284,0.39950008551410265,0.42592625289717795,-1.4616368883886308,-0.7129266562837424,0.21077984645754064
3796,-0.8755454162061636,-1.0859639914559178,-0.3213574956846987,-1.1083801737641095,0.15668051294637933,-0.6702748213784163,-0.8251435005068447,-0.8461823061976493,-1.0365936833912697,-0.3056329538763202,-1.0839725675113625,0.1592995466953365,-0.6530905180129339,-0.8008660484518793,-0.7994514706801558,-0.9587406447005118,0.5510811662142671,0.22296466695213507,0.3376761415900659,-0.7593316135426476,-0.830796907612964,-0.8699977730111607,-1.1498998977111203,-0.393958627608349,-1.058316989816273,0.11765926042581104,-0.527270478734463,-0.6543090626329808,-0.7532673004265251,-1.3025667919050503,0.39950008551410265,-0.29935284912300464,0.640928866725324,-0.7129266562837424,-1.0610458548757251
535,2.598590058316727,0.7903296985268075,0.43610140377163226,1.8313335526286596,1.3245738517783505,2.2377892926481007,0.508618672377102,2.709945367912353,0.7755732535719463,0.31397936612575733,1.820386952160467,1.3868237262366458,2.401421511767232,0.5621610827494548,1.8165759455751687,0.6177861177150261,-0.600207024878491,-0.14713451485921877,1.3485234763956058,1.2288397163358669,0.7118735260687212,1.5446781651939872,0.6555624873435975,0.770824870315171,1.45448323924399,0.7275664471228724,0.8926752731538163,0.045055712040526594,2.3553262242328574,1.326525537598172,0.39950008551410265,1.6589007263314886,0.8511854422367195,1.1722745664436447,0.5923275568575204
1056,-0.00701154757544092,-0.8935236129961511,-0.3213574956846987,-0.6293157146482508,0.6521504142690338,0.14761821069154157,-0.6530451556185936,-0.07075004994543396,-0.8922971831518304,-0.3056329538763202,-0.6608430411065559,0.6140110100827122,0.07593388817303132,-0.6709094381546864,1.52857292727183,1.7469201502558853,0.5510811662142671,1.3283275566287125,-0.5287644311003968,0.2296561761917929,0.39369774912187394,-0.06510579360944473,-1.1498998977111203,-0.393958627608349,-0.7442169611837398,0.7275664471228724,0.18270239720967668,-0.6543090626329808,1.4671566457587482,1.5287634090984197,0.39950008551410265,1.441316995725434,-0.20009743532025787,0.6336456456643912,0.7195101269908469
4630,-0.8755454162061636,0.3092287523773907,0.43610140377163226,0.0457296595604592,-0.869649996936262,-1.033782835631731,0.07837281015647402,-0.8461823061976493,0.23904279155665106,0.31397936612575733,-0.061112177702723106,-0.7918412766667405,-0.9418800404141233,0.07894991651191721,-0.7994514706801558,-0.34091258915928724,-0.600207024878491,-0.9070715015118664,-0.499883078677381,0.11750292168582552,0.2779974665957474,-0.8699977730111607,0.6555624873435975,0.770824870315171,0.5121831533463913,-1.1021551129683116,-1.2372433546786028,0.045055712040526594,-0.7532673004265251,-0.6958531774043066,0.39950008551410265,-0.08176911851694935,0.01015914019113761,-0.7129266562837424,-0.6794981444757453
6624,0.041240334015154784,-1.4227346537605097,-0.3213574956846987,-0.847072286973641,1.0768389011170232,0.1930567124732059,-1.1263156040612843,-0.03512962201731603,-1.2875133965653665,-0.3056329538763202,-0.8306597781377263,0.9345223819189805,0.10942251481837402,-1.0268498756877453,0.9285666391398748,0.5964817020067085,0.5510811662142671,0.9384897517874197,0.30879478916705017,-0.02523758404904233,-0.12695352224569498,-0.06510579360944473,-2.0526310902384792,-0.393958627608349,-1.058316989816273,1.3374736338199338,0.18270239720967668,-1.3536738373064883,1.6891990403772754,0.9220497945976762,0.39950008551410265,1.2962611753213973,0.640928866725324,0.7683028758592045,0.33796241659086723
6391,0.041240334015154784,0.3573388469923324,-0.3213574956846987,-0.04137296936969701,-0.23261726666427773,0.1930567124732059,0.46559408615503917,-0.03512962201731603,0.29545268189896645,-0.3056329538763202,-0.08514232123882898,-0.24576972229219218,0.10942251481837402,0.3988042838470142,0.9285666391398748,0.8521346905065258,0.5510811662142671,0.9977056208772364,-0.03778143990913506,-0.02523758404904233,-0.011253239719568453,-0.06510579360944473,0.6555624873435975,-0.393958627608349,-0.11601690391867427,-0.49224792627125025,0.18270239720967668,0.744420486714034,1.6891990403772754,-0.4936153059040588,0.39950008551410265,0.7885658039072693,2.1127248953050923,0.7683028758592045,-0.5523155743424187
5931,-0.34477471870961085,-1.0378538968409763,-0.3213574956846987,-0.847072286973641,0.5105875853197039,-0.1704513017801087,-0.7821189142847819,-0.37053141842904064,-0.986823689482021,-0.3056329538763202,-0.842670355205036,0.4671065409893984,-0.20590624986901185,-0.7560420943557975,0.6645638723618148,-0.31960817345096915,0.5510811662142671,0.6720183408832445,1.2329980667035434,-0.1373908385550097,-0.541546201297648,-0.06510579360944473,-1.1498998977111203,-0.393958627608349,-0.7442169611837398,0.7275664471228724,0.18270239720967668,-0.6543090626329808,-0.08714011657094316,0.9220497945976762,0.39950008551410265,0.7160378937052513,-1.0411237373658397,-0.30895496569930236,0.33796241659086723
2389,-1.2615604689309292,-0.6048630453065011,-0.3213574956846987,-1.0648288592990314,-0.48035221732560496,-1.033782835631731,-0.3948976382862167,-1.1530336371011551,-0.5984604181023949,-0.3056329538763202,-1.0181754283523323,-0.38989377429885436,-0.9415774973662154,-0.4062735675469233,-0.679450213053765,-0.4687390834091959,0.5510811662142671,0.3611350281617074,-0.1821882020242116,-0.7083528614944806,-0.6090380327712217,-1.6748897524128765,-0.24716870518376147,-0.393958627608349,-1.058316989816273,-1.1021551129683116,-1.2372433546786028,0.045055712040526594,-0.7532673004265251,-0.8980910489045545,0.39950008551410265,-0.154297028718968,0.2204157157025331,-0.7129266562837424,-0.8066807146090719
6315,0.4755072683305161,1.896861874670466,-0.3213574956846987,0.8514289771644032,-1.0466035331229244,0.6020032285081849,1.8423808452610488,0.4141284842429066,1.9299452554874603,-0.3056329538763202,0.8904159059052458,-1.1387031460529295,0.5317935491670686,1.8708643412082584,-0.10344417644708796,1.2782230046728869,0.5510811662142671,0.8842085384550883,-1.857306642559105,-0.46365485166327863,0.181580564490642,0.7397861857922712,1.5582936798709563,-0.393958627608349,0.5121831533463913,-0.49224792627125025,0.8926752731538163,1.4437852613875417,-0.3091825111894705,-0.4936153059040588,0.39950008551410265,0.1358146120891053,0.2204157157025331,-0.4436121958941157,-0.5523155743424187
5108,0.3790035051493247,1.752531590825641,-0.3213574956846987,0.7425506910017081,-1.011212825885592,0.5111262249448562,1.7133070865948603,0.3483932119733062,1.7649526206131636,-0.3056329538763202,0.7826018509092377,-1.0633489357158823,0.4699923828557319,1.7222683356455017,-1.0634542374582163,-1.0439583075337842,0.5510811662142671,0.14894483058986474,0.13550667462895785,-0.8714848680486154,-0.8693636684550061,0.7397861857922712,1.5582936798709563,-0.393958627608349,0.5121831533463913,-0.49224792627125025,0.8926752731538163,1.4437852613875417,-0.7532673004265251,-1.1003289204048023,0.39950008551410265,-0.22682493892098599,0.4306722912139286,-0.7129266562837424,-0.9338632847423984
3558,-0.8755454162061636,-1.0859639914559178,1.7616544778202117,0.3288132035834668,0.15668051294637933,-1.6699218605750314,-1.771684397392226,-0.8461823061976493,-1.0365936833912697,1.5999788431542705,0.21414156533614323,0.1592995466953365,-1.541259947479235,-1.6283279211503565,-0.7994514706801558,-0.9587406447005118,-1.8452047198974042,-2.42694547481716,0.3376761415900659,1.0657077097817325,0.8950656400684218,-0.8699977730111607,-1.1498998977111203,1.935608368238691,0.8262831819789244,0.11765926042581104,-1.9472162306227425,-2.0530386119799955,-0.7532673004265251,-1.3025667919050503,-0.44069806196531264,-1.1696877715472236,0.640928866725324,-0.174297735504489,-0.5523155743424187
800,0.9097742026458774,0.6941095092969242,0.43610140377163226,1.0256342350247156,0.15668051294637933,0.6474417302898492,0.4225694999329764,0.8635452859147253,0.6464873895690869,0.31397936612575733,0.9138855755667735,0.14416244111669332,0.6655242589681197,0.4459035068882288,1.0245676452409878,0.04256689359043819,-0.600207024878491,-0.4432138603083023,1.1752353618575124,0.8923799528179643,0.451547890384937,0.7397861857922712,0.6555624873435975,0.770824870315171,1.1403832106114569,0.11765926042581104,0.18270239720967668,0.045055712040526594,1.6891990403772754,0.9220497945976762,0.39950008551410265,1.2962611753213973,0.640928866725324,0.7683028758592045,0.33796241659086723
1158,-0.00701154757544092,-1.6151750322202763,-0.3213574956846987,-0.9559505731363362,1.1830110228290207,0.14761821069154157,-1.2984139489495354,-0.07075004994543396,-1.4698004132711961,-0.3056329538763202,-0.9328253313949002,1.0446093102860818,0.07593388817303132,-1.1910215829222814,1.52857292727183,0.9373523533397982,0.5510811662142671,1.1408106378442928,0.5687269609741884,0.2296561761917929,0.02731352112247372,-0.06510579360944473,-2.9553622827658383,-0.393958627608349,-1.3724170184488054,1.9473808205169951,0.18270239720967668,-2.0530386119799955,1.4671566457587482,-1.504804663405298,0.39950008551410265,0.35339834269515996,2.9537511973506745,0.6336456456643912,-1.1882284250090518
3807,-0.8755454162061636,0.3092287523773907,-0.3213574956846987,-0.47688611402047765,-0.869649996936262,-0.6702748213784163,0.4225694999329764,-0.8461823061976493,0.23904279155665106,-0.3056329538763202,-0.4831957892412677,-0.7918412766667405,-0.6530905180129339,0.34800029259317783,-0.7994514706801558,-0.34091258915928724,0.5510811662142671,0.36606968391919265,-0.499883078677381,-0.7593316135426476,-0.5511878915081585,-0.8699977730111607,0.6555624873435975,-0.393958627608349,-0.43011693255120736,-1.1021551129683116,-0.527270478734463,0.744420486714034,-0.7532673004265251,-0.6958531774043066,0.39950008551410265,-0.08176911851694935,0.01015914019113761,-0.7129266562837424,-0.6794981444757453
4039,2.1643231240013656,-1.2784043699156846,-0.037310408388574585,0.3723645180485447,2.527857897847654,2.0560352855214434,-1.1263156040612843,2.229262702166753,-1.1910355664310488,-0.036030889387471135,0.43559200088701155,2.5046024561632936,2.1126397318358596,-1.0570274297455384,2.6325844974346273,3.5790999011712405,-2.8090739031378527,-1.7360936687692992,-1.684018528021013,3.2577940478529155,3.642947350063924,1.5446781651939872,-2.0526310902384792,0.770824870315171,0.5121831533463913,2.5572880072140562,0.8926752731538163,-2.0530386119799955,0.3569446726661115,1.5287634090984197,-2.7512429675337047,-2.185078514375479,-1.2513803128772354,1.9802179476125248,2.627248678990745
247,1.2957892553706432,0.21300856314750738,-0.3213574956846987,0.4594671469787009,0.7937132432183636,1.3744577587964784,0.3365203274888508,1.3399374395685006,0.16465329695576397,-0.3056329538763202,0.4830781776018661,0.8488819152872006,1.402194952327632,0.2810034732385092,-0.8954524767812687,-1.1504803860753747,0.5510811662142671,0.1588141421048331,0.48208290370514306,-0.8001146151811812,-0.9175721195075587,1.5446781651939872,0.6555624873435975,-0.393958627608349,0.5121831533463913,0.7275664471228724,1.6026481490979558,0.744420486714034,-0.5312249058079979,-1.1003289204048023,0.39950008551410265,-0.154297028718968,0.640928866725324,-0.5782694260889291,-0.9338632847423984
1443,1.8265599528671959,-1.0859639914559178,-0.3213574956846987,0.11105663125807645,2.138560118236997,1.8742812783947862,-0.8251435005068447,1.867710961112662,-1.0365936833912697,-0.3056329538763202,0.15907220458279303,2.127269466255081,1.8983824336222739,-0.8008660484518793,-0.07944392492180974,-0.9587406447005118,0.5510811662142671,0.37100433967667684,1.204116714280528,-0.4534591012536454,-0.830796907612964,1.5446781651939872,-1.1498998977111203,-0.393958627608349,-0.11601690391867427,1.9473808205169951,1.6026481490979558,-0.6543090626329808,-0.3091825111894705,-1.3025667919050503,0.39950008551410265,-0.154297028718968,1.061442017748115,-0.4436121958941157,-1.0610458548757251
1467,1.8265599528671959,-0.6048630453065011,-0.3213574956846987,0.3288132035834668,1.7846530458636725,1.8742812783947862,-0.3948976382862167,1.867710961112662,-0.5984604181023949,-0.3056329538763202,0.365416485843607,1.800588281706647,1.8983824336222739,-0.4062735675469233,-0.07944392492180974,-0.4687390834091959,0.5510811662142671,0.48450142209882496,0.5398456085511736,-0.4534591012536454,-0.6090380327712217,1.5446781651939872,-0.24716870518376147,-0.393958627608349,0.19808312471385886,1.3374736338199338,1.6026481490979558,0.045055712040526594,-0.3091825111894705,-0.8980910489045545,0.39950008551410265,-0.009241208314931339,0.640928866725324,-0.4436121958941157,-0.8066807146090719
4314,-0.8755454162061636,-0.2199822883869677,-0.3213574956846987,-0.716418343578407,-0.48035221732560496,-0.6702748213784163,-0.05070094850971438,-0.8461823061976493,-0.2722685099580334,-0.3056329538763202,-0.7240041719191166,-0.4105970414414447,-0.6530905180129339,-0.11249794153746981,-0.7994514706801558,-0.2343905106176972,0.5510811662142671,0.39074296270661574,-0.6442898407924575,-0.7593316135426476,-0.5029794404556059,-0.8699977730111607,-0.24716870518376147,-0.393958627608349,-0.7442169611837398,-0.49224792627125025,-0.527270478734463,0.045055712040526594,-0.7532673004265251,0.7198119230974284,0.39950008551410265,0.42592625289717795,-1.4616368883886308,-0.7129266562837424,0.21077984645754064
1277,-0.15176719234722802,-1.4227346537605097,-0.3213574956846987,-0.9341749159037972,0.9352760721676934,0.011302705346548599,-1.1263156040612843,-0.2179926240057857,-1.2875133965653665,-0.3056329538763202,-0.9144165350335086,0.8019199352242505,-0.062496554014721366,-1.0268498756877453,1.360571166594883,0.5964817020067085,0.5510811662142671,1.0273135554221449,0.828659132781328,0.1582859233243592,-0.12695352224569498,-0.06510579360944473,-2.0526310902384792,-0.393958627608349,-1.058316989816273,1.3374736338199338,0.18270239720967668,-1.3536738373064883,0.8010294619031662,0.9220497945976762,0.39950008551410265,1.0061495345133247,-0.20009743532025787,0.2296739550799511,0.33796241659086723
3334,0.5237591499211118,-0.2199822883869677,-0.037310408388574585,0.11105663125807645,0.5459782925570363,0.5111262249448562,-0.17977470717590277,0.45845134790450964,-0.2722685099580334,-0.036030889387471135,0.057211831382418206,0.5354533497970221,0.44780739400169467,-0.22956555704706122,0.16055859033097256,-0.2343905106176972,-2.8090739031378527,-3.127666592379991,0.5109642561281589,2.2076317556606746,1.9170848023825382,0.7397861857922712,-0.24716870518376147,0.770824870315171,0.8262831819789244,0.7275664471228724,0.18270239720967668,-0.6543090626329808,-0.08714011657094316,0.7198119230974284,-2.7512429675337047,-2.6202459755875886,-0.8308671618544443,1.710903487222898,2.118518398457439
1978,1.3440411369612388,-0.6048630453065011,-0.3213574956846987,0.11105663125807645,1.430745973490348,1.4198962605781427,-0.3948976382862167,1.3701176740675325,-0.5984604181023949,-0.3056329538763202,0.1375037887817916,1.4397603033645998,1.430568968699545,-0.4062735675469233,-0.39144719475042616,-0.4687390834091959,0.5510811662142671,0.4203508972515241,0.1643880270519736,-0.5860038565788797,-0.6090380327712217,1.5446781651939872,-0.24716870518376147,-0.393958627608349,0.19808312471385886,1.3374736338199338,1.6026481490979558,0.045055712040526594,-0.3091825111894705,-0.8980910489045545,0.39950008551410265,-0.009241208314931339,0.640928866725324,-0.4436121958941157,-0.8066807146090719
5451,0.4272553867399204,-0.7010832345363844,-0.3213574956846987,-0.34623217062524353,0.8291039504556961,0.5565647267265206,-0.48094681073034234,0.38954312339944436,-0.7432961707267495,-0.3056329538763202,-0.3798410483718246,0.8366927223750643,0.5086795660366801,-0.5367158404341442,-0.7514509676295996,-1.6191775316583727,0.5510811662142671,0.07985964998507748,1.2907607715495744,-0.7389401127233811,-1.1296893041387905,0.7397861857922712,-0.24716870518376147,-0.393958627608349,-0.11601690391867427,0.7275664471228724,0.8926752731538163,0.045055712040526594,-0.5312249058079979,-1.3025667919050503,0.39950008551410265,-0.22682493892098599,0.8511854422367195,-0.5782694260889291,-1.0610458548757251
4878,1.4887967817330259,0.6941095092969242,0.43610140377163226,1.286942121815184,0.5813689997943688,1.1927037516698211,0.4225694999329764,1.4721517493500005,0.6464873895690869,0.31397936612575733,1.1926456475815843,0.5854912241300709,1.2377070151398317,0.4459035068882288,-0.29544618864931377,0.04256689359043819,-0.600207024878491,-0.7146199269699617,-0.41323902140833507,0.3316136802881268,0.451547890384937,1.5446781651939872,0.6555624873435975,0.770824870315171,1.45448323924399,0.7275664471228724,0.8926752731538163,0.045055712040526594,-0.3091825111894705,0.9220497945976762,0.39950008551410265,0.6435099835032333,-1.2513803128772354,-0.4436121958941157,0.33796241659086723
3254,2.1643231240013656,-1.2784043699156846,-0.037310408388574585,0.3723645180485447,2.527857897847654,2.0560352855214434,-1.1263156040612843,2.229262702166753,-1.1910355664310488,-0.036030889387471135,0.43559200088701155,2.5046024561632936,2.1126397318358596,-1.0570274297455384,2.6325844974346273,3.5790999011712405,-2.8090739031378527,-1.7360936687692992,-1.684018528021013,3.2577940478529155,3.642947350063924,1.5446781651939872,-2.0526310902384792,0.770824870315171,0.5121831533463913,2.5572880072140562,0.8926752731538163,-2.0530386119799955,0.3569446726661115,1.5287634090984197,-2.7512429675337047,-2.185078514375479,-1.2513803128772354,1.9802179476125248,2.627248678990745
6492,-1.1650567057497379,-1.2784043699156846,1.7616544778202117,0.11105663125807645,0.0858990984717144,-1.9425528712650173,-1.9437827422804772,-1.0790395114533742,-1.1910355664310488,1.5999788431542705,0.03474964376061106,0.10559903195350616,-1.7601811806610321,-1.7674216869344241,1.8645764486257252,3.5790999011712405,-1.8452047198974042,-0.8281170093921109,-2.6082218055575055,2.1974360052510407,2.948745654907166,-1.6748897524128765,-2.0526310902384792,1.935608368238691,0.19808312471385886,0.11765926042581104,-2.6571891065668822,-2.752403386653503,1.911241434995803,1.5287634090984197,-0.44069806196531264,0.7160378937052513,0.2204157157025331,1.4415890268332714,1.228240407524153
3614,-0.8755454162061636,-0.6048630453065011,-0.3213574956846987,-0.8906236014387191,-0.19722655942694528,-0.6702748213784163,-0.3948976382862167,-0.8461823061976493,-0.5984604181023949,-0.3056329538763202,-0.8776282862505487,-0.16738163785309762,-0.6530905180129339,-0.4062735675469233,-0.7994514706801558,-0.4687390834091959,0.5510811662142671,0.3364617493742843,-0.32659496413928846,-0.7593316135426476,-0.6090380327712217,-0.8699977730111607,-0.24716870518376147,-0.393958627608349,-0.7442169611837398,-0.49224792627125025,-0.527270478734463,0.045055712040526594,-0.7532673004265251,-0.8980910489045545,0.39950008551410265,-0.154297028718968,0.2204157157025331,-0.7129266562837424,-0.8066807146090719
2178,-1.2615604689309292,-0.6048630453065011,-0.3213574956846987,-1.0648288592990314,-0.48035221732560496,-1.033782835631731,-0.3948976382862167,-1.1530336371011551,-0.5984604181023949,-0.3056329538763202,-1.0181754283523323,-0.38989377429885436,-0.9415774973662154,-0.4062735675469233,-0.679450213053765,-0.4687390834091959,0.5510811662142671,0.3611350281617074,-0.1821882020242116,-0.7083528614944806,-0.6090380327712217,-1.6748897524128765,-0.24716870518376147,-0.393958627608349,-1.058316989816273,-1.1021551129683116,-1.2372433546786028,0.045055712040526594,-0.7532673004265251,-0.8980910489045545,0.39950008551410265,-0.154297028718968,0.2204157157025331,-0.7129266562837424,-0.8066807146090719
5341,1.0062779658270689,0.7903296985268075,0.43610140377163226,1.1127368639548718,0.15668051294637933,0.7383187338531778,0.508618672377102,0.9839817193657259,0.7755732535719463,0.31397936612575733,1.0298436703029776,0.13524740836630508,0.778752846858089,0.5621610827494548,1.6725744364234993,0.6177861177150261,-0.600207024878491,-0.17674244940412714,1.175235361857513,1.1676652138780665,0.7118735260687212,0.7397861857922712,0.6555624873435975,0.770824870315171,1.1403832106114569,0.11765926042581104,0.18270239720967668,0.045055712040526594,2.13328382961433,1.326525537598172,0.39950008551410265,1.5863728161294706,0.640928866725324,1.0376173362488312,0.5923275568575204
3529,-0.8755454162061636,1.0789902662164574,-0.3213574956846987,-0.12847559829985322,-1.4359013127335813,-0.6702748213784163,1.1109628794859812,-0.8461823061976493,1.094391722123531,-0.3056329538763202,-0.08035862920810036,-1.429607052464637,-0.6530905180129339,1.1183464025358973,-0.7994514706801558,-1.4061333745751916,0.5510811662142671,0.11933689604495638,0.9441845424733893,-0.7593316135426476,-1.0332724020336852,-0.8699977730111607,1.5582936798709563,-0.393958627608349,-0.11601690391867427,-1.712062299665373,-0.527270478734463,1.4437852613875417,-0.7532673004265251,-1.1003289204048023,0.39950008551410265,-0.22682493892098599,0.4306722912139286,-0.7129266562837424,-0.9338632847423984
4486,-0.8755454162061636,-0.2199822883869677,5.83299606239799,3.529834816766704,-0.48035221732560496,-3.6237774371865976,-2.847299052943796,-0.8461823061976493,-0.2722685099580334,6.056041080931985,3.609606160480136,-0.4105970414414447,-3.6181458386982577,-2.874887804227459,-0.7994514706801558,-0.2343905106176972,-2.046010799739164,-2.4812266881494924,-0.6442898407924575,1.2186439659262336,1.3675084603834378,-0.8699977730111607,-0.24716870518376147,4.265175364085731,3.024983382406654,-0.49224792627125025,-3.367161982511022,-2.752403386653503,-0.7532673004265251,0.7198119230974284,-1.9110448200542893,-1.9674947837694245,-1.4616368883886308,0.7683028758592045,1.6097881179241327
228,1.2957892553706432,0.1648984685325657,-0.3213574956846987,0.43769148974616195,0.8291039504556961,1.3744577587964784,0.293495741266788,1.3399374395685006,0.1407430321577121,-0.3056329538763202,0.4718173426108119,0.8667099010758265,1.402194952327632,0.25946936146651883,-0.8954524767812687,-1.725699610199963,0.5510811662142671,0.025578436652746058,1.2618794191265592,-0.8001146151811812,-1.1778977551913437,1.5446781651939872,0.6555624873435975,-0.393958627608349,0.5121831533463913,0.7275664471228724,1.6026481490979558,0.744420486714034,-0.5312249058079979,-1.3025667919050503,0.39950008551410265,-0.22682493892098599,0.8511854422367195,-0.5782694260889291,-1.0610458548757251
6698,0.041240334015154784,-0.5086428560766177,-0.3213574956846987,-0.43333479955539955,0.4044154636077065,0.1930567124732059,-0.30884846584209114,-0.03512962201731603,-0.5216801759453499,-0.3056329538763202,-0.46998114906741195,0.3635013627463417,0.10942251481837402,-0.33712358821984345,0.9285666391398748,-0.21308609490937908,0.5510811662142671,0.7509728330030001,1.406286181241636,-0.02523758404904233,-0.4933377502450954,-0.06510579360944473,-0.24716870518376147,-0.393958627608349,-0.43011693255120736,0.11765926042581104,0.18270239720967668,0.045055712040526594,1.6891990403772754,-0.4936153059040588,0.39950008551410265,0.7885658039072693,2.1127248953050923,0.7683028758592045,-0.5523155743424187
752,-0.44127848189080227,-0.6048630453065011,-0.3213574956846987,-0.694642686345868,0.12128980570904686,-0.2613283053434374,-0.3948976382862167,-0.5194565462508922,-0.5984604181023949,-0.3056329538763202,-0.7279780576648021,0.0695423691686553,-0.345918548817253,-0.4062735675469233,-0.6314497100032085,-0.4687390834091959,0.5510811662142671,0.37100433967667684,-0.12442549717818072,-0.6879613606752139,-0.6090380327712217,-0.06510579360944473,-0.24716870518376147,-0.393958627608349,-0.43011693255120736,0.11765926042581104,0.18270239720967668,0.045055712040526594,-0.5312249058079979,-0.8980910489045545,0.39950008551410265,-0.08176911851694935,0.4306722912139286,-0.5782694260889291,-0.8066807146090719
6867,0.041240334015154784,-0.31620247761685105,-0.3213574956846987,-0.34623217062524353,0.2628526346583767,0.1930567124732059,-0.13675012095383995,-0.03512962201731603,-0.3971444863765875,-0.3056329538763202,-0.41132952548333407,0.27064498819086136,0.10942251481837402,-0.22496399979930354,0.9285666391398748,0.3195242977985731,0.5510811662142671,0.8743392269401177,0.6842523706662508,-0.02523758404904233,-0.25229549498233206,-0.06510579360944473,-0.24716870518376147,-0.393958627608349,-0.43011693255120736,0.11765926042581104,0.18270239720967668,0.045055712040526594,1.6891990403772754,0.3153361800969326,0.39950008551410265,1.0786774447153427,1.2716985932595104,0.7683028758592045,-0.04358529380911249
1632,0.041240334015154784,-1.2784043699156846,0.7201484910677564,-0.06314862660223597,0.9706667794050259,-0.3067668071251017,-1.4705122938377864,-0.03512962201731603,-1.1910355664310488,0.5852371672829264,-0.17835630542149464,0.8625865251194262,-0.3057951116003612,-1.326796765987729,0.9285666391398748,3.5790999011712405,-2.956331695021811,-2.24929786754771,-3.7345945500551068,2.6460490232749105,3.74900594237954,-0.06510579360944473,-2.0526310902384792,1.935608368238691,0.8262831819789244,1.3374736338199338,-1.2372433546786028,-2.752403386653503,1.6891990403772754,1.5287634090984197,-2.7512429675337047,-1.7499110531633695,0.01015914019113761,2.788161328781405,2.627248678990745
5859,-0.34477471870961085,-0.6048630453065011,-0.3213574956846987,-0.6510913718807899,0.19207122018371178,-0.1704513017801087,-0.3948976382862167,-0.37053141842904064,-0.5984604181023949,-0.3056329538763202,-0.6597658682606565,0.17753488875306034,-0.20590624986901185,-0.4062735675469233,0.6645638723618148,-0.4687390834091959,0.5510811662142671,0.637475750580852,1.4351675336646514,-0.1373908385550097,-0.6090380327712217,-0.06510579360944473,-0.24716870518376147,-0.393958627608349,-0.43011693255120736,0.11765926042581104,0.18270239720967668,0.045055712040526594,-0.08714011657094316,-0.8980910489045545,0.39950008551410265,0.06328670188708667,0.8511854422367195,-0.30895496569930236,-0.8066807146090719
4318,-0.8755454162061636,-0.2199822883869677,1.9510192026842945,0.8514289771644032,-0.48035221732560496,-1.76079886413836,-1.0832910178392214,-0.8461823061976493,-0.2722685099580334,1.8788614672663497,0.7640864694332203,-0.4105970414414447,-1.6712418365143782,-1.0610572690115914,-0.7994514706801558,-0.2343905106176972,-1.36327012827718,-1.7262243572543299,-0.6442898407924575,0.6986606950349301,0.8757822596474006,-0.8699977730111607,-0.24716870518376147,1.935608368238691,1.1403832106114569,-0.49224792627125025,-1.9472162306227425,-1.3536738373064883,-0.7532673004265251,0.7198119230974284,-0.02059898822560498,-0.009241208314931339,-1.4616368883886308,-0.4436121958941157,0.4651449867241938
5007,0.3790035051493247,1.2233205500612825,-0.3213574956846987,0.5030184614437788,-0.6219150462749348,0.5111262249448562,1.2400366381521695,0.3483932119733062,1.193624016250177,-0.3056329538763202,0.513527577004709,-0.6373545636230782,0.4699923828557319,1.2077171950035877,-1.0634542374582163,-1.3209157117419197,0.5510811662142671,0.08479430574256386,0.5109642561281585,-0.8714848680486154,-0.9947056411916431,0.7397861857922712,1.5582936798709563,-0.393958627608349,0.5121831533463913,-0.49224792627125025,0.8926752731538163,1.4437852613875417,-0.7532673004265251,-1.1003289204048023,0.39950008551410265,-0.22682493892098599,0.4306722912139286,-0.7129266562837424,-0.9338632847423984
4680,-0.8755454162061636,1.319540739291166,-0.3213574956846987,-0.019597312137158054,-1.6128548489202437,-0.6702748213784163,1.3260858105962952,-0.8461823061976493,1.3073876745575086,-0.3056329538763202,0.019954449479210972,-1.5884212205677513,-0.6530905180129339,1.3101752545136687,-0.7994514706801558,-1.2570024646169653,0.5510811662142671,0.1538794863473489,0.742015075512282,-0.7593316135426476,-0.9657805705601116,-0.8699977730111607,1.5582936798709563,-0.393958627608349,-0.11601690391867427,-1.712062299665373,-0.527270478734463,1.4437852613875417,-0.7532673004265251,-1.1003289204048023,0.39950008551410265,-0.22682493892098599,0.4306722912139286,-0.7129266562837424,-0.9338632847423984
1057,-0.00701154757544092,0.5978893200670408,0.43610140377163226,0.5683454331413961,-0.4449615100882725,-0.21588980356177304,0.3365203274888508,-0.07075004994543396,0.5172564852695953,0.31397936612575733,0.42508730760496766,-0.43698123032819797,-0.21285563422815798,0.3295153045372712,1.52857292727183,0.3621331292152093,-0.600207024878491,-0.2655662530388522,1.348523476395605,1.106490711420266,0.5961732435425949,-0.06510579360944473,0.6555624873435975,0.770824870315171,0.8262831819789244,-0.49224792627125025,-0.527270478734463,0.045055712040526594,1.4671566457587482,0.5175740515971805,0.39950008551410265,1.0786774447153427,0.8511854422367195,0.6336456456643912,0.08359727632421407
3438,2.11607124241077,-0.2199822883869677,-0.037310408388574585,0.8296533199318643,1.7138716313890077,2.0105967837397793,-0.17977470717590277,2.1739655727950575,-0.2722685099580334,-0.036030889387471135,0.8429689628029897,1.779452305771963,2.060652009402404,-0.22956555704706122,0.5685628662607018,-0.2343905106176972,-2.8090739031378527,-3.0437774445027506,1.0019472473194206,2.3809595126244423,1.9170848023825382,1.5446781651939872,-0.24716870518376147,0.770824870315171,1.1403832106114569,1.3374736338199338,0.8926752731538163,-0.6543090626329808,0.13490227804758417,0.7198119230974284,-2.7512429675337047,-2.5477180653855704,-0.6206105863430489,1.8455607174177113,2.118518398457439
5570,0.4272553867399204,-0.2199822883869677,-0.3213574956846987,-0.12847559829985322,0.47519687808237143,0.5565647267265206,-0.05070094850971438,0.38954312339944436,-0.2722685099580334,-0.3056329538763202,-0.1580047446362474,0.48548479920231213,0.5086795660366801,-0.11249794153746981,-0.7514509676295996,-0.2343905106176972,0.5510811662142671,0.4006122742215852,-0.586527135946427,-0.7389401127233811,-0.5029794404556059,0.7397861857922712,-0.24716870518376147,-0.393958627608349,-0.11601690391867427,0.7275664471228724,0.8926752731538163,0.045055712040526594,-0.5312249058079979,0.7198119230974284,0.39950008551410265,0.4984541630991966,-1.2513803128772354,-0.5782694260889291,0.21077984645754064
3195,-0.20001907393782373,-0.2199822883869677,0.43610140377163226,0.11105663125807645,0.015117683997049484,-0.39764381068843035,-0.3948976382862167,-0.23533353930988982,-0.2722685099580334,0.31397936612575733,-0.022133445918059932,0.032357739837291295,-0.3675891775319206,-0.3815483176187303,0.6885641238870931,-0.2343905106176972,-0.600207024878491,-0.5764495657603893,1.1463540094344977,0.7496394470830967,0.3262059176482999,-0.06510579360944473,-0.24716870518376147,0.770824870315171,0.5121831533463913,0.11765926042581104,-0.527270478734463,-0.6543090626329808,0.5789870672846389,0.7198119230974284,0.39950008551410265,0.8610937141092879,-0.20009743532025787,0.09501672488513772,0.21077984645754064
1786,-0.48953036348139795,0.6941095092969242,-0.3213574956846987,-0.12847559829985322,-0.869649996936262,-0.3067668071251017,0.7667661897094787,-0.5381883407979545,0.6464873895690869,-0.3056329538763202,-0.1502342123909913,-0.8722996452275893,-0.36352928822919184,0.7149538829694894,-1.0634542374582163,0.04256689359043819,0.5510811662142671,0.4006122742215852,-1.337442298944828,-0.8714848680486154,-0.3776374677189689,-0.06510579360944473,0.6555624873435975,-0.393958627608349,-0.11601690391867427,-0.49224792627125025,0.18270239720967668,0.744420486714034,-0.7532673004265251,0.9220497945976762,0.39950008551410265,0.4984541630991966,-1.6718934639000262,-0.7129266562837424,0.33796241659086723
2781,2.0195674792295786,1.896861874670466,-0.3213574956846987,1.548250008605652,0.0858990984717144,2.0560352855214434,1.8423808452610488,2.0596115711918794,1.9299452554874603,-0.3056329538763202,1.644096669050526,0.05451298269677255,2.0787982303365933,1.8708643412082584,0.016557081179303178,1.2782230046728869,0.5510811662142671,0.9088818172425114,-1.7128998804440279,-0.41267609961511176,0.181580564490642,1.5446781651939872,1.5582936798709563,-0.393958627608349,0.8262831819789244,0.11765926042581104,1.6026481490979558,1.4437852613875417,-0.3091825111894705,-0.4936153059040588,0.39950008551410265,0.1358146120891053,0.2204157157025331,-0.4436121958941157,-0.5523155743424187
1436,-0.00701154757544092,-0.8935236129961511,5.264901887805743,3.224975615511158,0.6521504142690338,-2.5332533944266538,-3.1914957427202983,-0.07075004994543396,-0.8922971831518304,5.438281550483543,3.251945811059444,0.6140110100827122,-2.6011954600971694,-3.165053449964275,1.52857292727183,1.7469201502558853,-2.407461743454333,-1.9433492105836576,-0.5287644311003968,2.4829170167207764,2.524511285644702,-0.06510579360944473,-1.1498998977111203,4.265175364085731,3.024983382406654,0.7275664471228724,-2.6571891065668822,-3.4517681613270104,1.4671566457587482,1.5287634090984197,-2.331143893793997,-1.3872715021532782,-0.20009743532025787,2.3841896381969647,2.3728835387240923
4529,-0.8755454162061636,-0.7010832345363844,-0.3213574956846987,-0.9341749159037972,-0.12644514495228035,-0.6702748213784163,-0.48094681073034234,-0.8461823061976493,-0.7432961707267495,-0.3056329538763202,-0.9458404756546941,-0.05938911826869258,-0.6530905180129339,-0.5367158404341442,-0.7994514706801558,-1.6191775316583727,0.5510811662142671,0.06999033847010913,1.2329980667035436,-0.7593316135426476,-1.1296893041387905,-0.8699977730111607,-0.24716870518376147,-0.393958627608349,-0.7442169611837398,-0.49224792627125025,-0.527270478734463,0.045055712040526594,-0.7532673004265251,-1.3025667919050503,0.39950008551410265,-0.29935284912300464,0.640928866725324,-0.7129266562837424,-1.0610458548757251
2603,1.0545298474176645,-0.8935236129961511,-0.7947693078449056,-0.47688611402047765,1.430745973490348,1.3744577587964784,-0.43792222450827956,1.042297503144985,-0.8922971831518304,-0.6549940881947908,-0.3890206628195619,1.4211334308153556,1.285198669244499,-0.5192085414129219,1.8885767001510028,1.7469201502558853,-2.7421385431905994,-2.2394285560327405,-0.09554414475516593,2.8907470331061123,2.765553540907465,0.7397861857922712,-1.1498998977111203,-0.393958627608349,-0.43011693255120736,1.3374736338199338,0.8926752731538163,-0.6543090626329808,2.3553262242328574,1.5287634090984197,-2.7512429675337047,-1.5323273225573149,0.640928866725324,3.192133019365845,2.627248678990745
6069,-0.34477471870961085,-0.5567529506915594,-0.3213574956846987,-0.6293157146482508,0.15668051294637933,-0.1704513017801087,-0.3518730520641539,-0.37053141842904064,-0.5412903678464469,-0.3056329538763202,-0.6328409258645793,0.1349077220484444,-0.20590624986901185,-0.3547849595110058,0.6645638723618148,-0.2769993420343334,0.5510811662142671,0.681887652398214,1.175235361857513,-0.1373908385550097,-0.522262820876627,-0.06510579360944473,-0.24716870518376147,-0.393958627608349,-0.43011693255120736,0.11765926042581104,0.18270239720967668,0.045055712040526594,-0.08714011657094316,-0.6958531774043066,0.39950008551410265,0.1358146120891053,0.640928866725324,-0.30895496569930236,-0.6794981444757453
1061,-0.00701154757544092,-0.9416337076110928,2.0457015651163357,0.9820829205596378,0.6875411215063661,-0.9883443338500666,-1.771684397392226,-0.07075004994543396,-0.9125886553590835,1.9668574007712758,0.8776344356408887,0.6291407495982144,-0.9832306619730796,-1.675953635933133,1.52857292727183,0.9160479376314796,-1.135689904456518,-0.7294238942424153,0.5976083133972044,1.5143207278056021,1.23252479743629,-0.06510579360944473,-1.1498998977111203,1.935608368238691,1.1403832106114569,0.7275664471228724,-1.2372433546786028,-2.0530386119799955,1.4671566457587482,1.326525537598172,0.18945054864424885,1.1512053549173606,0.01015914019113761,0.7683028758592045,0.7195101269908469
3661,-0.8755454162061636,-0.2199822883869677,0.43610140377163226,-0.1938025699974701,-0.48035221732560496,-1.033782835631731,-0.3948976382862167,-0.8461823061976493,-0.2722685099580334,0.31397936612575733,-0.3019205603805718,-0.4105970414414447,-0.9418800404141233,-0.3815483176187303,-0.7994514706801558,-0.2343905106176972,-0.600207024878491,-0.8823982227244423,-0.6442898407924575,0.11750292168582552,0.3262059176482999,-0.8699977730111607,-0.24716870518376147,0.770824870315171,0.19808312471385886,-0.49224792627125025,-1.2372433546786028,-0.6543090626329808,-0.7532673004265251,0.7198119230974284,0.39950008551410265,0.42592625289717795,-1.4616368883886308,-0.7129266562837424,0.21077984645754064
31,0.8615223210552817,0.7903296985268075,0.43610140377163226,1.0474098922572546,0.050508391234381944,0.6020032285081849,0.508618672377102,0.7766872719631132,0.7755732535719463,0.31397936612575733,0.9348965763137789,-0.015071412898324879,0.5838644988369001,0.5621610827494548,1.6005736818476646,0.6177861177150261,-0.600207024878491,-0.19154641667658184,1.0885913045884668,1.1370779626491663,0.7118735260687212,0.7397861857922712,0.6555624873435975,0.770824870315171,1.1403832106114569,0.11765926042581104,0.18270239720967668,0.045055712040526594,1.4671566457587482,1.326525537598172,0.39950008551410265,1.368789085523416,0.01015914019113761,0.6336456456643912,0.5923275568575204
6539,0.041240334015154784,-0.9416337076110928,1.382925028092046,0.5465697759088571,0.7229318287436987,-0.624836319596752,-1.4705122938377864,-0.03512962201731603,-0.9125886553590835,1.2311179087042734,0.392759528938944,0.6549707745033045,-0.6068278458148317,-1.356478085418258,0.9285666391398748,0.9160479376314796,-1.6042374240872919,-1.3709291427154295,-0.12442549717818072,1.6162782319019364,1.569983954804159,-0.06510579360944473,-1.1498998977111203,1.935608368238691,1.1403832106114569,0.7275664471228724,-1.2372433546786028,-2.0530386119799955,1.6891990403772754,1.326525537598172,-1.280896209444728,-0.29935284912300464,0.2204157157025331,1.8455607174177113,1.6097881179241327
5531,0.4272553867399204,-1.518954842990393,-0.3213574956846987,-0.716418343578407,1.430745973490348,0.5565647267265206,-1.2123647765054097,0.38954312339944436,-1.3594756975868396,-0.3056329538763202,-0.6700384190593549,1.296128865842574,0.5086795660366801,-1.0916607109777114,-0.7514509676295996,-1.661786363075009,0.5510811662142671,0.06999033847010913,1.348523476395605,-0.7389401127233811,-1.1489726845598116,0.7397861857922712,-2.0526310902384792,-0.393958627608349,-0.7442169611837398,1.9473808205169951,0.8926752731538163,-1.3536738373064883,-0.5312249058079979,-1.504804663405298,0.39950008551410265,-0.29935284912300464,1.061442017748115,-0.5782694260889291,-1.1882284250090518
3341,-0.8755454162061636,0.3092287523773907,-0.3213574956846987,-0.47688611402047765,-0.869649996936262,-0.6702748213784163,0.4225694999329764,-0.8461823061976493,0.23904279155665106,-0.3056329538763202,-0.4831957892412677,-0.7918412766667405,-0.6530905180129339,0.34800029259317783,-0.7994514706801558,-0.34091258915928724,0.5510811662142671,0.36606968391919265,-0.499883078677381,-0.7593316135426476,-0.5511878915081585,-0.8699977730111607,0.6555624873435975,-0.393958627608349,-0.43011693255120736,-1.1021551129683116,-0.527270478734463,0.744420486714034,-0.7532673004265251,-0.6958531774043066,0.39950008551410265,-0.08176911851694935,0.01015914019113761,-0.7129266562837424,-0.6794981444757453
3620,-0.8755454162061636,-0.6048630453065011,-0.3213574956846987,-0.8906236014387191,-0.19722655942694528,-0.6702748213784163,-0.3948976382862167,-0.8461823061976493,-0.5984604181023949,-0.3056329538763202,-0.8776282862505487,-0.16738163785309762,-0.6530905180129339,-0.4062735675469233,-0.7994514706801558,-0.4687390834091959,0.5510811662142671,0.3364617493742843,-0.32659496413928846,-0.7593316135426476,-0.6090380327712217,-0.8699977730111607,-0.24716870518376147,-0.393958627608349,-0.7442169611837398,-0.49224792627125025,-0.527270478734463,0.045055712040526594,-0.7532673004265251,-0.8980910489045545,0.39950008551410265,-0.154297028718968,0.2204157157025331,-0.7129266562837424,-0.8066807146090719
6220,-0.2965228371190151,-0.2199822883869677,-0.3213574956846987,-0.4551104567879385,-0.055663730477615435,-0.1250127999984444,-0.05070094850971438,-0.31174719638663684,-0.2722685099580334,-0.3056329538763202,-0.4792168115331473,-0.023053348130670823,-0.15064012929944354,-0.11249794153746981,0.8805661360893183,-0.2343905106176972,0.5510811662142671,0.7361688657305454,1.3774048288186205,-0.04562908486830917,-0.5029794404556059,-0.06510579360944473,-0.24716870518376147,-0.393958627608349,-0.43011693255120736,0.11765926042581104,0.18270239720967668,0.045055712040526594,0.13490227804758417,0.7198119230974284,0.39950008551410265,0.7160378937052513,-0.6206105863430489,-0.174297735504489,0.21077984645754064
6244,-0.2965228371190151,-0.2199822883869677,-0.3213574956846987,-0.4551104567879385,-0.055663730477615435,-0.1250127999984444,-0.05070094850971438,-0.31174719638663684,-0.2722685099580334,-0.3056329538763202,-0.4792168115331473,-0.023053348130670823,-0.15064012929944354,-0.11249794153746981,0.8805661360893183,-0.2343905106176972,0.5510811662142671,0.7361688657305454,1.3774048288186205,-0.04562908486830917,-0.5029794404556059,-0.06510579360944473,-0.24716870518376147,-0.393958627608349,-0.43011693255120736,0.11765926042581104,0.18270239720967668,0.045055712040526594,0.13490227804758417,0.7198119230974284,0.39950008551410265,0.7160378937052513,-0.6206105863430489,-0.174297735504489,0.21077984645754064
1859,-0.48953036348139795,1.175210455446341,-0.3213574956846987,0.08928097402553711,-1.2235570693095865,-0.3067668071251017,1.1970120519301066,-0.5381883407979545,1.1316220786762887,-0.3056329538763202,0.07824597085305364,-1.234026059218509,-0.36352928822919184,1.1518768826911592,-1.0634542374582163,-1.3422201274502377,0.5510811662142671,0.07985964998507748,0.5398456085511739,-0.8714848680486154,-1.0043473314021538,-0.06510579360944473,1.5582936798709563,-0.393958627608349,0.19808312471385886,-1.1021551129683116,0.18270239720967668,1.4437852613875417,-0.7532673004265251,-1.1003289204048023,0.39950008551410265,-0.22682493892098599,0.4306722912139286,-0.7129266562837424,-0.9338632847423984
5351,0.4272553867399204,-0.2199822883869677,-0.3213574956846987,-0.12847559829985322,0.47519687808237143,0.5565647267265206,-0.05070094850971438,0.38954312339944436,-0.2722685099580334,-0.3056329538763202,-0.1580047446362474,0.48548479920231213,0.5086795660366801,-0.11249794153746981,-0.7514509676295996,-0.2343905106176972,0.5510811662142671,0.4006122742215852,-0.586527135946427,-0.7389401127233811,-0.5029794404556059,0.7397861857922712,-0.24716870518376147,-0.393958627608349,-0.11601690391867427,0.7275664471228724,0.8926752731538163,0.045055712040526594,-0.5312249058079979,0.7198119230974284,0.39950008551410265,0.4984541630991966,-1.2513803128772354,-0.5782694260889291,0.21077984645754064
1423,2.0678193608201743,-0.6048630453065011,-0.3213574956846987,0.43769148974616195,1.9616065820503348,2.101473787303108,-0.3948976382862167,2.1269710814392004,-0.5984604181023949,-0.3056329538763202,0.48416542157599923,1.9885898233626063,2.1421264276911516,-0.4062735675469233,0.08855783575513787,-0.4687390834091959,0.5510811662142671,0.5190440124012186,0.7420150755122816,-0.38208884838621127,-0.6090380327712217,1.5446781651939872,-0.24716870518376147,-0.393958627608349,0.19808312471385886,1.3374736338199338,1.6026481490979558,0.045055712040526594,-0.08714011657094316,-0.8980910489045545,0.39950008551410265,0.06328670188708667,0.8511854422367195,-0.30895496569930236,-0.8066807146090719
473,1.2957892553706432,-0.2199822883869677,-0.3213574956846987,0.2634862318858495,1.1122296083543557,1.3744577587964784,-0.05070094850971438,1.3399374395685006,-0.2722685099580334,-0.3056329538763202,0.2773044476492664,1.1746598115250781,1.402194952327632,-0.11249794153746981,-0.8954524767812687,-0.2343905106176972,0.5510811662142671,0.37100433967667684,-0.7598152504845193,-0.8001146151811812,-0.5029794404556059,1.5446781651939872,-0.24716870518376147,-0.393958627608349,0.19808312471385886,1.3374736338199338,1.6026481490979558,0.045055712040526594,-0.5312249058079979,0.7198119230974284,0.39950008551410265,0.4984541630991966,-1.2513803128772354,-0.5782694260889291,0.21077984645754064
5062,0.3790035051493247,-0.12376209915708435,1.6669721153881703,1.2651664645826448,0.3690247563703741,-0.44308231247009466,-0.8681680867289074,0.3483932119733062,-0.13780871701584468,1.528127324868998,1.135641310276479,0.35538909888591846,-0.3846884199652267,-0.7876627247974582,-1.0634542374582163,0.5325684548817536,-1.5105279201611372,-1.7657016033142077,-2.0017134046741822,0.6986606950349297,1.3289416995413956,0.7397861857922712,-0.24716870518376147,1.935608368238691,1.768583267876523,0.7275664471228724,-0.527270478734463,-1.3536738373064883,-0.7532673004265251,1.124287666097924,-0.6507475988351664,-0.5169365797290593,-1.8821500394114217,-0.03964050530967563,1.1010578373908264
6527,0.041240334015154784,-0.07565200454214267,1.6669721153881703,1.1345125211874107,0.0858990984717144,-0.7611518249417449,-0.8251435005068447,-0.03512962201731603,-0.09538257075987763,1.528127324868998,0.9799574312836208,0.045645090088454965,-0.7452582880025844,-0.7494528018523455,0.9285666391398748,0.894743521923162,-1.5105279201611372,-1.2722360275657356,-0.09554414475516593,1.5449079790345026,1.492850433120075,-0.06510579360944473,-0.24716870518376147,1.935608368238691,1.45448323924399,0.11765926042581104,-1.2372433546786028,-1.3536738373064883,1.6891990403772754,1.326525537598172,-0.6507475988351664,0.35339834269515996,0.2204157157025331,1.4415890268332714,1.228240407524153
592,-0.44127848189080227,-0.2199822883869677,-0.3213574956846987,-0.5204374284855555,-0.1618358521896128,-0.2613283053434374,-0.05070094850971438,-0.5194565462508922,-0.2722685099580334,-0.3056329538763202,-0.57435394333337,-0.1736730344196918,-0.345918548817253,-0.11249794153746981,-0.6314497100032085,-0.2343905106176972,0.5510811662142671,0.42528555300900933,-0.44212037383134983,-0.6879613606752139,-0.5029794404556059,-0.06510579360944473,-0.24716870518376147,-0.393958627608349,-0.43011693255120736,0.11765926042581104,0.18270239720967668,0.045055712040526594,-0.5312249058079979,0.7198119230974284,0.39950008551410265,0.4984541630991966,-1.2513803128772354,-0.5782694260889291,0.21077984645754064
17,0.8615223210552817,2.329852726204941,0.43610140377163226,1.7442309236985039,-1.0819942403602567,0.6020032285081849,1.8854054314831115,0.7766872719631132,2.3974287264435943,0.31397936612575733,1.6987294745940904,-1.2243602503819104,0.5838644988369001,2.022839888518177,1.6005736818476646,0.5538728705900723,-0.600207024878491,-0.2063503839490355,1.1752353618575124,1.1370779626491663,0.6829484554371898,0.7397861857922712,1.5582936798709563,0.770824870315171,1.45448323924399,-0.49224792627125025,0.18270239720967668,0.744420486714034,1.4671566457587482,1.326525537598172,0.39950008551410265,1.368789085523416,0.01015914019113761,0.6336456456643912,0.5923275568575204
96,-1.1650567057497379,0.7903296985268075,0.43610140377163226,0.1328322884906154,-1.4359013127335813,-1.306413846321717,0.508618672377102,-1.0790395114533742,0.7755732535719463,0.31397936612575733,0.08491787437052058,-1.3607450002404131,-1.1608012735959201,0.5621610827494548,1.8645764486257252,0.6177861177150261,-0.600207024878491,-0.13726520334424933,1.4062861812416367,1.2492312171551339,0.7118735260687212,-1.6748897524128765,0.6555624873435975,0.770824870315171,0.19808312471385886,-1.712062299665373,-1.9472162306227425,0.045055712040526594,1.911241434995803,1.326525537598172,0.39950008551410265,1.513844905927452,0.4306722912139286,0.9029601060540179,0.5923275568575204
696,-0.44127848189080227,1.0789902662164574,-0.3213574956846987,0.06750531679299815,-1.1173849475975892,-0.2613283053434374,1.1109628794859812,-0.5194565462508922,1.094391722123531,-0.3056329538763202,0.06929159937764627,-1.1926830454428838,-0.345918548817253,1.1183464025358973,-0.6314497100032085,-1.4061333745751916,0.5510811662142671,0.1538794863473489,1.146354009434497,-0.6879613606752139,-1.0332724020336852,-0.06510579360944473,1.5582936798709563,-0.393958627608349,0.19808312471385886,-1.1021551129683116,0.18270239720967668,1.4437852613875417,-0.5312249058079979,-1.1003289204048023,0.39950008551410265,-0.154297028718968,0.640928866725324,-0.5782694260889291,-0.9338632847423984
5335,-0.634286008253185,-0.8935236129961511,3.655301726461039,1.8313335526286596,0.19207122018371178,-2.351499387299996,-2.460077776945231,-0.6726645381929256,-0.8922971831518304,3.6556727648522296,1.7619271178879756,0.17753488875306034,-2.336246676153943,-2.391002404339076,3.1605900309907486,1.7469201502558853,-1.4302054882244333,-0.5271030081855432,1.4351675336646514,2.4319382646726098,1.820667900277433,-0.8699977730111607,-1.1498998977111203,3.100391866162211,1.768583267876523,0.11765926042581104,-2.6571891065668822,-2.752403386653503,2.5773686188513847,1.5287634090984197,-0.02059898822560498,1.368789085523416,0.8511854422367195,1.5762462570280846,0.9738752672575001
1511,0.9580260842364732,0.7422196039118658,-0.3213574956846987,0.5465697759088571,0.15668051294637933,1.0563882463248282,0.8097907759315416,0.9095669552775699,0.7188587786067024,-0.3056329538763202,0.5469654742422121,0.12357329083002731,0.9975811588976717,0.7801331519484422,1.2405699089684918,0.4260463763401636,0.5510811662142671,0.9631630305748439,0.9153031900503743,0.1073071712761921,-0.20408704392977933,0.7397861857922712,0.6555624873435975,-0.393958627608349,0.19808312471385886,0.11765926042581104,0.8926752731538163,0.744420486714034,1.911241434995803,1.124287666097924,0.39950008551410265,1.441316995725434,0.640928866725324,0.9029601060540179,0.4651449867241938
156,1.2957892553706432,0.1648984685325657,-0.3213574956846987,0.43769148974616195,0.8291039504556961,1.3744577587964784,0.293495741266788,1.3399374395685006,0.1407430321577121,-0.3056329538763202,0.4718173426108119,0.8667099010758265,1.402194952327632,0.25946936146651883,-0.8954524767812687,-1.725699610199963,0.5510811662142671,0.025578436652746058,1.2618794191265592,-0.8001146151811812,-1.1778977551913437,1.5446781651939872,0.6555624873435975,-0.393958627608349,0.5121831533463913,0.7275664471228724,1.6026481490979558,0.744420486714034,-0.5312249058079979,-1.3025667919050503,0.39950008551410265,-0.22682493892098599,0.8511854422367195,-0.5782694260889291,-1.0610458548757251
5292,1.0062779658270689,-0.8935236129961511,-0.3213574956846987,-0.17202691276493112,1.3953552662530155,1.1018267481064925,-0.6530451556185936,0.9839817193657259,-0.8922971831518304,-0.3056329538763202,-0.17774415597492302,1.3788459504286004,1.0675423692592783,-0.6709094381546864,1.6725744364234993,1.7469201502558853,0.5510811662142671,1.3579354911736208,-0.35547631656230416,0.2908306786495934,0.39369774912187394,0.7397861857922712,-1.1498998977111203,-0.393958627608349,-0.43011693255120736,1.3374736338199338,0.8926752731538163,-0.6543090626329808,2.13328382961433,1.5287634090984197,0.39950008551410265,1.6589007263314886,0.4306722912139286,1.0376173362488312,0.7195101269908469
6774,0.041240334015154784,-0.4124226668467344,-0.22667513325265734,-0.3244565133927042,0.33363404913304157,0.14761821069154157,-0.26582387962002835,-0.03512962201731603,-0.4501102275211775,-0.18996847010692136,-0.3574830596202773,0.31013733544779026,0.055513497924660885,-0.3228903785252002,0.9285666391398748,0.14908897213202874,1.2739830536446037,1.6342762135927653,0.9153031900503736,-0.5758081061692465,-0.850080288033985,-0.06510579360944473,-0.24716870518376147,-0.393958627608349,-0.43011693255120736,0.11765926042581104,0.18270239720967668,0.045055712040526594,1.6891990403772754,-0.08913956290356309,0.6095496223839565,1.1512053549173606,1.6922117442823015,0.6336456456643912,-0.42513300420909217
6258,-0.2965228371190151,-0.2199822883869677,-0.3213574956846987,-0.4551104567879385,-0.055663730477615435,-0.1250127999984444,-0.05070094850971438,-0.31174719638663684,-0.2722685099580334,-0.3056329538763202,-0.4792168115331473,-0.023053348130670823,-0.15064012929944354,-0.11249794153746981,0.8805661360893183,-0.2343905106176972,0.5510811662142671,0.7361688657305454,1.3774048288186205,-0.04562908486830917,-0.5029794404556059,-0.06510579360944473,-0.24716870518376147,-0.393958627608349,-0.43011693255120736,0.11765926042581104,0.18270239720967668,0.045055712040526594,0.13490227804758417,0.7198119230974284,0.39950008551410265,0.7160378937052513,-0.6206105863430489,-0.174297735504489,0.21077984645754064
4939,1.4405449001424302,1.896861874670466,-0.3213574956846987,1.286942121815184,-0.33878938837627515,1.5107732641414715,1.8423808452610488,1.408399213728895,1.9299452554874603,-0.3056329538763202,1.3458218156441726,-0.4177113107821222,1.46655944561676,1.8708643412082584,-0.319446440174592,1.2782230046728869,0.5510811662142671,0.8397966366377252,-2.1172388143662437,-0.5554166053499796,0.181580564490642,1.5446781651939872,1.5582936798709563,-0.393958627608349,0.8262831819789244,0.11765926042581104,1.6026481490979558,1.4437852613875417,-0.3091825111894705,-0.4936153059040588,0.39950008551410265,0.1358146120891053,0.2204157157025331,-0.4436121958941157,-0.5523155743424187
319,1.2957892553706432,-1.4227346537605097,0.43610140377163226,0.24171057465331056,1.9969972892876673,1.0109497445431639,-1.4705122938377864,1.3399374395685006,-1.2875133965653665,0.31397936612575733,0.22124592064787765,1.9316473046909983,1.1134054299264426,-1.295900251769006,-0.8954524767812687,0.5964817020067085,-0.600207024878491,-0.7096852712124775,-1.8861879949821203,0.07671992004729185,0.7022318358582109,1.5446781651939872,-2.0526310902384792,0.770824870315171,0.5121831533463913,2.5572880072140562,0.8926752731538163,-2.0530386119799955,-0.5312249058079979,0.9220497945976762,0.39950008551410265,0.5709820733012146,-1.4616368883886308,-0.5782694260889291,0.33796241659086723
1945,1.3440411369612388,-0.6048630453065011,0.43610140377163226,0.6336724048390129,1.430745973490348,1.0563882463248282,-0.7390943280627191,1.3701176740675325,-0.5984604181023949,0.31397936612575733,0.5595874003203365,1.4397603033645998,1.141779446298356,-0.6753239436281838,-0.39144719475042616,-0.4687390834091959,-0.600207024878491,-0.852790288179534,0.1643880270519736,0.2908306786495934,0.22014732533268416,1.5446781651939872,-0.24716870518376147,0.770824870315171,1.1403832106114569,1.3374736338199338,0.8926752731538163,-0.6543090626329808,-0.3091825111894705,-0.8980910489045545,0.39950008551410265,-0.009241208314931339,0.640928866725324,-0.4436121958941157,-0.8066807146090719
5430,0.4272553867399204,-0.6048630453065011,-0.3213574956846987,-0.3026808561601652,0.758322535981031,0.5565647267265206,-0.3948976382862167,0.38954312339944436,-0.5984604181023949,-0.3056329538763202,-0.31162885896767895,0.7287002027906593,0.5086795660366801,-0.4062735675469233,-0.7514509676295996,-0.4687390834091959,0.5510811662142671,0.34633106088925375,-0.2688322592932579,-0.7389401127233811,-0.6090380327712217,0.7397861857922712,-0.24716870518376147,-0.393958627608349,-0.11601690391867427,0.7275664471228724,0.8926752731538163,0.045055712040526594,-0.5312249058079979,-0.8980910489045545,0.39950008551410265,-0.08176911851694935,0.4306722912139286,-0.5782694260889291,-0.8066807146090719
5441,0.4272553867399204,-0.4124226668467344,-0.3213574956846987,-0.21557822723000902,0.6167597070317012,0.5565647267265206,-0.22279929339796556,0.38954312339944436,-0.4501102275211775,-0.3056329538763202,-0.2417615015320296,0.6180872458970421,0.5086795660366801,-0.27266611433158755,-0.7514509676295996,0.14908897213202874,0.5510811662142671,0.4894360778563102,-1.1063914795607048,-0.7389401127233811,-0.32942901666641616,0.7397861857922712,-0.24716870518376147,-0.393958627608349,-0.11601690391867427,0.7275664471228724,0.8926752731538163,0.045055712040526594,-0.5312249058079979,-0.08913956290356309,0.39950008551410265,0.20834252229112332,-0.41035401083165335,-0.5782694260889291,-0.2979504340757656
3932,-0.8755454162061636,0.261118657762449,-0.3213574956846987,-0.4986617712530166,-0.8342592896989296,-0.6702748213784163,0.3795449137109136,-0.8461823061976493,0.2077590871658228,-0.3056329538763202,-0.49792923682243934,-0.7685155024854065,-0.6530905180129339,0.31982549851691616,-0.7994514706801558,-0.9161318132838756,0.5510811662142671,0.23283397846710452,0.279913436744035,-0.7593316135426476,-0.8115135271919429,-0.8699977730111607,0.6555624873435975,-0.393958627608349,-0.43011693255120736,-1.1021551129683116,-0.527270478734463,0.744420486714034,-0.7532673004265251,-0.8980910489045545,0.39950008551410265,-0.154297028718968,0.2204157157025331,-0.7129266562837424,-0.8066807146090719
321,1.2957892553706432,2.329852726204941,0.43610140377163226,1.940211838791355,-0.7634778752242647,1.0109497445431639,1.8854054314831115,1.3399374395685006,2.3974287264435943,0.31397936612575733,1.9567149984378247,-0.8159214217860609,1.1134054299264426,2.022839888518177,-0.8954524767812687,0.5538728705900723,-0.600207024878491,-0.7195545827274469,-1.8284252901360896,0.07671992004729185,0.6829484554371898,1.5446781651939872,1.5582936798709563,0.770824870315171,1.768583267876523,0.11765926042581104,0.8926752731538163,0.744420486714034,-0.5312249058079979,1.326525537598172,0.39950008551410265,0.7160378937052513,-1.8821500394114217,-0.5782694260889291,0.5923275568575204
5269,1.5853005449142172,-1.4227346537605097,-0.3213574956846987,-0.15025125553239216,2.209341532711662,1.6470887694864647,-1.1263156040612843,1.589127475632462,-1.2875133965653665,-0.3056329538763202,-0.08670115673939853,2.1123465610452867,1.636471533684986,-1.0268498756877453,-0.2234454340734791,0.5964817020067085,0.5510811662142671,0.7016262754281539,-1.0775101271376895,-0.514633603711446,-0.12695352224569498,1.5446781651939872,-2.0526310902384792,-0.393958627608349,-0.43011693255120736,2.5572880072140562,1.6026481490979558,-1.3536738373064883,-0.3091825111894705,0.9220497945976762,0.39950008551410265,0.6435099835032333,-1.2513803128772354,-0.4436121958941157,0.33796241659086723
425,1.2957892553706432,1.8487517800555244,-0.3213574956846987,1.199839492885028,-0.40957080285094005,1.3744577587964784,1.799356259038986,1.3399374395685006,1.8761665448853355,-0.3056329538763202,1.2891365141665152,-0.42725760549382447,1.402194952327632,1.822430048454042,-0.8954524767812687,-0.5539567462424683,0.5510811662142671,0.2969845033144065,-0.32659496413928846,-0.8001146151811812,-0.6476047936132638,1.5446781651939872,1.5582936798709563,-0.393958627608349,0.8262831819789244,0.11765926042581104,1.6026481490979558,1.4437852613875417,-0.5312249058079979,-0.6958531774043066,0.39950008551410265,-0.009241208314931339,0.2204157157025331,-0.5782694260889291,-0.6794981444757453
3315,-0.8755454162061636,-0.2199822883869677,-0.3213574956846987,-0.716418343578407,-0.48035221732560496,-0.6702748213784163,-0.05070094850971438,-0.8461823061976493,-0.2722685099580334,-0.3056329538763202,-0.7240041719191166,-0.4105970414414447,-0.6530905180129339,-0.11249794153746981,-0.7994514706801558,-0.2343905106176972,0.5510811662142671,0.39074296270661574,-0.6442898407924575,-0.7593316135426476,-0.5029794404556059,-0.8699977730111607,-0.24716870518376147,-0.393958627608349,-0.7442169611837398,-0.49224792627125025,-0.527270478734463,0.045055712040526594,-0.7532673004265251,0.7198119230974284,0.39950008551410265,0.42592625289717795,-1.4616368883886308,-0.7129266562837424,0.21077984645754064
5830,-0.34477471870961085,-0.4605327614616761,-0.3213574956846987,-0.5857644001831728,0.0858990984717144,-0.1704513017801087,-0.26582387962002835,-0.37053141842904064,-0.466974973961211,-0.3056329538763202,-0.5978411717880364,0.07949663408048228,-0.20590624986901185,-0.2878548768950012,0.6645638723618148,-0.44743466770087775,0.5510811662142671,0.6424104063383361,1.406286181241636,-0.1373908385550097,-0.5993963425607112,-0.06510579360944473,-0.24716870518376147,-0.393958627608349,-0.43011693255120736,0.11765926042581104,0.18270239720967668,0.045055712040526594,-0.08714011657094316,-0.2913774344038109,0.39950008551410265,0.280870432493142,0.2204157157025331,-0.30895496569930236,-0.42513300420909217
543,-0.44127848189080227,1.0789902662164574,-0.3213574956846987,0.06750531679299815,-1.1173849475975892,-0.2613283053434374,1.1109628794859812,-0.5194565462508922,1.094391722123531,-0.3056329538763202,0.06929159937764627,-1.1926830454428838,-0.345918548817253,1.1183464025358973,-0.6314497100032085,-1.4061333745751916,0.5510811662142671,0.1538794863473489,1.146354009434497,-0.6879613606752139,-1.0332724020336852,-0.06510579360944473,1.5582936798709563,-0.393958627608349,0.19808312471385886,-1.1021551129683116,0.18270239720967668,1.4437852613875417,-0.5312249058079979,-1.1003289204048023,0.39950008551410265,-0.154297028718968,0.640928866725324,-0.5782694260889291,-0.9338632847423984
2517,-1.2615604689309292,-0.6048630453065011,-0.3213574956846987,-1.0648288592990314,-0.48035221732560496,-1.033782835631731,-0.3948976382862167,-1.1530336371011551,-0.5984604181023949,-0.3056329538763202,-1.0181754283523323,-0.38989377429885436,-0.9415774973662154,-0.4062735675469233,-0.679450213053765,-0.4687390834091959,0.5510811662142671,0.3611350281617074,-0.1821882020242116,-0.7083528614944806,-0.6090380327712217,-1.6748897524128765,-0.24716870518376147,-0.393958627608349,-1.058316989816273,-1.1021551129683116,-1.2372433546786028,0.045055712040526594,-0.7532673004265251,-0.8980910489045545,0.39950008551410265,-0.154297028718968,0.2204157157025331,-0.7129266562837424,-0.8066807146090719
6224,-0.2965228371190151,1.896861874670466,-0.3213574956846987,0.5030184614437788,-1.6128548489202437,-0.1250127999984444,1.8423808452610488,-0.31174719638663684,1.9299452554874603,-0.3056329538763202,0.5579430040172917,-1.6650692791745383,-0.15064012929944354,1.8708643412082584,0.8805661360893183,1.2782230046728869,0.5510811662142671,1.0865294245119614,-0.6731711932154734,-0.04562908486830917,0.181580564490642,-0.06510579360944473,1.5582936798709563,-0.393958627608349,0.19808312471385886,-1.1021551129683116,0.18270239720967668,1.4437852613875417,0.13490227804758417,-0.4936153059040588,0.39950008551410265,0.280870432493142,0.640928866725324,-0.174297735504489,-0.5523155743424187
5481,0.4272553867399204,-0.7010832345363844,-0.3213574956846987,-0.34623217062524353,0.8291039504556961,0.5565647267265206,-0.48094681073034234,0.38954312339944436,-0.7432961707267495,-0.3056329538763202,-0.3798410483718246,0.8366927223750643,0.5086795660366801,-0.5367158404341442,-0.7514509676295996,-1.6191775316583727,0.5510811662142671,0.07985964998507748,1.2907607715495744,-0.7389401127233811,-1.1296893041387905,0.7397861857922712,-0.24716870518376147,-0.393958627608349,-0.11601690391867427,0.7275664471228724,0.8926752731538163,0.045055712040526594,-0.5312249058079979,-1.3025667919050503,0.39950008551410265,-0.22682493892098599,0.8511854422367195,-0.5782694260889291,-1.0610458548757251
3316,-0.8755454162061636,-0.2199822883869677,-0.3213574956846987,-0.716418343578407,-0.48035221732560496,-0.6702748213784163,-0.05070094850971438,-0.8461823061976493,-0.2722685099580334,-0.3056329538763202,-0.7240041719191166,-0.4105970414414447,-0.6530905180129339,-0.11249794153746981,-0.7994514706801558,-0.2343905106176972,0.5510811662142671,0.39074296270661574,-0.6442898407924575,-0.7593316135426476,-0.5029794404556059,-0.8699977730111607,-0.24716870518376147,-0.393958627608349,-0.7442169611837398,-0.49224792627125025,-0.527270478734463,0.045055712040526594,-0.7532673004265251,0.7198119230974284,0.39950008551410265,0.42592625289717795,-1.4616368883886308,-0.7129266562837424,0.21077984645754064
447,1.2957892553706432,-0.6048630453065011,-0.3213574956846987,0.08928097402553711,1.3953552662530155,1.3744577587964784,-0.3948976382862167,1.3399374395685006,-0.5984604181023949,-0.3056329538763202,0.12368033331783447,1.4178752151134255,1.402194952327632,-0.4062735675469233,-0.8954524767812687,-0.4687390834091959,0.5510811662142671,0.3167231263443443,-0.44212037383135017,-0.8001146151811812,-0.6090380327712217,1.5446781651939872,-0.24716870518376147,-0.393958627608349,0.19808312471385886,1.3374736338199338,1.6026481490979558,0.045055712040526594,-0.5312249058079979,-0.8980910489045545,0.39950008551410265,-0.08176911851694935,0.4306722912139286,-0.5782694260889291,-0.8066807146090719
5803,-0.34477471870961085,-0.5086428560766177,-0.3213574956846987,-0.6075400574157118,0.12128980570904686,-0.1704513017801087,-0.30884846584209114,-0.37053141842904064,-0.5216801759453499,-0.3056329538763202,-0.6236052633988438,0.12028595915799457,-0.20590624986901185,-0.33712358821984345,0.6645638723618148,-0.21308609490937908,0.5510811662142671,0.6966916196706676,1.0885913045884668,-0.1373908385550097,-0.4933377502450954,-0.06510579360944473,-0.24716870518376147,-0.393958627608349,-0.43011693255120736,0.11765926042581104,0.18270239720967668,0.045055712040526594,-0.08714011657094316,-0.4936153059040588,0.39950008551410265,0.20834252229112332,0.4306722912139286,-0.30895496569930236,-0.5523155743424187
1864,-0.48953036348139795,0.11678837391762402,1.0041955783638805,0.5247941186763178,-0.4449615100882725,-0.9429058320684023,-0.3518730520641539,-0.5381883407979545,0.10072306723305718,0.9234252555212876,0.4299731184238884,-0.4653665282284614,-0.9363699530081071,-0.31025974819694047,-1.0634542374582163,-2.0026570144080984,-1.9924625117813615,-2.885868460263239,1.4351675336646514,1.0657077097817325,0.5286814120690212,-0.06510579360944473,0.6555624873435975,1.935608368238691,1.768583267876523,-0.49224792627125025,-1.2372433546786028,-0.6543090626329808,-0.7532673004265251,-1.504804663405298,-2.1210943569241434,-2.9828855265976806,0.8511854422367195,0.9029601060540179,0.33796241659086723
